// '500px', 32x32px
const unsigned char fab_32x32_fa_500px [] PROGMEM = {
	0x00, 0x00, 0x00, 0x00, 0x00, 0x00, 0x00, 0x00, 0xfe, 0xff, 0x07, 0x03, 0x27, 0x37, 0x37, 0x33, 
	0x33, 0xb3, 0xb3, 0x33, 0x37, 0x37, 0x67, 0x67, 0xc2, 0xc0, 0x80, 0x00, 0x00, 0x00, 0x00, 0x00, 
	0x00, 0x00, 0x00, 0x00, 0x00, 0x00, 0x00, 0x00, 0x1f, 0x3f, 0x1c, 0x0c, 0xc6, 0xe7, 0x73, 0x33, 
	0x31, 0x19, 0x31, 0x33, 0x73, 0xe3, 0xc6, 0x8e, 0x1c, 0x78, 0xf1, 0x80, 0x00, 0x00, 0x00, 0x00, 
	0x00, 0x00, 0x00, 0x00, 0x38, 0xf8, 0xc0, 0x00, 0x30, 0xf0, 0xe0, 0xc0, 0xff, 0xff, 0x00, 0x00, 
	0xcf, 0xc7, 0xef, 0x69, 0x60, 0x30, 0x1f, 0x8f, 0xc0, 0xf0, 0x7f, 0x0f, 0x00, 0x00, 0x00, 0x00, 
	0x00, 0x00, 0x00, 0x00, 0x00, 0x00, 0x03, 0x07, 0x0e, 0x1c, 0x19, 0x33, 0x33, 0x67, 0x66, 0x66, 
	0x6c, 0xcc, 0x4c, 0x64, 0x66, 0x66, 0x67, 0x33, 0x31, 0x18, 0x0c, 0x0c, 0x00, 0x00, 0x00, 0x00
};
// 'accessible-icon', 32x32px
const unsigned char fab_32x32_fa_accessible_icon [] PROGMEM = {
	0x00, 0x00, 0x00, 0x00, 0x00, 0x00, 0x00, 0xc0, 0xe0, 0xf0, 0xf8, 0xf8, 0x7c, 0x3c, 0x3c, 0x7c, 
	0xf8, 0xf0, 0xf0, 0xe0, 0xe0, 0xcc, 0xfe, 0xbf, 0x3f, 0x3f, 0x3e, 0x0c, 0x00, 0x00, 0x00, 0x00, 
	0x00, 0x00, 0x00, 0x00, 0x00, 0x00, 0x00, 0xc0, 0xc1, 0xe1, 0xe1, 0xe0, 0xf0, 0xf8, 0xfe, 0xff, 
	0xff, 0xff, 0xff, 0xff, 0xff, 0xdf, 0xc7, 0xc3, 0xc0, 0xc0, 0xc0, 0xc0, 0x00, 0x00, 0x00, 0x00, 
	0x00, 0x00, 0x00, 0x40, 0xfc, 0xfe, 0xfe, 0x0c, 0x01, 0x01, 0x01, 0x00, 0x00, 0x00, 0x00, 0x01, 
	0x01, 0x03, 0x07, 0xff, 0xff, 0xff, 0xfb, 0x03, 0xff, 0xff, 0xff, 0xff, 0x00, 0x00, 0x00, 0x00, 
	0x00, 0x00, 0x00, 0x00, 0x07, 0x0f, 0x1f, 0x3e, 0x7c, 0x78, 0xf0, 0xf0, 0xf0, 0xf0, 0xf0, 0xf0, 
	0xf0, 0x70, 0x24, 0x0f, 0x1f, 0x07, 0x01, 0x00, 0x07, 0x0f, 0x07, 0x07, 0x00, 0x00, 0x00, 0x00
};
// 'accusoft', 32x32px
const unsigned char fab_32x32_fa_accusoft [] PROGMEM = {
	0x00, 0x00, 0x00, 0x00, 0x00, 0x00, 0x00, 0x00, 0x00, 0x00, 0x00, 0x00, 0x60, 0xe0, 0xe0, 0xe0, 
	0xe0, 0xe0, 0xe0, 0xe0, 0xc0, 0x80, 0x00, 0x00, 0x00, 0x00, 0x00, 0x00, 0x00, 0x00, 0x00, 0x00, 
	0x00, 0x00, 0x00, 0x00, 0x00, 0x00, 0x00, 0x00, 0x00, 0x00, 0x80, 0xc0, 0xe0, 0xe0, 0xc1, 0x87, 
	0x0f, 0x1f, 0x7f, 0xff, 0xff, 0xff, 0xff, 0xfe, 0xf8, 0xf0, 0xe0, 0xc0, 0x80, 0x00, 0x00, 0x00, 
	0x00, 0x00, 0x80, 0xc0, 0xe0, 0xf0, 0x78, 0x3c, 0x5e, 0x7f, 0x7f, 0xef, 0xf7, 0xf3, 0xf1, 0xf8, 
	0xf8, 0xf8, 0xf0, 0xf0, 0xe1, 0x87, 0x0f, 0x1f, 0x3f, 0x3f, 0xbf, 0xbf, 0xdf, 0xde, 0x4c, 0x48, 
	0x00, 0x01, 0x01, 0x01, 0x00, 0x00, 0x00, 0x00, 0x00, 0x00, 0x00, 0x00, 0x00, 0x00, 0x00, 0x01, 
	0x01, 0x01, 0x01, 0x03, 0x03, 0x03, 0x03, 0x03, 0x07, 0x03, 0x03, 0x01, 0x01, 0x00, 0x00, 0x00
};
// 'acquisitions-incorporated', 32x32px
const unsigned char fab_32x32_fa_acquisitions_incorporated [] PROGMEM = {
	0x00, 0x00, 0x00, 0x00, 0x00, 0x07, 0x07, 0x07, 0x07, 0x07, 0x07, 0x07, 0x07, 0x8f, 0xff, 0xff, 
	0xff, 0xef, 0x07, 0x07, 0x07, 0x07, 0x07, 0x07, 0x07, 0x07, 0x01, 0x00, 0x00, 0x00, 0x00, 0x00, 
	0x00, 0x00, 0x00, 0x00, 0x00, 0x00, 0x00, 0x00, 0x00, 0x00, 0xc0, 0xf0, 0xfe, 0x1f, 0x07, 0x00, 
	0x00, 0x07, 0x3f, 0xfc, 0xf0, 0x80, 0x00, 0x00, 0x00, 0x00, 0x00, 0x00, 0x00, 0x00, 0x00, 0x00, 
	0x00, 0x00, 0x00, 0x00, 0x00, 0x00, 0x30, 0x30, 0x38, 0x3e, 0x3f, 0x33, 0x23, 0x07, 0x07, 0xff, 
	0xff, 0x07, 0x03, 0x23, 0x33, 0x3f, 0x3e, 0x38, 0x30, 0x30, 0x00, 0x00, 0x00, 0x00, 0x00, 0x00, 
	0x00, 0x00, 0x00, 0x00, 0x00, 0xc0, 0xe0, 0xe0, 0xe0, 0xe0, 0xe0, 0xe0, 0xe0, 0xe0, 0xf0, 0xff, 
	0xff, 0xf8, 0xf0, 0xe0, 0xe0, 0xe0, 0xe0, 0xe0, 0xe0, 0xe0, 0xc0, 0x00, 0x00, 0x00, 0x00, 0x00
};
// 'adn', 32x32px
const unsigned char fab_32x32_fa_adn [] PROGMEM = {
	0x00, 0x00, 0x00, 0x80, 0xc0, 0xe0, 0xf0, 0xf8, 0xf8, 0xfc, 0xfc, 0xfe, 0xfe, 0xfe, 0xfe, 0xff, 
	0xff, 0xff, 0xfe, 0xfe, 0xfe, 0xfe, 0xfc, 0xfc, 0xf8, 0xf8, 0xf0, 0xe0, 0xc0, 0x80, 0x00, 0x00, 
	0x00, 0xf0, 0xfe, 0xff, 0xff, 0xff, 0xff, 0xff, 0xff, 0xff, 0xff, 0x7f, 0x1f, 0x8f, 0xe3, 0xf1, 
	0xf8, 0xf1, 0xe3, 0x8f, 0x1f, 0x7f, 0xff, 0xff, 0xff, 0xff, 0xff, 0xff, 0xff, 0xff, 0xfe, 0xf0, 
	0x00, 0x0f, 0x7f, 0xff, 0xff, 0xff, 0xff, 0xff, 0xe7, 0xe3, 0xf8, 0xfc, 0xfc, 0xfd, 0xfd, 0xfd, 
	0xfd, 0xfd, 0xfd, 0xfd, 0xfc, 0xfc, 0xf8, 0xf3, 0xe7, 0xff, 0xff, 0xff, 0xff, 0xff, 0x7f, 0x0f, 
	0x00, 0x00, 0x00, 0x01, 0x03, 0x07, 0x0f, 0x1f, 0x1f, 0x3f, 0x3f, 0x7f, 0x7f, 0x7f, 0x7f, 0xff, 
	0xff, 0xff, 0x7f, 0x7f, 0x7f, 0x7f, 0x3f, 0x3f, 0x1f, 0x1f, 0x0f, 0x07, 0x03, 0x01, 0x00, 0x00
};
// 'adversal', 32x32px
const unsigned char fab_32x32_fa_adversal [] PROGMEM = {
	0xfc, 0xfc, 0xfc, 0xfc, 0xfc, 0xfc, 0xfc, 0xfc, 0xfc, 0xfc, 0xfc, 0xfc, 0xfc, 0xfc, 0xfc, 0xfc, 
	0xfc, 0xfc, 0xfc, 0xfc, 0xfc, 0xfc, 0xfc, 0xfc, 0xfc, 0xfc, 0x3c, 0x1c, 0x3c, 0xfc, 0xfc, 0xfc, 
	0xff, 0xff, 0xff, 0x9f, 0x0f, 0x07, 0xc7, 0xe7, 0xe3, 0xe3, 0xe3, 0xc7, 0x07, 0x0f, 0x1f, 0xff, 
	0xff, 0x3f, 0x0f, 0x07, 0x87, 0xc7, 0xe3, 0xe7, 0xc7, 0xc7, 0x00, 0x00, 0x00, 0xff, 0xff, 0xff, 
	0xff, 0xff, 0x8f, 0x03, 0x03, 0x01, 0x71, 0x71, 0x79, 0x78, 0x38, 0x18, 0x00, 0x00, 0x00, 0xff, 
	0xff, 0xc0, 0x00, 0x00, 0x1f, 0x7f, 0x7f, 0x7f, 0x7f, 0x3f, 0x04, 0x00, 0x00, 0xff, 0xff, 0xff, 
	0x3f, 0x3f, 0x37, 0x37, 0x36, 0x36, 0x34, 0x34, 0x34, 0x36, 0x36, 0x36, 0x36, 0x36, 0x36, 0x37, 
	0x37, 0x37, 0x37, 0x36, 0x36, 0x34, 0x34, 0x34, 0x36, 0x36, 0x36, 0x36, 0x36, 0x3f, 0x3f, 0x3f
};
// 'affiliatetheme', 32x32px
const unsigned char fab_32x32_fa_affiliatetheme [] PROGMEM = {
	0x00, 0x00, 0x00, 0x00, 0x00, 0x80, 0xc0, 0xc0, 0xe0, 0xf0, 0xf0, 0xf0, 0xf0, 0x00, 0x00, 0x00, 
	0x00, 0x00, 0x00, 0x00, 0x00, 0x00, 0x00, 0x00, 0x00, 0x00, 0x00, 0x00, 0x00, 0x00, 0x00, 0x00, 
	0x80, 0xe0, 0xf8, 0xfc, 0xff, 0xff, 0xff, 0xff, 0xff, 0xff, 0x3f, 0x1f, 0x03, 0x00, 0x00, 0x00, 
	0x00, 0x00, 0x00, 0x00, 0x00, 0x00, 0x00, 0x00, 0x00, 0x00, 0x00, 0x00, 0x00, 0x80, 0xe0, 0xf0, 
	0x0f, 0x1f, 0x1f, 0x9f, 0x8f, 0x87, 0xc7, 0xe3, 0xf1, 0xf8, 0xfc, 0xfe, 0xff, 0xfc, 0xf8, 0xf0, 
	0xe0, 0xe0, 0xe0, 0xe0, 0xe0, 0xe0, 0xf0, 0xf0, 0xf8, 0xfc, 0xfc, 0xfe, 0x7f, 0x3f, 0x0f, 0x01, 
	0x00, 0x00, 0x00, 0x03, 0x03, 0x07, 0x0f, 0x0f, 0x1f, 0x1f, 0x1f, 0x3f, 0x3f, 0x3f, 0x3f, 0x3f, 
	0x3f, 0x3f, 0x3f, 0x1f, 0x1f, 0x1f, 0x0f, 0x0f, 0x07, 0x03, 0x03, 0x01, 0x00, 0x00, 0x00, 0x00
};
// 'airbnb', 32x32px
const unsigned char fab_32x32_fa_airbnb [] PROGMEM = {
	0x00, 0x00, 0x00, 0x00, 0x00, 0x00, 0x00, 0x00, 0x00, 0x00, 0x80, 0xe0, 0x70, 0x18, 0x0c, 0x0c, 
	0x0c, 0x0c, 0x18, 0x70, 0xe0, 0x80, 0x00, 0x00, 0x00, 0x00, 0x00, 0x00, 0x00, 0x00, 0x00, 0x00, 
	0x00, 0x00, 0x00, 0x00, 0x00, 0x00, 0x80, 0xe0, 0x78, 0x1e, 0x07, 0x81, 0xc0, 0x60, 0x30, 0x30, 
	0x30, 0x30, 0x60, 0xc0, 0x81, 0x07, 0x1e, 0x78, 0xe0, 0x80, 0x00, 0x00, 0x00, 0x00, 0x00, 0x00, 
	0x00, 0x00, 0x00, 0xe0, 0xf8, 0x3e, 0x07, 0x01, 0x00, 0x00, 0x00, 0x07, 0x1f, 0x78, 0xe0, 0x80, 
	0x80, 0xe0, 0x78, 0x1f, 0x07, 0x00, 0x00, 0x00, 0x01, 0x07, 0x3e, 0xf8, 0xe0, 0x00, 0x00, 0x00, 
	0x00, 0x00, 0x00, 0x07, 0x0f, 0x1c, 0x38, 0x30, 0x30, 0x30, 0x30, 0x38, 0x18, 0x0c, 0x0f, 0x07, 
	0x07, 0x0f, 0x0c, 0x18, 0x38, 0x30, 0x30, 0x30, 0x30, 0x38, 0x1c, 0x0f, 0x07, 0x00, 0x00, 0x00
};
// 'algolia', 32x32px
const unsigned char fab_32x32_fa_algolia [] PROGMEM = {
	0x00, 0x00, 0xf0, 0xf8, 0xfc, 0xfc, 0xfc, 0xfc, 0xfc, 0xfc, 0xfc, 0xfc, 0xfc, 0xfc, 0x3c, 0x3c, 
	0x3c, 0x3c, 0x7c, 0xfc, 0xfc, 0xfc, 0xfc, 0xfc, 0xfc, 0xfc, 0xfc, 0xfc, 0xf8, 0xf0, 0x00, 0x00, 
	0x00, 0x00, 0xff, 0xff, 0xff, 0xff, 0xff, 0xff, 0xfb, 0x19, 0x0d, 0xc7, 0xe3, 0xf3, 0xf1, 0xf9, 
	0x19, 0x19, 0x11, 0xb3, 0xe3, 0x87, 0x0f, 0x3f, 0xff, 0xff, 0xff, 0xff, 0xff, 0xff, 0x00, 0x00, 
	0x00, 0x00, 0xff, 0xff, 0xff, 0xff, 0xff, 0xff, 0xfc, 0xe0, 0xc0, 0x8f, 0x1f, 0x3f, 0x3f, 0x7f, 
	0x7f, 0x3f, 0x3f, 0x3f, 0x1f, 0x87, 0xc0, 0xf0, 0xff, 0xff, 0xff, 0xff, 0xff, 0xff, 0x00, 0x00, 
	0x00, 0x00, 0x0f, 0x1f, 0x3f, 0x3f, 0x3f, 0x3f, 0x3f, 0x3f, 0x3f, 0x3f, 0x3f, 0x3f, 0x3e, 0x3e, 
	0x3e, 0x3e, 0x3e, 0x3f, 0x3f, 0x3f, 0x3f, 0x3f, 0x3f, 0x3f, 0x3f, 0x3f, 0x1f, 0x0f, 0x00, 0x00
};
// 'alipay', 32x32px
const unsigned char fab_32x32_fa_alipay [] PROGMEM = {
	0x00, 0x00, 0xf0, 0xf8, 0xfc, 0xfc, 0xfc, 0xfc, 0xfc, 0xfc, 0xfc, 0xfc, 0xfc, 0xfc, 0x3c, 0x3c, 
	0x3c, 0xfc, 0xfc, 0xfc, 0xfc, 0xfc, 0xfc, 0xfc, 0xfc, 0xfc, 0xfc, 0xfc, 0xf8, 0xf0, 0x00, 0x00, 
	0x00, 0x00, 0xff, 0xff, 0xff, 0xff, 0xff, 0xff, 0x7d, 0x6d, 0x6d, 0x6d, 0xed, 0xed, 0xe0, 0xe0, 
	0xe0, 0xe0, 0xed, 0x0d, 0x0d, 0x0d, 0xcd, 0xfd, 0xff, 0xff, 0xff, 0xff, 0xff, 0xff, 0x00, 0x00, 
	0x00, 0x00, 0xff, 0xff, 0xc3, 0x39, 0x7c, 0x7e, 0xfe, 0xfe, 0x7e, 0x7e, 0x7e, 0x3c, 0x1c, 0x0c, 
	0x80, 0xc1, 0xe0, 0xf0, 0xe0, 0xe3, 0xc3, 0xc7, 0x87, 0x87, 0x0f, 0x0f, 0x1f, 0x1f, 0x00, 0x00, 
	0x00, 0x00, 0x0f, 0x1f, 0x3f, 0x3f, 0x3f, 0x3e, 0x3e, 0x3e, 0x3e, 0x3e, 0x3e, 0x3e, 0x3f, 0x3f, 
	0x3f, 0x3f, 0x3f, 0x3f, 0x3f, 0x3f, 0x3f, 0x3f, 0x3f, 0x3f, 0x3f, 0x3f, 0x1e, 0x0e, 0x00, 0x00
};
// 'amazon', 32x32px
const unsigned char fab_32x32_fa_amazon [] PROGMEM = {
	0x00, 0x00, 0x00, 0x00, 0x00, 0x00, 0x00, 0x00, 0xc0, 0xe0, 0xf0, 0xf8, 0xf8, 0x7c, 0x3c, 0x3c, 
	0x3c, 0x7c, 0xfc, 0xfc, 0xf8, 0xf0, 0xe0, 0x00, 0x00, 0x00, 0x00, 0x00, 0x00, 0x00, 0x00, 0x00, 
	0x00, 0x00, 0x00, 0x00, 0x00, 0x00, 0x00, 0x00, 0xc1, 0xe1, 0xf1, 0xf1, 0xf9, 0x78, 0x38, 0x3c, 
	0x1c, 0x1c, 0xff, 0xff, 0xff, 0xff, 0xff, 0x00, 0x00, 0x00, 0x00, 0x00, 0x00, 0x00, 0x00, 0x00, 
	0x00, 0x00, 0x00, 0x80, 0x00, 0x00, 0x00, 0x02, 0x1f, 0x3f, 0x7f, 0x7f, 0x7f, 0x7c, 0x78, 0x78, 
	0x38, 0x3c, 0x1f, 0x1f, 0x3f, 0x7f, 0x3f, 0x3e, 0x18, 0x80, 0x80, 0x80, 0x80, 0x80, 0x00, 0x00, 
	0x00, 0x00, 0x00, 0x01, 0x03, 0x02, 0x06, 0x0c, 0x0c, 0x1c, 0x18, 0x18, 0x38, 0x38, 0x30, 0x30, 
	0x30, 0x30, 0x38, 0x38, 0x18, 0x18, 0x1c, 0x0c, 0x0c, 0x06, 0x02, 0x00, 0x07, 0x01, 0x00, 0x00
};
// 'amilia', 32x32px
const unsigned char fab_32x32_fa_amilia [] PROGMEM = {
	0x00, 0x00, 0x00, 0x00, 0x00, 0xe0, 0xe0, 0xf0, 0xf0, 0xf8, 0xf8, 0x78, 0x7c, 0x7c, 0x7c, 0x7c, 
	0x7c, 0x7c, 0x7c, 0xfc, 0xfc, 0xfc, 0xf8, 0xf8, 0xf8, 0xf0, 0xe0, 0xc0, 0x80, 0x00, 0x00, 0x00, 
	0x00, 0x00, 0x00, 0x00, 0x00, 0x01, 0x03, 0x01, 0x81, 0x80, 0x80, 0x80, 0x80, 0x80, 0xc0, 0xc0, 
	0xc0, 0xc0, 0xc0, 0xc0, 0xff, 0xff, 0xff, 0xff, 0xff, 0xff, 0xff, 0xff, 0xff, 0x00, 0x00, 0x00, 
	0x00, 0x00, 0x00, 0xfc, 0xfe, 0xff, 0xff, 0xff, 0xff, 0xff, 0xff, 0xff, 0x07, 0x07, 0x03, 0x03, 
	0x03, 0x03, 0x01, 0x01, 0xff, 0xff, 0xff, 0xff, 0xff, 0xff, 0xff, 0xff, 0xff, 0x00, 0x00, 0x00, 
	0x00, 0x00, 0x00, 0x03, 0x07, 0x0f, 0x1f, 0x3f, 0x3f, 0x3f, 0x3f, 0x3f, 0x3f, 0x3e, 0x3e, 0x1e, 
	0x1e, 0x1e, 0x0e, 0x0f, 0x1f, 0x3f, 0x3f, 0x3f, 0x3f, 0x3f, 0x3f, 0x3f, 0x3f, 0x00, 0x00, 0x00
};
// 'amazon-pay', 32x32px
const unsigned char fab_32x32_fa_amazon_pay [] PROGMEM = {
	0x00, 0x00, 0x00, 0x00, 0x00, 0x80, 0x80, 0x80, 0xc0, 0xc0, 0x80, 0x00, 0x00, 0x00, 0x80, 0xc0, 
	0xc0, 0xc0, 0x80, 0x00, 0x00, 0x80, 0x80, 0x00, 0x00, 0x00, 0x00, 0x80, 0x00, 0x00, 0x00, 0x00, 
	0x00, 0x00, 0x00, 0x00, 0x00, 0xff, 0x60, 0x60, 0x40, 0x60, 0x3f, 0x1f, 0x00, 0x38, 0x7c, 0x64, 
	0x44, 0x24, 0x7f, 0x3f, 0x00, 0x01, 0x07, 0x3c, 0xf0, 0x78, 0x0f, 0x01, 0x00, 0x00, 0x00, 0x00, 
	0x00, 0x00, 0x10, 0x20, 0x60, 0x63, 0xc0, 0xc0, 0xc0, 0x80, 0x80, 0x80, 0x80, 0x80, 0x80, 0x80, 
	0x80, 0x80, 0x80, 0x80, 0x80, 0x82, 0x82, 0x83, 0xc1, 0xc0, 0x48, 0x28, 0x08, 0xc8, 0x78, 0x00, 
	0x00, 0x00, 0x00, 0x00, 0x00, 0x00, 0x00, 0x00, 0x00, 0x01, 0x01, 0x01, 0x01, 0x03, 0x03, 0x03, 
	0x03, 0x03, 0x03, 0x01, 0x01, 0x01, 0x01, 0x00, 0x00, 0x00, 0x00, 0x00, 0x00, 0x00, 0x00, 0x00
};
// 'android', 32x32px
const unsigned char fab_32x32_fa_android [] PROGMEM = {
	0x00, 0x00, 0x00, 0x00, 0x00, 0x00, 0xc0, 0x80, 0x00, 0x00, 0x00, 0x00, 0x00, 0x00, 0x00, 0x00, 
	0x00, 0x00, 0x00, 0x00, 0x00, 0x00, 0x00, 0x00, 0x80, 0xc0, 0x00, 0x00, 0x00, 0x00, 0x00, 0x00, 
	0x00, 0x00, 0x00, 0xc0, 0xe0, 0xf0, 0xf0, 0xfb, 0xfe, 0xfc, 0xfc, 0xfe, 0xfe, 0xfe, 0xfe, 0xfe, 
	0xfe, 0xfe, 0xfe, 0xfe, 0xfe, 0xfc, 0xfc, 0xfe, 0xfb, 0xf0, 0xf0, 0xe0, 0xc0, 0x00, 0x00, 0x00, 
	0x70, 0x7e, 0x7f, 0x7f, 0x7f, 0x7f, 0x7f, 0x7d, 0x7c, 0x7c, 0x7f, 0x7f, 0x7f, 0x7f, 0x7f, 0x7f, 
	0x7f, 0x7f, 0x7f, 0x7f, 0x7f, 0x7f, 0x7c, 0x7c, 0x7d, 0x7f, 0x7f, 0x7f, 0x7f, 0x7f, 0x7e, 0x70, 
	0x00, 0x00, 0x00, 0x00, 0x00, 0x00, 0x00, 0x00, 0x00, 0x00, 0x00, 0x00, 0x00, 0x00, 0x00, 0x00, 
	0x00, 0x00, 0x00, 0x00, 0x00, 0x00, 0x00, 0x00, 0x00, 0x00, 0x00, 0x00, 0x00, 0x00, 0x00, 0x00
};
// 'angellist', 32x32px
const unsigned char fab_32x32_fa_angellist [] PROGMEM = {
	0x00, 0x00, 0x00, 0x00, 0x00, 0x00, 0x00, 0x00, 0x00, 0x3e, 0xff, 0xc3, 0x07, 0x1e, 0xf8, 0xe0, 
	0x80, 0x00, 0x00, 0xc0, 0xf0, 0x7c, 0x0e, 0x86, 0xfe, 0xfe, 0x08, 0x00, 0x00, 0x00, 0x00, 0x00, 
	0x00, 0x00, 0x00, 0x00, 0x00, 0x00, 0x00, 0x00, 0xc0, 0xe0, 0x63, 0xff, 0xfe, 0xf0, 0xf0, 0x37, 
	0x3f, 0x3c, 0x3e, 0x7f, 0x63, 0x60, 0x7c, 0xff, 0xc7, 0xc0, 0x00, 0x00, 0x00, 0x00, 0x00, 0x00, 
	0x00, 0x00, 0x00, 0x00, 0x00, 0xf0, 0xf8, 0x9c, 0x8f, 0x1f, 0x38, 0xf0, 0xe1, 0xc3, 0xdf, 0xff, 
	0xfe, 0x7e, 0x3e, 0x1e, 0x0e, 0x0e, 0x04, 0x00, 0x81, 0xff, 0xff, 0x00, 0x00, 0x00, 0x00, 0x00, 
	0x00, 0x00, 0x00, 0x00, 0x00, 0x03, 0x0f, 0x1f, 0x3f, 0x37, 0x76, 0x66, 0xe7, 0xc7, 0xc1, 0xc7, 
	0xcf, 0xc8, 0xe0, 0x60, 0x70, 0x30, 0x38, 0x1e, 0x0f, 0x03, 0x00, 0x00, 0x00, 0x00, 0x00, 0x00
};
// 'angrycreative', 32x32px
const unsigned char fab_32x32_fa_angrycreative [] PROGMEM = {
	0x00, 0x00, 0x00, 0x00, 0x00, 0x00, 0x00, 0x00, 0x00, 0x00, 0x00, 0x00, 0x00, 0x00, 0x00, 0x00, 
	0x00, 0x00, 0x00, 0x00, 0x00, 0x00, 0x00, 0x00, 0x00, 0x00, 0x00, 0x00, 0x00, 0x00, 0x00, 0x00, 
	0x00, 0x00, 0x00, 0x00, 0x80, 0xe0, 0x78, 0xfc, 0xf0, 0xe0, 0xfc, 0x3c, 0x70, 0xfc, 0x7c, 0x78, 
	0xcc, 0xd6, 0xf6, 0x7c, 0xfc, 0x7e, 0x76, 0xfe, 0x8e, 0x7e, 0x7c, 0x0e, 0x82, 0x80, 0x80, 0x80, 
	0x38, 0x7c, 0x46, 0x66, 0x67, 0x34, 0x7e, 0x3a, 0x7f, 0x6e, 0x7f, 0x7f, 0x2b, 0x20, 0x38, 0x1e, 
	0x3f, 0x3c, 0x33, 0x3f, 0x03, 0x31, 0x3f, 0x01, 0x0f, 0x3c, 0x1c, 0x07, 0x1f, 0x1f, 0x17, 0x05, 
	0x00, 0x00, 0x00, 0x00, 0x00, 0x00, 0x00, 0x00, 0x00, 0x00, 0x00, 0x00, 0x00, 0x00, 0x00, 0x00, 
	0x00, 0x00, 0x00, 0x00, 0x00, 0x00, 0x00, 0x00, 0x00, 0x00, 0x00, 0x00, 0x00, 0x00, 0x00, 0x00
};
// 'angular', 32x32px
const unsigned char fab_32x32_fa_angular [] PROGMEM = {
	0x00, 0x00, 0x00, 0xc0, 0xc0, 0xc0, 0xe0, 0xe0, 0xe0, 0xf0, 0xf0, 0xf0, 0xf8, 0xf8, 0xfc, 0x3c, 
	0x3c, 0xfc, 0xf8, 0xf8, 0xf0, 0xf0, 0xf0, 0xe0, 0xe0, 0xe0, 0xc0, 0xc0, 0xc0, 0x00, 0x00, 0x00, 
	0x00, 0x00, 0x00, 0x07, 0xff, 0xff, 0xff, 0xff, 0xff, 0xff, 0xff, 0x7f, 0x1f, 0x07, 0xc1, 0xf0, 
	0xf0, 0x81, 0x07, 0x1f, 0x7f, 0xff, 0xff, 0xff, 0xff, 0xff, 0xff, 0xff, 0x07, 0x00, 0x00, 0x00, 
	0x00, 0x00, 0x00, 0x00, 0x0f, 0xff, 0xff, 0xff, 0xbf, 0x8f, 0x83, 0xc0, 0xf0, 0xf8, 0xf9, 0xf9, 
	0xf9, 0xf9, 0xf8, 0xf0, 0xc0, 0x83, 0x8f, 0xbf, 0xff, 0xff, 0xff, 0x0f, 0x00, 0x00, 0x00, 0x00, 
	0x00, 0x00, 0x00, 0x00, 0x00, 0x00, 0x01, 0x01, 0x03, 0x03, 0x07, 0x0f, 0x0f, 0x1f, 0x1f, 0x3f, 
	0x3f, 0x1f, 0x1f, 0x0f, 0x0f, 0x07, 0x03, 0x03, 0x01, 0x01, 0x00, 0x00, 0x00, 0x00, 0x00, 0x00
};
// 'apper', 32x32px
const unsigned char fab_32x32_fa_apper [] PROGMEM = {
	0x00, 0x00, 0x00, 0x00, 0x00, 0x00, 0x00, 0x00, 0x00, 0x00, 0x00, 0x00, 0x00, 0x00, 0x00, 0x00, 
	0x00, 0x00, 0x00, 0x00, 0x00, 0x00, 0x00, 0x00, 0x00, 0x00, 0x00, 0x00, 0x00, 0x00, 0x00, 0x00, 
	0x60, 0xe0, 0xa0, 0xa0, 0xe0, 0xc0, 0x00, 0xe0, 0xe0, 0x20, 0x60, 0xe0, 0xc0, 0x00, 0xe0, 0xe0, 
	0x20, 0x60, 0xe0, 0xc0, 0x80, 0xe0, 0xe0, 0xa0, 0xe0, 0xe0, 0x00, 0xe0, 0xe0, 0x60, 0x60, 0x60, 
	0x03, 0x07, 0x06, 0x07, 0x07, 0x07, 0x00, 0x1f, 0x1f, 0x06, 0x06, 0x07, 0x03, 0x00, 0x1f, 0x1f, 
	0x06, 0x06, 0x07, 0x03, 0x01, 0x07, 0x07, 0x06, 0x06, 0x02, 0x00, 0x07, 0x07, 0x00, 0x00, 0x00, 
	0x00, 0x00, 0x00, 0x00, 0x00, 0x00, 0x00, 0x00, 0x00, 0x00, 0x00, 0x00, 0x00, 0x00, 0x00, 0x00, 
	0x00, 0x00, 0x00, 0x00, 0x00, 0x00, 0x00, 0x00, 0x00, 0x00, 0x00, 0x00, 0x00, 0x00, 0x00, 0x00
};
// 'apple', 32x32px
const unsigned char fab_32x32_fa_apple [] PROGMEM = {
	0x00, 0x00, 0x00, 0x00, 0x00, 0x00, 0x00, 0x00, 0x00, 0x00, 0x00, 0x00, 0x00, 0x00, 0x00, 0x00, 
	0xc0, 0xf0, 0xf8, 0x78, 0x3c, 0x1c, 0x00, 0x00, 0x00, 0x00, 0x00, 0x00, 0x00, 0x00, 0x00, 0x00, 
	0x00, 0x00, 0x00, 0x00, 0xc0, 0xf0, 0xf8, 0xfc, 0xfe, 0xfe, 0xfe, 0xfe, 0xfe, 0xfe, 0xfe, 0xfc, 
	0xfd, 0xfd, 0xfe, 0xfe, 0xfe, 0xfe, 0xfe, 0xfe, 0x3e, 0x1c, 0x08, 0x00, 0x00, 0x00, 0x00, 0x00, 
	0x00, 0x00, 0x00, 0x00, 0x0f, 0x7f, 0xff, 0xff, 0xff, 0xff, 0xff, 0xff, 0xff, 0xff, 0xff, 0xff, 
	0xff, 0xff, 0xff, 0xff, 0xff, 0xff, 0xff, 0xff, 0xf8, 0xe0, 0xc0, 0xc0, 0x00, 0x00, 0x00, 0x00, 
	0x00, 0x00, 0x00, 0x00, 0x00, 0x00, 0x01, 0x07, 0x0f, 0x1f, 0x3f, 0x3f, 0x3f, 0x3f, 0x1f, 0x1f, 
	0x1f, 0x1f, 0x1f, 0x3f, 0x3f, 0x3f, 0x3f, 0x1f, 0x0f, 0x07, 0x01, 0x00, 0x00, 0x00, 0x00, 0x00
};
// 'apple-pay', 32x32px
const unsigned char fab_32x32_fa_apple_pay [] PROGMEM = {
	0x00, 0x00, 0x00, 0x00, 0x00, 0x00, 0x00, 0x00, 0x00, 0x00, 0x00, 0x00, 0x00, 0x00, 0x00, 0x00, 
	0x00, 0x00, 0x00, 0x00, 0x00, 0x00, 0x00, 0x00, 0x00, 0x00, 0x00, 0x00, 0x00, 0x00, 0x00, 0x00, 
	0xe0, 0xf0, 0xf0, 0xf0, 0xf8, 0xfc, 0xf0, 0x30, 0x00, 0x00, 0x00, 0xfc, 0xfc, 0x84, 0x84, 0x8c, 
	0xdc, 0xf8, 0x00, 0x40, 0x60, 0x20, 0x20, 0xe0, 0xc0, 0x00, 0xe0, 0x80, 0x00, 0x00, 0xe0, 0x60, 
	0x03, 0x07, 0x0f, 0x0f, 0x0f, 0x0f, 0x0f, 0x07, 0x00, 0x00, 0x00, 0x0f, 0x0f, 0x01, 0x01, 0x01, 
	0x00, 0x00, 0x00, 0x0f, 0x0d, 0x09, 0x0d, 0x0f, 0x0f, 0x00, 0x60, 0x67, 0x3c, 0x0f, 0x01, 0x00, 
	0x00, 0x00, 0x00, 0x00, 0x00, 0x00, 0x00, 0x00, 0x00, 0x00, 0x00, 0x00, 0x00, 0x00, 0x00, 0x00, 
	0x00, 0x00, 0x00, 0x00, 0x00, 0x00, 0x00, 0x00, 0x00, 0x00, 0x00, 0x00, 0x00, 0x00, 0x00, 0x00
};
// 'app-store', 32x32px
const unsigned char fab_32x32_fa_app_store [] PROGMEM = {
	0x00, 0x00, 0x00, 0x80, 0xc0, 0xe0, 0x30, 0x38, 0x1c, 0x0c, 0x0e, 0x06, 0x06, 0xc6, 0xc7, 0x87, 
	0x87, 0xc7, 0xc6, 0x06, 0x06, 0x0e, 0x0c, 0x1c, 0x38, 0x30, 0xe0, 0xc0, 0x80, 0x00, 0x00, 0x00, 
	0xc0, 0xfc, 0xff, 0x07, 0x01, 0x00, 0x00, 0x00, 0x00, 0x00, 0x00, 0x80, 0xc0, 0xf0, 0x7f, 0x3f, 
	0x0f, 0x7b, 0xf0, 0xc0, 0x80, 0x00, 0x00, 0x00, 0x00, 0x00, 0x00, 0x01, 0x07, 0xff, 0xfc, 0xc0, 
	0x03, 0x3f, 0xff, 0xe0, 0x80, 0x00, 0x0c, 0x4e, 0xee, 0xfe, 0x2e, 0x0f, 0x0f, 0x0f, 0x0e, 0x0e, 
	0x0e, 0x0e, 0x0f, 0x07, 0x1f, 0x3e, 0xfe, 0xfe, 0x0e, 0x0e, 0x00, 0x80, 0xe0, 0xff, 0x3f, 0x03, 
	0x00, 0x00, 0x00, 0x01, 0x03, 0x07, 0x0c, 0x1c, 0x38, 0x30, 0x70, 0x60, 0x60, 0x60, 0xe0, 0xe0, 
	0xe0, 0xe0, 0x60, 0x60, 0x60, 0x70, 0x30, 0x38, 0x1c, 0x0c, 0x07, 0x03, 0x01, 0x00, 0x00, 0x00
};
// 'app-store-ios', 32x32px
const unsigned char fab_32x32_fa_app_store_ios [] PROGMEM = {
	0x00, 0x00, 0xf8, 0xfc, 0xfc, 0xfc, 0xfc, 0xfc, 0xfc, 0xfc, 0xfc, 0xfc, 0xfc, 0x7c, 0x7c, 0xfc, 
	0xfc, 0x7c, 0xfc, 0xfc, 0xfc, 0xfc, 0xfc, 0xfc, 0xfc, 0xfc, 0xfc, 0xfc, 0xfc, 0xf8, 0x00, 0x00, 
	0x00, 0x00, 0xff, 0xff, 0xff, 0xff, 0xff, 0xff, 0xff, 0xff, 0xff, 0xff, 0x7f, 0x1e, 0x00, 0xc0, 
	0xe0, 0x08, 0x1e, 0x7f, 0xff, 0xff, 0xff, 0xff, 0xff, 0xff, 0xff, 0xff, 0xff, 0xff, 0x00, 0x00, 
	0x00, 0x00, 0xff, 0xff, 0xff, 0xff, 0xf7, 0xe3, 0x23, 0x03, 0xa3, 0xe0, 0xe0, 0xe0, 0xe3, 0xe3, 
	0xe3, 0xe3, 0xf4, 0xf0, 0xe1, 0x83, 0x03, 0x23, 0xe3, 0xf7, 0xff, 0xff, 0xff, 0xff, 0x00, 0x00, 
	0x00, 0x00, 0x1f, 0x3f, 0x3f, 0x3f, 0x3f, 0x3f, 0x3f, 0x3f, 0x3f, 0x3f, 0x3f, 0x3f, 0x3f, 0x3f, 
	0x3f, 0x3f, 0x3f, 0x3f, 0x3f, 0x3f, 0x3f, 0x3f, 0x3f, 0x3f, 0x3f, 0x3f, 0x3f, 0x1f, 0x00, 0x00
};
// 'artstation', 32x32px
const unsigned char fab_32x32_fa_artstation [] PROGMEM = {
	0x00, 0x00, 0x00, 0x00, 0x00, 0x00, 0x00, 0x00, 0x00, 0x80, 0x80, 0x00, 0x00, 0x0c, 0x1c, 0x7c, 
	0xfc, 0xfc, 0xfc, 0xfc, 0xf8, 0xe0, 0xc0, 0x00, 0x00, 0x00, 0x00, 0x00, 0x00, 0x00, 0x00, 0x00, 
	0x00, 0x00, 0x00, 0x00, 0x00, 0xc0, 0xf0, 0xf8, 0xfe, 0xff, 0xff, 0xfe, 0xf8, 0xe0, 0xc0, 0x00, 
	0x01, 0x07, 0x0f, 0x3f, 0xff, 0xff, 0xff, 0xff, 0xfc, 0xf0, 0xe0, 0x80, 0x00, 0x00, 0x00, 0x00, 
	0x00, 0x00, 0x00, 0x04, 0x07, 0x07, 0x07, 0x07, 0x07, 0x07, 0x07, 0x07, 0x07, 0x07, 0x07, 0x07, 
	0x04, 0x00, 0x00, 0x00, 0x00, 0x03, 0x07, 0x1f, 0x7f, 0xff, 0xff, 0xff, 0xfe, 0xf8, 0xf0, 0xc0, 
	0x00, 0x03, 0x0f, 0x1f, 0x3f, 0x3f, 0x3f, 0x3f, 0x3f, 0x3f, 0x3f, 0x3f, 0x3f, 0x3f, 0x3f, 0x3f, 
	0x3f, 0x3f, 0x3f, 0x3f, 0x3e, 0x3c, 0x30, 0x00, 0x00, 0x01, 0x03, 0x0f, 0x1f, 0x1f, 0x07, 0x01
};
// 'asymmetrik', 32x32px
const unsigned char fab_32x32_fa_asymmetrik [] PROGMEM = {
	0x00, 0x00, 0x00, 0x00, 0x00, 0x00, 0x00, 0x00, 0x00, 0x00, 0x00, 0x00, 0x00, 0x00, 0x00, 0x00, 
	0x00, 0x00, 0x00, 0x00, 0x00, 0x20, 0x20, 0x20, 0x00, 0x40, 0x40, 0x80, 0x80, 0x00, 0x00, 0x00, 
	0x00, 0x00, 0x00, 0x00, 0x80, 0x40, 0x00, 0x00, 0x00, 0x00, 0x00, 0x00, 0xc0, 0xe0, 0xf8, 0xfc, 
	0xff, 0xff, 0xfc, 0xf8, 0xe0, 0xc0, 0x00, 0x00, 0x00, 0x00, 0x00, 0x00, 0x01, 0x83, 0xfe, 0x7c, 
	0x00, 0x00, 0x3e, 0x73, 0xc0, 0x80, 0x80, 0xc0, 0xf0, 0xf8, 0xfe, 0xff, 0x3f, 0x1f, 0x07, 0x83, 
	0xc0, 0xc0, 0x83, 0x8f, 0x9f, 0x7f, 0xff, 0xfe, 0xf8, 0xf0, 0xd8, 0x8c, 0x06, 0x03, 0x01, 0x00, 
	0x00, 0x00, 0x00, 0x00, 0x04, 0x07, 0x07, 0x07, 0x07, 0x07, 0x03, 0x01, 0x01, 0x01, 0x07, 0x07, 
	0x07, 0x07, 0x07, 0x06, 0x00, 0x00, 0x00, 0x03, 0x07, 0x07, 0x07, 0x07, 0x06, 0x04, 0x00, 0x00
};
// 'atlassian', 32x32px
const unsigned char fab_32x32_fa_atlassian [] PROGMEM = {
	0x00, 0x00, 0x00, 0x00, 0x00, 0x00, 0x00, 0x00, 0x00, 0x00, 0x00, 0x00, 0x80, 0xf0, 0xfc, 0xff, 
	0xff, 0xfc, 0xf0, 0xc0, 0x00, 0x00, 0x00, 0x00, 0x00, 0x00, 0x00, 0x00, 0x00, 0x00, 0x00, 0x00, 
	0x00, 0x00, 0x00, 0x00, 0x00, 0x00, 0x00, 0x00, 0x80, 0x80, 0x00, 0x00, 0xff, 0xff, 0xff, 0xff, 
	0xff, 0xff, 0xff, 0xff, 0xff, 0xfc, 0xf0, 0xc0, 0x00, 0x00, 0x00, 0x00, 0x00, 0x00, 0x00, 0x00, 
	0x00, 0x00, 0x00, 0x00, 0xc0, 0xf0, 0xfc, 0xff, 0xff, 0xff, 0xff, 0xfe, 0xf8, 0x8f, 0x3f, 0xff, 
	0xff, 0xff, 0xff, 0xff, 0xff, 0xff, 0xff, 0xff, 0xff, 0xfc, 0xf0, 0xc0, 0x00, 0x00, 0x00, 0x00, 
	0xc0, 0xf0, 0xfc, 0xff, 0xff, 0xff, 0xff, 0xff, 0xff, 0xff, 0xff, 0xff, 0xff, 0x1f, 0x00, 0x00, 
	0x03, 0x0f, 0x3f, 0xff, 0xff, 0xff, 0xff, 0xff, 0xff, 0xff, 0xff, 0xff, 0xff, 0xfc, 0xf0, 0xc0
};
// 'audible', 32x32px
const unsigned char fab_32x32_fa_audible [] PROGMEM = {
	0x00, 0x00, 0x00, 0x00, 0x00, 0x00, 0x00, 0x00, 0x00, 0x80, 0x80, 0x80, 0xc0, 0xc0, 0xc0, 0xc0, 
	0xc0, 0xc0, 0xc0, 0xc0, 0x80, 0x80, 0x80, 0x00, 0x00, 0x00, 0x00, 0x00, 0x00, 0x00, 0x00, 0x00, 
	0xe0, 0xc0, 0x80, 0x80, 0x00, 0x00, 0x02, 0x02, 0x01, 0x21, 0x11, 0x10, 0x18, 0x18, 0x98, 0x98, 
	0x98, 0x98, 0x39, 0x39, 0x73, 0xf3, 0xe7, 0xcf, 0x1e, 0x3e, 0x3c, 0x38, 0x80, 0x80, 0xc0, 0xe0, 
	0x00, 0x01, 0x03, 0x03, 0x07, 0x06, 0x0e, 0x1c, 0x18, 0x38, 0x70, 0x70, 0xe0, 0xc1, 0xc1, 0x81, 
	0x83, 0xc3, 0xc7, 0xe7, 0x70, 0x70, 0x39, 0x18, 0x1c, 0x0e, 0x06, 0x07, 0x03, 0x03, 0x01, 0x00, 
	0x00, 0x00, 0x00, 0x00, 0x00, 0x00, 0x00, 0x00, 0x00, 0x00, 0x00, 0x00, 0x00, 0x01, 0x01, 0x03, 
	0x03, 0x01, 0x01, 0x00, 0x00, 0x00, 0x00, 0x00, 0x00, 0x00, 0x00, 0x00, 0x00, 0x00, 0x00, 0x00
};
// 'autoprefixer', 32x32px
const unsigned char fab_32x32_fa_autoprefixer [] PROGMEM = {
	0x00, 0x00, 0x00, 0x00, 0x00, 0x00, 0x00, 0x00, 0x00, 0x00, 0x00, 0x00, 0x00, 0x00, 0x00, 0xe0, 
	0xe0, 0x00, 0x00, 0x00, 0x00, 0x00, 0x00, 0x00, 0x00, 0x00, 0x00, 0x00, 0x00, 0x00, 0x00, 0x00, 
	0x00, 0x00, 0x00, 0x00, 0x00, 0x00, 0x00, 0x00, 0x00, 0x00, 0x00, 0x00, 0xc0, 0xf8, 0xff, 0xff, 
	0xff, 0xff, 0xf8, 0xc0, 0x00, 0x00, 0x00, 0x00, 0x00, 0x00, 0x00, 0x00, 0x00, 0x00, 0x00, 0x00, 
	0xc0, 0xc0, 0xc0, 0xc0, 0xc0, 0xe0, 0xe0, 0xe0, 0x20, 0x80, 0xf0, 0xfe, 0xff, 0xff, 0xe7, 0xe0, 
	0xe0, 0xe7, 0xff, 0xff, 0xfe, 0xf0, 0x80, 0x20, 0xe0, 0xe0, 0xe0, 0xc0, 0xc0, 0xc0, 0xc0, 0xc0, 
	0x00, 0x00, 0x00, 0x00, 0x00, 0x00, 0x00, 0x00, 0x0c, 0x0f, 0x0f, 0x0f, 0x03, 0x00, 0x00, 0x00, 
	0x00, 0x00, 0x00, 0x03, 0x0f, 0x0f, 0x0f, 0x0c, 0x00, 0x00, 0x00, 0x00, 0x00, 0x00, 0x00, 0x00
};
// 'avianex', 32x32px
const unsigned char fab_32x32_fa_avianex [] PROGMEM = {
	0x00, 0x00, 0x00, 0x80, 0xf0, 0xf8, 0xf8, 0xfc, 0xfc, 0x7c, 0x3c, 0xfc, 0xfc, 0xfc, 0xfc, 0xfc, 
	0xfc, 0xfc, 0xfc, 0xfc, 0xfc, 0xfc, 0xfc, 0xfc, 0xfc, 0xfc, 0xfc, 0xfc, 0xfc, 0xfc, 0xf8, 0xf0, 
	0x00, 0x00, 0xf0, 0xff, 0xff, 0xff, 0xff, 0xff, 0xff, 0xfc, 0xf8, 0xe0, 0xc1, 0x83, 0x07, 0x0f, 
	0x1f, 0x1f, 0x0f, 0x87, 0xc7, 0xff, 0xff, 0xff, 0xff, 0xff, 0xff, 0xff, 0xff, 0xff, 0x3f, 0x01, 
	0x80, 0xfc, 0xff, 0xff, 0xff, 0xff, 0xff, 0xff, 0xfd, 0xf9, 0xf3, 0xc3, 0x83, 0x19, 0xfc, 0xfc, 
	0xf8, 0xf0, 0xe0, 0xe0, 0xc3, 0x87, 0x0f, 0x1f, 0x7f, 0xff, 0xff, 0xff, 0xff, 0x0f, 0x00, 0x00, 
	0x0f, 0x1f, 0x3f, 0x3f, 0x3f, 0x3f, 0x3f, 0x3f, 0x3f, 0x3f, 0x3f, 0x3f, 0x3f, 0x3f, 0x3f, 0x3f, 
	0x3f, 0x3f, 0x3f, 0x3f, 0x3f, 0x3f, 0x3f, 0x3f, 0x3f, 0x1f, 0x1f, 0x0f, 0x01, 0x00, 0x00, 0x00
};
// 'aviato', 32x32px
const unsigned char fab_32x32_fa_aviato [] PROGMEM = {
	0x00, 0x00, 0x00, 0x00, 0x00, 0x00, 0x00, 0x00, 0x00, 0x00, 0x00, 0x00, 0x00, 0x00, 0x00, 0x00, 
	0x00, 0x00, 0x00, 0x00, 0x00, 0x00, 0x00, 0x00, 0x00, 0x00, 0x00, 0x00, 0x00, 0x00, 0x00, 0x00, 
	0x00, 0xc0, 0x70, 0x50, 0xc0, 0x00, 0x18, 0x60, 0x80, 0xc0, 0x30, 0x08, 0x00, 0xf0, 0x00, 0x80, 
	0x60, 0xd8, 0x60, 0x80, 0x00, 0x00, 0xf8, 0x08, 0x00, 0x60, 0x90, 0x08, 0x08, 0x08, 0x08, 0xf0, 
	0x01, 0x00, 0x00, 0x00, 0x00, 0x01, 0x00, 0x00, 0x09, 0x00, 0x00, 0x00, 0x08, 0x09, 0x08, 0x01, 
	0x0e, 0x1f, 0x0e, 0x01, 0x08, 0x08, 0x09, 0x00, 0x00, 0x00, 0x09, 0x01, 0x00, 0x00, 0x01, 0x00, 
	0x00, 0x00, 0x00, 0x00, 0x00, 0x00, 0x00, 0x00, 0x00, 0x00, 0x00, 0x00, 0x00, 0x00, 0x00, 0x00, 
	0x00, 0x00, 0x00, 0x00, 0x00, 0x00, 0x00, 0x00, 0x00, 0x00, 0x00, 0x00, 0x00, 0x00, 0x00, 0x00
};
// 'aws', 32x32px
const unsigned char fab_32x32_fa_aws [] PROGMEM = {
	0x00, 0x00, 0x80, 0xc0, 0xc0, 0xc0, 0xc0, 0x80, 0x00, 0x00, 0x80, 0x80, 0x00, 0x00, 0x00, 0x80, 
	0xc0, 0x80, 0x00, 0x00, 0x00, 0x80, 0x80, 0x00, 0x80, 0x80, 0xc0, 0xc0, 0xc0, 0x80, 0x00, 0x00, 
	0x00, 0x60, 0xf8, 0xd8, 0x8c, 0x8c, 0xc8, 0x7f, 0xff, 0x00, 0x01, 0x0f, 0x7e, 0xe0, 0xf8, 0x1f, 
	0x03, 0x1f, 0xf8, 0xe0, 0x7e, 0x0f, 0x00, 0x00, 0xc7, 0x8f, 0x8c, 0x8c, 0xd8, 0xf8, 0x30, 0x00, 
	0x08, 0x10, 0x30, 0x20, 0x60, 0x60, 0xc0, 0xc0, 0xc0, 0x80, 0x80, 0x80, 0x80, 0x80, 0x80, 0x80, 
	0x80, 0x80, 0x80, 0x80, 0x80, 0x80, 0x80, 0x80, 0xc0, 0xc0, 0x48, 0x68, 0x28, 0x0c, 0xfc, 0x38, 
	0x00, 0x00, 0x00, 0x00, 0x00, 0x00, 0x00, 0x00, 0x01, 0x01, 0x01, 0x01, 0x03, 0x03, 0x03, 0x03, 
	0x03, 0x03, 0x03, 0x03, 0x01, 0x01, 0x01, 0x01, 0x00, 0x00, 0x00, 0x00, 0x00, 0x00, 0x00, 0x00
};
// 'bandcamp', 32x32px
const unsigned char fab_32x32_fa_bandcamp [] PROGMEM = {
	0x00, 0x00, 0x00, 0x80, 0xc0, 0xe0, 0xf0, 0xf8, 0xfc, 0xfc, 0xfe, 0xfe, 0xfe, 0xfe, 0xff, 0xff, 
	0xff, 0xff, 0xfe, 0xfe, 0xfe, 0xfe, 0xfc, 0xfc, 0xf8, 0xf0, 0xe0, 0xc0, 0x80, 0x00, 0x00, 0x00, 
	0xc0, 0xfc, 0xff, 0xff, 0xff, 0xff, 0xff, 0xff, 0xff, 0xff, 0xff, 0x3f, 0x0f, 0x07, 0x07, 0x07, 
	0x07, 0x07, 0x07, 0x07, 0x07, 0x07, 0xc7, 0xe7, 0xff, 0xff, 0xff, 0xff, 0xff, 0xff, 0xfc, 0xc0, 
	0x03, 0x3f, 0xff, 0xff, 0xff, 0xff, 0xff, 0xff, 0xe7, 0xe3, 0xe0, 0xe0, 0xe0, 0xe0, 0xe0, 0xe0, 
	0xe0, 0xe0, 0xe0, 0xf0, 0xfc, 0xff, 0xff, 0xff, 0xff, 0xff, 0xff, 0xff, 0xff, 0xff, 0x3f, 0x03, 
	0x00, 0x00, 0x00, 0x01, 0x03, 0x07, 0x0f, 0x1f, 0x3f, 0x3f, 0x7f, 0x7f, 0x7f, 0x7f, 0xff, 0xff, 
	0xff, 0xff, 0x7f, 0x7f, 0x7f, 0x7f, 0x3f, 0x3f, 0x1f, 0x0f, 0x07, 0x03, 0x01, 0x00, 0x00, 0x00
};
// 'battle-net', 32x32px
const unsigned char fab_32x32_fa_battle_net [] PROGMEM = {
	0x00, 0x00, 0x00, 0x00, 0x00, 0x00, 0x00, 0xc0, 0xf0, 0x70, 0x60, 0xfc, 0xfe, 0x3f, 0x0f, 0x8f, 
	0x8e, 0x9c, 0xb8, 0xe0, 0x80, 0x80, 0x80, 0x80, 0x00, 0x00, 0x00, 0x80, 0x20, 0x00, 0x00, 0x00, 
	0x00, 0x00, 0x00, 0x00, 0x00, 0x00, 0x02, 0x1f, 0xff, 0x82, 0x06, 0x0f, 0xff, 0xf5, 0x04, 0x04, 
	0x0c, 0x0c, 0x0c, 0x18, 0x18, 0x98, 0xf1, 0x39, 0xf9, 0xef, 0xe7, 0xe6, 0xfc, 0xbc, 0x10, 0x00, 
	0x00, 0x00, 0x00, 0x00, 0x00, 0x80, 0xf0, 0xfc, 0xc7, 0x83, 0x86, 0x88, 0xd0, 0xe7, 0xee, 0xf0, 
	0xf0, 0x18, 0x0c, 0x86, 0xc3, 0x61, 0x30, 0x3c, 0x23, 0x30, 0x30, 0x31, 0x3f, 0x1f, 0x1f, 0x0e, 
	0x00, 0x00, 0x00, 0x00, 0x00, 0x01, 0x03, 0x03, 0x03, 0x03, 0x03, 0x01, 0x0f, 0x0d, 0x0c, 0x0c, 
	0x07, 0x07, 0x0b, 0x21, 0x00, 0x00, 0x00, 0x00, 0x00, 0x00, 0x00, 0x00, 0x00, 0x00, 0x00, 0x00
};
// 'behance', 32x32px
const unsigned char fab_32x32_fa_behance [] PROGMEM = {
	0xc0, 0xc0, 0xc0, 0xc0, 0xc0, 0xc0, 0xc0, 0xc0, 0xc0, 0xc0, 0xc0, 0xc0, 0x80, 0x80, 0x00, 0x00, 
	0x00, 0x00, 0x00, 0x00, 0x00, 0x80, 0x80, 0x80, 0x80, 0x80, 0x80, 0x80, 0x80, 0x00, 0x00, 0x00, 
	0xff, 0xff, 0xff, 0xff, 0xc3, 0xc1, 0xc1, 0xc1, 0xc1, 0xc3, 0xe3, 0xff, 0xff, 0xff, 0x3f, 0x0c, 
	0x00, 0x00, 0x80, 0xe0, 0xe0, 0xf1, 0x79, 0x39, 0x39, 0x39, 0x39, 0x79, 0xf1, 0xe0, 0xc0, 0x80, 
	0xff, 0xff, 0xff, 0xff, 0xc1, 0xc1, 0xc1, 0xc1, 0xc1, 0xc1, 0xc1, 0xe3, 0xff, 0xff, 0xff, 0x7e, 
	0x00, 0x00, 0x3f, 0xff, 0xff, 0xff, 0xc6, 0x86, 0x86, 0x86, 0x86, 0xc6, 0xe7, 0xe7, 0xe7, 0x27, 
	0x03, 0x03, 0x03, 0x03, 0x03, 0x03, 0x03, 0x03, 0x03, 0x03, 0x01, 0x01, 0x01, 0x01, 0x00, 0x00, 
	0x00, 0x00, 0x00, 0x00, 0x01, 0x01, 0x03, 0x03, 0x03, 0x03, 0x03, 0x03, 0x01, 0x01, 0x00, 0x00
};
// 'behance-square', 32x32px
const unsigned char fab_32x32_fa_behance_square [] PROGMEM = {
	0x00, 0x00, 0xf8, 0xfc, 0xfc, 0xfc, 0xfc, 0xfc, 0xfc, 0xfc, 0xfc, 0xfc, 0xfc, 0xfc, 0xfc, 0xfc, 
	0xfc, 0xfc, 0xfc, 0xfc, 0xfc, 0xfc, 0xfc, 0xfc, 0xfc, 0xfc, 0xfc, 0xfc, 0xfc, 0xf8, 0x00, 0x00, 
	0x00, 0x00, 0xff, 0xff, 0xff, 0xff, 0x03, 0x03, 0x03, 0x73, 0x73, 0x73, 0x33, 0x03, 0x07, 0xcf, 
	0xff, 0xff, 0x3f, 0x1f, 0x93, 0x93, 0x93, 0x1f, 0x3f, 0xff, 0xff, 0xff, 0xff, 0xff, 0x00, 0x00, 
	0x00, 0x00, 0xff, 0xff, 0xff, 0xff, 0xc0, 0xc0, 0xc0, 0xce, 0xce, 0xce, 0xce, 0xc4, 0xe0, 0xe0, 
	0xff, 0xf8, 0xe0, 0xc0, 0xcd, 0xcc, 0xcc, 0xc4, 0xe4, 0xfc, 0xff, 0xff, 0xff, 0xff, 0x00, 0x00, 
	0x00, 0x00, 0x1f, 0x3f, 0x3f, 0x3f, 0x3f, 0x3f, 0x3f, 0x3f, 0x3f, 0x3f, 0x3f, 0x3f, 0x3f, 0x3f, 
	0x3f, 0x3f, 0x3f, 0x3f, 0x3f, 0x3f, 0x3f, 0x3f, 0x3f, 0x3f, 0x3f, 0x3f, 0x3f, 0x1f, 0x00, 0x00
};
// 'bimobject', 32x32px
const unsigned char fab_32x32_fa_bimobject [] PROGMEM = {
	0x00, 0x00, 0xf8, 0xfc, 0xfc, 0xfc, 0xfc, 0xfc, 0xfc, 0xfc, 0xfc, 0xfc, 0xfc, 0xfc, 0xfc, 0xfc, 
	0xfc, 0xfc, 0xfc, 0xfc, 0xfc, 0xfc, 0xfc, 0xfc, 0xfc, 0xfc, 0xfc, 0xfc, 0xfc, 0xf8, 0x00, 0x00, 
	0x00, 0x00, 0xff, 0xff, 0xff, 0xff, 0xff, 0xff, 0x01, 0x01, 0x01, 0x01, 0x8f, 0xc7, 0xc7, 0xc7, 
	0xc7, 0xc7, 0xc7, 0x87, 0x07, 0x07, 0x0f, 0x1f, 0xff, 0xff, 0xff, 0xff, 0xff, 0xff, 0x00, 0x00, 
	0x00, 0x00, 0xff, 0xff, 0xff, 0xff, 0xff, 0xff, 0x80, 0x80, 0x80, 0x80, 0xc7, 0x8f, 0x8f, 0x8f, 
	0x8f, 0x8f, 0x8f, 0x87, 0x80, 0x80, 0xc0, 0xe0, 0xff, 0xff, 0xff, 0xff, 0xff, 0xff, 0x00, 0x00, 
	0x00, 0x00, 0x1f, 0x3f, 0x3f, 0x3f, 0x3f, 0x3f, 0x3f, 0x3f, 0x3f, 0x3f, 0x3f, 0x3f, 0x3f, 0x3f, 
	0x3f, 0x3f, 0x3f, 0x3f, 0x3f, 0x3f, 0x3f, 0x3f, 0x3f, 0x3f, 0x3f, 0x3f, 0x3f, 0x1f, 0x00, 0x00
};
// 'bitbucket', 32x32px
const unsigned char fab_32x32_fa_bitbucket [] PROGMEM = {
	0x1c, 0xfc, 0xfc, 0xfc, 0xfc, 0xfc, 0xfc, 0xfc, 0xfc, 0xfc, 0xfc, 0xfc, 0xfc, 0xfc, 0xfc, 0xfc, 
	0xfc, 0xfc, 0xfc, 0xfc, 0xfc, 0xfc, 0xfc, 0xfc, 0xfc, 0xfc, 0xfc, 0xfc, 0xfc, 0xfc, 0xfc, 0x08, 
	0x00, 0x03, 0xff, 0xff, 0xff, 0xff, 0xff, 0xff, 0xff, 0xff, 0xff, 0xcf, 0x07, 0x07, 0x07, 0x07, 
	0x07, 0x07, 0x07, 0x07, 0xef, 0xff, 0xff, 0xff, 0xff, 0xff, 0xff, 0xff, 0xff, 0xff, 0x03, 0x00, 
	0x00, 0x00, 0x00, 0x3f, 0xff, 0xff, 0xff, 0xff, 0xff, 0xff, 0xff, 0xff, 0xf8, 0xe0, 0xe0, 0xe0, 
	0xe0, 0xe0, 0xe0, 0xf8, 0xff, 0xff, 0xff, 0xff, 0xff, 0xff, 0xff, 0xff, 0x3f, 0x00, 0x00, 0x00, 
	0x00, 0x00, 0x00, 0x00, 0x0f, 0x3f, 0x3f, 0x3f, 0x3f, 0x3f, 0x3f, 0x3f, 0x3f, 0x3f, 0x3f, 0x3f, 
	0x3f, 0x3f, 0x3f, 0x3f, 0x3f, 0x3f, 0x3f, 0x3f, 0x3f, 0x3f, 0x3f, 0x0f, 0x00, 0x00, 0x00, 0x00
};
// 'bitcoin', 32x32px
const unsigned char fab_32x32_fa_bitcoin [] PROGMEM = {
	0x00, 0x00, 0x00, 0x80, 0xc0, 0xe0, 0xf0, 0xf8, 0xfc, 0xfc, 0xfe, 0xfe, 0xfe, 0xfe, 0xff, 0x3f, 
	0x3f, 0xff, 0x7e, 0x7e, 0xfe, 0xfe, 0xfc, 0xfc, 0xf8, 0xf0, 0xe0, 0xc0, 0x80, 0x00, 0x00, 0x00, 
	0xc0, 0xfc, 0xff, 0xff, 0xff, 0xff, 0xff, 0xff, 0xff, 0xff, 0xff, 0xfc, 0x08, 0x01, 0x00, 0x70, 
	0x79, 0x79, 0x70, 0x02, 0x03, 0x07, 0xdf, 0xff, 0xff, 0xff, 0xff, 0xff, 0xff, 0xff, 0xfc, 0xc0, 
	0x03, 0x3f, 0xff, 0xff, 0xff, 0xff, 0xff, 0xff, 0xe7, 0xe7, 0xe7, 0x00, 0x00, 0xc0, 0x0f, 0x0f, 
	0x9e, 0x8e, 0x8c, 0x80, 0xc0, 0xe1, 0xff, 0xff, 0xff, 0xff, 0xff, 0xff, 0xff, 0xff, 0x3f, 0x03, 
	0x00, 0x00, 0x00, 0x01, 0x03, 0x07, 0x0f, 0x1f, 0x3f, 0x3f, 0x7f, 0x7e, 0x7f, 0x7f, 0xfe, 0xfe, 
	0xff, 0xff, 0x7f, 0x7f, 0x7f, 0x7f, 0x3f, 0x3f, 0x1f, 0x0f, 0x07, 0x03, 0x01, 0x00, 0x00, 0x00
};
// 'bity', 32x32px
const unsigned char fab_32x32_fa_bity [] PROGMEM = {
	0x00, 0x00, 0x00, 0x00, 0x00, 0x00, 0x30, 0x18, 0x1c, 0x0c, 0x06, 0x06, 0x07, 0x03, 0x03, 0x03, 
	0x03, 0x03, 0x03, 0x03, 0x07, 0x06, 0x06, 0x0c, 0x1c, 0x18, 0x30, 0x20, 0x00, 0x00, 0x00, 0x00, 
	0x00, 0xf0, 0xf8, 0x00, 0x00, 0x00, 0x00, 0x00, 0x00, 0x7f, 0xff, 0xc0, 0x00, 0x00, 0x00, 0x00, 
	0x00, 0x00, 0x00, 0x00, 0x00, 0xc0, 0xff, 0x7f, 0x00, 0x00, 0x00, 0x00, 0x00, 0x00, 0xf8, 0xf0, 
	0x00, 0x0f, 0x3f, 0xf8, 0xc0, 0x80, 0x00, 0x00, 0x00, 0x00, 0x01, 0x01, 0x03, 0x03, 0x02, 0x06, 
	0xf6, 0x06, 0x02, 0x03, 0x03, 0x01, 0x01, 0x00, 0x00, 0x00, 0x00, 0x80, 0xc0, 0xf8, 0x3f, 0x0f, 
	0x00, 0x00, 0x00, 0x00, 0x01, 0x03, 0x06, 0x0c, 0x1c, 0x18, 0x30, 0x30, 0x30, 0x00, 0x00, 0x01, 
	0x03, 0x00, 0x00, 0x00, 0x20, 0x30, 0x30, 0x18, 0x1c, 0x0c, 0x06, 0x03, 0x01, 0x00, 0x00, 0x00
};
// 'blackberry', 32x32px
const unsigned char fab_32x32_fa_blackberry [] PROGMEM = {
	0x00, 0x00, 0xc0, 0xe0, 0xe0, 0xe0, 0xe0, 0xe0, 0xe0, 0xc0, 0x00, 0x00, 0x00, 0x80, 0xe0, 0xe0, 
	0xe0, 0xe0, 0xe0, 0xe0, 0xe0, 0x80, 0x00, 0x00, 0x00, 0x00, 0x00, 0x00, 0x00, 0x00, 0x00, 0x00, 
	0x00, 0xe0, 0xe3, 0xe3, 0xe3, 0xe3, 0xe3, 0xe3, 0xc3, 0x01, 0x00, 0x00, 0xe0, 0xe3, 0xe3, 0xe3, 
	0xe3, 0xe3, 0xe3, 0xc3, 0x03, 0x00, 0x00, 0x40, 0x7c, 0x7c, 0x7c, 0x7c, 0x7c, 0x7c, 0x7c, 0x38, 
	0x07, 0x07, 0x07, 0x07, 0x07, 0x07, 0x03, 0x03, 0x01, 0x00, 0x80, 0xc0, 0xc7, 0xc7, 0xc7, 0xc7, 
	0xc7, 0xc3, 0x03, 0x01, 0x00, 0x00, 0xf8, 0xfc, 0xfc, 0xfc, 0xfc, 0xfc, 0x7c, 0x78, 0x00, 0x00, 
	0x00, 0x00, 0x00, 0x00, 0x00, 0x00, 0x00, 0x00, 0x00, 0x00, 0x07, 0x07, 0x07, 0x07, 0x07, 0x07, 
	0x07, 0x03, 0x00, 0x00, 0x00, 0x00, 0x00, 0x00, 0x00, 0x00, 0x00, 0x00, 0x00, 0x00, 0x00, 0x00
};
// 'black-tie', 32x32px
const unsigned char fab_32x32_fa_black_tie [] PROGMEM = {
	0x00, 0x00, 0xfc, 0xfc, 0xfc, 0xfc, 0xfc, 0xfc, 0xfc, 0xfc, 0xfc, 0x9c, 0x1c, 0x1c, 0x1c, 0x1c, 
	0x1c, 0x1c, 0x1c, 0x1c, 0x9c, 0xfc, 0xfc, 0xfc, 0xfc, 0xfc, 0xfc, 0xfc, 0xfc, 0xfc, 0x00, 0x00, 
	0x00, 0x00, 0xff, 0xff, 0xff, 0xff, 0xff, 0xff, 0xff, 0xff, 0xff, 0xff, 0xff, 0x1c, 0x00, 0x00, 
	0x00, 0x00, 0x1c, 0xff, 0xff, 0xff, 0xff, 0xff, 0xff, 0xff, 0xff, 0xff, 0xff, 0xff, 0x00, 0x00, 
	0x00, 0x00, 0xff, 0xff, 0xff, 0xff, 0xff, 0xff, 0xff, 0xff, 0xff, 0x87, 0x00, 0x00, 0x00, 0x00, 
	0x00, 0x00, 0x00, 0x00, 0x87, 0xff, 0xff, 0xff, 0xff, 0xff, 0xff, 0xff, 0xff, 0xff, 0x00, 0x00, 
	0x00, 0x00, 0x3f, 0x3f, 0x3f, 0x3f, 0x3f, 0x3f, 0x3f, 0x3f, 0x3f, 0x3f, 0x3f, 0x3e, 0x3c, 0x38, 
	0x38, 0x3c, 0x3e, 0x3f, 0x3f, 0x3f, 0x3f, 0x3f, 0x3f, 0x3f, 0x3f, 0x3f, 0x3f, 0x3f, 0x00, 0x00
};
// 'blogger', 32x32px
const unsigned char fab_32x32_fa_blogger [] PROGMEM = {
	0x00, 0x00, 0xf0, 0xf8, 0xfc, 0xfc, 0xfc, 0xfc, 0xfc, 0xfc, 0xfc, 0xfc, 0x7c, 0x7c, 0x7c, 0x7c, 
	0x7c, 0xfc, 0xfc, 0xfc, 0xfc, 0xfc, 0xfc, 0xfc, 0xfc, 0xfc, 0xfc, 0xfc, 0xf8, 0xf0, 0x00, 0x00, 
	0x00, 0x00, 0xff, 0xff, 0xff, 0xff, 0xff, 0x0f, 0x03, 0x01, 0x00, 0x00, 0x30, 0x30, 0x30, 0x30, 
	0x30, 0x00, 0x00, 0x01, 0x03, 0x0f, 0x3f, 0x3f, 0x7f, 0xff, 0xff, 0xff, 0xff, 0xff, 0x00, 0x00, 
	0x00, 0x00, 0xff, 0xff, 0xff, 0xff, 0xff, 0xf0, 0x80, 0x00, 0x00, 0x00, 0x0c, 0x0c, 0x0c, 0x0c, 
	0x0c, 0x0c, 0x0c, 0x0c, 0x00, 0x00, 0x80, 0xc0, 0xf0, 0xff, 0xff, 0xff, 0xff, 0xff, 0x00, 0x00, 
	0x00, 0x00, 0x0f, 0x1f, 0x3f, 0x3f, 0x3f, 0x3f, 0x3f, 0x3f, 0x3f, 0x3f, 0x3e, 0x3e, 0x3e, 0x3e, 
	0x3e, 0x3e, 0x3e, 0x3e, 0x3f, 0x3f, 0x3f, 0x3f, 0x3f, 0x3f, 0x3f, 0x3f, 0x1f, 0x0f, 0x00, 0x00
};
// 'blogger-b', 32x32px
const unsigned char fab_32x32_fa_blogger_b [] PROGMEM = {
	0x00, 0x00, 0x00, 0xc0, 0xe0, 0xf0, 0xf8, 0xf8, 0xfc, 0xfc, 0xfc, 0xfc, 0xfc, 0xfc, 0xfc, 0xfc, 
	0xfc, 0xfc, 0xfc, 0xf8, 0xf8, 0xf0, 0xe0, 0xc0, 0x00, 0x00, 0x00, 0x00, 0x00, 0x00, 0x00, 0x00, 
	0x00, 0x00, 0xff, 0xff, 0xff, 0xff, 0xff, 0xff, 0xff, 0xff, 0xf3, 0xe1, 0xe1, 0xe1, 0xe1, 0xf1, 
	0xf3, 0xff, 0xff, 0xff, 0xff, 0xff, 0xff, 0xff, 0xff, 0xf0, 0xf0, 0xe0, 0xe0, 0xe0, 0x00, 0x00, 
	0x00, 0x00, 0xff, 0xff, 0xff, 0xff, 0xff, 0xff, 0xff, 0xff, 0xcf, 0x8f, 0x8f, 0x8f, 0x8f, 0x8f, 
	0x8f, 0x8f, 0x8f, 0x8f, 0x8f, 0xcf, 0xff, 0xff, 0xff, 0xff, 0xff, 0xff, 0xff, 0xff, 0x00, 0x00, 
	0x00, 0x00, 0x01, 0x03, 0x07, 0x0f, 0x1f, 0x1f, 0x3f, 0x3f, 0x3f, 0x3f, 0x3f, 0x3f, 0x3f, 0x3f, 
	0x3f, 0x3f, 0x3f, 0x3f, 0x3f, 0x3f, 0x3f, 0x3f, 0x1f, 0x1f, 0x0f, 0x07, 0x03, 0x00, 0x00, 0x00
};
// 'bluetooth', 32x32px
const unsigned char fab_32x32_fa_bluetooth [] PROGMEM = {
	0x00, 0x00, 0x00, 0x00, 0x00, 0xc0, 0xe0, 0xf8, 0xfc, 0xfc, 0xfe, 0xfe, 0xff, 0xff, 0xff, 0x07, 
	0x0f, 0x1f, 0x3f, 0x7f, 0xff, 0xfe, 0xfe, 0xfc, 0xf8, 0xf0, 0xc0, 0x00, 0x00, 0x00, 0x00, 0x00, 
	0x00, 0x00, 0x00, 0x00, 0xfc, 0xff, 0xff, 0xff, 0xff, 0xfb, 0xf1, 0xe3, 0xc7, 0x8f, 0x1f, 0x00, 
	0x00, 0x00, 0x1e, 0x8c, 0xe0, 0xf1, 0xfb, 0xff, 0xff, 0xff, 0xff, 0xfc, 0x00, 0x00, 0x00, 0x00, 
	0x00, 0x00, 0x00, 0x00, 0x3f, 0xff, 0xff, 0xff, 0xff, 0xbf, 0x9f, 0x8f, 0xc7, 0xe3, 0xf0, 0x00, 
	0x00, 0x00, 0xf1, 0x63, 0x07, 0x0f, 0x9f, 0xff, 0xff, 0xff, 0xff, 0x7f, 0x00, 0x00, 0x00, 0x00, 
	0x00, 0x00, 0x00, 0x00, 0x00, 0x03, 0x0f, 0x1f, 0x3f, 0x3f, 0x7f, 0x7f, 0xff, 0xff, 0xff, 0xe0, 
	0xe0, 0xf0, 0xf8, 0xfc, 0xfe, 0x7f, 0x7f, 0x3f, 0x1f, 0x0f, 0x03, 0x00, 0x00, 0x00, 0x00, 0x00
};
// 'bluetooth-b', 32x32px
const unsigned char fab_32x32_fa_bluetooth_b [] PROGMEM = {
	0x00, 0x00, 0x00, 0x00, 0x00, 0x00, 0x00, 0x00, 0x00, 0x00, 0x00, 0x00, 0x00, 0x00, 0x00, 0xfe, 
	0xfc, 0xf8, 0xf0, 0xe0, 0xc0, 0x80, 0x00, 0x00, 0x00, 0x00, 0x00, 0x00, 0x00, 0x00, 0x00, 0x00, 
	0x00, 0x00, 0x00, 0x00, 0x00, 0x00, 0x00, 0x00, 0x02, 0x07, 0x0f, 0x1e, 0x3c, 0x78, 0xf0, 0xff, 
	0xff, 0xff, 0xf0, 0x79, 0x3f, 0x1f, 0x0f, 0x06, 0x00, 0x00, 0x00, 0x00, 0x00, 0x00, 0x00, 0x00, 
	0x00, 0x00, 0x00, 0x00, 0x00, 0x00, 0x00, 0x00, 0xc0, 0xe0, 0xf0, 0x78, 0x3c, 0x1e, 0x0f, 0xff, 
	0xff, 0xff, 0x0f, 0x1e, 0xf8, 0xf0, 0xe0, 0xc0, 0x00, 0x00, 0x00, 0x00, 0x00, 0x00, 0x00, 0x00, 
	0x00, 0x00, 0x00, 0x00, 0x00, 0x00, 0x00, 0x00, 0x00, 0x01, 0x00, 0x00, 0x00, 0x00, 0x00, 0xff, 
	0x7f, 0x3f, 0x1e, 0x0f, 0x07, 0x03, 0x01, 0x00, 0x00, 0x00, 0x00, 0x00, 0x00, 0x00, 0x00, 0x00
};
// 'bootstrap', 32x32px
const unsigned char fab_32x32_fa_bootstrap [] PROGMEM = {
	0x00, 0x00, 0x00, 0x00, 0xe0, 0xf0, 0xf0, 0xf0, 0xf0, 0xf0, 0xf0, 0xf0, 0xf0, 0xf0, 0xf0, 0xf0, 
	0xf0, 0xf0, 0xf0, 0xf0, 0xf0, 0xf0, 0xf0, 0xf0, 0xf0, 0xf0, 0xf0, 0xe0, 0x00, 0x00, 0x00, 0x00, 
	0x80, 0x80, 0xc0, 0xf8, 0xff, 0xff, 0xff, 0xff, 0xff, 0xff, 0xff, 0x03, 0x01, 0x79, 0x79, 0x79, 
	0x7b, 0x7b, 0x03, 0x83, 0xef, 0xff, 0xff, 0xff, 0xff, 0xff, 0xff, 0xff, 0xf8, 0xc0, 0x80, 0x80, 
	0x01, 0x01, 0x03, 0x1f, 0xff, 0xff, 0xff, 0xff, 0xff, 0xff, 0xff, 0xc0, 0x80, 0x9e, 0x9e, 0x9e, 
	0xde, 0xde, 0xce, 0xc0, 0xe1, 0xff, 0xff, 0xff, 0xff, 0xff, 0xff, 0xff, 0x1f, 0x03, 0x01, 0x01, 
	0x00, 0x00, 0x00, 0x00, 0x07, 0x0f, 0x0f, 0x0f, 0x0f, 0x0f, 0x0f, 0x0f, 0x0f, 0x0f, 0x0f, 0x0f, 
	0x0f, 0x0f, 0x0f, 0x0f, 0x0f, 0x0f, 0x0f, 0x0f, 0x0f, 0x0f, 0x0f, 0x07, 0x00, 0x00, 0x00, 0x00
};
// 'btc', 32x32px
const unsigned char fab_32x32_fa_btc [] PROGMEM = {
	0x00, 0x00, 0x00, 0x00, 0xe0, 0xe0, 0xe0, 0xe0, 0xe0, 0xe0, 0xff, 0xff, 0xff, 0xf0, 0xe0, 0xe0, 
	0xff, 0xff, 0xff, 0xe0, 0xe0, 0xe0, 0xc0, 0xc0, 0x80, 0x00, 0x00, 0x00, 0x00, 0x00, 0x00, 0x00, 
	0x00, 0x00, 0x00, 0x00, 0x00, 0x00, 0x00, 0x01, 0xff, 0xff, 0xff, 0xff, 0xff, 0xc1, 0xc0, 0xc0, 
	0xc0, 0xc1, 0xc1, 0xe1, 0xff, 0xff, 0xff, 0xff, 0xbf, 0x1f, 0x00, 0x00, 0x00, 0x00, 0x00, 0x00, 
	0x00, 0x00, 0x00, 0x00, 0x00, 0x00, 0x00, 0x00, 0xff, 0xff, 0xff, 0xff, 0xff, 0x03, 0x01, 0x03, 
	0x03, 0x03, 0x03, 0x03, 0x87, 0xcf, 0xff, 0xff, 0xff, 0xff, 0xfe, 0x7c, 0x00, 0x00, 0x00, 0x00, 
	0x00, 0x00, 0x00, 0x00, 0x0c, 0x0f, 0x0f, 0x0f, 0x0f, 0x0f, 0xff, 0xff, 0xff, 0x0f, 0x0f, 0x0f, 
	0xff, 0xff, 0xff, 0x0f, 0x0f, 0x0f, 0x07, 0x07, 0x07, 0x03, 0x01, 0x00, 0x00, 0x00, 0x00, 0x00
};
// 'buffer', 32x32px
const unsigned char fab_32x32_fa_buffer [] PROGMEM = {
	0x00, 0x00, 0x00, 0x00, 0x80, 0x80, 0xc0, 0xc0, 0xe0, 0xe0, 0xf0, 0xf0, 0xf8, 0xf8, 0xf8, 0xfc, 
	0xfc, 0xf8, 0xf8, 0xf8, 0xf0, 0xf0, 0xe0, 0xe0, 0xc0, 0xc0, 0x80, 0x80, 0x00, 0x00, 0x00, 0x00, 
	0x00, 0x00, 0x00, 0x80, 0x81, 0xc1, 0xc3, 0xc3, 0xc7, 0x87, 0x8f, 0x0f, 0x0f, 0x1f, 0x1f, 0x3f, 
	0x3f, 0x1f, 0x1f, 0x0f, 0x0f, 0x8f, 0x87, 0xc7, 0xc3, 0xc3, 0xc1, 0x81, 0x80, 0x00, 0x00, 0x00, 
	0x00, 0x00, 0x00, 0x80, 0x80, 0xc1, 0xc1, 0xc3, 0x83, 0x87, 0x87, 0x0f, 0x0f, 0x1e, 0x1e, 0x3c, 
	0x3c, 0x1e, 0x1e, 0x0f, 0x0f, 0x87, 0x87, 0x83, 0xc3, 0xc1, 0xc1, 0x80, 0x80, 0x00, 0x00, 0x00, 
	0x00, 0x00, 0x00, 0x00, 0x00, 0x01, 0x01, 0x03, 0x03, 0x07, 0x07, 0x0f, 0x0f, 0x1e, 0x1e, 0x3c, 
	0x3c, 0x1e, 0x1e, 0x0f, 0x0f, 0x07, 0x07, 0x03, 0x03, 0x01, 0x01, 0x00, 0x00, 0x00, 0x00, 0x00
};
// 'buy-n-large', 32x32px
const unsigned char fab_32x32_fa_buy_n_large [] PROGMEM = {
	0x00, 0x00, 0x00, 0x00, 0x00, 0x80, 0xc0, 0xc0, 0x60, 0x60, 0x60, 0x70, 0x70, 0x70, 0x70, 0x70, 
	0xf0, 0xf0, 0xf0, 0xf0, 0xf0, 0xe0, 0x60, 0x60, 0x40, 0xc0, 0x80, 0x00, 0x00, 0x00, 0x00, 0x00, 
	0xc0, 0xf8, 0xfc, 0xfe, 0xff, 0xff, 0x1f, 0x01, 0x00, 0x00, 0x00, 0x30, 0x38, 0x38, 0x80, 0xe0, 
	0x30, 0x10, 0x30, 0x3b, 0x13, 0xe0, 0xc0, 0x00, 0xc0, 0xf8, 0xff, 0xff, 0xfe, 0xfc, 0xf8, 0xc0, 
	0x03, 0x1f, 0x3f, 0x7f, 0x8f, 0x80, 0x80, 0x80, 0x80, 0x80, 0x8e, 0x8e, 0x86, 0x80, 0x81, 0xc3, 
	0xec, 0xac, 0x8c, 0x8c, 0x8c, 0x87, 0x81, 0x80, 0x87, 0x87, 0x87, 0x87, 0x67, 0x3f, 0x1f, 0x03, 
	0x00, 0x00, 0x00, 0x00, 0x00, 0x01, 0x03, 0x03, 0x07, 0x07, 0x07, 0x0f, 0x0f, 0x0f, 0x0f, 0x0f, 
	0x0f, 0x0f, 0x0f, 0x0f, 0x0f, 0x07, 0x07, 0x07, 0x03, 0x03, 0x01, 0x00, 0x00, 0x00, 0x00, 0x00
};
// 'buromobelexperte', 32x32px
const unsigned char fab_32x32_fa_buromobelexperte [] PROGMEM = {
	0x00, 0x00, 0x04, 0x00, 0x00, 0x00, 0x00, 0x00, 0x00, 0x04, 0x00, 0x00, 0x04, 0x00, 0x00, 0x00, 
	0x00, 0x00, 0x00, 0x04, 0x00, 0x00, 0x04, 0x00, 0x00, 0x00, 0x00, 0x00, 0x00, 0x04, 0x00, 0x00, 
	0x00, 0x00, 0x12, 0x00, 0x00, 0x00, 0x00, 0x00, 0x00, 0x12, 0x00, 0x00, 0x12, 0x00, 0x00, 0x00, 
	0x00, 0x00, 0x00, 0x12, 0x00, 0x00, 0x12, 0x00, 0x00, 0x00, 0x00, 0x00, 0x00, 0x12, 0x00, 0x00, 
	0x00, 0x00, 0x48, 0x00, 0x00, 0x00, 0x00, 0x00, 0x00, 0x48, 0x00, 0x00, 0x48, 0x00, 0x00, 0x00, 
	0x00, 0x00, 0x00, 0x48, 0x00, 0x00, 0xc8, 0xc0, 0xc0, 0xc0, 0xc0, 0xc0, 0xc0, 0xc8, 0x00, 0x00, 
	0x00, 0x00, 0x20, 0x00, 0x00, 0x00, 0x00, 0x00, 0x00, 0x20, 0x00, 0x00, 0x20, 0x00, 0x00, 0x00, 
	0x00, 0x00, 0x00, 0x20, 0x00, 0x00, 0x3f, 0x3f, 0x3f, 0x3f, 0x3f, 0x3f, 0x3f, 0x3f, 0x00, 0x00
};
// 'buysellads', 32x32px
const unsigned char fab_32x32_fa_buysellads [] PROGMEM = {
	0x00, 0x00, 0xf8, 0xfc, 0xfc, 0xfc, 0xfc, 0xfc, 0xfc, 0xfc, 0xfc, 0xfc, 0x7c, 0x7c, 0x7c, 0x7c, 
	0x7c, 0x7c, 0x7c, 0x7c, 0xfc, 0xfc, 0xfc, 0xfc, 0xfc, 0xfc, 0xfc, 0xfc, 0xfc, 0xf8, 0x00, 0x00, 
	0x00, 0x00, 0xff, 0xff, 0xff, 0xff, 0xff, 0xff, 0xff, 0x7f, 0x0f, 0x00, 0x00, 0x00, 0x80, 0xf8, 
	0xf8, 0x80, 0x00, 0x00, 0x00, 0x0f, 0x7f, 0xff, 0xff, 0xff, 0xff, 0xff, 0xff, 0xff, 0x00, 0x00, 
	0x00, 0x00, 0xff, 0xff, 0xff, 0xff, 0xff, 0x1f, 0x03, 0x00, 0x00, 0x00, 0x00, 0x00, 0x8f, 0xcf, 
	0xef, 0xef, 0xf0, 0xc0, 0x00, 0x00, 0x00, 0x03, 0x1f, 0xff, 0xff, 0xff, 0xff, 0xff, 0x00, 0x00, 
	0x00, 0x00, 0x1f, 0x3f, 0x3f, 0x3f, 0x3e, 0x3e, 0x3e, 0x3e, 0x3e, 0x3e, 0x3e, 0x3f, 0x3f, 0x3f, 
	0x3f, 0x3f, 0x3f, 0x3f, 0x3e, 0x3e, 0x3e, 0x3e, 0x3e, 0x3e, 0x3f, 0x3f, 0x3f, 0x1f, 0x00, 0x00
};
// 'canadian-maple-leaf', 32x32px
const unsigned char fab_32x32_fa_canadian_maple_leaf [] PROGMEM = {
	0x00, 0x00, 0x00, 0x00, 0x00, 0x00, 0x00, 0x00, 0x00, 0x00, 0x70, 0xe0, 0xe0, 0xe0, 0xf8, 0xfe, 
	0xfe, 0xf8, 0xe0, 0xe0, 0xe0, 0x70, 0x00, 0x00, 0x00, 0x00, 0x00, 0x00, 0x00, 0x00, 0x00, 0x00, 
	0x00, 0x00, 0x38, 0xf8, 0xf8, 0xf8, 0xfc, 0xfe, 0xfc, 0xf0, 0xe0, 0xff, 0xff, 0xff, 0xff, 0xff, 
	0xff, 0xff, 0xff, 0xff, 0xff, 0xe0, 0xf0, 0xfc, 0xfe, 0xfc, 0xf8, 0xf8, 0xf8, 0x38, 0x00, 0x00, 
	0x00, 0x00, 0x01, 0x03, 0x07, 0x0f, 0x1f, 0x3f, 0xff, 0xff, 0xff, 0xff, 0xff, 0xff, 0xff, 0xff, 
	0xff, 0xff, 0xff, 0xff, 0xff, 0xff, 0xff, 0xff, 0x3f, 0x1f, 0x0f, 0x07, 0x03, 0x01, 0x00, 0x00, 
	0x00, 0x00, 0x00, 0x00, 0x00, 0x00, 0x00, 0x00, 0x01, 0x01, 0x01, 0x01, 0x01, 0x00, 0x00, 0xff, 
	0xff, 0x00, 0x00, 0x01, 0x01, 0x01, 0x01, 0x01, 0x00, 0x00, 0x00, 0x00, 0x00, 0x00, 0x00, 0x00
};
// 'cc-amazon-pay', 32x32px
const unsigned char fab_32x32_fa_cc_amazon_pay [] PROGMEM = {
	0xe0, 0xf0, 0xf0, 0xf0, 0xf0, 0xf0, 0xf0, 0xf0, 0x70, 0x70, 0xf0, 0xf0, 0xf0, 0xf0, 0xf0, 0x70, 
	0x70, 0x70, 0xf0, 0xf0, 0xf0, 0xf0, 0xf0, 0xf0, 0xf0, 0xf0, 0xf0, 0xf0, 0xf0, 0xf0, 0xf0, 0xe0, 
	0xff, 0xff, 0xff, 0xff, 0xff, 0x20, 0x00, 0x9e, 0xbf, 0xbe, 0x9e, 0xc0, 0xff, 0xff, 0x86, 0xb7, 
	0xbf, 0xf6, 0x80, 0xcb, 0xff, 0xfc, 0xe1, 0x0f, 0x0f, 0xe3, 0xf8, 0xff, 0xff, 0xff, 0xff, 0xff, 
	0xff, 0xff, 0xff, 0xef, 0xef, 0xde, 0x9c, 0x9f, 0xbf, 0x3f, 0x3f, 0x3f, 0x7f, 0x7f, 0x7f, 0x7f, 
	0x7f, 0x7f, 0x7f, 0x7f, 0x3f, 0x3d, 0x3d, 0xbe, 0xbf, 0xdf, 0xdf, 0xff, 0xb3, 0xc7, 0xff, 0xff, 
	0x07, 0x0f, 0x0f, 0x0f, 0x0f, 0x0f, 0x0f, 0x0f, 0x0f, 0x0f, 0x0f, 0x0f, 0x0f, 0x0e, 0x0e, 0x0e, 
	0x0e, 0x0e, 0x0e, 0x0f, 0x0f, 0x0f, 0x0f, 0x0f, 0x0f, 0x0f, 0x0f, 0x0f, 0x0f, 0x0f, 0x0f, 0x07
};
// 'cc-amex', 32x32px
const unsigned char fab_32x32_fa_cc_amex [] PROGMEM = {
	0xe0, 0xf0, 0xf0, 0xf0, 0xf0, 0xf0, 0xf0, 0xf0, 0xf0, 0xf0, 0xf0, 0xf0, 0xf0, 0xf0, 0xf0, 0xf0, 
	0xf0, 0xf0, 0xf0, 0xf0, 0xf0, 0xf0, 0xf0, 0xf0, 0xf0, 0xf0, 0xf0, 0xf0, 0xf0, 0xf0, 0xf0, 0xe0, 
	0xe7, 0xfb, 0xff, 0xfb, 0xf3, 0xdf, 0xdb, 0xf3, 0xdf, 0xfd, 0xd9, 0xff, 0xff, 0xc1, 0xfd, 0xdf, 
	0xdf, 0xff, 0xfb, 0xd9, 0xfb, 0xe7, 0xf1, 0xff, 0xff, 0xfb, 0xfb, 0xcf, 0xdb, 0xfb, 0xdb, 0xff, 
	0xff, 0xff, 0xff, 0xff, 0xff, 0xff, 0xee, 0xfe, 0xf6, 0xf3, 0xfe, 0xff, 0xfa, 0xfe, 0xee, 0xfe, 
	0xf6, 0xee, 0xee, 0xf7, 0xee, 0xee, 0xfe, 0xf6, 0xe0, 0xe6, 0xf6, 0xff, 0xe8, 0xf6, 0xfe, 0xfe, 
	0x07, 0x0f, 0x0f, 0x0f, 0x0f, 0x0f, 0x0f, 0x0f, 0x0f, 0x0f, 0x0f, 0x0f, 0x0f, 0x0f, 0x0f, 0x0f, 
	0x0f, 0x0f, 0x0f, 0x0f, 0x0f, 0x0f, 0x0f, 0x0f, 0x0f, 0x0f, 0x0f, 0x0f, 0x0f, 0x0f, 0x0f, 0x07
};
// 'cc-apple-pay', 32x32px
const unsigned char fab_32x32_fa_cc_apple_pay [] PROGMEM = {
	0xe0, 0xf0, 0xf0, 0xf0, 0xf0, 0xf0, 0xf0, 0xf0, 0xf0, 0xf0, 0xf0, 0xf0, 0xf0, 0xf0, 0xf0, 0xf0, 
	0xf0, 0xf0, 0xf0, 0xf0, 0xf0, 0xf0, 0xf0, 0xf0, 0xf0, 0xf0, 0xf0, 0xf0, 0xf0, 0xf0, 0xf0, 0xe0, 
	0xff, 0xff, 0xff, 0xff, 0x3f, 0x1f, 0x1f, 0x0f, 0x1f, 0x9f, 0xff, 0xff, 0xff, 0x0f, 0x7f, 0x7f, 
	0x6f, 0x9f, 0xff, 0xbf, 0xff, 0xbf, 0x3f, 0xff, 0x3f, 0xff, 0xff, 0x3f, 0xff, 0xff, 0xff, 0xff, 
	0xff, 0xff, 0xff, 0xff, 0xfc, 0xf8, 0xf8, 0xf8, 0xf8, 0xfc, 0xff, 0xff, 0xff, 0xf8, 0xff, 0xff, 
	0xff, 0xff, 0xfd, 0xf8, 0xfa, 0xfa, 0xf8, 0xff, 0xef, 0xe0, 0xf9, 0xfe, 0xff, 0xff, 0xff, 0xff, 
	0x07, 0x0f, 0x0f, 0x0f, 0x0f, 0x0f, 0x0f, 0x0f, 0x0f, 0x0f, 0x0f, 0x0f, 0x0f, 0x0f, 0x0f, 0x0f, 
	0x0f, 0x0f, 0x0f, 0x0f, 0x0f, 0x0f, 0x0f, 0x0f, 0x0f, 0x0f, 0x0f, 0x0f, 0x0f, 0x0f, 0x0f, 0x07
};
// 'cc-diners-club', 32x32px
const unsigned char fab_32x32_fa_cc_diners_club [] PROGMEM = {
	0xe0, 0xf0, 0xf0, 0xf0, 0xf0, 0xf0, 0xf0, 0x70, 0x70, 0xb0, 0xb0, 0xb0, 0xf0, 0xf0, 0xf0, 0x90, 
	0x90, 0xb0, 0x30, 0x30, 0x30, 0x30, 0x30, 0x70, 0x70, 0xf0, 0xf0, 0xf0, 0xf0, 0xf0, 0xf0, 0xe0, 
	0xff, 0xff, 0xff, 0x0f, 0xf3, 0xfd, 0xfe, 0x3f, 0x0f, 0x07, 0x07, 0xff, 0xff, 0xff, 0xff, 0xff, 
	0x07, 0x0f, 0x1f, 0xff, 0xfe, 0xf8, 0xe0, 0x00, 0x00, 0x00, 0x01, 0x03, 0x0f, 0xff, 0xff, 0xff, 
	0xff, 0xff, 0xff, 0xf0, 0xcf, 0xbf, 0x7f, 0xfc, 0xf0, 0xe0, 0xe0, 0xff, 0xff, 0xff, 0xff, 0xff, 
	0xe0, 0xf0, 0xf8, 0x7f, 0x7f, 0x1f, 0x07, 0x00, 0x00, 0x00, 0x80, 0xc0, 0xf0, 0xff, 0xff, 0xff, 
	0x07, 0x0f, 0x0f, 0x0f, 0x0f, 0x0f, 0x0f, 0x0e, 0x0e, 0x0d, 0x0d, 0x0d, 0x0f, 0x0f, 0x0b, 0x09, 
	0x09, 0x0d, 0x0c, 0x0c, 0x0c, 0x0c, 0x0c, 0x0e, 0x0e, 0x0f, 0x0f, 0x0f, 0x0f, 0x0f, 0x0f, 0x07
};
// 'cc-discover', 32x32px
const unsigned char fab_32x32_fa_cc_discover [] PROGMEM = {
	0xe0, 0xf0, 0xf0, 0xf0, 0xf0, 0xf0, 0xf0, 0xf0, 0xf0, 0xf0, 0xf0, 0xf0, 0xf0, 0xf0, 0xf0, 0xf0, 
	0xf0, 0xf0, 0xf0, 0xf0, 0xf0, 0xf0, 0xf0, 0xf0, 0xf0, 0xf0, 0xf0, 0xf0, 0xf0, 0xf0, 0xf0, 0xe0, 
	0xff, 0xff, 0x07, 0x77, 0xaf, 0xdf, 0x8f, 0xef, 0x47, 0x1f, 0xbf, 0x8f, 0x77, 0x77, 0xdf, 0x0f, 
	0x07, 0x07, 0x8f, 0xef, 0x9f, 0xbf, 0xef, 0xff, 0x07, 0x57, 0xff, 0x87, 0x97, 0xef, 0xff, 0xff, 
	0xff, 0xff, 0xff, 0xff, 0xff, 0xff, 0xff, 0xff, 0xff, 0xff, 0xff, 0xff, 0xff, 0xff, 0xff, 0xff, 
	0xff, 0xff, 0x7f, 0x7f, 0x3f, 0x3f, 0x3f, 0x1f, 0x1f, 0x0f, 0x0f, 0x07, 0x07, 0x03, 0xff, 0xff, 
	0x07, 0x0f, 0x0f, 0x0f, 0x0f, 0x0f, 0x0f, 0x0f, 0x0f, 0x0f, 0x0f, 0x0b, 0x09, 0x0d, 0x0d, 0x0c, 
	0x0c, 0x0c, 0x0c, 0x0c, 0x0c, 0x0c, 0x0c, 0x0c, 0x0c, 0x0c, 0x0c, 0x0c, 0x0c, 0x0c, 0x0f, 0x07
};
// 'cc-jcb', 32x32px
const unsigned char fab_32x32_fa_cc_jcb [] PROGMEM = {
	0xe0, 0xf0, 0xf0, 0xf0, 0xf0, 0xf0, 0xf0, 0xf0, 0xf0, 0xf0, 0xf0, 0xf0, 0xf0, 0xf0, 0xf0, 0xf0, 
	0xf0, 0xf0, 0xf0, 0xf0, 0xf0, 0xf0, 0xf0, 0xf0, 0xf0, 0xf0, 0xf0, 0xf0, 0xf0, 0xf0, 0xf0, 0xe0, 
	0xff, 0xff, 0xff, 0xff, 0xff, 0xff, 0xff, 0x1f, 0x1f, 0x1f, 0xff, 0x3f, 0x1f, 0x1f, 0xdf, 0xcf, 
	0xcf, 0xcf, 0xcf, 0xdf, 0xff, 0x1f, 0x1f, 0x1f, 0x5f, 0x5f, 0x5f, 0x1f, 0x1f, 0x9f, 0xff, 0xff, 
	0xff, 0xff, 0xfb, 0xf3, 0xf3, 0xf3, 0xf3, 0xf8, 0xf8, 0xfc, 0xff, 0xfc, 0xf8, 0xf8, 0xf3, 0xf3, 
	0xf3, 0xf3, 0xf3, 0xfb, 0xff, 0xf8, 0xf8, 0xf8, 0xfa, 0xfb, 0xfa, 0xf8, 0xf8, 0xf8, 0xff, 0xff, 
	0x07, 0x0f, 0x0f, 0x0f, 0x0f, 0x0f, 0x0f, 0x0f, 0x0f, 0x0f, 0x0f, 0x0f, 0x0f, 0x0f, 0x0f, 0x0f, 
	0x0f, 0x0f, 0x0f, 0x0f, 0x0f, 0x0f, 0x0f, 0x0f, 0x0f, 0x0f, 0x0f, 0x0f, 0x0f, 0x0f, 0x0f, 0x07
};
// 'cc-mastercard', 32x32px
const unsigned char fab_32x32_fa_cc_mastercard [] PROGMEM = {
	0xe0, 0xf0, 0xf0, 0xf0, 0xf0, 0xf0, 0xf0, 0xf0, 0x70, 0x70, 0x70, 0x70, 0x70, 0x70, 0x70, 0xf0, 
	0xf0, 0x70, 0x70, 0x70, 0x70, 0x70, 0x70, 0x70, 0xf0, 0xf0, 0xf0, 0xf0, 0xf0, 0xf0, 0xf0, 0xe0, 
	0xff, 0xff, 0xff, 0xff, 0x07, 0x01, 0x00, 0x00, 0x00, 0x00, 0x00, 0x00, 0x00, 0x04, 0x02, 0x01, 
	0x01, 0x02, 0x04, 0x00, 0x00, 0x00, 0x00, 0x00, 0x00, 0x00, 0x01, 0x07, 0xff, 0xff, 0xff, 0xff, 
	0xff, 0xff, 0xff, 0xff, 0xfc, 0xf8, 0xf0, 0xe0, 0xe0, 0xe0, 0xc0, 0xc0, 0xe0, 0xe2, 0xe4, 0xf0, 
	0xf0, 0xe4, 0xe2, 0xe0, 0xc0, 0xc0, 0xe0, 0xe0, 0xe0, 0xf0, 0xf8, 0xfc, 0xff, 0xff, 0xff, 0xff, 
	0x07, 0x0f, 0x0f, 0x0f, 0x0f, 0x0f, 0x0f, 0x0f, 0x0f, 0x0f, 0x0f, 0x0f, 0x0f, 0x0f, 0x0f, 0x0f, 
	0x0f, 0x0f, 0x0f, 0x0f, 0x0f, 0x0f, 0x0f, 0x0f, 0x0f, 0x0f, 0x0f, 0x0f, 0x0f, 0x0f, 0x0f, 0x07
};
// 'cc-paypal', 32x32px
const unsigned char fab_32x32_fa_cc_paypal [] PROGMEM = {
	0xe0, 0xf0, 0xf0, 0xf0, 0xf0, 0xf0, 0xf0, 0xf0, 0xf0, 0xf0, 0xf0, 0xf0, 0xf0, 0xf0, 0xf0, 0xf0, 
	0xf0, 0xf0, 0xf0, 0xf0, 0xf0, 0xf0, 0xf0, 0xf0, 0xf0, 0xf0, 0xf0, 0xf0, 0xf0, 0xf0, 0xf0, 0xe0, 
	0xff, 0xff, 0x3f, 0x0f, 0x4f, 0x0f, 0x1f, 0x7f, 0x3f, 0xbf, 0x3f, 0x3f, 0xff, 0x3f, 0xff, 0x7f, 
	0x3f, 0xff, 0x1f, 0x0f, 0x4f, 0x0f, 0x9f, 0x7f, 0x3f, 0xbf, 0x3f, 0x7f, 0x7f, 0x0f, 0xff, 0xff, 
	0xff, 0xff, 0xfc, 0xfe, 0xff, 0xff, 0xff, 0xfc, 0xfd, 0xfd, 0xfc, 0xfe, 0xff, 0xf2, 0xf8, 0xfe, 
	0xff, 0xff, 0xfc, 0xfe, 0xff, 0xff, 0xff, 0xfc, 0xfd, 0xfd, 0xfc, 0xff, 0xfc, 0xfe, 0xff, 0xff, 
	0x07, 0x0f, 0x0f, 0x0f, 0x0f, 0x0f, 0x0f, 0x0f, 0x0f, 0x0f, 0x0f, 0x0f, 0x0f, 0x0f, 0x0f, 0x0f, 
	0x0f, 0x0f, 0x0f, 0x0f, 0x0f, 0x0f, 0x0f, 0x0f, 0x0f, 0x0f, 0x0f, 0x0f, 0x0f, 0x0f, 0x0f, 0x07
};
// 'cc-stripe', 32x32px
const unsigned char fab_32x32_fa_cc_stripe [] PROGMEM = {
	0xe0, 0xf0, 0xf0, 0xf0, 0xf0, 0xf0, 0xf0, 0xf0, 0xf0, 0xf0, 0xf0, 0xf0, 0xf0, 0xf0, 0xf0, 0xf0, 
	0xf0, 0xf0, 0xf0, 0xf0, 0xf0, 0xf0, 0xf0, 0xf0, 0xf0, 0xf0, 0xf0, 0xf0, 0xf0, 0xf0, 0xf0, 0xe0, 
	0xff, 0xff, 0x1f, 0x1f, 0x5f, 0xdf, 0xff, 0x07, 0x07, 0xdf, 0xdf, 0x1f, 0x1f, 0x9f, 0xdf, 0x17, 
	0x13, 0xff, 0x1f, 0x1f, 0xdf, 0x9f, 0x1f, 0x3f, 0x7f, 0x1f, 0x1f, 0x5f, 0x1f, 0x3f, 0xff, 0xff, 
	0xff, 0xff, 0xfb, 0xf2, 0xfa, 0xf8, 0xfc, 0xfc, 0xf8, 0xf3, 0xfb, 0xf8, 0xf8, 0xff, 0xff, 0xf8, 
	0xf8, 0xff, 0xe0, 0xe0, 0xfb, 0xfb, 0xf8, 0xfc, 0xfe, 0xf8, 0xf8, 0xf2, 0xfa, 0xfa, 0xff, 0xff, 
	0x07, 0x0f, 0x0f, 0x0f, 0x0f, 0x0f, 0x0f, 0x0f, 0x0f, 0x0f, 0x0f, 0x0f, 0x0f, 0x0f, 0x0f, 0x0f, 
	0x0f, 0x0f, 0x0f, 0x0f, 0x0f, 0x0f, 0x0f, 0x0f, 0x0f, 0x0f, 0x0f, 0x0f, 0x0f, 0x0f, 0x0f, 0x07
};
// 'cc-visa', 32x32px
const unsigned char fab_32x32_fa_cc_visa [] PROGMEM = {
	0xe0, 0xf0, 0xf0, 0xf0, 0xf0, 0xf0, 0xf0, 0xf0, 0xf0, 0xf0, 0xf0, 0xf0, 0xf0, 0xf0, 0xf0, 0xf0, 
	0xf0, 0xf0, 0xf0, 0xf0, 0xf0, 0xf0, 0xf0, 0xf0, 0xf0, 0xf0, 0xf0, 0xf0, 0xf0, 0xf0, 0xf0, 0xe0, 
	0xff, 0xff, 0xff, 0xff, 0xcf, 0x0f, 0x1f, 0xff, 0x7f, 0x0f, 0x8f, 0xef, 0x3f, 0x0f, 0x8f, 0xff, 
	0x9f, 0x0f, 0x0f, 0x6f, 0xef, 0xef, 0xff, 0x7f, 0x1f, 0x8f, 0x0f, 0x0f, 0xff, 0xff, 0xff, 0xff, 
	0xff, 0xff, 0xff, 0xff, 0xff, 0xfc, 0xf0, 0xf0, 0xf0, 0xfc, 0xff, 0xff, 0xf0, 0xf0, 0xff, 0xf3, 
	0xf3, 0xf3, 0xf2, 0xf0, 0xf8, 0xff, 0xf3, 0xf0, 0xf8, 0xf9, 0xf9, 0xf0, 0xf0, 0xff, 0xff, 0xff, 
	0x07, 0x0f, 0x0f, 0x0f, 0x0f, 0x0f, 0x0f, 0x0f, 0x0f, 0x0f, 0x0f, 0x0f, 0x0f, 0x0f, 0x0f, 0x0f, 
	0x0f, 0x0f, 0x0f, 0x0f, 0x0f, 0x0f, 0x0f, 0x0f, 0x0f, 0x0f, 0x0f, 0x0f, 0x0f, 0x0f, 0x0f, 0x07
};
// 'centercode', 32x32px
const unsigned char fab_32x32_fa_centercode [] PROGMEM = {
	0x00, 0x00, 0x00, 0x80, 0xc0, 0xe0, 0xf0, 0xf8, 0xfc, 0xfc, 0x7e, 0x3e, 0x3e, 0x3e, 0x7f, 0x7f, 
	0xff, 0xff, 0xfe, 0xfe, 0xfe, 0xfe, 0xfc, 0xfc, 0xf8, 0xf0, 0xe0, 0xc0, 0x80, 0x00, 0x00, 0x00, 
	0xc0, 0xfc, 0xff, 0xff, 0xff, 0xff, 0xff, 0xff, 0x3f, 0x01, 0x00, 0x00, 0x00, 0xc0, 0xe0, 0xf0, 
	0xf0, 0xf0, 0xe1, 0xc1, 0x83, 0x07, 0x0f, 0x1f, 0x3f, 0x7f, 0xff, 0xff, 0xff, 0xff, 0xfc, 0xc0, 
	0x03, 0x3f, 0xff, 0xff, 0xff, 0xff, 0xff, 0xff, 0xe0, 0x00, 0x00, 0x00, 0x00, 0x07, 0x0f, 0x0f, 
	0x0f, 0x0f, 0x0f, 0x07, 0x01, 0x00, 0x80, 0xc0, 0xc0, 0xe0, 0xf3, 0xff, 0xff, 0xff, 0x3f, 0x03, 
	0x00, 0x00, 0x00, 0x01, 0x03, 0x07, 0x0f, 0x1f, 0x3f, 0x38, 0x78, 0x78, 0x78, 0x78, 0xf8, 0xf8, 
	0xfc, 0xfc, 0x7e, 0x7e, 0x7f, 0x7f, 0x3f, 0x3f, 0x1f, 0x0f, 0x07, 0x03, 0x01, 0x00, 0x00, 0x00
};
// 'centos', 32x32px
const unsigned char fab_32x32_fa_centos [] PROGMEM = {
	0x00, 0x00, 0x00, 0x00, 0x00, 0x00, 0xc0, 0xc0, 0xc0, 0xc0, 0xc0, 0xc0, 0xc0, 0xf0, 0xf8, 0xfc, 
	0xfc, 0xf8, 0xf0, 0xc0, 0xc0, 0x80, 0xc0, 0xc0, 0xc0, 0xc0, 0x00, 0x00, 0x00, 0x00, 0x00, 0x00, 
	0x00, 0x00, 0x80, 0xc0, 0xe0, 0xe0, 0xfb, 0xff, 0xff, 0xff, 0xff, 0xff, 0xbf, 0xbf, 0x2f, 0x3f, 
	0x3f, 0x0f, 0xbf, 0xbf, 0xff, 0xff, 0xff, 0xff, 0xff, 0xff, 0xe0, 0xe0, 0xc0, 0x80, 0x00, 0x00, 
	0x00, 0x00, 0x01, 0x03, 0x07, 0x07, 0xff, 0xff, 0xff, 0xff, 0xff, 0xff, 0xfd, 0xff, 0xf6, 0xfc, 
	0xfc, 0xf2, 0xfd, 0xfd, 0xff, 0xff, 0xff, 0xff, 0xff, 0xff, 0x07, 0x07, 0x03, 0x01, 0x00, 0x00, 
	0x00, 0x00, 0x00, 0x00, 0x00, 0x00, 0x03, 0x03, 0x03, 0x03, 0x01, 0x03, 0x03, 0x0f, 0x1f, 0x3f, 
	0x3f, 0x1f, 0x0f, 0x03, 0x03, 0x01, 0x03, 0x03, 0x03, 0x03, 0x00, 0x00, 0x00, 0x00, 0x00, 0x00
};
// 'chrome', 32x32px
const unsigned char fab_32x32_fa_chrome [] PROGMEM = {
	0x00, 0x00, 0x00, 0x00, 0x00, 0xe0, 0xf0, 0xf8, 0xf8, 0xfc, 0xfc, 0xfe, 0xfe, 0xfe, 0xfe, 0xff, 
	0xff, 0xff, 0xfe, 0xfe, 0xfe, 0xfe, 0xfc, 0xfc, 0xf8, 0xf8, 0xf0, 0xe0, 0xc0, 0x80, 0x00, 0x00, 
	0x00, 0xf0, 0xfe, 0xff, 0xfe, 0xf8, 0xe3, 0x87, 0x1f, 0x1f, 0x07, 0xc3, 0xe3, 0xf1, 0xf9, 0xf8, 
	0xf8, 0xf8, 0xf8, 0xf0, 0xe1, 0xc1, 0x01, 0x19, 0xf9, 0xf9, 0xf9, 0xf9, 0xf9, 0xfd, 0xfc, 0xf0, 
	0x00, 0x0f, 0x7f, 0xff, 0xff, 0xff, 0xff, 0xff, 0xfe, 0xf8, 0xe0, 0xc3, 0xc7, 0x8f, 0x9f, 0x9f, 
	0x1f, 0x1f, 0x1f, 0x0f, 0x07, 0xc3, 0xe0, 0xf8, 0xff, 0xff, 0xff, 0xff, 0xff, 0xff, 0x7f, 0x0f, 
	0x00, 0x00, 0x00, 0x01, 0x03, 0x07, 0x0f, 0x1f, 0x1f, 0x3f, 0x3f, 0x7f, 0x7f, 0x7f, 0x7f, 0x1f, 
	0xc7, 0xe1, 0x78, 0x7e, 0x7f, 0x7f, 0x3f, 0x3f, 0x1f, 0x1f, 0x0f, 0x07, 0x03, 0x01, 0x00, 0x00
};
// 'chromecast', 32x32px
const unsigned char fab_32x32_fa_chromecast [] PROGMEM = {
	0x00, 0xc0, 0xf0, 0xf0, 0x70, 0x70, 0x70, 0x70, 0x70, 0x70, 0x70, 0x70, 0x70, 0x70, 0x70, 0x70, 
	0x70, 0x70, 0x70, 0x70, 0x70, 0x70, 0x70, 0x70, 0x70, 0x70, 0x70, 0x70, 0xf0, 0xf0, 0xc0, 0x00, 
	0x00, 0xc3, 0xe7, 0xe7, 0xc0, 0xc0, 0xc0, 0x80, 0x80, 0x00, 0x00, 0x00, 0x00, 0x00, 0x00, 0x00, 
	0x00, 0x00, 0x00, 0x00, 0x00, 0x00, 0x00, 0x00, 0x00, 0x00, 0x00, 0x00, 0xff, 0xff, 0xff, 0x00, 
	0x00, 0x18, 0x18, 0x38, 0x38, 0x71, 0xf1, 0xe3, 0xc3, 0x87, 0x0e, 0x3e, 0xfc, 0xf0, 0xe0, 0x00, 
	0x00, 0x00, 0x00, 0x00, 0x00, 0x00, 0x00, 0x00, 0x00, 0x00, 0x00, 0x00, 0xff, 0xff, 0xff, 0x00, 
	0x00, 0x0f, 0x0f, 0x0e, 0x0c, 0x00, 0x00, 0x03, 0x0f, 0x0f, 0x0c, 0x00, 0x00, 0x0f, 0x0f, 0x0f, 
	0x00, 0x00, 0x00, 0x0e, 0x0e, 0x0e, 0x0e, 0x0e, 0x0e, 0x0e, 0x0e, 0x0e, 0x0f, 0x0f, 0x03, 0x00
};
// 'cloudflare', 32x32px
const unsigned char fab_32x32_fa_cloudflare [] PROGMEM = {
	0x00, 0x00, 0x00, 0x00, 0x00, 0x00, 0x00, 0x00, 0x00, 0x00, 0x00, 0x00, 0x00, 0x00, 0x00, 0x00, 
	0x00, 0x00, 0x00, 0x00, 0x00, 0x00, 0x00, 0x00, 0x00, 0x00, 0x00, 0x00, 0x00, 0x00, 0x00, 0x00, 
	0x00, 0x00, 0x00, 0x00, 0x00, 0xe0, 0xe0, 0xf0, 0xf0, 0xe0, 0xf0, 0xf8, 0xfc, 0xfe, 0xff, 0xff, 
	0xff, 0xff, 0xff, 0xff, 0xfe, 0xfe, 0xfc, 0xf8, 0x60, 0xc0, 0xc0, 0xc0, 0x80, 0x80, 0x00, 0x00, 
	0x38, 0x7c, 0x7e, 0x7e, 0x7f, 0x7f, 0x7f, 0x7f, 0x7f, 0x7f, 0x7f, 0x7f, 0x7f, 0x7f, 0x7f, 0x7f, 
	0x7f, 0x7f, 0x7f, 0x7f, 0x7b, 0x33, 0x03, 0x61, 0x70, 0x7b, 0x7f, 0x7f, 0x7f, 0x7f, 0x7f, 0x3c, 
	0x00, 0x00, 0x00, 0x00, 0x00, 0x00, 0x00, 0x00, 0x00, 0x00, 0x00, 0x00, 0x00, 0x00, 0x00, 0x00, 
	0x00, 0x00, 0x00, 0x00, 0x00, 0x00, 0x00, 0x00, 0x00, 0x00, 0x00, 0x00, 0x00, 0x00, 0x00, 0x00
};
// 'cloudscale', 32x32px
const unsigned char fab_32x32_fa_cloudscale [] PROGMEM = {
	0x00, 0x00, 0x00, 0x00, 0x00, 0x80, 0xc0, 0xe0, 0xf0, 0xf0, 0xf8, 0x78, 0x7c, 0x3c, 0x3c, 0x3c, 
	0x3c, 0x3c, 0x3c, 0x7c, 0x78, 0xf8, 0xf0, 0xf0, 0xe0, 0xc0, 0x80, 0x00, 0x00, 0x00, 0x00, 0x00, 
	0x00, 0x00, 0xf0, 0xfc, 0xff, 0xff, 0x1f, 0x07, 0x61, 0x38, 0x1c, 0x0e, 0x0e, 0x07, 0x87, 0x4f, 
	0x4f, 0xff, 0x7f, 0x3e, 0x1e, 0x04, 0x00, 0x01, 0x07, 0x1f, 0xff, 0xff, 0xfc, 0xf0, 0x00, 0x00, 
	0x00, 0x00, 0x0f, 0x3f, 0xff, 0xff, 0xf8, 0xe0, 0x80, 0x00, 0x00, 0x00, 0x00, 0x00, 0x01, 0x03, 
	0x03, 0x01, 0x00, 0x00, 0x00, 0x00, 0x00, 0x80, 0xe0, 0xf8, 0xff, 0xff, 0x3f, 0x0f, 0x00, 0x00, 
	0x00, 0x00, 0x00, 0x00, 0x00, 0x01, 0x03, 0x07, 0x0f, 0x0f, 0x1f, 0x1e, 0x3e, 0x3c, 0x3c, 0x3c, 
	0x3c, 0x3c, 0x3c, 0x3e, 0x1e, 0x1f, 0x0f, 0x0f, 0x07, 0x03, 0x01, 0x00, 0x00, 0x00, 0x00, 0x00
};
// 'cloudsmith', 32x32px
const unsigned char fab_32x32_fa_cloudsmith [] PROGMEM = {
	0x00, 0x00, 0x00, 0x00, 0x00, 0x00, 0x00, 0x00, 0x00, 0x00, 0x00, 0x00, 0x00, 0x00, 0x00, 0x00, 
	0xf0, 0xfc, 0xfe, 0xfe, 0xfe, 0xff, 0xff, 0xfe, 0xfe, 0xfc, 0xf0, 0x00, 0x00, 0x00, 0x00, 0x00, 
	0x00, 0x00, 0x00, 0x00, 0x00, 0x00, 0xc0, 0xf0, 0xf8, 0xf8, 0xf8, 0xfc, 0xfc, 0xfc, 0xfe, 0xff, 
	0xff, 0x1f, 0x0f, 0x0f, 0x07, 0x07, 0x07, 0x07, 0x03, 0x01, 0x00, 0x00, 0x00, 0x00, 0x00, 0x00, 
	0x00, 0x00, 0x00, 0x00, 0x00, 0x00, 0x03, 0x0f, 0x0f, 0x1f, 0x1f, 0x1f, 0x1f, 0x1f, 0x0f, 0x07, 
	0x01, 0x80, 0xc0, 0xe0, 0xe0, 0xe0, 0xe0, 0xe0, 0xc0, 0x80, 0x00, 0x00, 0x00, 0x00, 0x00, 0x00, 
	0x00, 0x00, 0x00, 0x00, 0x00, 0x00, 0x00, 0x00, 0x00, 0x00, 0x00, 0x00, 0x00, 0x00, 0x00, 0x00, 
	0x06, 0x1f, 0x3f, 0x7f, 0x7f, 0xff, 0xff, 0x7f, 0x7f, 0x3f, 0x1f, 0x00, 0x00, 0x00, 0x00, 0x00
};
// 'cloudversify', 32x32px
const unsigned char fab_32x32_fa_cloudversify [] PROGMEM = {
	0x00, 0x00, 0x00, 0x00, 0x00, 0x00, 0x00, 0x00, 0x00, 0x00, 0x00, 0x00, 0x00, 0x00, 0x00, 0x80, 
	0x80, 0x80, 0xc0, 0xc0, 0xc0, 0x80, 0x80, 0x80, 0x00, 0x00, 0x00, 0x00, 0x00, 0x00, 0x00, 0x00, 
	0x8e, 0x8e, 0x80, 0x00, 0x3c, 0x3c, 0x3c, 0x18, 0x00, 0x06, 0x26, 0xe0, 0x78, 0x3e, 0x3f, 0x3f, 
	0x37, 0x27, 0x23, 0x43, 0x03, 0x03, 0x03, 0x07, 0x07, 0x0e, 0xfc, 0x78, 0xf0, 0xf0, 0xe0, 0x80, 
	0x01, 0x01, 0x01, 0x00, 0x00, 0x07, 0x07, 0x07, 0x3e, 0x7e, 0xff, 0xe0, 0xc0, 0xc0, 0xf8, 0xc0, 
	0x80, 0x00, 0x00, 0x00, 0x60, 0xc0, 0x80, 0x80, 0xc0, 0xc0, 0xe0, 0xf0, 0xfd, 0x7f, 0x3f, 0x1f, 
	0x00, 0x00, 0x00, 0x00, 0x00, 0x00, 0x00, 0x00, 0x00, 0x00, 0x00, 0x00, 0x01, 0x01, 0x01, 0x01, 
	0x03, 0x03, 0x03, 0x07, 0x07, 0x07, 0x03, 0x03, 0x01, 0x01, 0x01, 0x00, 0x00, 0x00, 0x00, 0x00
};
// 'codepen', 32x32px
const unsigned char fab_32x32_fa_codepen [] PROGMEM = {
	0x00, 0x00, 0x00, 0x00, 0x80, 0x80, 0xc0, 0xe0, 0xe0, 0x70, 0x78, 0x38, 0x1c, 0x1e, 0x1e, 0xff, 
	0xff, 0x1e, 0x1e, 0x1c, 0x38, 0x78, 0x70, 0xe0, 0xe0, 0xc0, 0x80, 0x80, 0x00, 0x00, 0x00, 0x00, 
	0xfc, 0xfe, 0xfe, 0x3f, 0x7f, 0xf3, 0xe1, 0xc1, 0xc0, 0xc0, 0xe0, 0xf0, 0x70, 0x38, 0x3c, 0x1f, 
	0x1f, 0x3c, 0x38, 0x70, 0xf0, 0xe0, 0xc0, 0xc0, 0xc1, 0xe1, 0xf3, 0x7f, 0x3f, 0xfe, 0xfe, 0xfc, 
	0x3f, 0x7f, 0x7f, 0xfc, 0xfe, 0xcf, 0x87, 0x83, 0x03, 0x03, 0x07, 0x0f, 0x0e, 0x1c, 0x3c, 0xf8, 
	0xf8, 0x3c, 0x1c, 0x0e, 0x0f, 0x07, 0x03, 0x03, 0x83, 0x87, 0xcf, 0xfe, 0xfc, 0x7f, 0x7f, 0x3f, 
	0x00, 0x00, 0x00, 0x00, 0x01, 0x01, 0x03, 0x07, 0x07, 0x0e, 0x1e, 0x1c, 0x38, 0x78, 0x78, 0xff, 
	0xff, 0x78, 0x78, 0x38, 0x1c, 0x1e, 0x0e, 0x07, 0x07, 0x03, 0x01, 0x01, 0x00, 0x00, 0x00, 0x00
};
// 'codiepie', 32x32px
const unsigned char fab_32x32_fa_codiepie [] PROGMEM = {
	0x00, 0x00, 0x00, 0x00, 0xc0, 0xe0, 0x70, 0x38, 0x18, 0x0c, 0x0c, 0x06, 0x06, 0x86, 0x86, 0x83, 
	0x83, 0x83, 0x83, 0x86, 0x86, 0x06, 0x0c, 0x0c, 0x18, 0x38, 0x70, 0xe0, 0xc0, 0x80, 0x00, 0x00, 
	0x00, 0xf0, 0xfe, 0x0f, 0x03, 0x00, 0x00, 0x80, 0xf0, 0xfc, 0xfe, 0xff, 0xff, 0xff, 0xff, 0xff, 
	0xff, 0xff, 0xff, 0xff, 0x7f, 0x3f, 0x3e, 0x1c, 0x1c, 0xec, 0xee, 0xe6, 0xe3, 0x03, 0x00, 0x00, 
	0x00, 0x0f, 0x7f, 0xf0, 0xc0, 0x00, 0x00, 0x01, 0x0f, 0x3f, 0x7f, 0xff, 0xff, 0xff, 0xff, 0xff, 
	0xff, 0xff, 0xff, 0xff, 0xfe, 0xfe, 0x7c, 0x7c, 0x18, 0x1b, 0x37, 0x30, 0xe0, 0xe0, 0x40, 0x00, 
	0x00, 0x00, 0x00, 0x00, 0x03, 0x07, 0x0e, 0x1c, 0x18, 0x30, 0x30, 0x60, 0x60, 0x61, 0x61, 0xc1, 
	0xc1, 0xc1, 0xc1, 0x61, 0x61, 0x60, 0x30, 0x30, 0x18, 0x1c, 0x0e, 0x07, 0x03, 0x01, 0x00, 0x00
};
// 'confluence', 32x32px
const unsigned char fab_32x32_fa_confluence [] PROGMEM = {
	0x00, 0x00, 0xc0, 0xf0, 0xfc, 0xfe, 0xfe, 0xfc, 0xfc, 0xf8, 0xf8, 0xf0, 0xf0, 0xe0, 0xe0, 0xe0, 
	0xc0, 0xc0, 0xc0, 0xc0, 0xe0, 0xf0, 0xf8, 0xfe, 0xfe, 0xfe, 0xfc, 0xfc, 0xf8, 0xf0, 0xf0, 0x60, 
	0x00, 0x03, 0x03, 0x07, 0x07, 0x0f, 0x0f, 0x1f, 0x1f, 0x3f, 0x3f, 0x7f, 0x7f, 0x7f, 0xff, 0xff, 
	0xff, 0xff, 0xff, 0xff, 0xff, 0xff, 0x7f, 0x7f, 0x7f, 0x3f, 0x1f, 0x0f, 0x07, 0x03, 0x01, 0x00, 
	0x00, 0x00, 0xc0, 0xe0, 0xf0, 0xf8, 0xfc, 0xfc, 0xfe, 0xfe, 0xff, 0xff, 0xff, 0xff, 0xff, 0xff, 
	0xff, 0xff, 0xfe, 0xfe, 0xfe, 0xfc, 0xfc, 0xf8, 0xf8, 0xf0, 0xf0, 0xe0, 0xe0, 0xc0, 0x40, 0x00, 
	0x06, 0x0f, 0x0f, 0x1f, 0x3f, 0x3f, 0x7f, 0x7f, 0x7f, 0x1f, 0x0f, 0x07, 0x03, 0x03, 0x03, 0x03, 
	0x07, 0x07, 0x07, 0x0f, 0x0f, 0x1f, 0x1f, 0x3f, 0x3f, 0x7f, 0x7f, 0x3f, 0x0f, 0x03, 0x00, 0x00
};
// 'connectdevelop', 32x32px
const unsigned char fab_32x32_fa_connectdevelop [] PROGMEM = {
	0x00, 0x00, 0x00, 0x00, 0x00, 0x00, 0xc0, 0x60, 0x38, 0x18, 0x18, 0x88, 0x88, 0x08, 0x08, 0x08, 
	0x08, 0x08, 0x18, 0x18, 0x18, 0x18, 0x18, 0x18, 0x60, 0xc0, 0x00, 0x00, 0x00, 0x00, 0x00, 0x00, 
	0x00, 0x80, 0xe0, 0x30, 0x0c, 0x07, 0x03, 0x00, 0x33, 0x41, 0x00, 0x80, 0x00, 0x00, 0x00, 0x08, 
	0x08, 0x00, 0x00, 0x00, 0x00, 0x00, 0x00, 0x00, 0x00, 0x01, 0x0f, 0x0e, 0x30, 0xe0, 0x80, 0x00, 
	0x00, 0x01, 0x07, 0x0c, 0x30, 0xe0, 0xe0, 0x00, 0x4c, 0x02, 0x00, 0x01, 0x00, 0x00, 0x40, 0x60, 
	0x30, 0x40, 0x40, 0x00, 0x01, 0x01, 0x00, 0x00, 0x78, 0xe0, 0xe0, 0x30, 0x0c, 0x07, 0x01, 0x00, 
	0x00, 0x00, 0x00, 0x00, 0x00, 0x00, 0x03, 0x06, 0x1c, 0x18, 0x18, 0x10, 0x10, 0x10, 0x10, 0x10, 
	0x10, 0x10, 0x10, 0x10, 0x10, 0x18, 0x18, 0x1c, 0x07, 0x03, 0x00, 0x00, 0x00, 0x00, 0x00, 0x00
};
// 'contao', 32x32px
const unsigned char fab_32x32_fa_contao [] PROGMEM = {
	0xf8, 0xfc, 0x7c, 0x1c, 0x04, 0x00, 0x00, 0x00, 0x00, 0x00, 0x00, 0x80, 0x80, 0xc0, 0xc0, 0xc0, 
	0xc0, 0x80, 0x00, 0x00, 0x00, 0x00, 0x00, 0x00, 0x00, 0x0c, 0x9c, 0xfc, 0xfc, 0xfc, 0xfc, 0xf8, 
	0xff, 0xff, 0x00, 0x00, 0x00, 0x00, 0x00, 0x00, 0x00, 0x00, 0x1e, 0xff, 0xff, 0xff, 0xff, 0xff, 
	0xff, 0xff, 0xff, 0xfe, 0xfe, 0xfe, 0xff, 0xff, 0xff, 0xff, 0xff, 0xff, 0xff, 0xff, 0xff, 0xff, 
	0xff, 0xff, 0xfe, 0xc0, 0x00, 0x00, 0x00, 0x00, 0x00, 0x00, 0x00, 0x03, 0x3f, 0xff, 0xff, 0xff, 
	0xff, 0xff, 0xff, 0xff, 0xff, 0x7f, 0x1f, 0x1f, 0x1f, 0x1f, 0x1f, 0x0f, 0x0f, 0x0f, 0xff, 0xff, 
	0x1f, 0x3f, 0x3f, 0x3f, 0x3e, 0x30, 0x20, 0x00, 0x00, 0x00, 0x00, 0x00, 0x00, 0x01, 0x03, 0x03, 
	0x03, 0x03, 0x03, 0x03, 0x01, 0x00, 0x00, 0x00, 0x00, 0x00, 0x00, 0x20, 0x38, 0x3e, 0x3f, 0x1f
};
// 'cotton-bureau', 32x32px
const unsigned char fab_32x32_fa_cotton_bureau [] PROGMEM = {
	0x00, 0x00, 0x00, 0xc0, 0xe0, 0x30, 0x18, 0x08, 0x0c, 0x04, 0x06, 0x06, 0x02, 0x82, 0x83, 0x83, 
	0x83, 0x83, 0x82, 0x82, 0x06, 0x06, 0x06, 0x0c, 0x0c, 0x18, 0x30, 0x70, 0xc0, 0x80, 0x00, 0x00, 
	0x00, 0xfc, 0x3f, 0x03, 0x00, 0xf0, 0x38, 0x18, 0x0c, 0x0c, 0xfc, 0xfe, 0x0f, 0x0d, 0x19, 0xf0, 
	0xf0, 0x38, 0x0d, 0x0f, 0x8f, 0xfe, 0x0c, 0x0c, 0x0c, 0x18, 0xf0, 0xe0, 0x00, 0x07, 0x06, 0x00, 
	0x00, 0x3f, 0xf8, 0xc0, 0x00, 0x0f, 0x1c, 0x18, 0x30, 0x30, 0x20, 0x21, 0x33, 0x76, 0xfe, 0xcf, 
	0x8f, 0xde, 0x76, 0x73, 0x23, 0x21, 0x20, 0x30, 0x30, 0x18, 0x0f, 0x07, 0x00, 0xe0, 0x60, 0x00, 
	0x00, 0x00, 0x00, 0x03, 0x07, 0x0c, 0x18, 0x10, 0x30, 0x20, 0x60, 0x60, 0x40, 0x40, 0xc0, 0xff, 
	0xff, 0xc1, 0x40, 0x40, 0x60, 0x60, 0x60, 0x30, 0x30, 0x18, 0x0c, 0x0e, 0x03, 0x01, 0x00, 0x00
};
// 'cpanel', 32x32px
const unsigned char fab_32x32_fa_cpanel [] PROGMEM = {
	0x00, 0x00, 0x00, 0x00, 0x00, 0x00, 0x00, 0x00, 0x00, 0x00, 0x00, 0x00, 0x00, 0x00, 0x00, 0x00, 
	0x00, 0x00, 0x00, 0x00, 0x00, 0x00, 0x00, 0x00, 0x00, 0x00, 0x00, 0x00, 0x00, 0x00, 0x00, 0x00, 
	0x80, 0xc0, 0xc0, 0xc0, 0xc0, 0xe0, 0xf0, 0x30, 0xb0, 0xe0, 0xc0, 0x40, 0xc0, 0xc0, 0xc0, 0xc0, 
	0x80, 0xc0, 0xc0, 0xc0, 0xc0, 0xc0, 0x00, 0x80, 0xc0, 0xc0, 0xc0, 0xc0, 0xc0, 0x80, 0xf0, 0x70, 
	0x03, 0x07, 0x06, 0x04, 0x07, 0x07, 0x01, 0x03, 0x01, 0x01, 0x07, 0x07, 0x07, 0x07, 0x07, 0x07, 
	0x07, 0x07, 0x01, 0x00, 0x06, 0x07, 0x03, 0x07, 0x07, 0x07, 0x07, 0x07, 0x05, 0x07, 0x03, 0x00, 
	0x00, 0x00, 0x00, 0x00, 0x00, 0x00, 0x00, 0x00, 0x00, 0x00, 0x00, 0x00, 0x00, 0x00, 0x00, 0x00, 
	0x00, 0x00, 0x00, 0x00, 0x00, 0x00, 0x00, 0x00, 0x00, 0x00, 0x00, 0x00, 0x00, 0x00, 0x00, 0x00
};
// 'creative-commons', 32x32px
const unsigned char fab_32x32_fa_creative_commons [] PROGMEM = {
	0x00, 0x00, 0x00, 0x80, 0xc0, 0xe0, 0xf0, 0x78, 0x38, 0x1c, 0x1c, 0x0e, 0x0e, 0x0e, 0x0e, 0x07, 
	0x07, 0x07, 0x06, 0x0e, 0x0e, 0x0e, 0x1c, 0x1c, 0x38, 0x78, 0xf0, 0xe0, 0xc0, 0x80, 0x00, 0x00, 
	0x00, 0xf0, 0xfe, 0xff, 0x0f, 0x03, 0x00, 0x00, 0xe0, 0xf0, 0xf8, 0x38, 0x18, 0x38, 0x30, 0x30, 
	0x00, 0xe0, 0xf0, 0xf8, 0x38, 0x18, 0x38, 0x30, 0x30, 0x00, 0x00, 0x03, 0x0f, 0xff, 0xfe, 0xf0, 
	0x00, 0x0f, 0x7f, 0xff, 0xf0, 0xc0, 0x00, 0x00, 0x07, 0x0f, 0x1f, 0x1c, 0x18, 0x1c, 0x0c, 0x0c, 
	0x00, 0x07, 0x0f, 0x1f, 0x1c, 0x18, 0x1c, 0x0c, 0x0c, 0x00, 0x00, 0xc0, 0xf0, 0xff, 0x7f, 0x0f, 
	0x00, 0x00, 0x00, 0x01, 0x03, 0x07, 0x0f, 0x1e, 0x1c, 0x3c, 0x38, 0x70, 0x70, 0x70, 0x70, 0xe0, 
	0xe0, 0xe0, 0x70, 0x70, 0x70, 0x70, 0x38, 0x38, 0x1c, 0x1e, 0x0f, 0x07, 0x03, 0x01, 0x00, 0x00
};
// 'creative-commons-by', 32x32px
const unsigned char fab_32x32_fa_creative_commons_by [] PROGMEM = {
	0x00, 0x00, 0x00, 0x80, 0xc0, 0xe0, 0xf0, 0x78, 0x38, 0x1c, 0x1c, 0x0e, 0x0e, 0x0e, 0x8e, 0xc7, 
	0xc7, 0xc7, 0x86, 0x0e, 0x0e, 0x0e, 0x1c, 0x1c, 0x38, 0x78, 0xf0, 0xe0, 0xc0, 0x80, 0x00, 0x00, 
	0x00, 0xf0, 0xfe, 0xff, 0x0f, 0x03, 0x00, 0x00, 0x00, 0x00, 0x00, 0x00, 0xf0, 0xf8, 0xf9, 0xfb, 
	0xfb, 0xfb, 0xf9, 0xf8, 0xf0, 0x00, 0x00, 0x00, 0x00, 0x00, 0x00, 0x03, 0x0f, 0xff, 0xfe, 0xf0, 
	0x00, 0x0f, 0x7f, 0xff, 0xf0, 0xc0, 0x00, 0x00, 0x00, 0x00, 0x00, 0x00, 0x03, 0x07, 0xff, 0xff, 
	0xff, 0xff, 0xff, 0x07, 0x03, 0x00, 0x00, 0x00, 0x00, 0x00, 0x00, 0xc0, 0xf0, 0xff, 0x7f, 0x0f, 
	0x00, 0x00, 0x00, 0x00, 0x03, 0x07, 0x0f, 0x1e, 0x1c, 0x3c, 0x38, 0x70, 0x70, 0x70, 0x73, 0xe3, 
	0xe3, 0xe3, 0x73, 0x70, 0x70, 0x70, 0x38, 0x38, 0x1c, 0x1e, 0x0f, 0x07, 0x03, 0x01, 0x00, 0x00
};
// 'creative-commons-nc', 32x32px
const unsigned char fab_32x32_fa_creative_commons_nc [] PROGMEM = {
	0x00, 0x00, 0x00, 0x80, 0xc0, 0xe0, 0xf0, 0x78, 0x38, 0x1c, 0x1c, 0x0e, 0x0e, 0x0e, 0x06, 0x07, 
	0x87, 0x87, 0x06, 0x0e, 0x0e, 0x0e, 0x1c, 0x1c, 0x38, 0x78, 0xf0, 0xe0, 0xc0, 0x80, 0x00, 0x00, 
	0x00, 0xf0, 0xfe, 0xff, 0x0f, 0x0f, 0x1e, 0x1c, 0x3c, 0x38, 0x78, 0x78, 0x7c, 0xfc, 0xfe, 0xee, 
	0xcf, 0xcf, 0x8e, 0x8e, 0x04, 0x00, 0x00, 0x00, 0x00, 0x00, 0x00, 0x03, 0x0f, 0xff, 0xfe, 0xf0, 
	0x00, 0x0f, 0x7f, 0xff, 0xf0, 0xc0, 0x00, 0x00, 0x00, 0x00, 0x00, 0x00, 0x30, 0x78, 0x70, 0x71, 
	0xf1, 0xf3, 0x7f, 0x7f, 0x3f, 0x1f, 0x0f, 0x0e, 0x1e, 0x1c, 0x3c, 0xf8, 0xf8, 0xff, 0x7f, 0x0f, 
	0x00, 0x00, 0x00, 0x00, 0x03, 0x07, 0x0f, 0x1e, 0x1c, 0x3c, 0x38, 0x70, 0x70, 0x70, 0x70, 0xe0, 
	0xe1, 0xe1, 0x70, 0x70, 0x70, 0x70, 0x38, 0x3c, 0x1c, 0x1e, 0x0f, 0x07, 0x03, 0x01, 0x00, 0x00
};
// 'creative-commons-nc-eu', 32x32px
const unsigned char fab_32x32_fa_creative_commons_nc_eu [] PROGMEM = {
	0x00, 0x00, 0x00, 0x80, 0xc0, 0xe0, 0xf0, 0x78, 0x38, 0x1c, 0x1c, 0x0e, 0x0e, 0x0e, 0x06, 0x07, 
	0x07, 0x87, 0x06, 0x0e, 0x0e, 0x0e, 0x1c, 0x1c, 0x38, 0x78, 0xf0, 0xe0, 0xc0, 0x80, 0x00, 0x00, 
	0x00, 0xf0, 0xfe, 0xff, 0x0f, 0x0f, 0x1e, 0x1c, 0x7c, 0xf8, 0xf8, 0xfc, 0xfe, 0xfe, 0xff, 0xef, 
	0xc7, 0xc7, 0xc7, 0xc7, 0xc7, 0x01, 0x00, 0x00, 0x00, 0x00, 0x00, 0x03, 0x0f, 0xff, 0xfe, 0xf0, 
	0x00, 0x0f, 0x7f, 0xff, 0xf0, 0xc0, 0x00, 0x00, 0x02, 0x07, 0x0f, 0x3f, 0x7f, 0xff, 0xf7, 0xe7, 
	0xe7, 0xc7, 0xc7, 0xc7, 0xe7, 0xc7, 0x0f, 0x0e, 0x1e, 0x1c, 0x3c, 0xf8, 0xf8, 0xff, 0x7f, 0x0f, 
	0x00, 0x00, 0x00, 0x00, 0x03, 0x07, 0x0f, 0x1e, 0x1c, 0x3c, 0x38, 0x70, 0x70, 0x70, 0x70, 0xe1, 
	0xe1, 0xe1, 0x71, 0x71, 0x71, 0x70, 0x38, 0x38, 0x1c, 0x1e, 0x0f, 0x07, 0x03, 0x01, 0x00, 0x00
};
// 'creative-commons-nc-jp', 32x32px
const unsigned char fab_32x32_fa_creative_commons_nc_jp [] PROGMEM = {
	0x00, 0x00, 0x00, 0x80, 0xc0, 0xe0, 0xf0, 0x78, 0x38, 0x1c, 0x1c, 0x0e, 0x0e, 0x0e, 0x06, 0x07, 
	0x07, 0x07, 0x06, 0x0e, 0x0e, 0x0e, 0x1c, 0x1c, 0x38, 0x78, 0xf0, 0xe0, 0xc0, 0x80, 0x00, 0x00, 
	0x00, 0xf0, 0xfe, 0xff, 0x1f, 0x1f, 0x1c, 0x3c, 0x38, 0x78, 0x7f, 0xff, 0xff, 0xfe, 0xf8, 0xe0, 
	0xc0, 0xc0, 0xf8, 0xfe, 0xff, 0x1f, 0x07, 0x00, 0x00, 0x00, 0x00, 0x03, 0x0f, 0xff, 0xfe, 0xf0, 
	0x00, 0x0f, 0x7f, 0xff, 0xf0, 0xc0, 0x00, 0x00, 0x00, 0x00, 0x20, 0x73, 0x73, 0x33, 0xff, 0xff, 
	0xff, 0xff, 0x7f, 0x37, 0x7f, 0x7f, 0x1f, 0x1e, 0x1c, 0x3c, 0x38, 0xf8, 0xf8, 0xff, 0x7f, 0x0f, 
	0x00, 0x00, 0x00, 0x00, 0x03, 0x07, 0x0f, 0x1e, 0x1c, 0x3c, 0x38, 0x70, 0x70, 0x70, 0x71, 0xe3, 
	0xe3, 0xe3, 0x70, 0x70, 0x70, 0x70, 0x38, 0x38, 0x1c, 0x1e, 0x0f, 0x07, 0x03, 0x01, 0x00, 0x00
};
// 'creative-commons-nd', 32x32px
const unsigned char fab_32x32_fa_creative_commons_nd [] PROGMEM = {
	0x00, 0x00, 0x00, 0x80, 0xc0, 0xe0, 0xf0, 0x78, 0x38, 0x1c, 0x1c, 0x0e, 0x0e, 0x0e, 0x0e, 0x07, 
	0x07, 0x07, 0x06, 0x0e, 0x0e, 0x0e, 0x1c, 0x1c, 0x38, 0x78, 0xf0, 0xe0, 0xc0, 0x80, 0x00, 0x00, 
	0x00, 0xf0, 0xfe, 0xff, 0x0f, 0x03, 0x00, 0x00, 0x00, 0x00, 0x00, 0x70, 0x70, 0x70, 0x70, 0x70, 
	0x70, 0x70, 0x70, 0x70, 0x70, 0x70, 0x00, 0x00, 0x00, 0x00, 0x00, 0x03, 0x0f, 0xff, 0xfe, 0xf0, 
	0x00, 0x0f, 0x7f, 0xff, 0xf0, 0xc0, 0x00, 0x00, 0x00, 0x00, 0x00, 0x0e, 0x0e, 0x0e, 0x0e, 0x0e, 
	0x0e, 0x0e, 0x0e, 0x0e, 0x0e, 0x0e, 0x00, 0x00, 0x00, 0x00, 0x00, 0xc0, 0xf0, 0xff, 0x7f, 0x0f, 
	0x00, 0x00, 0x00, 0x00, 0x03, 0x07, 0x0f, 0x1e, 0x1c, 0x3c, 0x38, 0x70, 0x70, 0x70, 0x70, 0xe0, 
	0xe0, 0xe0, 0x70, 0x70, 0x70, 0x70, 0x38, 0x38, 0x1c, 0x1e, 0x0f, 0x07, 0x03, 0x01, 0x00, 0x00
};
// 'creative-commons-pd', 32x32px
const unsigned char fab_32x32_fa_creative_commons_pd [] PROGMEM = {
	0x00, 0x00, 0x00, 0x80, 0xc0, 0xe0, 0xf0, 0x78, 0x38, 0x3c, 0x1c, 0x0e, 0x0e, 0x0e, 0x0e, 0x07, 
	0x07, 0x07, 0x0e, 0x0e, 0x0e, 0x0e, 0x1c, 0x3c, 0x38, 0x78, 0xf0, 0xe0, 0xc0, 0x80, 0x00, 0x00, 
	0x00, 0xf0, 0xfe, 0xff, 0x1f, 0x0f, 0x1e, 0x1c, 0x3c, 0xf8, 0xf8, 0xfc, 0xfe, 0xfe, 0xff, 0xef, 
	0xcf, 0xc7, 0x8f, 0x8f, 0x06, 0x00, 0x00, 0x00, 0x00, 0x00, 0x00, 0x03, 0x0f, 0xff, 0xfe, 0xf0, 
	0x00, 0x0f, 0x7f, 0xff, 0xf0, 0xc0, 0x00, 0x00, 0x00, 0x03, 0x1f, 0x3f, 0x7f, 0x7f, 0xfc, 0xf1, 
	0xf1, 0xf3, 0xf3, 0xf7, 0x67, 0x07, 0x0f, 0x0e, 0x1e, 0x1c, 0x3c, 0xf8, 0xf8, 0xff, 0x7f, 0x0f, 
	0x00, 0x00, 0x00, 0x01, 0x03, 0x07, 0x0f, 0x1e, 0x1c, 0x3c, 0x38, 0x70, 0x70, 0x70, 0x70, 0xe0, 
	0xe0, 0xe0, 0x70, 0x70, 0x70, 0x70, 0x38, 0x3c, 0x1c, 0x1e, 0x0f, 0x07, 0x03, 0x01, 0x00, 0x00
};
// 'creative-commons-pd-alt', 32x32px
const unsigned char fab_32x32_fa_creative_commons_pd_alt [] PROGMEM = {
	0x00, 0x00, 0x00, 0x80, 0xc0, 0xe0, 0xf0, 0x78, 0x38, 0x1c, 0x1c, 0x0e, 0x0e, 0x0e, 0x0e, 0x07, 
	0x07, 0x07, 0x06, 0x0e, 0x0e, 0x0e, 0x1c, 0x1c, 0x38, 0x78, 0xf0, 0xe0, 0xc0, 0x80, 0x00, 0x00, 
	0x00, 0xf0, 0xfe, 0xff, 0x0f, 0x03, 0x00, 0x00, 0x00, 0xf0, 0xf0, 0xf0, 0x10, 0x10, 0xb0, 0xf0, 
	0xe0, 0xf0, 0xf0, 0xf0, 0x10, 0x30, 0x30, 0xf0, 0xe0, 0x00, 0x00, 0x03, 0x0f, 0xff, 0xfe, 0xf0, 
	0x00, 0x0f, 0x7f, 0xff, 0xf0, 0xc0, 0x00, 0x00, 0x00, 0x0f, 0x0f, 0x0f, 0x01, 0x01, 0x01, 0x01, 
	0x00, 0x0f, 0x0f, 0x0f, 0x0c, 0x0c, 0x0c, 0x0f, 0x07, 0x00, 0x00, 0xc0, 0xf0, 0xff, 0x7f, 0x0f, 
	0x00, 0x00, 0x00, 0x00, 0x03, 0x07, 0x0f, 0x1e, 0x1c, 0x3c, 0x38, 0x70, 0x70, 0x70, 0x70, 0xe0, 
	0xe0, 0xe0, 0x70, 0x70, 0x70, 0x70, 0x38, 0x38, 0x1c, 0x1e, 0x0f, 0x07, 0x03, 0x01, 0x00, 0x00
};
// 'creative-commons-remix', 32x32px
const unsigned char fab_32x32_fa_creative_commons_remix [] PROGMEM = {
	0x00, 0x00, 0x00, 0x80, 0xc0, 0xe0, 0xf0, 0x78, 0x38, 0x1c, 0x1c, 0x0e, 0x0e, 0x8e, 0x8e, 0x07, 
	0x07, 0x07, 0x06, 0x0e, 0x0e, 0x0e, 0x1c, 0x1c, 0x38, 0x78, 0xf0, 0xe0, 0xc0, 0x80, 0x00, 0x00, 
	0x00, 0xf0, 0xfe, 0xff, 0x0f, 0x03, 0x80, 0xc0, 0xc0, 0xe0, 0xfe, 0xff, 0xff, 0xff, 0xff, 0xff, 
	0xff, 0xfe, 0xfe, 0xfe, 0xfc, 0xfc, 0xf8, 0xf8, 0x80, 0x00, 0x00, 0x03, 0x0f, 0xff, 0xfe, 0xf0, 
	0x00, 0x0f, 0x7f, 0xff, 0xf0, 0xc0, 0x07, 0x0f, 0x0f, 0x1f, 0x1f, 0x0f, 0x0f, 0x07, 0x07, 0x0c, 
	0x08, 0x19, 0x11, 0x11, 0x23, 0x22, 0x7c, 0x26, 0x23, 0x13, 0x1f, 0xc0, 0xf0, 0xff, 0x7f, 0x0f, 
	0x00, 0x00, 0x00, 0x00, 0x03, 0x07, 0x0f, 0x1e, 0x1c, 0x3c, 0x38, 0x70, 0x70, 0x70, 0x70, 0xe0, 
	0xe0, 0xe0, 0x70, 0x70, 0x70, 0x70, 0x38, 0x38, 0x1c, 0x1e, 0x0f, 0x07, 0x03, 0x01, 0x00, 0x00
};
// 'creative-commons-sa', 32x32px
const unsigned char fab_32x32_fa_creative_commons_sa [] PROGMEM = {
	0x00, 0x00, 0x00, 0x80, 0xc0, 0xe0, 0xf0, 0x78, 0x38, 0x1c, 0x1c, 0x0e, 0x0e, 0x0e, 0x0e, 0x07, 
	0x07, 0x07, 0x06, 0x0e, 0x0e, 0x0e, 0x1c, 0x1c, 0x38, 0x78, 0xf0, 0xe0, 0xc0, 0x80, 0x00, 0x00, 
	0x00, 0xf0, 0xfe, 0xff, 0x0f, 0x03, 0x00, 0x00, 0x00, 0x60, 0xf8, 0xfc, 0xfe, 0x7f, 0x0f, 0x07, 
	0x07, 0x07, 0x0f, 0x0f, 0xfe, 0xfe, 0xfc, 0xf0, 0x00, 0x00, 0x00, 0x03, 0x0f, 0xff, 0xfe, 0xf0, 
	0x00, 0x0f, 0x7f, 0xff, 0xf0, 0xc0, 0x00, 0x00, 0x00, 0x00, 0x3c, 0x7d, 0xfc, 0xf8, 0xe0, 0xe0, 
	0xe0, 0xe0, 0xe0, 0xf0, 0xff, 0x7f, 0x3f, 0x0f, 0x00, 0x00, 0x00, 0xc0, 0xf0, 0xff, 0x7f, 0x0f, 
	0x00, 0x00, 0x00, 0x01, 0x03, 0x07, 0x0f, 0x1e, 0x1c, 0x3c, 0x38, 0x70, 0x70, 0x70, 0x70, 0xe1, 
	0xe1, 0xe0, 0x70, 0x70, 0x70, 0x70, 0x38, 0x38, 0x1c, 0x1e, 0x0f, 0x07, 0x03, 0x01, 0x00, 0x00
};
// 'creative-commons-sampling', 32x32px
const unsigned char fab_32x32_fa_creative_commons_sampling [] PROGMEM = {
	0x00, 0x00, 0x00, 0x80, 0xc0, 0xe0, 0xf0, 0x78, 0x38, 0x1c, 0x1c, 0x0e, 0x0e, 0x0e, 0x0e, 0x07, 
	0x87, 0x87, 0x06, 0x0e, 0x0e, 0x0e, 0x1c, 0x1c, 0x38, 0x78, 0xf0, 0xe0, 0xc0, 0x80, 0x00, 0x00, 
	0x00, 0xf0, 0xfe, 0xff, 0x0f, 0x03, 0x00, 0x00, 0x00, 0x00, 0xc0, 0xc0, 0xfe, 0xfc, 0xff, 0xff, 
	0xff, 0xff, 0xfc, 0xfc, 0xf8, 0xf8, 0x00, 0x00, 0x00, 0x00, 0x00, 0x03, 0x0f, 0xff, 0xfe, 0xf0, 
	0x00, 0x0f, 0x7f, 0xff, 0xf0, 0xc0, 0x00, 0x03, 0x03, 0x03, 0x03, 0x3f, 0x3f, 0xff, 0xff, 0xff, 
	0xff, 0xff, 0xff, 0xff, 0xff, 0x1f, 0x0f, 0x03, 0x03, 0x03, 0x01, 0xc0, 0xf0, 0xff, 0x7f, 0x0f, 
	0x00, 0x00, 0x00, 0x01, 0x03, 0x07, 0x0f, 0x1e, 0x1c, 0x3c, 0x38, 0x70, 0x70, 0x70, 0x70, 0xe1, 
	0xe0, 0xe0, 0x70, 0x70, 0x70, 0x70, 0x38, 0x38, 0x1c, 0x1e, 0x0f, 0x07, 0x03, 0x01, 0x00, 0x00
};
// 'creative-commons-sampling-plus', 32x32px
const unsigned char fab_32x32_fa_creative_commons_sampling_plus [] PROGMEM = {
	0x00, 0x00, 0x00, 0x80, 0xc0, 0xe0, 0xf0, 0x78, 0x38, 0x1c, 0x1c, 0x0e, 0x0e, 0x0e, 0x0e, 0x07, 
	0x87, 0x87, 0x06, 0x0e, 0x0e, 0x0e, 0x1c, 0x1c, 0x38, 0x78, 0xf0, 0xe0, 0xc0, 0x80, 0x00, 0x00, 
	0x00, 0xf0, 0xfe, 0xff, 0x0f, 0x03, 0x00, 0x00, 0x00, 0x80, 0xc0, 0xc0, 0xfe, 0xfe, 0xff, 0x7f, 
	0x3f, 0x7f, 0xfc, 0xfc, 0xf8, 0xf8, 0x00, 0x00, 0x00, 0x00, 0x00, 0x03, 0x0f, 0xff, 0xfe, 0xf0, 
	0x00, 0x0f, 0x7f, 0xff, 0xf0, 0xc0, 0x00, 0x03, 0x03, 0x03, 0x07, 0x3f, 0x3f, 0xff, 0xff, 0xfe, 
	0xfc, 0xfe, 0xff, 0xff, 0xff, 0x1f, 0x0f, 0x03, 0x03, 0x03, 0x03, 0xc0, 0xf0, 0xff, 0x7f, 0x0f, 
	0x00, 0x00, 0x00, 0x01, 0x03, 0x07, 0x0f, 0x1e, 0x1c, 0x3c, 0x38, 0x70, 0x70, 0x70, 0x70, 0xe1, 
	0xe0, 0xe0, 0x70, 0x70, 0x70, 0x70, 0x38, 0x38, 0x1c, 0x1e, 0x0f, 0x07, 0x03, 0x01, 0x00, 0x00
};
// 'creative-commons-share', 32x32px
const unsigned char fab_32x32_fa_creative_commons_share [] PROGMEM = {
	0x00, 0x00, 0x00, 0x80, 0xc0, 0xe0, 0xf0, 0x78, 0x38, 0x1c, 0x9c, 0x8e, 0x8e, 0x8e, 0x8e, 0x87, 
	0x87, 0x87, 0x86, 0x0e, 0x0e, 0x0e, 0x1c, 0x1c, 0x38, 0x78, 0xf0, 0xe0, 0xc0, 0x80, 0x00, 0x00, 
	0x00, 0xf0, 0xfe, 0xff, 0x0f, 0x03, 0x00, 0x00, 0x00, 0xff, 0xff, 0x01, 0x01, 0xe1, 0xf1, 0x31, 
	0x11, 0x19, 0x1f, 0x1e, 0x10, 0x10, 0xf0, 0xf0, 0x00, 0x00, 0x00, 0x03, 0x0f, 0xff, 0xfe, 0xf0, 
	0x00, 0x0f, 0x7f, 0xff, 0xf0, 0xc0, 0x00, 0x00, 0x00, 0x0f, 0x1f, 0x18, 0x18, 0x7f, 0xff, 0x80, 
	0x80, 0x80, 0x80, 0x80, 0x80, 0x80, 0xff, 0xff, 0x00, 0x00, 0x00, 0xc0, 0xf0, 0xff, 0x7f, 0x0f, 
	0x00, 0x00, 0x00, 0x01, 0x03, 0x07, 0x0f, 0x1e, 0x1c, 0x3c, 0x38, 0x70, 0x70, 0x70, 0x71, 0xe1, 
	0xe1, 0xe1, 0x71, 0x71, 0x71, 0x71, 0x39, 0x38, 0x1c, 0x1e, 0x0f, 0x07, 0x03, 0x01, 0x00, 0x00
};
// 'creative-commons-zero', 32x32px
const unsigned char fab_32x32_fa_creative_commons_zero [] PROGMEM = {
	0x00, 0x00, 0x00, 0x80, 0xc0, 0xe0, 0xf0, 0x78, 0x38, 0x1c, 0x1c, 0x0e, 0x0e, 0x0e, 0x8e, 0x87, 
	0x87, 0x87, 0x86, 0x0e, 0x0e, 0x0e, 0x1c, 0x1c, 0x38, 0x78, 0xf0, 0xe0, 0xc0, 0x80, 0x00, 0x00, 
	0x00, 0xf0, 0xfe, 0xff, 0x0f, 0x03, 0x00, 0x00, 0x00, 0x00, 0xf0, 0xfc, 0xfe, 0xff, 0x0f, 0x87, 
	0xe7, 0xff, 0x3f, 0xff, 0xfe, 0xfc, 0xf0, 0x00, 0x00, 0x00, 0x00, 0x03, 0x0f, 0xff, 0xfe, 0xf0, 
	0x00, 0x0f, 0x7f, 0xff, 0xf0, 0xc0, 0x00, 0x00, 0x00, 0x00, 0x0f, 0x3f, 0x7f, 0xff, 0xfe, 0xef, 
	0xe3, 0xe0, 0xf0, 0xff, 0x7f, 0x3f, 0x0f, 0x00, 0x00, 0x00, 0x00, 0xc0, 0xf0, 0xff, 0x7f, 0x0f, 
	0x00, 0x00, 0x00, 0x00, 0x03, 0x07, 0x0f, 0x1e, 0x1c, 0x3c, 0x38, 0x70, 0x70, 0x70, 0x71, 0xe1, 
	0xe1, 0xe1, 0x71, 0x70, 0x70, 0x70, 0x38, 0x38, 0x1c, 0x1e, 0x0f, 0x07, 0x03, 0x01, 0x00, 0x00
};
// 'critical-role', 32x32px
const unsigned char fab_32x32_fa_critical_role [] PROGMEM = {
	0x00, 0x00, 0x00, 0x80, 0xc0, 0x40, 0x20, 0x20, 0x10, 0x10, 0x08, 0x0c, 0x44, 0x22, 0x0a, 0xc3, 
	0xc3, 0x0a, 0x22, 0x04, 0x0c, 0x08, 0x10, 0x10, 0x20, 0x20, 0x40, 0xc0, 0x80, 0x00, 0x00, 0x00, 
	0x00, 0x00, 0xff, 0x01, 0x3c, 0x42, 0x80, 0x80, 0x82, 0x02, 0x3c, 0x39, 0x20, 0x02, 0x3a, 0xfe, 
	0xff, 0x3a, 0x12, 0x38, 0x01, 0x04, 0x00, 0x1c, 0xb0, 0x00, 0x38, 0x00, 0x01, 0xff, 0x00, 0x00, 
	0x00, 0x00, 0xff, 0xc0, 0x10, 0x00, 0x02, 0x00, 0x00, 0x7f, 0x09, 0x19, 0x36, 0x60, 0x9c, 0xff, 
	0xff, 0x1c, 0x00, 0x1c, 0x00, 0x00, 0x1c, 0x00, 0x00, 0x02, 0x00, 0x10, 0xc0, 0xff, 0x00, 0x00, 
	0x00, 0x00, 0x00, 0x01, 0x03, 0x02, 0x04, 0x04, 0x08, 0x08, 0x10, 0x30, 0x20, 0x40, 0x40, 0x9f, 
	0x9f, 0x40, 0x40, 0x20, 0x30, 0x10, 0x08, 0x08, 0x04, 0x04, 0x02, 0x03, 0x01, 0x00, 0x00, 0x00
};
// 'css3', 32x32px
const unsigned char fab_32x32_fa_css3 [] PROGMEM = {
	0x00, 0x00, 0x00, 0x00, 0x7c, 0x7c, 0x7c, 0x7c, 0x7c, 0x7c, 0x7c, 0x7c, 0x7c, 0x7c, 0x7c, 0x7c, 
	0x7c, 0x7c, 0x7c, 0x7c, 0x7c, 0x7c, 0x7c, 0x7c, 0xfc, 0xfc, 0xfc, 0xfc, 0xfc, 0x1c, 0x00, 0x00, 
	0x00, 0x00, 0xf0, 0xfc, 0xfc, 0xfc, 0xfc, 0xfc, 0xfc, 0xfc, 0xfc, 0xfc, 0xfc, 0xfc, 0xfc, 0xfc, 
	0xfc, 0xfc, 0xfc, 0xfc, 0xfc, 0xfc, 0xfc, 0xfc, 0xff, 0xff, 0xff, 0xff, 0x07, 0x00, 0x00, 0x00, 
	0xc0, 0xf8, 0xf8, 0xf8, 0xf8, 0xf8, 0xc0, 0xc0, 0x80, 0x80, 0x80, 0x00, 0x00, 0x00, 0x00, 0x00, 
	0x80, 0x80, 0x80, 0xc0, 0xc0, 0xe0, 0xff, 0xff, 0xff, 0xff, 0x3f, 0x01, 0x00, 0x00, 0x00, 0x00, 
	0x01, 0x03, 0x03, 0x07, 0x07, 0x07, 0x0f, 0x0f, 0x1f, 0x1f, 0x1f, 0x3f, 0x3f, 0x3f, 0x1f, 0x1f, 
	0x0f, 0x0f, 0x0f, 0x07, 0x07, 0x07, 0x03, 0x03, 0x03, 0x01, 0x00, 0x00, 0x00, 0x00, 0x00, 0x00
};
// 'css3-alt', 32x32px
const unsigned char fab_32x32_fa_css3_alt [] PROGMEM = {
	0x00, 0x00, 0x00, 0x00, 0xfc, 0xfc, 0xfc, 0xfc, 0xfc, 0x7c, 0x7c, 0x7c, 0x7c, 0x7c, 0x7c, 0x7c, 
	0x7c, 0x7c, 0x7c, 0x7c, 0x7c, 0x7c, 0x7c, 0xfc, 0xfc, 0xfc, 0xfc, 0xfc, 0x00, 0x00, 0x00, 0x00, 
	0x00, 0x00, 0x00, 0x00, 0x01, 0xff, 0xff, 0xff, 0xff, 0x1c, 0x0c, 0x0c, 0x0c, 0x04, 0x04, 0x00, 
	0x00, 0x10, 0x10, 0x10, 0x18, 0x18, 0x1c, 0xff, 0xff, 0xff, 0xff, 0x01, 0x00, 0x00, 0x00, 0x00, 
	0x00, 0x00, 0x00, 0x00, 0x00, 0x07, 0xff, 0xff, 0xff, 0xff, 0xc3, 0x83, 0x83, 0x8f, 0x8f, 0x1f, 
	0x1f, 0x0f, 0x8f, 0x87, 0x80, 0xc0, 0xfc, 0xff, 0xff, 0xff, 0x07, 0x00, 0x00, 0x00, 0x00, 0x00, 
	0x00, 0x00, 0x00, 0x00, 0x00, 0x00, 0x07, 0x07, 0x0f, 0x0f, 0x0f, 0x1f, 0x1f, 0x1f, 0x3f, 0x3f, 
	0x3f, 0x3f, 0x1f, 0x1f, 0x1f, 0x0f, 0x0f, 0x0f, 0x07, 0x07, 0x00, 0x00, 0x00, 0x00, 0x00, 0x00
};
// 'cuttlefish', 32x32px
const unsigned char fab_32x32_fa_cuttlefish [] PROGMEM = {
	0x00, 0x00, 0x00, 0x00, 0x00, 0xc0, 0xe0, 0xf0, 0xf8, 0xf8, 0xfc, 0xfc, 0xfe, 0xfe, 0xfe, 0xfe, 
	0xff, 0xff, 0xff, 0xff, 0xfe, 0xfe, 0xfe, 0xfc, 0xfc, 0xfc, 0xf8, 0x70, 0x20, 0x00, 0x00, 0x00, 
	0x00, 0x00, 0xf0, 0xfe, 0xff, 0xff, 0xff, 0xff, 0xff, 0xff, 0xff, 0x3f, 0x0f, 0x07, 0x03, 0x03, 
	0x03, 0x03, 0x03, 0x03, 0x03, 0x07, 0x07, 0x0f, 0x07, 0x01, 0x00, 0x00, 0x00, 0x00, 0x00, 0x00, 
	0x00, 0x00, 0x0f, 0x7f, 0xff, 0xff, 0xff, 0xff, 0xff, 0xff, 0xff, 0xfc, 0xf0, 0xe0, 0xc0, 0xc0, 
	0xc0, 0xc0, 0xc0, 0xc0, 0xc0, 0xe0, 0xe0, 0xf0, 0xe0, 0x80, 0x00, 0x00, 0x00, 0x00, 0x00, 0x00, 
	0x00, 0x00, 0x00, 0x00, 0x00, 0x03, 0x07, 0x0f, 0x1f, 0x1f, 0x3f, 0x3f, 0x7f, 0x7f, 0x7f, 0x7f, 
	0xff, 0xff, 0xff, 0xff, 0x7f, 0x7f, 0x7f, 0x3f, 0x3f, 0x3f, 0x1f, 0x0e, 0x04, 0x00, 0x00, 0x00
};
// 'dailymotion', 32x32px
const unsigned char fab_32x32_fa_dailymotion [] PROGMEM = {
	0x00, 0x00, 0xfc, 0xfc, 0xfc, 0xfc, 0xfc, 0xfc, 0xfc, 0xfc, 0xfc, 0xfc, 0xfc, 0xfc, 0xfc, 0xfc, 
	0xfc, 0xfc, 0xfc, 0xfc, 0xfc, 0xfc, 0xfc, 0xfc, 0xfc, 0xfc, 0xfc, 0xfc, 0xfc, 0xfc, 0x00, 0x00, 
	0x00, 0x00, 0xff, 0xff, 0xff, 0xff, 0xff, 0xff, 0xff, 0xff, 0xff, 0xff, 0xff, 0xff, 0x7f, 0x3f, 
	0x1f, 0x1f, 0x1f, 0x1f, 0x3f, 0x3f, 0x03, 0x01, 0x01, 0xff, 0xff, 0xff, 0xff, 0xff, 0x00, 0x00, 
	0x00, 0x00, 0xff, 0xff, 0xff, 0xff, 0xff, 0xff, 0xff, 0xff, 0xff, 0xff, 0xff, 0xc0, 0x00, 0x00, 
	0x1c, 0x3e, 0x3f, 0x3f, 0x3e, 0x1e, 0x00, 0x00, 0x00, 0xff, 0xff, 0xff, 0xff, 0xff, 0x00, 0x00, 
	0x00, 0x00, 0x3f, 0x3f, 0x3f, 0x3f, 0x3f, 0x3f, 0x3f, 0x3f, 0x3f, 0x3f, 0x3f, 0x3f, 0x3f, 0x3e, 
	0x3e, 0x3e, 0x3e, 0x3e, 0x3e, 0x3e, 0x3e, 0x3e, 0x3e, 0x3f, 0x3f, 0x3f, 0x3f, 0x3f, 0x00, 0x00
};
// 'd-and-d', 32x32px
const unsigned char fab_32x32_fa_d_and_d [] PROGMEM = {
	0x00, 0x00, 0x00, 0x00, 0x00, 0xe0, 0xf0, 0xf8, 0xf8, 0x1c, 0x1c, 0x1c, 0x3c, 0xfc, 0xf8, 0xf0, 
	0x80, 0x00, 0x00, 0x00, 0x00, 0x00, 0x00, 0x00, 0x00, 0x00, 0x00, 0x00, 0x00, 0x00, 0x00, 0x00, 
	0x00, 0x00, 0x00, 0x00, 0xe0, 0xff, 0xff, 0x7f, 0xbf, 0xff, 0xfe, 0xfe, 0x7e, 0xff, 0xff, 0xe7, 
	0x80, 0x00, 0x00, 0xc0, 0xe0, 0xe0, 0x60, 0x70, 0x70, 0x70, 0x70, 0x70, 0x20, 0x20, 0x00, 0x00, 
	0x00, 0x00, 0xfe, 0xff, 0xff, 0xff, 0xff, 0xdf, 0x03, 0x01, 0x01, 0x0f, 0x00, 0x02, 0x9f, 0xff, 
	0xfb, 0xfc, 0xfe, 0xe7, 0xc3, 0xc0, 0xc0, 0xc0, 0xc0, 0x00, 0x20, 0xe0, 0xc0, 0x80, 0x00, 0x00, 
	0x00, 0x00, 0x03, 0x07, 0x07, 0x0f, 0x1f, 0x1f, 0x1f, 0x3e, 0x3e, 0x1e, 0x1e, 0x1f, 0x0f, 0x07, 
	0x03, 0x00, 0x00, 0x1f, 0x07, 0x1f, 0x3f, 0x3f, 0x3f, 0x3e, 0x3f, 0x0f, 0x07, 0x03, 0x00, 0x00
};
// 'd-and-d-beyond', 32x32px
const unsigned char fab_32x32_fa_d_and_d_beyond [] PROGMEM = {
	0x00, 0x00, 0x00, 0x00, 0x00, 0x00, 0x00, 0x00, 0x00, 0x00, 0x00, 0x00, 0x00, 0x00, 0x00, 0x00, 
	0x00, 0x00, 0x00, 0x00, 0x00, 0x00, 0x00, 0x00, 0x00, 0x00, 0x00, 0x00, 0x00, 0x00, 0x00, 0x00, 
	0x00, 0x00, 0x00, 0x00, 0x00, 0x00, 0x00, 0x00, 0x00, 0x00, 0x00, 0x00, 0x78, 0x58, 0x70, 0x78, 
	0x78, 0x78, 0x78, 0x70, 0x20, 0x00, 0x00, 0x00, 0x00, 0x00, 0x00, 0x00, 0x00, 0x00, 0x00, 0x00, 
	0x1e, 0x1f, 0x15, 0x1f, 0x1e, 0x08, 0x1f, 0x1f, 0x11, 0x10, 0x03, 0x06, 0x1c, 0x06, 0x03, 0x0e, 
	0x1b, 0x11, 0x13, 0x1e, 0x0c, 0x1f, 0x06, 0x0c, 0x1e, 0x1f, 0x00, 0x1f, 0x13, 0x11, 0x1f, 0x0e, 
	0x00, 0x00, 0x00, 0x00, 0x00, 0x00, 0x00, 0x00, 0x00, 0x00, 0x00, 0x00, 0x00, 0x00, 0x00, 0x00, 
	0x00, 0x00, 0x00, 0x00, 0x00, 0x00, 0x00, 0x00, 0x00, 0x00, 0x00, 0x00, 0x00, 0x00, 0x00, 0x00
};
// 'dashcube', 32x32px
const unsigned char fab_32x32_fa_dashcube [] PROGMEM = {
	0x00, 0x00, 0x00, 0x00, 0x00, 0x00, 0x80, 0x80, 0x80, 0xc0, 0xc0, 0xc0, 0xc0, 0xc0, 0xc0, 0xc0, 
	0xc0, 0xc0, 0xc0, 0xc0, 0xc0, 0x80, 0xc0, 0xe0, 0xf0, 0xf8, 0xfc, 0xfe, 0xfe, 0x00, 0x00, 0x00, 
	0x00, 0x00, 0x00, 0xfc, 0xfe, 0xff, 0xff, 0xff, 0xff, 0xff, 0x1f, 0x1f, 0x1f, 0x1f, 0x1f, 0x1f, 
	0x1f, 0x1f, 0x1f, 0x1f, 0x1f, 0x1f, 0xff, 0xff, 0xff, 0xff, 0xff, 0xff, 0xff, 0x00, 0x00, 0x00, 
	0x00, 0x00, 0x00, 0xff, 0xff, 0xff, 0xff, 0xff, 0xff, 0xff, 0x00, 0x00, 0x00, 0x00, 0x00, 0x00, 
	0x00, 0x00, 0x00, 0x00, 0x00, 0x00, 0x7f, 0xff, 0xff, 0xff, 0xff, 0xff, 0xff, 0x00, 0x00, 0x00, 
	0x00, 0x00, 0x00, 0x1f, 0x3f, 0x7f, 0xff, 0xff, 0xff, 0xff, 0xfc, 0xfc, 0xfc, 0xfc, 0xfc, 0xfc, 
	0xfc, 0xfc, 0xfc, 0xfc, 0xfc, 0xfc, 0xfc, 0xfc, 0xfd, 0xff, 0x7f, 0x3f, 0x1f, 0x00, 0x00, 0x00
};
// 'deezer', 32x32px
const unsigned char fab_32x32_fa_deezer [] PROGMEM = {
	0x00, 0x00, 0x00, 0x00, 0x00, 0x00, 0x00, 0x00, 0x00, 0x00, 0x00, 0x00, 0x00, 0x00, 0x00, 0x00, 
	0x00, 0x00, 0x00, 0x00, 0x00, 0x00, 0x00, 0x00, 0x00, 0xc0, 0xc0, 0xc0, 0xc0, 0xc0, 0xc0, 0xc0, 
	0x00, 0x00, 0x00, 0x00, 0x00, 0x00, 0x00, 0x00, 0x70, 0x78, 0x78, 0x78, 0x78, 0x78, 0x78, 0x00, 
	0x00, 0x00, 0x00, 0x00, 0x00, 0x00, 0x00, 0x00, 0x00, 0x73, 0x7b, 0x7b, 0x7b, 0x7b, 0x7b, 0x7b, 
	0xc0, 0xc0, 0xc0, 0xc0, 0xc0, 0xc0, 0x80, 0x00, 0x9e, 0xde, 0xde, 0xde, 0xde, 0xde, 0xde, 0x00, 
	0x00, 0xde, 0xde, 0xde, 0xde, 0xde, 0xde, 0x9e, 0x00, 0x9e, 0xde, 0xde, 0xde, 0xde, 0xde, 0xde, 
	0x07, 0x07, 0x07, 0x07, 0x07, 0x07, 0x03, 0x00, 0x03, 0x07, 0x07, 0x07, 0x07, 0x07, 0x03, 0x00, 
	0x00, 0x07, 0x07, 0x07, 0x07, 0x07, 0x07, 0x03, 0x00, 0x03, 0x07, 0x07, 0x07, 0x07, 0x07, 0x07
};
// 'delicious', 32x32px
const unsigned char fab_32x32_fa_delicious [] PROGMEM = {
	0x00, 0x00, 0xf8, 0xfc, 0x0c, 0x0c, 0x0c, 0x0c, 0x0c, 0x0c, 0x0c, 0x0c, 0x0c, 0x0c, 0x0c, 0x0c, 
	0xfc, 0xfc, 0xfc, 0xfc, 0xfc, 0xfc, 0xfc, 0xfc, 0xfc, 0xfc, 0xfc, 0xfc, 0xfc, 0xf8, 0x00, 0x00, 
	0x00, 0x00, 0xff, 0xff, 0x00, 0x00, 0x00, 0x00, 0x00, 0x00, 0x00, 0x00, 0x00, 0x00, 0x00, 0x00, 
	0xff, 0xff, 0xff, 0xff, 0xff, 0xff, 0xff, 0xff, 0xff, 0xff, 0xff, 0xff, 0xff, 0xff, 0x00, 0x00, 
	0x00, 0x00, 0xff, 0xff, 0xff, 0xff, 0xff, 0xff, 0xff, 0xff, 0xff, 0xff, 0xff, 0xff, 0xff, 0xff, 
	0x00, 0x00, 0x00, 0x00, 0x00, 0x00, 0x00, 0x00, 0x00, 0x00, 0x00, 0x00, 0xff, 0xff, 0x00, 0x00, 
	0x00, 0x00, 0x1f, 0x3f, 0x3f, 0x3f, 0x3f, 0x3f, 0x3f, 0x3f, 0x3f, 0x3f, 0x3f, 0x3f, 0x3f, 0x3f, 
	0x30, 0x30, 0x30, 0x30, 0x30, 0x30, 0x30, 0x30, 0x30, 0x30, 0x30, 0x30, 0x3f, 0x1f, 0x00, 0x00
};
// 'deploydog', 32x32px
const unsigned char fab_32x32_fa_deploydog [] PROGMEM = {
	0xc0, 0xe0, 0x70, 0x30, 0x30, 0x30, 0x30, 0x30, 0x30, 0x30, 0x30, 0x30, 0x30, 0x30, 0x30, 0x30, 
	0x30, 0x30, 0x30, 0x30, 0x30, 0x30, 0x30, 0x30, 0x30, 0x30, 0x30, 0x30, 0x30, 0x70, 0xe0, 0xc0, 
	0xff, 0xff, 0x00, 0x00, 0x00, 0x80, 0xc0, 0xc0, 0xc0, 0xc0, 0xc0, 0xc0, 0xfe, 0xff, 0xfe, 0x00, 
	0x00, 0x00, 0x80, 0xc0, 0xc0, 0xc0, 0xc0, 0xc0, 0xfe, 0xff, 0xfe, 0x00, 0x00, 0x00, 0xff, 0xff, 
	0xff, 0xff, 0x00, 0x00, 0x0e, 0x3f, 0x7f, 0x7f, 0x71, 0x61, 0x61, 0x73, 0x7f, 0xff, 0x7f, 0x00, 
	0x00, 0x3f, 0x7f, 0x7f, 0x71, 0x61, 0x61, 0x71, 0x7f, 0xff, 0x7f, 0x00, 0x00, 0x00, 0xff, 0xff, 
	0x03, 0x07, 0x0e, 0x0c, 0x0c, 0x0c, 0x0c, 0x0c, 0x0c, 0x0c, 0x0c, 0x0c, 0x0c, 0x0c, 0x0c, 0x0c, 
	0x0c, 0x0c, 0x0c, 0x0c, 0x0c, 0x0c, 0x0c, 0x0c, 0x0c, 0x0c, 0x0c, 0x0c, 0x0c, 0x0e, 0x07, 0x03
};
// 'deskpro', 32x32px
const unsigned char fab_32x32_fa_deskpro [] PROGMEM = {
	0x00, 0xff, 0xff, 0xff, 0xff, 0xff, 0xff, 0xff, 0xff, 0xfe, 0xf8, 0xff, 0xff, 0xff, 0xff, 0xff, 
	0xff, 0xff, 0xff, 0xfe, 0xfe, 0xfc, 0xf8, 0xc0, 0x00, 0x00, 0x00, 0x00, 0x00, 0x00, 0x00, 0x00, 
	0x00, 0xff, 0xff, 0xff, 0xff, 0xff, 0xff, 0xff, 0xff, 0xff, 0xff, 0xff, 0xff, 0xff, 0xff, 0xff, 
	0xfb, 0xf3, 0xf3, 0xff, 0xff, 0xff, 0xff, 0xff, 0x00, 0x00, 0x00, 0x00, 0x00, 0x00, 0x00, 0x00, 
	0x00, 0x03, 0x07, 0x0f, 0x1f, 0x1f, 0x1f, 0x3f, 0x3f, 0x3f, 0x3f, 0x3f, 0x33, 0x0f, 0x1f, 0x1f, 
	0x3f, 0x1f, 0x07, 0x93, 0xb3, 0xb3, 0xb3, 0xb3, 0x30, 0x30, 0x30, 0x10, 0x10, 0x10, 0x00, 0x00, 
	0x00, 0x00, 0x00, 0x00, 0x00, 0x00, 0x00, 0x00, 0x00, 0x00, 0x00, 0x00, 0x00, 0x00, 0x80, 0xc0, 
	0xc0, 0xe0, 0xe0, 0x70, 0x7f, 0x3f, 0x1f, 0x03, 0x00, 0x00, 0x00, 0x00, 0x00, 0x00, 0x00, 0x00
};
// 'dev', 32x32px
const unsigned char fab_32x32_fa_dev [] PROGMEM = {
	0x00, 0x00, 0xf8, 0xfc, 0xfc, 0xfc, 0xfc, 0xfc, 0xfc, 0xfc, 0xfc, 0xfc, 0xfc, 0xfc, 0xfc, 0xfc, 
	0xfc, 0xfc, 0xfc, 0xfc, 0xfc, 0xfc, 0xfc, 0xfc, 0xfc, 0xfc, 0xfc, 0xfc, 0xfc, 0xf8, 0x00, 0x00, 
	0x00, 0x00, 0xff, 0xff, 0xff, 0xff, 0x07, 0x07, 0xe7, 0xe7, 0x07, 0x1f, 0xff, 0x07, 0x07, 0x67, 
	0x67, 0xf7, 0xff, 0xf7, 0x07, 0x1f, 0xff, 0xff, 0x0f, 0x07, 0xf7, 0xff, 0xff, 0xff, 0x00, 0x00, 
	0x00, 0x00, 0xff, 0xff, 0xff, 0xff, 0xe0, 0xe0, 0xe7, 0xe7, 0xf0, 0xf8, 0xff, 0xe0, 0xe0, 0xe6, 
	0xe7, 0xe7, 0xff, 0xff, 0xff, 0xf0, 0xe0, 0xe0, 0xf8, 0xff, 0xff, 0xff, 0xff, 0xff, 0x00, 0x00, 
	0x00, 0x00, 0x1f, 0x3f, 0x3f, 0x3f, 0x3f, 0x3f, 0x3f, 0x3f, 0x3f, 0x3f, 0x3f, 0x3f, 0x3f, 0x3f, 
	0x3f, 0x3f, 0x3f, 0x3f, 0x3f, 0x3f, 0x3f, 0x3f, 0x3f, 0x3f, 0x3f, 0x3f, 0x3f, 0x1f, 0x00, 0x00
};
// 'deviantart', 32x32px
const unsigned char fab_32x32_fa_deviantart [] PROGMEM = {
	0x00, 0x00, 0x00, 0x00, 0x00, 0x00, 0xc0, 0xc0, 0xc0, 0xc0, 0xc0, 0xc0, 0xc0, 0xc0, 0xc0, 0xc0, 
	0xc0, 0xf0, 0xfc, 0xff, 0xff, 0xff, 0xff, 0xff, 0xff, 0x7f, 0x00, 0x00, 0x00, 0x00, 0x00, 0x00, 
	0x00, 0x00, 0x00, 0x00, 0x00, 0x00, 0x3f, 0x3f, 0x3f, 0x3f, 0x3f, 0xff, 0xff, 0xff, 0xff, 0xff, 
	0xff, 0xff, 0xff, 0xff, 0xff, 0x3f, 0x0f, 0x03, 0x01, 0x00, 0x00, 0x00, 0x00, 0x00, 0x00, 0x00, 
	0x00, 0x00, 0x00, 0x00, 0x00, 0x00, 0x00, 0x80, 0xe0, 0xf8, 0xfe, 0xff, 0xff, 0xff, 0xff, 0xff, 
	0xff, 0xff, 0xff, 0xff, 0xfe, 0xfc, 0xfc, 0xfc, 0xfc, 0xfc, 0x00, 0x00, 0x00, 0x00, 0x00, 0x00, 
	0x00, 0x00, 0x00, 0x00, 0x00, 0x00, 0xfe, 0xff, 0xff, 0xff, 0xff, 0xff, 0x7f, 0x1f, 0x07, 0x03, 
	0x03, 0x03, 0x03, 0x03, 0x03, 0x03, 0x03, 0x03, 0x03, 0x03, 0x00, 0x00, 0x00, 0x00, 0x00, 0x00
};
// 'dhl', 32x32px
const unsigned char fab_32x32_fa_dhl [] PROGMEM = {
	0x00, 0x00, 0x00, 0x00, 0x00, 0x00, 0x00, 0x00, 0x00, 0x00, 0x00, 0x00, 0x00, 0x00, 0x00, 0x00, 
	0x00, 0x00, 0x00, 0x00, 0x00, 0x00, 0x00, 0x00, 0x00, 0x00, 0x00, 0x00, 0x00, 0x00, 0x00, 0x00, 
	0x00, 0x00, 0x00, 0x00, 0x00, 0x40, 0xc0, 0xc0, 0xc0, 0x40, 0xc0, 0xc0, 0xc0, 0x00, 0x80, 0xc0, 
	0xc0, 0xc0, 0x80, 0xc0, 0xc0, 0x40, 0x80, 0xc0, 0xc0, 0x40, 0x00, 0x00, 0x00, 0x00, 0x00, 0x00, 
	0x02, 0x02, 0x02, 0x02, 0x02, 0x03, 0x03, 0x03, 0x03, 0x02, 0x03, 0x01, 0x02, 0x03, 0x03, 0x01, 
	0x01, 0x03, 0x03, 0x03, 0x00, 0x02, 0x03, 0x03, 0x03, 0x02, 0x02, 0x02, 0x02, 0x02, 0x02, 0x02, 
	0x00, 0x00, 0x00, 0x00, 0x00, 0x00, 0x00, 0x00, 0x00, 0x00, 0x00, 0x00, 0x00, 0x00, 0x00, 0x00, 
	0x00, 0x00, 0x00, 0x00, 0x00, 0x00, 0x00, 0x00, 0x00, 0x00, 0x00, 0x00, 0x00, 0x00, 0x00, 0x00
};
// 'diaspora', 32x32px
const unsigned char fab_32x32_fa_diaspora [] PROGMEM = {
	0x00, 0x00, 0x00, 0x00, 0x00, 0x00, 0x00, 0x00, 0x00, 0x00, 0x00, 0x00, 0x00, 0xfc, 0xfc, 0xfc, 
	0xfc, 0xfc, 0xfc, 0xf0, 0x00, 0x00, 0x00, 0x00, 0x00, 0x00, 0x00, 0x00, 0x00, 0x00, 0x00, 0x00, 
	0x00, 0x00, 0x70, 0xfe, 0xfe, 0xfe, 0xfe, 0xfc, 0xfc, 0xfc, 0xf8, 0xf8, 0xf8, 0xff, 0xff, 0xff, 
	0xff, 0xff, 0xff, 0xff, 0xf8, 0xf8, 0xf8, 0xfc, 0xfc, 0xfc, 0xfe, 0xfe, 0xfe, 0xf0, 0x00, 0x00, 
	0x00, 0x00, 0x00, 0x00, 0x00, 0x00, 0x81, 0xc1, 0xf1, 0xfb, 0xff, 0xff, 0xff, 0xff, 0xff, 0x7f, 
	0x7f, 0xff, 0xff, 0xff, 0xff, 0xff, 0xf3, 0xe3, 0x81, 0x01, 0x01, 0x00, 0x00, 0x00, 0x00, 0x00, 
	0x00, 0x00, 0x00, 0x00, 0x00, 0x02, 0x07, 0x0f, 0x1f, 0x1f, 0x1f, 0x0f, 0x07, 0x01, 0x00, 0x00, 
	0x00, 0x01, 0x03, 0x07, 0x1f, 0x3f, 0x1f, 0x1f, 0x0f, 0x07, 0x00, 0x00, 0x00, 0x00, 0x00, 0x00
};
// 'digg', 32x32px
const unsigned char fab_32x32_fa_digg [] PROGMEM = {
	0x00, 0x00, 0x00, 0x00, 0x00, 0xc0, 0xc0, 0xc0, 0x00, 0x00, 0xc0, 0xc0, 0xc0, 0x00, 0x00, 0x00, 
	0x00, 0x00, 0x00, 0x00, 0x00, 0x00, 0x00, 0x00, 0x00, 0x00, 0x00, 0x00, 0x00, 0x00, 0x00, 0x00, 
	0xf8, 0xf8, 0xf8, 0x38, 0x18, 0xff, 0xff, 0xff, 0x00, 0x00, 0xf9, 0xf9, 0xf9, 0x00, 0xf8, 0xf8, 
	0xf8, 0x38, 0x18, 0xf8, 0xf8, 0xf8, 0x00, 0x00, 0xf8, 0xf8, 0xf8, 0x18, 0x38, 0xf8, 0xf8, 0xf8, 
	0x3f, 0x3f, 0x3f, 0x38, 0x38, 0x3f, 0x3f, 0x3f, 0x00, 0x00, 0x3f, 0x3f, 0x3f, 0x00, 0x3f, 0xbf, 
	0xbf, 0xb8, 0xb8, 0xff, 0xff, 0xff, 0x00, 0x00, 0xbf, 0xbf, 0xbf, 0xb8, 0xb8, 0xff, 0xff, 0xff, 
	0x00, 0x00, 0x00, 0x00, 0x00, 0x00, 0x00, 0x00, 0x00, 0x00, 0x00, 0x00, 0x00, 0x00, 0x03, 0x03, 
	0x03, 0x03, 0x03, 0x03, 0x03, 0x03, 0x00, 0x00, 0x03, 0x03, 0x03, 0x03, 0x03, 0x03, 0x03, 0x03
};
// 'digital-ocean', 32x32px
const unsigned char fab_32x32_fa_digital_ocean [] PROGMEM = {
	0x00, 0x00, 0x00, 0x80, 0xc0, 0xe0, 0xf0, 0xf8, 0xfc, 0xfc, 0xfe, 0xfe, 0x7e, 0x7e, 0x7f, 0x7f, 
	0x7f, 0x7f, 0x7e, 0x7e, 0xfe, 0xfe, 0xfc, 0xfc, 0xf8, 0xf0, 0xf0, 0xe0, 0x80, 0x00, 0x00, 0x00, 
	0xc0, 0xfc, 0xff, 0xff, 0xff, 0xff, 0x7f, 0x0f, 0x03, 0x01, 0x00, 0x00, 0x00, 0x00, 0x00, 0x00, 
	0x00, 0x00, 0x00, 0x00, 0x00, 0x00, 0x01, 0x03, 0x0f, 0xff, 0xff, 0xff, 0xff, 0xff, 0xfc, 0xc0, 
	0x00, 0x00, 0xc0, 0xc0, 0xc0, 0x00, 0x00, 0x00, 0x00, 0x00, 0xf0, 0xf8, 0xf8, 0xf8, 0xf8, 0xf0, 
	0x00, 0x00, 0x00, 0x00, 0x00, 0x00, 0x80, 0xc0, 0xf0, 0xff, 0xff, 0xff, 0xff, 0xff, 0x3f, 0x03, 
	0x00, 0x00, 0x03, 0x03, 0x03, 0x3e, 0x3e, 0x3e, 0x3e, 0x3e, 0x03, 0x03, 0x03, 0x03, 0x03, 0x03, 
	0xfe, 0xfe, 0x7e, 0x7e, 0x7f, 0x7f, 0x3f, 0x3f, 0x1f, 0x0f, 0x07, 0x03, 0x01, 0x00, 0x00, 0x00
};
// 'discord', 32x32px
const unsigned char fab_32x32_fa_discord [] PROGMEM = {
	0x00, 0x00, 0x00, 0x00, 0x00, 0x80, 0xc0, 0xc0, 0xe0, 0xe0, 0xe0, 0xe0, 0xc0, 0xc0, 0xc0, 0xc0, 
	0xc0, 0xc0, 0xc0, 0xc0, 0xe0, 0xe0, 0xe0, 0xe0, 0xc0, 0xc0, 0x80, 0x00, 0x00, 0x00, 0x00, 0x00, 
	0x00, 0x00, 0xe0, 0xf8, 0xfe, 0xff, 0xff, 0xff, 0xff, 0x7f, 0x3f, 0x3f, 0x7f, 0xff, 0xff, 0xff, 
	0xff, 0xff, 0xff, 0x7f, 0x3f, 0x3f, 0x7f, 0xff, 0xff, 0xff, 0xff, 0xfe, 0xf8, 0xe0, 0x00, 0x00, 
	0x00, 0x7c, 0xff, 0xff, 0xff, 0xff, 0xff, 0xff, 0xff, 0xf8, 0xf0, 0xf0, 0xf0, 0xfc, 0xff, 0xff, 
	0xff, 0xff, 0xfc, 0xf0, 0xf0, 0xf0, 0xf8, 0xff, 0xff, 0xff, 0xff, 0xff, 0xff, 0xff, 0x7e, 0x00, 
	0x00, 0x00, 0x00, 0x01, 0x03, 0x03, 0x07, 0x07, 0x07, 0x07, 0x00, 0x00, 0x00, 0x01, 0x01, 0x01, 
	0x01, 0x01, 0x01, 0x00, 0x00, 0x00, 0x07, 0x07, 0x07, 0x07, 0x03, 0x03, 0x01, 0x00, 0x00, 0x00
};
// 'discourse', 32x32px
const unsigned char fab_32x32_fa_discourse [] PROGMEM = {
	0x00, 0x00, 0x00, 0x00, 0x00, 0x80, 0xc0, 0xe0, 0xf0, 0xf0, 0xf8, 0xf8, 0xfc, 0xfc, 0xfc, 0xfc, 
	0xfc, 0xfc, 0xfc, 0xfc, 0xf8, 0xf8, 0xf0, 0xf0, 0xe0, 0xc0, 0x80, 0x00, 0x00, 0x00, 0x00, 0x00, 
	0x00, 0x00, 0xf0, 0xfc, 0xff, 0xff, 0xff, 0xff, 0x1f, 0x07, 0x03, 0x01, 0x01, 0x00, 0x00, 0x00, 
	0x00, 0x00, 0x00, 0x01, 0x01, 0x03, 0x07, 0x1f, 0xff, 0xff, 0xff, 0xff, 0xfc, 0xf0, 0x00, 0x00, 
	0x00, 0x00, 0xff, 0xff, 0xff, 0xff, 0xff, 0xff, 0x18, 0x00, 0x00, 0x80, 0x80, 0x00, 0x00, 0x00, 
	0x00, 0x00, 0x00, 0x80, 0x80, 0xc0, 0xe0, 0xf8, 0xff, 0xff, 0xff, 0xff, 0x3f, 0x0f, 0x00, 0x00, 
	0x00, 0x00, 0x3f, 0x3f, 0x3f, 0x3f, 0x3f, 0x3f, 0x3f, 0x3f, 0x3f, 0x3f, 0x3f, 0x3f, 0x3f, 0x3f, 
	0x3f, 0x3f, 0x3f, 0x3f, 0x1f, 0x1f, 0x0f, 0x0f, 0x07, 0x03, 0x01, 0x00, 0x00, 0x00, 0x00, 0x00
};
// 'dochub', 32x32px
const unsigned char fab_32x32_fa_dochub [] PROGMEM = {
	0x00, 0x00, 0x00, 0xff, 0xff, 0xff, 0xff, 0xff, 0xff, 0x1f, 0x1f, 0x1f, 0x1f, 0x1f, 0x1f, 0x1f, 
	0x1f, 0x00, 0x00, 0xfc, 0xf8, 0xf0, 0xe0, 0xc0, 0x80, 0x00, 0x00, 0x00, 0x00, 0x00, 0x00, 0x00, 
	0x00, 0x00, 0x00, 0xff, 0xff, 0xff, 0xff, 0xff, 0xff, 0x00, 0x00, 0x00, 0x00, 0x00, 0x00, 0x00, 
	0x00, 0x00, 0x00, 0x03, 0x03, 0x03, 0xf3, 0xf3, 0xf3, 0xf3, 0xf2, 0xf0, 0x00, 0x00, 0x00, 0x00, 
	0x00, 0x00, 0x00, 0xff, 0xff, 0xff, 0xff, 0xff, 0xff, 0x00, 0x00, 0x00, 0x00, 0x00, 0x00, 0x00, 
	0x00, 0x00, 0x00, 0x00, 0x00, 0x80, 0xff, 0xff, 0xff, 0xff, 0xff, 0xff, 0x00, 0x00, 0x00, 0x00, 
	0x00, 0x00, 0x00, 0xff, 0xff, 0xff, 0xff, 0xff, 0xff, 0xfc, 0xfc, 0xfc, 0xfc, 0xfc, 0xfc, 0xfc, 
	0xfc, 0xfc, 0xfc, 0xfe, 0x7f, 0x7f, 0x7f, 0x3f, 0x1f, 0x0f, 0x07, 0x00, 0x00, 0x00, 0x00, 0x00
};
// 'docker', 32x32px
const unsigned char fab_32x32_fa_docker [] PROGMEM = {
	0x00, 0x00, 0x00, 0x00, 0x00, 0x00, 0x00, 0x00, 0x00, 0x00, 0x00, 0x00, 0x00, 0x00, 0xe0, 0xe0, 
	0xe0, 0x60, 0x00, 0x00, 0x00, 0x00, 0x00, 0x00, 0x00, 0x00, 0x00, 0x00, 0x00, 0x00, 0x00, 0x00, 
	0x00, 0x00, 0x30, 0x70, 0x70, 0x70, 0x76, 0x7f, 0x7f, 0x76, 0x77, 0x7f, 0x7f, 0x76, 0x77, 0x7f, 
	0x7f, 0x76, 0x70, 0x70, 0x70, 0x00, 0x00, 0x80, 0xfc, 0xfc, 0xf8, 0xf0, 0xe0, 0xe0, 0xe0, 0x60, 
	0x1f, 0x7f, 0xff, 0xff, 0xff, 0xff, 0xff, 0xff, 0xff, 0xff, 0xff, 0xff, 0xff, 0xff, 0xff, 0xff, 
	0xff, 0xff, 0xff, 0xff, 0xff, 0xff, 0x7f, 0x7f, 0x1f, 0x0f, 0x03, 0x01, 0x01, 0x01, 0x00, 0x00, 
	0x00, 0x00, 0x00, 0x01, 0x03, 0x03, 0x07, 0x07, 0x07, 0x07, 0x07, 0x07, 0x07, 0x07, 0x07, 0x07, 
	0x07, 0x03, 0x03, 0x01, 0x01, 0x00, 0x00, 0x00, 0x00, 0x00, 0x00, 0x00, 0x00, 0x00, 0x00, 0x00
};
// 'draft2digital', 32x32px
const unsigned char fab_32x32_fa_draft2digital [] PROGMEM = {
	0x00, 0x00, 0x00, 0x00, 0x00, 0x80, 0xe0, 0xf0, 0xf0, 0xb8, 0x18, 0x1c, 0x1c, 0x1c, 0x3c, 0xfc, 
	0xfc, 0xcc, 0x18, 0x18, 0x38, 0x70, 0xe0, 0xc0, 0x00, 0x00, 0x00, 0x00, 0x00, 0x00, 0x00, 0x00, 
	0x00, 0x00, 0x00, 0x00, 0x06, 0x1f, 0x1f, 0x39, 0x39, 0x1f, 0x1f, 0x86, 0xe0, 0xf0, 0x78, 0x1f, 
	0x0f, 0x03, 0x00, 0x00, 0x80, 0xe0, 0xff, 0x3f, 0x00, 0x00, 0x00, 0x00, 0x00, 0x00, 0x00, 0x00, 
	0x00, 0x00, 0x00, 0x80, 0xc0, 0xe0, 0xf0, 0x38, 0x1c, 0x0e, 0x07, 0x03, 0x01, 0x80, 0xc0, 0xe0, 
	0xf0, 0x38, 0x1c, 0x0f, 0x07, 0x01, 0xf0, 0xe0, 0xe0, 0xc0, 0xc0, 0x80, 0x80, 0x00, 0x00, 0x00, 
	0x00, 0x02, 0x03, 0x03, 0x03, 0x03, 0x03, 0x03, 0x03, 0x03, 0x03, 0x03, 0x03, 0x03, 0x03, 0x03, 
	0x03, 0x03, 0x03, 0x03, 0x03, 0x03, 0x3f, 0x1f, 0x1c, 0x0c, 0x07, 0x07, 0x03, 0x03, 0x00, 0x00
};
// 'dribbble', 32x32px
const unsigned char fab_32x32_fa_dribbble [] PROGMEM = {
	0x00, 0x00, 0x00, 0x80, 0xc0, 0xe0, 0x70, 0x38, 0x1c, 0x1c, 0x0e, 0x3e, 0x7e, 0xf6, 0xe7, 0x87, 
	0x07, 0x07, 0x06, 0x06, 0x0e, 0x0e, 0x1c, 0x9c, 0xf8, 0xf0, 0xe0, 0xc0, 0x80, 0x00, 0x00, 0x00, 
	0xc0, 0xfc, 0xff, 0xef, 0xe3, 0xe0, 0xe0, 0x60, 0x60, 0x60, 0x60, 0x70, 0x70, 0x71, 0x33, 0x3f, 
	0x3f, 0xfc, 0xf8, 0xdc, 0x8c, 0x8e, 0x87, 0x83, 0x83, 0x81, 0x80, 0x03, 0x0f, 0xff, 0xfc, 0xc0, 
	0x03, 0x3f, 0xff, 0xf0, 0xc0, 0x00, 0x00, 0x80, 0xc0, 0xe0, 0x70, 0x38, 0x1c, 0x1c, 0x0e, 0x06, 
	0x07, 0x07, 0x07, 0x3f, 0xff, 0xfb, 0x81, 0x01, 0x01, 0x01, 0x03, 0xc3, 0xf3, 0xff, 0x3f, 0x03, 
	0x00, 0x00, 0x00, 0x01, 0x03, 0x07, 0x0f, 0x1f, 0x39, 0x38, 0x70, 0x70, 0x60, 0x60, 0xe0, 0xe0, 
	0xe0, 0xe0, 0x60, 0x60, 0x71, 0x7f, 0x3f, 0x3c, 0x1c, 0x0e, 0x07, 0x03, 0x01, 0x00, 0x00, 0x00
};
// 'dribbble-square', 32x32px
const unsigned char fab_32x32_fa_dribbble_square [] PROGMEM = {
	0x00, 0x00, 0xf8, 0xfc, 0xfc, 0xfc, 0xfc, 0xfc, 0xfc, 0xfc, 0xfc, 0x7c, 0x7c, 0x3c, 0x3c, 0xbc, 
	0xbc, 0x3c, 0x3c, 0x7c, 0x7c, 0xfc, 0xfc, 0xfc, 0xfc, 0xfc, 0xfc, 0xfc, 0xfc, 0xf8, 0x00, 0x00, 
	0x00, 0x00, 0xff, 0xff, 0xff, 0xff, 0x1f, 0x07, 0x31, 0x3c, 0x3e, 0xbe, 0xbe, 0xbc, 0xb9, 0x83, 
	0x8f, 0x1f, 0x4f, 0xef, 0xf6, 0xf0, 0xf8, 0xf1, 0x07, 0x1f, 0xff, 0xff, 0xff, 0xff, 0x00, 0x00, 
	0x00, 0x00, 0xff, 0xff, 0xff, 0xff, 0xf8, 0xe1, 0x8f, 0x1f, 0x1f, 0x47, 0xf3, 0xf3, 0xf9, 0xfd, 
	0xfc, 0xfc, 0xf0, 0x02, 0x3e, 0x7e, 0x3e, 0x8e, 0xe0, 0xf8, 0xff, 0xff, 0xff, 0xff, 0x00, 0x00, 
	0x00, 0x00, 0x1f, 0x3f, 0x3f, 0x3f, 0x3f, 0x3f, 0x3f, 0x3f, 0x3f, 0x3e, 0x3e, 0x3c, 0x3c, 0x3d, 
	0x3d, 0x3c, 0x3c, 0x3e, 0x3e, 0x3f, 0x3f, 0x3f, 0x3f, 0x3f, 0x3f, 0x3f, 0x3f, 0x1f, 0x00, 0x00
};
// 'dropbox', 32x32px
const unsigned char fab_32x32_fa_dropbox [] PROGMEM = {
	0x00, 0x80, 0xc0, 0xc0, 0xe0, 0xf0, 0xf0, 0xf8, 0xf8, 0xf0, 0xf0, 0xe0, 0xc0, 0xc0, 0x80, 0x00, 
	0x00, 0x80, 0xc0, 0xc0, 0xe0, 0xf0, 0xf0, 0xf8, 0xf8, 0xf0, 0xf0, 0xe0, 0xc0, 0xc0, 0x80, 0x00, 
	0x00, 0x01, 0x03, 0x03, 0x87, 0x8f, 0xcf, 0xff, 0xff, 0xcf, 0x8f, 0x87, 0x03, 0x03, 0x01, 0x00, 
	0x00, 0x01, 0x03, 0x03, 0x87, 0x8f, 0xcf, 0xff, 0xff, 0xcf, 0x8f, 0x87, 0x03, 0x03, 0x01, 0x00, 
	0x04, 0x06, 0x0e, 0x1f, 0x1f, 0x3f, 0x3f, 0x7f, 0x7f, 0x3f, 0xbf, 0x9f, 0xdf, 0xee, 0xe6, 0xf4, 
	0xf0, 0xe6, 0xee, 0xcf, 0x9f, 0xbf, 0x3f, 0x7f, 0x7f, 0x3f, 0x3f, 0x1f, 0x1f, 0x0e, 0x06, 0x04, 
	0x00, 0x00, 0x00, 0x00, 0x00, 0x00, 0x00, 0x00, 0x00, 0x03, 0x07, 0x07, 0x0f, 0x1f, 0x1f, 0x3f, 
	0x3f, 0x1f, 0x1f, 0x0f, 0x07, 0x07, 0x03, 0x00, 0x00, 0x00, 0x00, 0x00, 0x00, 0x00, 0x00, 0x00
};
// 'drupal', 32x32px
const unsigned char fab_32x32_fa_drupal [] PROGMEM = {
	0x00, 0x00, 0x00, 0x00, 0x00, 0x00, 0x00, 0x00, 0x00, 0x00, 0x80, 0xc0, 0xc0, 0xe0, 0xf0, 0xf8, 
	0xf0, 0xe0, 0xe0, 0xc0, 0xc0, 0x80, 0x80, 0x00, 0x00, 0x00, 0x00, 0x00, 0x00, 0x00, 0x00, 0x00, 
	0x00, 0x00, 0x00, 0x00, 0x80, 0xf0, 0xf8, 0xfe, 0xff, 0xff, 0xff, 0xff, 0xff, 0xff, 0xff, 0xff, 
	0xff, 0xff, 0xff, 0xff, 0xff, 0xff, 0xff, 0xff, 0xfe, 0xf8, 0xf0, 0x80, 0x00, 0x00, 0x00, 0x00, 
	0x00, 0x00, 0x00, 0x00, 0x3f, 0xff, 0xff, 0xff, 0xff, 0x1f, 0x0f, 0x07, 0x03, 0x03, 0x03, 0x07, 
	0x07, 0x0f, 0x8f, 0xdf, 0xdf, 0x9f, 0x0f, 0x0f, 0x07, 0x07, 0x07, 0x1f, 0x00, 0x00, 0x00, 0x00, 
	0x00, 0x00, 0x00, 0x00, 0x00, 0x00, 0x01, 0x07, 0x07, 0x0f, 0x1e, 0x1e, 0x1e, 0x3e, 0x3e, 0x36, 
	0x3f, 0x2f, 0x2f, 0x3e, 0x1e, 0x1f, 0x0f, 0x0e, 0x06, 0x02, 0x00, 0x00, 0x00, 0x00, 0x00, 0x00
};
// 'dyalog', 32x32px
const unsigned char fab_32x32_fa_dyalog [] PROGMEM = {
	0x00, 0x00, 0x00, 0xfc, 0xfc, 0xfc, 0xfc, 0x3c, 0x3c, 0x3c, 0x3c, 0x3c, 0x3c, 0x3c, 0x3c, 0x3c, 
	0x3c, 0x7c, 0x78, 0x78, 0xf8, 0xf0, 0xf0, 0xe0, 0xc0, 0x80, 0x00, 0x00, 0x00, 0x00, 0x00, 0x00, 
	0x00, 0x00, 0x00, 0x03, 0x03, 0x03, 0x01, 0x00, 0x00, 0x00, 0x00, 0x00, 0x00, 0x00, 0x00, 0x00, 
	0x00, 0x00, 0x00, 0x00, 0x00, 0x01, 0x03, 0x07, 0x1f, 0xff, 0xff, 0xfc, 0xf0, 0x00, 0x00, 0x00, 
	0x00, 0x00, 0x00, 0x00, 0x00, 0x00, 0x00, 0x00, 0x00, 0x00, 0x00, 0x00, 0x00, 0x00, 0x00, 0x00, 
	0x00, 0x00, 0x00, 0x00, 0x00, 0x80, 0xc0, 0xe0, 0xf8, 0xff, 0xff, 0x3f, 0x0f, 0x00, 0x00, 0x00, 
	0x00, 0x00, 0x00, 0x3c, 0x3c, 0x3c, 0x3c, 0x3c, 0x3c, 0x3c, 0x3c, 0x3c, 0x3c, 0x3c, 0x3c, 0x3c, 
	0x3c, 0x3e, 0x1e, 0x1e, 0x1f, 0x0f, 0x0f, 0x07, 0x03, 0x01, 0x00, 0x00, 0x00, 0x00, 0x00, 0x00
};
// 'earlybirds', 32x32px
const unsigned char fab_32x32_fa_earlybirds [] PROGMEM = {
	0x00, 0x00, 0x00, 0x00, 0x80, 0x80, 0xc0, 0xc0, 0xc0, 0xc4, 0x6c, 0xfc, 0xf0, 0xf8, 0xfe, 0xfe, 
	0xfe, 0xfc, 0xf8, 0xf8, 0xf0, 0x6c, 0xe4, 0xc0, 0xc0, 0xc0, 0x80, 0x80, 0x00, 0x00, 0x00, 0x00, 
	0x00, 0x00, 0x00, 0x07, 0x07, 0xff, 0xf0, 0xc0, 0x80, 0x80, 0x8c, 0x8c, 0xc0, 0xe0, 0xff, 0xcf, 
	0xcf, 0xff, 0xe0, 0x80, 0x8c, 0x8c, 0x80, 0x80, 0xc0, 0xf0, 0xff, 0x07, 0x03, 0x00, 0x00, 0x00, 
	0x00, 0x1c, 0x1c, 0x1e, 0x1f, 0x1f, 0xff, 0xff, 0xff, 0xff, 0xff, 0xff, 0xff, 0xff, 0xff, 0xff, 
	0xff, 0xff, 0xff, 0xff, 0xff, 0xff, 0xff, 0xff, 0xff, 0xff, 0x3f, 0x1f, 0x1e, 0x1c, 0x1c, 0x00, 
	0x00, 0x00, 0x00, 0x00, 0x00, 0x00, 0x00, 0x01, 0x13, 0x13, 0x1f, 0x1f, 0x3f, 0x7f, 0x7f, 0x7f, 
	0x7f, 0x7f, 0x7f, 0x3f, 0x1f, 0x17, 0x17, 0x13, 0x11, 0x10, 0x1e, 0x0e, 0x0e, 0x08, 0x00, 0x00
};
// 'ebay', 32x32px
const unsigned char fab_32x32_fa_ebay [] PROGMEM = {
	0x00, 0x00, 0x00, 0x00, 0x00, 0x00, 0x00, 0x00, 0x00, 0x00, 0x00, 0x00, 0x00, 0x00, 0x00, 0x00, 
	0x00, 0x00, 0x00, 0x00, 0x00, 0x00, 0x00, 0x00, 0x00, 0x00, 0x00, 0x00, 0x00, 0x00, 0x00, 0x00, 
	0xc0, 0xe0, 0xa0, 0xb0, 0xb0, 0xb0, 0xe0, 0xc0, 0xfc, 0xfc, 0x20, 0x30, 0x30, 0x30, 0x60, 0xc0, 
	0x00, 0x60, 0xa0, 0xb0, 0xb0, 0xb0, 0xe0, 0xe0, 0xe0, 0xc0, 0x00, 0x00, 0x00, 0xc0, 0xe0, 0x20, 
	0x03, 0x07, 0x0d, 0x09, 0x09, 0x0d, 0x0d, 0x05, 0x0f, 0x0f, 0x0c, 0x08, 0x08, 0x0c, 0x0e, 0x07, 
	0x07, 0x0f, 0x09, 0x09, 0x08, 0x0c, 0x0f, 0x0f, 0x00, 0x03, 0x7f, 0x3e, 0x0f, 0x03, 0x00, 0x00, 
	0x00, 0x00, 0x00, 0x00, 0x00, 0x00, 0x00, 0x00, 0x00, 0x00, 0x00, 0x00, 0x00, 0x00, 0x00, 0x00, 
	0x00, 0x00, 0x00, 0x00, 0x00, 0x00, 0x00, 0x00, 0x00, 0x00, 0x00, 0x00, 0x00, 0x00, 0x00, 0x00
};
// 'edge', 32x32px
const unsigned char fab_32x32_fa_edge [] PROGMEM = {
	0x00, 0x00, 0x00, 0x80, 0xc0, 0xe0, 0xf0, 0xf8, 0xfc, 0xfc, 0xfe, 0xfe, 0xfe, 0xfe, 0xff, 0xff, 
	0xff, 0xff, 0xfe, 0xfe, 0xfe, 0xfe, 0xfc, 0xfc, 0xf8, 0xf8, 0xf0, 0xe0, 0xc0, 0x80, 0x00, 0x00, 
	0x80, 0xfc, 0xff, 0xff, 0xff, 0xff, 0xff, 0xff, 0xff, 0xff, 0xff, 0xff, 0x3f, 0x1f, 0x1f, 0x0f, 
	0x0f, 0x0f, 0x1f, 0x3f, 0xff, 0xff, 0xff, 0xff, 0xff, 0xff, 0xff, 0xff, 0xff, 0xff, 0xfe, 0x70, 
	0x03, 0x3f, 0xff, 0xff, 0xff, 0xff, 0xff, 0xff, 0xff, 0xff, 0xff, 0xff, 0xfc, 0xf0, 0xe0, 0xc0, 
	0x80, 0x00, 0x00, 0x0e, 0x1f, 0x1f, 0x1f, 0x1f, 0x1f, 0x1f, 0x1f, 0x0f, 0x0f, 0x07, 0x01, 0x00, 
	0x00, 0x00, 0x00, 0x01, 0x03, 0x07, 0x0f, 0x1f, 0x3f, 0x3f, 0x7f, 0x7f, 0x7f, 0x7f, 0xff, 0x7f, 
	0x7f, 0x7f, 0x7f, 0x7f, 0x7e, 0x7e, 0x3e, 0x3e, 0x1e, 0x0e, 0x07, 0x03, 0x01, 0x00, 0x00, 0x00
};
// 'edge-legacy', 32x32px
const unsigned char fab_32x32_fa_edge_legacy [] PROGMEM = {
	0x00, 0x00, 0x00, 0x00, 0xc0, 0xe0, 0xf0, 0xf8, 0xf8, 0xfc, 0x7c, 0x7e, 0x7e, 0x7e, 0x7f, 0x3f, 
	0x7f, 0x7f, 0x7e, 0xfe, 0xfe, 0xfe, 0xfc, 0xfc, 0xf8, 0xf0, 0xe0, 0xc0, 0x80, 0x00, 0x00, 0x00, 
	0x00, 0x00, 0x1c, 0x0f, 0x07, 0x03, 0xc1, 0xf1, 0xf8, 0xfc, 0xfe, 0xe2, 0xe0, 0xe0, 0xe0, 0xe0, 
	0xe0, 0xe0, 0xe0, 0xe0, 0xe1, 0xe7, 0xff, 0xff, 0xff, 0xff, 0xff, 0xff, 0xff, 0xfe, 0x00, 0x00, 
	0x00, 0x00, 0x00, 0x00, 0x00, 0x3e, 0xff, 0xff, 0xff, 0xff, 0xff, 0xe7, 0x87, 0x07, 0x07, 0x07, 
	0x07, 0x07, 0x07, 0x07, 0x07, 0x07, 0x07, 0x07, 0x07, 0x07, 0x87, 0x87, 0x07, 0x07, 0x00, 0x00, 
	0x00, 0x00, 0x00, 0x00, 0x00, 0x00, 0x01, 0x03, 0x0f, 0x1f, 0x1f, 0x3f, 0x3f, 0x7f, 0x7f, 0x7f, 
	0xfe, 0xfe, 0xfe, 0xfe, 0x7e, 0x7e, 0x7e, 0x7e, 0x7f, 0x3f, 0x3f, 0x1f, 0x00, 0x00, 0x00, 0x00
};
// 'elementor', 32x32px
const unsigned char fab_32x32_fa_elementor [] PROGMEM = {
	0x00, 0x00, 0xfc, 0xfc, 0xfc, 0xfc, 0xfc, 0xfc, 0xfc, 0xfc, 0xfc, 0xfc, 0xfc, 0xfc, 0xfc, 0xfc, 
	0xfc, 0xfc, 0xfc, 0xfc, 0xfc, 0xfc, 0xfc, 0xfc, 0xfc, 0xfc, 0xfc, 0xfc, 0xfc, 0xfc, 0x00, 0x00, 
	0x00, 0x00, 0xff, 0xff, 0xff, 0xff, 0xff, 0xff, 0xff, 0xff, 0x03, 0x03, 0xff, 0xff, 0xff, 0x73, 
	0x73, 0x73, 0x73, 0x73, 0x73, 0x73, 0xff, 0xff, 0xff, 0xff, 0xff, 0xff, 0xff, 0xff, 0x00, 0x00, 
	0x00, 0x00, 0xff, 0xff, 0xff, 0xff, 0xff, 0xff, 0xff, 0xff, 0xc0, 0xc0, 0xff, 0xff, 0xff, 0xce, 
	0xce, 0xce, 0xce, 0xce, 0xce, 0xce, 0xff, 0xff, 0xff, 0xff, 0xff, 0xff, 0xff, 0xff, 0x00, 0x00, 
	0x00, 0x00, 0x3f, 0x3f, 0x3f, 0x3f, 0x3f, 0x3f, 0x3f, 0x3f, 0x3f, 0x3f, 0x3f, 0x3f, 0x3f, 0x3f, 
	0x3f, 0x3f, 0x3f, 0x3f, 0x3f, 0x3f, 0x3f, 0x3f, 0x3f, 0x3f, 0x3f, 0x3f, 0x3f, 0x3f, 0x00, 0x00
};
// 'ello', 32x32px
const unsigned char fab_32x32_fa_ello [] PROGMEM = {
	0x00, 0x00, 0x00, 0x80, 0xc0, 0xe0, 0xf0, 0xf8, 0xf8, 0xfc, 0xfc, 0xfe, 0xfe, 0xfe, 0xfe, 0xff, 
	0xff, 0xff, 0xfe, 0xfe, 0xfe, 0xfe, 0xfc, 0xfc, 0xf8, 0xf8, 0xf0, 0xe0, 0xc0, 0x80, 0x00, 0x00, 
	0x00, 0xf0, 0xfe, 0xff, 0xff, 0xff, 0xff, 0xff, 0xff, 0xff, 0xff, 0xff, 0xff, 0xff, 0xff, 0xff, 
	0xff, 0xff, 0xff, 0xff, 0xff, 0xff, 0xff, 0xff, 0xff, 0xff, 0xff, 0xff, 0xff, 0xff, 0xfe, 0xf0, 
	0x00, 0x0f, 0x7f, 0xff, 0xff, 0xff, 0xff, 0xff, 0xe1, 0xc7, 0x9f, 0x3f, 0x3f, 0x7f, 0x7f, 0x7f, 
	0xff, 0x7f, 0x7f, 0x7f, 0x3f, 0x3f, 0x9f, 0xc7, 0xe1, 0xff, 0xff, 0xff, 0xff, 0xff, 0x7f, 0x0f, 
	0x00, 0x00, 0x00, 0x01, 0x03, 0x07, 0x0f, 0x1f, 0x1f, 0x3f, 0x3f, 0x7f, 0x7f, 0x7e, 0x7e, 0xfe, 
	0xfe, 0xfe, 0x7e, 0x7e, 0x7f, 0x7f, 0x3f, 0x3f, 0x1f, 0x1f, 0x0f, 0x07, 0x03, 0x01, 0x00, 0x00
};
// 'ember', 32x32px
const unsigned char fab_32x32_fa_ember [] PROGMEM = {
	0x00, 0x00, 0x00, 0x00, 0x00, 0x00, 0x00, 0x00, 0x00, 0x00, 0x00, 0x00, 0x00, 0x00, 0x00, 0x00, 
	0x00, 0x80, 0x80, 0x00, 0x00, 0x00, 0x00, 0x00, 0x00, 0x00, 0x00, 0x00, 0x00, 0x00, 0x00, 0x00, 
	0x00, 0x00, 0xc0, 0x60, 0xe0, 0xc0, 0x00, 0xe0, 0xc0, 0xc0, 0xe0, 0xc0, 0xe0, 0x00, 0x00, 0xfc, 
	0x7f, 0x7d, 0xef, 0x80, 0x00, 0xc0, 0x60, 0xe0, 0xe0, 0x00, 0xe0, 0xe0, 0xe0, 0xc0, 0x00, 0x00, 
	0x01, 0x03, 0x07, 0x07, 0x05, 0x06, 0x07, 0x07, 0x03, 0x07, 0x07, 0x01, 0x07, 0x06, 0x07, 0x07, 
	0x04, 0x06, 0x07, 0x02, 0x03, 0x07, 0x07, 0x05, 0x06, 0x06, 0x07, 0x01, 0x00, 0x01, 0x01, 0x01, 
	0x00, 0x00, 0x00, 0x00, 0x00, 0x00, 0x00, 0x00, 0x00, 0x00, 0x00, 0x00, 0x00, 0x00, 0x00, 0x00, 
	0x00, 0x00, 0x00, 0x00, 0x00, 0x00, 0x00, 0x00, 0x00, 0x00, 0x00, 0x00, 0x00, 0x00, 0x00, 0x00
};
// 'empire', 32x32px
const unsigned char fab_32x32_fa_empire [] PROGMEM = {
	0x00, 0x00, 0x00, 0x80, 0xc0, 0xa0, 0xd0, 0xf8, 0xf8, 0x74, 0x3c, 0x3a, 0x1e, 0x1e, 0x0e, 0x85, 
	0x81, 0x85, 0x06, 0x1e, 0x1e, 0x3a, 0x3c, 0x74, 0xf8, 0xf8, 0xd0, 0xa0, 0xc0, 0x80, 0x00, 0x00, 
	0x00, 0xf0, 0xce, 0xfd, 0xfc, 0x11, 0x00, 0x00, 0x10, 0x38, 0x38, 0x30, 0xf0, 0xe0, 0xf0, 0xff, 
	0xff, 0xff, 0xf0, 0xe0, 0xf0, 0x30, 0x38, 0x38, 0x10, 0x00, 0x00, 0x11, 0xfc, 0xfd, 0xce, 0xf0, 
	0x00, 0x0f, 0x73, 0xbf, 0x3f, 0x88, 0x00, 0x00, 0x08, 0x1c, 0x1c, 0x0c, 0x0f, 0x07, 0x0f, 0xff, 
	0xff, 0xff, 0x0f, 0x07, 0x0f, 0x0c, 0x1c, 0x1c, 0x08, 0x00, 0x00, 0x88, 0x3f, 0xbf, 0x73, 0x0f, 
	0x00, 0x00, 0x00, 0x01, 0x03, 0x05, 0x0b, 0x1f, 0x1f, 0x2e, 0x3c, 0x5c, 0x78, 0x78, 0x70, 0xa1, 
	0x81, 0xa1, 0x70, 0x78, 0x78, 0x5c, 0x3c, 0x2e, 0x1f, 0x1f, 0x0b, 0x05, 0x03, 0x01, 0x00, 0x00
};
// 'envira', 32x32px
const unsigned char fab_32x32_fa_envira [] PROGMEM = {
	0x00, 0x00, 0x0c, 0xfc, 0xfc, 0xfc, 0xfc, 0xdc, 0xbc, 0x3c, 0x78, 0xf8, 0xf8, 0xf8, 0xf0, 0xf0, 
	0xf0, 0xe0, 0xe0, 0xc0, 0x80, 0x80, 0x00, 0x00, 0x00, 0x00, 0x00, 0x00, 0x00, 0x00, 0x00, 0x00, 
	0x00, 0x00, 0x00, 0x00, 0x0f, 0xff, 0xff, 0xff, 0xff, 0xff, 0xfc, 0xf8, 0xe1, 0x87, 0x0f, 0x3f, 
	0xff, 0xff, 0xff, 0xff, 0xff, 0xff, 0xfe, 0xfc, 0xf0, 0x00, 0x00, 0x00, 0x00, 0x00, 0x00, 0x00, 
	0x00, 0x00, 0x00, 0x00, 0x00, 0x00, 0x03, 0x0f, 0x1f, 0x3f, 0x7f, 0xff, 0xff, 0xff, 0xfe, 0xfc, 
	0xf8, 0xe3, 0xc7, 0xdf, 0xbf, 0xff, 0xff, 0xff, 0xff, 0x1f, 0x00, 0x00, 0x00, 0x00, 0x00, 0x00, 
	0x00, 0x00, 0x00, 0x00, 0x00, 0x00, 0x00, 0x00, 0x00, 0x00, 0x00, 0x00, 0x01, 0x01, 0x01, 0x03, 
	0x03, 0x03, 0x03, 0x03, 0x03, 0x03, 0x03, 0x03, 0x03, 0x06, 0x0c, 0x18, 0x30, 0x20, 0x00, 0x00
};
// 'erlang', 32x32px
const unsigned char fab_32x32_fa_erlang [] PROGMEM = {
	0xc0, 0xc0, 0xc0, 0x40, 0x00, 0x00, 0x00, 0x00, 0x00, 0x00, 0x00, 0x00, 0x00, 0x80, 0x80, 0xc0, 
	0xc0, 0xc0, 0x80, 0x00, 0x00, 0x00, 0x00, 0x00, 0x00, 0x00, 0x00, 0x00, 0x40, 0xc0, 0xc0, 0xc0, 
	0xff, 0x0f, 0x01, 0x00, 0x00, 0x00, 0x00, 0x00, 0x00, 0x00, 0x00, 0x00, 0x83, 0x83, 0x83, 0x83, 
	0x83, 0x83, 0x83, 0x83, 0x80, 0x80, 0x80, 0x80, 0x80, 0x80, 0x80, 0x80, 0x80, 0x81, 0xff, 0xff, 
	0xff, 0xf8, 0xc0, 0x00, 0x00, 0x00, 0x00, 0x00, 0x00, 0x00, 0x00, 0x00, 0x1f, 0x7f, 0xff, 0xff, 
	0xff, 0xff, 0xff, 0xff, 0xff, 0xff, 0xff, 0x7f, 0x3f, 0x1f, 0x0f, 0x1f, 0x1f, 0x3f, 0xff, 0xff, 
	0x03, 0x03, 0x03, 0x03, 0x00, 0x00, 0x00, 0x00, 0x00, 0x00, 0x00, 0x00, 0x00, 0x00, 0x00, 0x01, 
	0x01, 0x01, 0x01, 0x01, 0x01, 0x00, 0x00, 0x00, 0x00, 0x00, 0x00, 0x00, 0x00, 0x03, 0x03, 0x03
};
// 'ethereum', 32x32px
const unsigned char fab_32x32_fa_ethereum [] PROGMEM = {
	0x00, 0x00, 0x00, 0x00, 0x00, 0x00, 0x00, 0x00, 0x00, 0x00, 0x00, 0x00, 0xc0, 0xf0, 0xfc, 0xfe, 
	0xfe, 0xfc, 0xf0, 0xc0, 0x00, 0x00, 0x00, 0x00, 0x00, 0x00, 0x00, 0x00, 0x00, 0x00, 0x00, 0x00, 
	0x00, 0x00, 0x00, 0x00, 0x00, 0x00, 0x00, 0x80, 0xe0, 0xf8, 0xfe, 0xff, 0xff, 0xff, 0xff, 0xff, 
	0xff, 0xff, 0xff, 0xff, 0xff, 0xfe, 0xf8, 0xe0, 0x80, 0x00, 0x00, 0x00, 0x00, 0x00, 0x00, 0x00, 
	0x00, 0x00, 0x00, 0x00, 0x00, 0x00, 0x00, 0x09, 0x1b, 0x73, 0xe7, 0xe7, 0xcf, 0xdf, 0x9f, 0x3f, 
	0x3f, 0x9f, 0xdf, 0xcf, 0xe7, 0xe7, 0x73, 0x1b, 0x09, 0x00, 0x00, 0x00, 0x00, 0x00, 0x00, 0x00, 
	0x00, 0x00, 0x00, 0x00, 0x00, 0x00, 0x00, 0x00, 0x00, 0x00, 0x00, 0x03, 0x07, 0x0f, 0x3f, 0x7f, 
	0x7f, 0x3f, 0x0f, 0x07, 0x03, 0x00, 0x00, 0x00, 0x00, 0x00, 0x00, 0x00, 0x00, 0x00, 0x00, 0x00
};
// 'etsy', 32x32px
const unsigned char fab_32x32_fa_etsy [] PROGMEM = {
	0x00, 0x00, 0x00, 0x00, 0x0c, 0x0c, 0x0c, 0x1c, 0xfc, 0xfc, 0xfc, 0xfc, 0x0c, 0x0c, 0x0c, 0x0c, 
	0x0c, 0x0c, 0x0c, 0x0c, 0x0c, 0x0c, 0x1c, 0x3c, 0xfc, 0xfc, 0x1c, 0x00, 0x00, 0x00, 0x00, 0x00, 
	0x00, 0x00, 0x00, 0x00, 0x00, 0x00, 0x00, 0x00, 0xff, 0xff, 0xff, 0xff, 0x80, 0x80, 0x80, 0x80, 
	0x80, 0x80, 0x80, 0xe0, 0xf8, 0xf8, 0x00, 0x00, 0x01, 0x03, 0x00, 0x00, 0x00, 0x00, 0x00, 0x00, 
	0x00, 0x00, 0x00, 0x00, 0x00, 0x00, 0x00, 0x00, 0xff, 0xff, 0xff, 0xff, 0x01, 0x01, 0x01, 0x01, 
	0x01, 0x01, 0x01, 0x07, 0x1f, 0x1f, 0x00, 0x00, 0x00, 0x00, 0xc0, 0xc0, 0x00, 0x00, 0x00, 0x00, 
	0x00, 0x00, 0x00, 0x00, 0x30, 0x30, 0x30, 0x38, 0x3f, 0x3f, 0x3f, 0x3f, 0x38, 0x30, 0x30, 0x30, 
	0x30, 0x30, 0x30, 0x30, 0x30, 0x30, 0x30, 0x38, 0x3c, 0x3f, 0x3f, 0x07, 0x00, 0x00, 0x00, 0x00
};
// 'evernote', 32x32px
const unsigned char fab_32x32_fa_evernote [] PROGMEM = {
	0x00, 0x00, 0x00, 0x00, 0x00, 0x00, 0x00, 0x80, 0xc0, 0xe0, 0xf0, 0xf0, 0xf8, 0xfc, 0xfc, 0xfc, 
	0xfc, 0xf8, 0xf0, 0xf0, 0xf0, 0xe0, 0xe0, 0xe0, 0xe0, 0xc0, 0x80, 0x00, 0x00, 0x00, 0x00, 0x00, 
	0x00, 0x00, 0x00, 0x00, 0xf8, 0xfc, 0xff, 0xff, 0xff, 0xff, 0xff, 0xfd, 0xff, 0xff, 0xff, 0xff, 
	0xff, 0xff, 0xff, 0xff, 0xff, 0xff, 0xbf, 0xbf, 0xff, 0xff, 0xff, 0xfc, 0x00, 0x00, 0x00, 0x00, 
	0x00, 0x00, 0x00, 0x00, 0x00, 0x07, 0x0f, 0x1f, 0x1f, 0x3f, 0x3f, 0x3f, 0x3f, 0x3f, 0x3f, 0x0f, 
	0x07, 0x0f, 0x9f, 0x9f, 0x9f, 0x3f, 0x3f, 0xff, 0xff, 0xff, 0xff, 0xff, 0x00, 0x00, 0x00, 0x00, 
	0x00, 0x00, 0x00, 0x00, 0x00, 0x00, 0x00, 0x00, 0x00, 0x00, 0x00, 0x00, 0x00, 0x00, 0x00, 0x00, 
	0x0e, 0x1f, 0x3f, 0x39, 0x38, 0x38, 0x38, 0x1f, 0x1f, 0x0f, 0x07, 0x00, 0x00, 0x00, 0x00, 0x00
};
// 'expeditedssl', 32x32px
const unsigned char fab_32x32_fa_expeditedssl [] PROGMEM = {
	0x00, 0x00, 0x00, 0x80, 0xc0, 0x60, 0xb0, 0xd8, 0xe8, 0xe4, 0xf4, 0xf6, 0x7a, 0x3a, 0x1a, 0x9b, 
	0x9b, 0x9b, 0x1a, 0x3a, 0x7a, 0xf6, 0xf4, 0xe4, 0xe8, 0xd8, 0xb0, 0x60, 0xc0, 0x80, 0x00, 0x00, 
	0x00, 0xf0, 0x1e, 0xe3, 0xfc, 0xfe, 0xff, 0xff, 0x3f, 0xbf, 0x23, 0x20, 0x20, 0x3f, 0x3f, 0x3f, 
	0x3f, 0x3f, 0x3f, 0x3f, 0x20, 0x20, 0x33, 0x3f, 0x3f, 0xff, 0xff, 0xfe, 0xfc, 0xe3, 0x1e, 0xf0, 
	0x00, 0x0f, 0x78, 0xc7, 0x3f, 0x7f, 0xff, 0xff, 0x00, 0xff, 0x00, 0x00, 0x00, 0x00, 0x06, 0x3f, 
	0x7f, 0x3f, 0x06, 0x00, 0x00, 0x00, 0x00, 0x00, 0x00, 0xff, 0xff, 0x7f, 0x3f, 0xc7, 0x78, 0x0f, 
	0x00, 0x00, 0x00, 0x01, 0x03, 0x06, 0x0d, 0x1b, 0x16, 0x26, 0x2e, 0x6e, 0x5e, 0x5e, 0x5e, 0xde, 
	0xde, 0xde, 0x5e, 0x5e, 0x5e, 0x6e, 0x2e, 0x26, 0x16, 0x1b, 0x0d, 0x06, 0x03, 0x01, 0x00, 0x00
};
// 'facebook', 32x32px
const unsigned char fab_32x32_fa_facebook [] PROGMEM = {
	0x00, 0x00, 0x00, 0x80, 0xc0, 0xe0, 0xf0, 0xf8, 0xfc, 0xfc, 0xfe, 0xfe, 0xfe, 0xfe, 0xff, 0xff, 
	0x7f, 0x7f, 0x7e, 0x7e, 0x7e, 0x7e, 0x7c, 0xfc, 0xf8, 0xf0, 0xe0, 0xc0, 0x80, 0x00, 0x00, 0x00, 
	0xc0, 0xfc, 0xff, 0xff, 0xff, 0xff, 0xff, 0xff, 0xff, 0xff, 0xff, 0xff, 0xff, 0xff, 0x01, 0x00, 
	0x00, 0x00, 0xf0, 0xf8, 0xf8, 0xf8, 0xfc, 0xff, 0xff, 0xff, 0xff, 0xff, 0xff, 0xff, 0xfc, 0xc0, 
	0x03, 0x3f, 0xff, 0xff, 0xff, 0xff, 0xff, 0xff, 0xff, 0xff, 0xf0, 0xf0, 0xf0, 0xe0, 0x00, 0x00, 
	0x00, 0x00, 0xe0, 0xf0, 0xf0, 0xf0, 0xfe, 0xff, 0xff, 0xff, 0xff, 0xff, 0xff, 0xff, 0x3f, 0x03, 
	0x00, 0x00, 0x00, 0x01, 0x03, 0x07, 0x0f, 0x1f, 0x3f, 0x3f, 0x7f, 0x7f, 0x7f, 0x7f, 0x00, 0x00, 
	0x00, 0x00, 0x7f, 0x7f, 0x7f, 0x7f, 0x3f, 0x3f, 0x1f, 0x0f, 0x07, 0x03, 0x01, 0x00, 0x00, 0x00
};
// 'facebook-f', 32x32px
const unsigned char fab_32x32_fa_facebook_f [] PROGMEM = {
	0x00, 0x00, 0x00, 0x00, 0x00, 0x00, 0x00, 0x00, 0x00, 0x00, 0x00, 0x00, 0x80, 0xf8, 0xfc, 0xfe, 
	0xfe, 0xff, 0xff, 0x3f, 0x3f, 0x1f, 0x1f, 0x1f, 0x1e, 0x00, 0x00, 0x00, 0x00, 0x00, 0x00, 0x00, 
	0x00, 0x00, 0x00, 0x00, 0x00, 0x00, 0x00, 0xe0, 0xf0, 0xf0, 0xf0, 0xf0, 0xff, 0xff, 0xff, 0xff, 
	0xff, 0xff, 0xff, 0xf0, 0xf0, 0xf0, 0xf0, 0xf0, 0x00, 0x00, 0x00, 0x00, 0x00, 0x00, 0x00, 0x00, 
	0x00, 0x00, 0x00, 0x00, 0x00, 0x00, 0x00, 0x03, 0x03, 0x03, 0x03, 0x03, 0xff, 0xff, 0xff, 0xff, 
	0xff, 0xff, 0xff, 0x03, 0x03, 0x03, 0x03, 0x03, 0x00, 0x00, 0x00, 0x00, 0x00, 0x00, 0x00, 0x00, 
	0x00, 0x00, 0x00, 0x00, 0x00, 0x00, 0x00, 0x00, 0x00, 0x00, 0x00, 0x00, 0xff, 0xff, 0xff, 0xff, 
	0xff, 0xff, 0xff, 0x00, 0x00, 0x00, 0x00, 0x00, 0x00, 0x00, 0x00, 0x00, 0x00, 0x00, 0x00, 0x00
};
// 'facebook-messenger', 32x32px
const unsigned char fab_32x32_fa_facebook_messenger [] PROGMEM = {
	0x00, 0x00, 0x00, 0xc0, 0xe0, 0xf0, 0xf8, 0xf8, 0xfc, 0xfc, 0xfe, 0xfe, 0xfe, 0xfe, 0xff, 0xff, 
	0xff, 0xff, 0xfe, 0xfe, 0xfe, 0xfe, 0xfc, 0xfc, 0xf8, 0xf8, 0xf0, 0xe0, 0xc0, 0x00, 0x00, 0x00, 
	0xc0, 0xfc, 0xff, 0xff, 0xff, 0xff, 0xff, 0xff, 0xff, 0xff, 0x3f, 0x1f, 0x0f, 0x0f, 0x0f, 0x1f, 
	0x3f, 0x3f, 0x7f, 0x7f, 0x3f, 0x1f, 0x1f, 0x8f, 0xe7, 0xff, 0xff, 0xff, 0xff, 0xff, 0xfc, 0xc0, 
	0x01, 0x1f, 0x7f, 0xff, 0xff, 0xff, 0xff, 0xe7, 0xf1, 0xf0, 0xf8, 0xfc, 0xfe, 0xfe, 0xfc, 0xfc, 
	0xf8, 0xf0, 0xf0, 0xf0, 0xf0, 0xfc, 0xfe, 0xff, 0xff, 0xff, 0xff, 0xff, 0xff, 0x7f, 0x1f, 0x01, 
	0x00, 0x00, 0x00, 0x01, 0x03, 0x07, 0x7f, 0xff, 0x7f, 0x7f, 0x3f, 0x3f, 0x3f, 0x3f, 0x7f, 0x7f, 
	0x7f, 0x7f, 0x3f, 0x3f, 0x3f, 0x3f, 0x1f, 0x1f, 0x0f, 0x0f, 0x07, 0x03, 0x01, 0x00, 0x00, 0x00
};
// 'facebook-square', 32x32px
const unsigned char fab_32x32_fa_facebook_square [] PROGMEM = {
	0x00, 0x00, 0xf8, 0xfc, 0xfc, 0xfc, 0xfc, 0xfc, 0xfc, 0xfc, 0xfc, 0xfc, 0xfc, 0xfc, 0xfc, 0xfc, 
	0x7c, 0x7c, 0x7c, 0x7c, 0x7c, 0x7c, 0x7c, 0xfc, 0xfc, 0xfc, 0xfc, 0xfc, 0xfc, 0xf8, 0x00, 0x00, 
	0x00, 0x00, 0xff, 0xff, 0xff, 0xff, 0xff, 0xff, 0xff, 0xff, 0xff, 0xff, 0xff, 0xff, 0x01, 0x00, 
	0x00, 0x00, 0xf0, 0xf8, 0xf8, 0xf8, 0xfc, 0xff, 0xff, 0xff, 0xff, 0xff, 0xff, 0xff, 0x00, 0x00, 
	0x00, 0x00, 0xff, 0xff, 0xff, 0xff, 0xff, 0xff, 0xff, 0xff, 0xf0, 0xf0, 0xf0, 0xe0, 0x00, 0x00, 
	0x00, 0x00, 0xe0, 0xf0, 0xf0, 0xf0, 0xfe, 0xff, 0xff, 0xff, 0xff, 0xff, 0xff, 0xff, 0x00, 0x00, 
	0x00, 0x00, 0x1f, 0x3f, 0x3f, 0x3f, 0x3f, 0x3f, 0x3f, 0x3f, 0x3f, 0x3f, 0x3f, 0x3f, 0x00, 0x00, 
	0x00, 0x00, 0x3f, 0x3f, 0x3f, 0x3f, 0x3f, 0x3f, 0x3f, 0x3f, 0x3f, 0x3f, 0x3f, 0x1f, 0x00, 0x00
};
// 'fantasy-flight-games', 32x32px
const unsigned char fab_32x32_fa_fantasy_flight_games [] PROGMEM = {
	0x00, 0x00, 0x00, 0x00, 0x00, 0x00, 0x00, 0x00, 0x80, 0xc0, 0xe0, 0xf0, 0xf8, 0xfc, 0xfe, 0xff, 
	0xff, 0xfe, 0xfc, 0xf8, 0xf0, 0xe0, 0xc0, 0x80, 0x00, 0x00, 0x00, 0x00, 0x00, 0x00, 0x00, 0x00, 
	0x80, 0xc0, 0xe0, 0xf0, 0xf8, 0xfc, 0x7e, 0x3f, 0x1f, 0x0f, 0x07, 0x83, 0x81, 0x00, 0x10, 0x30, 
	0xf0, 0x70, 0xe0, 0xe1, 0xc3, 0xc7, 0x6f, 0x3f, 0x3f, 0x7e, 0xfc, 0xf8, 0xf0, 0xe0, 0xc0, 0x80, 
	0x01, 0x03, 0x07, 0x0f, 0x1f, 0x3f, 0x7e, 0xfc, 0xfc, 0xf6, 0xe3, 0xc3, 0x87, 0x07, 0x0e, 0x0f, 
	0x0c, 0x08, 0x00, 0x81, 0xc1, 0xe0, 0xf0, 0xf8, 0xfc, 0x7e, 0x3f, 0x1f, 0x0f, 0x07, 0x03, 0x01, 
	0x00, 0x00, 0x00, 0x00, 0x00, 0x00, 0x00, 0x00, 0x01, 0x03, 0x07, 0x0f, 0x1f, 0x3f, 0x7f, 0xff, 
	0xff, 0x7f, 0x3f, 0x1f, 0x0f, 0x07, 0x03, 0x01, 0x00, 0x00, 0x00, 0x00, 0x00, 0x00, 0x00, 0x00
};
// 'fedex', 32x32px
const unsigned char fab_32x32_fa_fedex [] PROGMEM = {
	0x00, 0x00, 0x00, 0x00, 0x00, 0x00, 0x00, 0x00, 0x00, 0x00, 0x00, 0x00, 0x00, 0x00, 0x00, 0x00, 
	0x00, 0x00, 0x00, 0x00, 0x00, 0x00, 0x00, 0x00, 0x00, 0x00, 0x00, 0x00, 0x00, 0x00, 0x00, 0x00, 
	0xf8, 0xf8, 0xf8, 0x98, 0x98, 0x80, 0x80, 0xc0, 0xc0, 0xc0, 0x80, 0x00, 0x80, 0xc0, 0xc0, 0xc0, 
	0xf8, 0xf8, 0x08, 0x00, 0x00, 0x00, 0x00, 0xc0, 0xc0, 0x00, 0x00, 0x80, 0x00, 0x00, 0x80, 0x00, 
	0x1f, 0x1f, 0x01, 0x01, 0x01, 0x0f, 0x0f, 0x1b, 0x1b, 0x1b, 0x0b, 0x07, 0x0f, 0x1d, 0x18, 0x08, 
	0x0f, 0x1f, 0x00, 0x00, 0x02, 0x00, 0x05, 0x08, 0x08, 0x04, 0x00, 0x08, 0x00, 0x02, 0x08, 0x00, 
	0x00, 0x00, 0x00, 0x00, 0x00, 0x00, 0x00, 0x00, 0x00, 0x00, 0x00, 0x00, 0x00, 0x00, 0x00, 0x00, 
	0x00, 0x00, 0x00, 0x00, 0x00, 0x00, 0x00, 0x00, 0x00, 0x00, 0x00, 0x00, 0x00, 0x00, 0x00, 0x00
};
// 'fedora', 32x32px
const unsigned char fab_32x32_fa_fedora [] PROGMEM = {
	0x00, 0x00, 0x00, 0x00, 0x00, 0x80, 0xc0, 0xe0, 0xf0, 0xf0, 0xf8, 0xf8, 0xfc, 0xfc, 0xfc, 0x7c, 
	0x7c, 0x3c, 0x3c, 0x1c, 0x18, 0x38, 0x30, 0x70, 0x60, 0xc0, 0x80, 0x00, 0x00, 0x00, 0x00, 0x00, 
	0x00, 0x00, 0xf0, 0xfc, 0xff, 0xff, 0xff, 0xff, 0xff, 0xff, 0xff, 0x7f, 0x7f, 0x7f, 0x01, 0x00, 
	0x00, 0x7c, 0x7e, 0xff, 0xff, 0xff, 0x7f, 0x3c, 0x00, 0x81, 0xff, 0xff, 0xfc, 0xf0, 0x00, 0x00, 
	0x00, 0x00, 0xff, 0xff, 0x07, 0x03, 0xf1, 0xf8, 0xfe, 0xfc, 0xfc, 0xfc, 0xfc, 0x38, 0x00, 0x00, 
	0x80, 0xfc, 0xfc, 0xfc, 0xfc, 0xff, 0xfc, 0xfe, 0xff, 0xff, 0xff, 0xff, 0x3f, 0x0f, 0x00, 0x00, 
	0x00, 0x00, 0x1f, 0x1f, 0x3e, 0x38, 0x38, 0x3b, 0x33, 0x21, 0x21, 0x31, 0x30, 0x38, 0x38, 0x3c, 
	0x3f, 0x3f, 0x3f, 0x3f, 0x1f, 0x1f, 0x0f, 0x0f, 0x07, 0x03, 0x01, 0x00, 0x00, 0x00, 0x00, 0x00
};
// 'figma', 32x32px
const unsigned char fab_32x32_fa_figma [] PROGMEM = {
	0x00, 0x00, 0x00, 0x00, 0x00, 0xf8, 0xfc, 0x0e, 0x07, 0x03, 0x03, 0x03, 0x03, 0x03, 0x03, 0xff, 
	0xff, 0x03, 0x03, 0x03, 0x03, 0x03, 0x03, 0x07, 0x0e, 0xfc, 0xf8, 0x00, 0x00, 0x00, 0x00, 0x00, 
	0x00, 0x00, 0x00, 0x00, 0x00, 0xe1, 0xf3, 0x3f, 0x1e, 0x0c, 0x0c, 0x0c, 0x0c, 0x0c, 0x0c, 0xff, 
	0xff, 0x3c, 0x1c, 0x0c, 0x0c, 0x0c, 0x0c, 0x1e, 0x3f, 0xf3, 0xe1, 0x00, 0x00, 0x00, 0x00, 0x00, 
	0x00, 0x00, 0x00, 0x00, 0x00, 0x87, 0xcf, 0xfc, 0x78, 0x30, 0x30, 0x30, 0x30, 0x30, 0x30, 0xff, 
	0xff, 0x1c, 0x18, 0x30, 0x30, 0x30, 0x30, 0x38, 0x1c, 0x0f, 0x07, 0x00, 0x00, 0x00, 0x00, 0x00, 
	0x00, 0x00, 0x00, 0x00, 0x00, 0x1f, 0x3f, 0x70, 0xe0, 0xc0, 0xc0, 0xc0, 0xc0, 0xe0, 0x70, 0x3f, 
	0x0f, 0x00, 0x00, 0x00, 0x00, 0x00, 0x00, 0x00, 0x00, 0x00, 0x00, 0x00, 0x00, 0x00, 0x00, 0x00
};
// 'firefox', 32x32px
const unsigned char fab_32x32_fa_firefox [] PROGMEM = {
	0x00, 0x00, 0x00, 0x80, 0x00, 0x80, 0xc0, 0xe0, 0xe0, 0xf0, 0xf0, 0xf2, 0xf2, 0x72, 0x32, 0x13, 
	0x03, 0x03, 0x06, 0x06, 0x0e, 0x0e, 0x1c, 0x3c, 0x78, 0xf0, 0xf0, 0xc0, 0x80, 0x00, 0x00, 0x00, 
	0xc0, 0xfc, 0xff, 0xff, 0xff, 0xff, 0xff, 0xff, 0xff, 0xff, 0xcf, 0xe1, 0xf0, 0x18, 0x00, 0x00, 
	0x00, 0x00, 0x00, 0x00, 0x00, 0x00, 0x00, 0x00, 0x00, 0x81, 0xff, 0xff, 0xff, 0xff, 0xfc, 0xc0, 
	0x03, 0x3f, 0xff, 0xff, 0xff, 0xff, 0xff, 0xff, 0xff, 0xff, 0xff, 0xff, 0xff, 0xff, 0xfc, 0xf8, 
	0xf8, 0xf0, 0xf0, 0xf0, 0xf0, 0xf8, 0xf8, 0xfc, 0xfe, 0xff, 0xff, 0xff, 0xff, 0xff, 0x3f, 0x03, 
	0x00, 0x00, 0x00, 0x01, 0x03, 0x07, 0x0f, 0x1f, 0x3f, 0x3f, 0x7f, 0x7f, 0x7f, 0x7f, 0x7f, 0xff, 
	0xff, 0x7f, 0x7f, 0x7f, 0x7f, 0x3f, 0x3f, 0x3f, 0x1f, 0x0f, 0x07, 0x03, 0x01, 0x00, 0x00, 0x00
};
// 'firefox-browser', 32x32px
const unsigned char fab_32x32_fa_firefox_browser [] PROGMEM = {
	0x00, 0x00, 0x00, 0x00, 0x80, 0xc0, 0xc0, 0x00, 0x00, 0x80, 0xc0, 0x00, 0x00, 0x00, 0x00, 0x80, 
	0xe0, 0xf8, 0xfc, 0xfe, 0xff, 0xfe, 0xf8, 0xf0, 0xe0, 0xc0, 0x00, 0x00, 0x00, 0x00, 0x00, 0x00, 
	0x00, 0xf0, 0xfe, 0xff, 0xff, 0xff, 0xff, 0xff, 0xff, 0xff, 0xff, 0x7c, 0x78, 0x71, 0x71, 0x21, 
	0x01, 0x01, 0x01, 0x01, 0x1b, 0x37, 0xff, 0xff, 0xff, 0xff, 0xff, 0xff, 0xff, 0xfe, 0xf8, 0x00, 
	0x00, 0x1f, 0x7f, 0xff, 0xff, 0xff, 0xff, 0xff, 0xff, 0xf9, 0xe0, 0xc0, 0xc0, 0x80, 0x80, 0x80, 
	0x80, 0x80, 0x80, 0xc0, 0xe0, 0xf0, 0xff, 0xff, 0xff, 0xff, 0xff, 0xff, 0xff, 0x7f, 0x1f, 0x00, 
	0x00, 0x00, 0x00, 0x01, 0x03, 0x07, 0x0f, 0x1f, 0x3f, 0x3f, 0x3f, 0x7f, 0x7f, 0x7f, 0x7f, 0xff, 
	0xff, 0x7f, 0x7f, 0x7f, 0x7f, 0x3f, 0x3f, 0x3f, 0x1f, 0x0f, 0x07, 0x03, 0x01, 0x00, 0x00, 0x00
};
// 'firstdraft', 32x32px
const unsigned char fab_32x32_fa_firstdraft [] PROGMEM = {
	0x00, 0x00, 0x00, 0x00, 0xff, 0xff, 0xff, 0xff, 0xff, 0xff, 0xff, 0xff, 0xff, 0xff, 0xff, 0xff, 
	0xff, 0xff, 0xff, 0xff, 0xff, 0xff, 0xff, 0xff, 0xff, 0xff, 0xff, 0xff, 0x00, 0x00, 0x00, 0x00, 
	0x00, 0x00, 0x00, 0x00, 0xff, 0xff, 0xff, 0xff, 0xff, 0xff, 0xff, 0xff, 0xff, 0xff, 0xff, 0xff, 
	0xff, 0xff, 0xff, 0xff, 0x00, 0x00, 0xf8, 0xfc, 0x0c, 0x0c, 0x8c, 0xcc, 0x00, 0x00, 0x00, 0x00, 
	0x00, 0x00, 0x00, 0x00, 0xff, 0xff, 0xff, 0xff, 0xff, 0xff, 0xff, 0xff, 0x00, 0x00, 0xf8, 0xfc, 
	0x0c, 0x0c, 0x8c, 0xcc, 0xcc, 0xcc, 0xcf, 0xcf, 0xc0, 0xc0, 0xff, 0xff, 0x00, 0x00, 0x00, 0x00, 
	0x00, 0x00, 0x00, 0x00, 0x0c, 0x0c, 0x0c, 0x0c, 0xcc, 0xcc, 0xcc, 0xcc, 0xcc, 0xcc, 0xcf, 0xcf, 
	0xc0, 0xc0, 0xff, 0xff, 0x00, 0x00, 0xf8, 0xfc, 0x0c, 0x0c, 0x0c, 0x0c, 0x00, 0x00, 0x00, 0x00
};
// 'first-order', 32x32px
const unsigned char fab_32x32_fa_first_order [] PROGMEM = {
	0x00, 0x00, 0x00, 0x80, 0x80, 0x40, 0x60, 0xa0, 0xb0, 0xd0, 0x78, 0xe8, 0xf4, 0xb6, 0x3a, 0xfb, 
	0xfb, 0x3a, 0xb6, 0xf4, 0xe8, 0x78, 0xd0, 0xb0, 0xa0, 0x60, 0x40, 0x80, 0x80, 0x00, 0x00, 0x00, 
	0x00, 0x00, 0xff, 0x01, 0xfe, 0xff, 0x9f, 0xbb, 0xfb, 0xff, 0xfe, 0xff, 0xff, 0xff, 0xff, 0xff, 
	0xff, 0xff, 0xff, 0xff, 0xff, 0xfe, 0xff, 0xfb, 0xbb, 0x9f, 0xff, 0xfe, 0x01, 0xff, 0x00, 0x00, 
	0x00, 0x00, 0xff, 0x80, 0x7f, 0xff, 0xf9, 0xdd, 0xdf, 0xff, 0x7f, 0xff, 0xff, 0xff, 0xff, 0xff, 
	0xff, 0xff, 0xff, 0xff, 0xff, 0x7f, 0xff, 0xdf, 0xdd, 0xf9, 0xff, 0x7f, 0x80, 0xff, 0x00, 0x00, 
	0x00, 0x00, 0x00, 0x01, 0x01, 0x02, 0x06, 0x05, 0x0d, 0x0b, 0x1e, 0x17, 0x2f, 0x6d, 0x5c, 0xdf, 
	0xdf, 0x5c, 0x6d, 0x2f, 0x17, 0x1e, 0x0b, 0x0d, 0x05, 0x06, 0x02, 0x01, 0x01, 0x00, 0x00, 0x00
};
// 'first-order-alt', 32x32px
const unsigned char fab_32x32_fa_first_order_alt [] PROGMEM = {
	0x00, 0x00, 0x00, 0x00, 0x40, 0x20, 0x10, 0x00, 0x80, 0x90, 0x00, 0xe0, 0xe0, 0xe0, 0x80, 0xf0, 
	0xf0, 0xf0, 0x80, 0xe0, 0xe0, 0xe8, 0x00, 0x90, 0x80, 0x00, 0x10, 0x20, 0x40, 0x00, 0x00, 0x00, 
	0x00, 0x30, 0x00, 0x00, 0x80, 0xd9, 0xfc, 0xf9, 0xfb, 0xff, 0xff, 0xff, 0xff, 0xff, 0xff, 0xff, 
	0xff, 0xff, 0xff, 0xff, 0xff, 0xff, 0xff, 0xff, 0xfb, 0xf9, 0xfc, 0xd9, 0x80, 0x00, 0x00, 0x30, 
	0x00, 0x0c, 0x00, 0x00, 0x01, 0x9b, 0x3f, 0x9f, 0xdf, 0xff, 0xff, 0xff, 0xff, 0xff, 0xff, 0xff, 
	0xff, 0xff, 0xff, 0xff, 0xff, 0xff, 0xff, 0xff, 0xdf, 0x9f, 0x3f, 0x9b, 0x01, 0x00, 0x00, 0x0c, 
	0x00, 0x00, 0x00, 0x00, 0x02, 0x04, 0x08, 0x00, 0x01, 0x09, 0x00, 0x07, 0x07, 0x07, 0x01, 0x0f, 
	0x0f, 0x0f, 0x01, 0x07, 0x07, 0x17, 0x00, 0x09, 0x01, 0x00, 0x08, 0x04, 0x02, 0x00, 0x00, 0x00
};
// 'flickr', 32x32px
const unsigned char fab_32x32_fa_flickr [] PROGMEM = {
	0x00, 0x00, 0xf8, 0xfc, 0xfc, 0xfc, 0xfc, 0xfc, 0xfc, 0xfc, 0xfc, 0xfc, 0xfc, 0xfc, 0xfc, 0xfc, 
	0xfc, 0xfc, 0xfc, 0xfc, 0xfc, 0xfc, 0xfc, 0xfc, 0xfc, 0xfc, 0xfc, 0xfc, 0xfc, 0xf8, 0x00, 0x00, 
	0x00, 0x00, 0xff, 0xff, 0xff, 0xff, 0xff, 0x3f, 0x1f, 0x0f, 0x0f, 0x0f, 0x0f, 0x1f, 0x3f, 0xff, 
	0xff, 0x3f, 0x1f, 0x0f, 0x0f, 0x0f, 0x0f, 0x1f, 0x3f, 0xff, 0xff, 0xff, 0xff, 0xff, 0x00, 0x00, 
	0x00, 0x00, 0xff, 0xff, 0xff, 0xff, 0xff, 0xfc, 0xf8, 0xf0, 0xf0, 0xf0, 0xf0, 0xf8, 0xfc, 0xff, 
	0xff, 0xfc, 0xf8, 0xf0, 0xf0, 0xf0, 0xf0, 0xf8, 0xfc, 0xff, 0xff, 0xff, 0xff, 0xff, 0x00, 0x00, 
	0x00, 0x00, 0x1f, 0x3f, 0x3f, 0x3f, 0x3f, 0x3f, 0x3f, 0x3f, 0x3f, 0x3f, 0x3f, 0x3f, 0x3f, 0x3f, 
	0x3f, 0x3f, 0x3f, 0x3f, 0x3f, 0x3f, 0x3f, 0x3f, 0x3f, 0x3f, 0x3f, 0x3f, 0x3f, 0x1f, 0x00, 0x00
};
// 'flipboard', 32x32px
const unsigned char fab_32x32_fa_flipboard [] PROGMEM = {
	0x00, 0x00, 0xfc, 0xfc, 0xfc, 0xfc, 0xfc, 0xfc, 0xfc, 0xfc, 0xfc, 0xfc, 0xfc, 0xfc, 0xfc, 0xfc, 
	0xfc, 0xfc, 0xfc, 0xfc, 0xfc, 0xfc, 0xfc, 0xfc, 0xfc, 0xfc, 0xfc, 0xfc, 0xfc, 0xfc, 0x00, 0x00, 
	0x00, 0x00, 0xff, 0xff, 0xff, 0xff, 0xff, 0xff, 0x00, 0x00, 0x00, 0x00, 0x00, 0x00, 0x00, 0x00, 
	0x00, 0x00, 0x00, 0xe0, 0xe0, 0xe0, 0xe0, 0xe0, 0xff, 0xff, 0xff, 0xff, 0xff, 0xff, 0x00, 0x00, 
	0x00, 0x00, 0xff, 0xff, 0xff, 0xff, 0xff, 0xff, 0x00, 0x00, 0x00, 0x00, 0x00, 0xf8, 0xf8, 0xf8, 
	0xf8, 0xf8, 0xf8, 0xff, 0xff, 0xff, 0xff, 0xff, 0xff, 0xff, 0xff, 0xff, 0xff, 0xff, 0x00, 0x00, 
	0x00, 0x00, 0x3f, 0x3f, 0x3f, 0x3f, 0x3f, 0x3f, 0x3f, 0x3f, 0x3f, 0x3f, 0x3f, 0x3f, 0x3f, 0x3f, 
	0x3f, 0x3f, 0x3f, 0x3f, 0x3f, 0x3f, 0x3f, 0x3f, 0x3f, 0x3f, 0x3f, 0x3f, 0x3f, 0x3f, 0x00, 0x00
};
// 'fly', 32x32px
const unsigned char fab_32x32_fa_fly [] PROGMEM = {
	0x00, 0x00, 0x00, 0x00, 0x00, 0x00, 0xe0, 0xf0, 0xf8, 0xfc, 0xfe, 0x7e, 0x0f, 0x07, 0x03, 0x03, 
	0xff, 0xff, 0xff, 0xfb, 0xe2, 0x06, 0x0c, 0x18, 0x70, 0xc0, 0x00, 0x00, 0x00, 0x00, 0x00, 0x00, 
	0x00, 0x00, 0x00, 0x00, 0x00, 0x00, 0x1f, 0x7f, 0xff, 0xff, 0xff, 0xf8, 0x80, 0x00, 0x00, 0x00, 
	0xff, 0xff, 0xff, 0xff, 0x3f, 0x00, 0x80, 0xc0, 0x78, 0x1f, 0x00, 0x00, 0x00, 0x00, 0x00, 0x00, 
	0x00, 0x00, 0x00, 0x00, 0x00, 0x00, 0x00, 0x00, 0x01, 0x03, 0x07, 0x0f, 0x3f, 0x7e, 0xf0, 0xf0, 
	0xff, 0xff, 0x77, 0x39, 0x0c, 0x06, 0x03, 0x01, 0x00, 0x00, 0x00, 0x00, 0x00, 0x00, 0x00, 0x00, 
	0x00, 0x00, 0x00, 0x00, 0x00, 0x00, 0x00, 0x00, 0x00, 0x00, 0x00, 0x00, 0x00, 0x00, 0xf0, 0xf9, 
	0xf9, 0xf0, 0x00, 0x00, 0x00, 0x00, 0x00, 0x00, 0x00, 0x00, 0x00, 0x00, 0x00, 0x00, 0x00, 0x00
};
// 'font-awesome', 32x32px
const unsigned char fab_32x32_fa_font_awesome [] PROGMEM = {
	0x00, 0x00, 0xf8, 0xfc, 0xfc, 0xfc, 0xfc, 0xfc, 0xfc, 0xfc, 0xfc, 0xfc, 0xfc, 0xfc, 0xfc, 0xfc, 
	0xfc, 0xfc, 0xfc, 0xfc, 0xfc, 0xfc, 0xfc, 0xfc, 0xfc, 0xfc, 0xfc, 0xfc, 0xfc, 0xf8, 0x00, 0x00, 
	0x00, 0x00, 0xff, 0xff, 0xff, 0xff, 0xff, 0xff, 0xff, 0x01, 0x01, 0xf3, 0xf3, 0xf3, 0xfb, 0xf3, 
	0xf3, 0xf3, 0xf3, 0xf7, 0xf3, 0x03, 0x03, 0xff, 0xff, 0xff, 0xff, 0xff, 0xff, 0xff, 0x00, 0x00, 
	0x00, 0x00, 0xff, 0xff, 0xff, 0xff, 0xff, 0xff, 0xff, 0x80, 0x80, 0xff, 0xff, 0xfb, 0xfb, 0xf3, 
	0xf3, 0xf3, 0xf3, 0xf7, 0xf3, 0xf0, 0xf0, 0xff, 0xff, 0xff, 0xff, 0xff, 0xff, 0xff, 0x00, 0x00, 
	0x00, 0x00, 0x1f, 0x3f, 0x3f, 0x3f, 0x3f, 0x3f, 0x3f, 0x3f, 0x3f, 0x3f, 0x3f, 0x3f, 0x3f, 0x3f, 
	0x3f, 0x3f, 0x3f, 0x3f, 0x3f, 0x3f, 0x3f, 0x3f, 0x3f, 0x3f, 0x3f, 0x3f, 0x3f, 0x1f, 0x00, 0x00
};
// 'font-awesome-alt', 32x32px
const unsigned char fab_32x32_fa_font_awesome_alt [] PROGMEM = {
	0x00, 0x00, 0xf8, 0xfc, 0x0c, 0x0c, 0x0c, 0x0c, 0x0c, 0x0c, 0x0c, 0x0c, 0x0c, 0x0c, 0x0c, 0x0c, 
	0x0c, 0x0c, 0x0c, 0x0c, 0x0c, 0x0c, 0x0c, 0x0c, 0x0c, 0x0c, 0x0c, 0x0c, 0xfc, 0xf8, 0x00, 0x00, 
	0x00, 0x00, 0xff, 0xff, 0x00, 0x00, 0x00, 0x00, 0x00, 0xfe, 0xfe, 0x0c, 0x0c, 0x0c, 0x0e, 0x0c, 
	0x0c, 0x0c, 0x0c, 0x1c, 0x0c, 0xfc, 0xfc, 0x00, 0x00, 0x00, 0x00, 0x00, 0xff, 0xff, 0x00, 0x00, 
	0x00, 0x00, 0xff, 0xff, 0x00, 0x00, 0x00, 0x00, 0x00, 0x7f, 0x7f, 0x00, 0x00, 0x0c, 0x0e, 0x0c, 
	0x0c, 0x0c, 0x0c, 0x1c, 0x0c, 0x0f, 0x0f, 0x00, 0x00, 0x00, 0x00, 0x00, 0xff, 0xff, 0x00, 0x00, 
	0x00, 0x00, 0x1f, 0x3f, 0x30, 0x30, 0x30, 0x30, 0x30, 0x30, 0x30, 0x30, 0x30, 0x30, 0x30, 0x30, 
	0x30, 0x30, 0x30, 0x30, 0x30, 0x30, 0x30, 0x30, 0x30, 0x30, 0x30, 0x30, 0x3f, 0x1f, 0x00, 0x00
};
// 'font-awesome-flag', 32x32px
const unsigned char fab_32x32_fa_font_awesome_flag [] PROGMEM = {
	0x00, 0x00, 0xf8, 0xfc, 0xfc, 0xf8, 0xe0, 0xf0, 0xf0, 0xf0, 0x78, 0x78, 0x78, 0x78, 0x78, 0x78, 
	0xf8, 0xf0, 0xf0, 0xe0, 0xe0, 0xe0, 0xe0, 0xe0, 0xe0, 0xe0, 0xf0, 0xf0, 0xf0, 0xf8, 0x00, 0x00, 
	0x00, 0x00, 0xff, 0xff, 0xff, 0xff, 0x01, 0x00, 0x00, 0x00, 0x00, 0x00, 0x00, 0x00, 0x00, 0x00, 
	0x00, 0x00, 0x00, 0x01, 0x01, 0x01, 0x01, 0x01, 0x01, 0x01, 0xff, 0xff, 0xff, 0xff, 0x00, 0x00, 
	0x00, 0x00, 0xff, 0xff, 0xff, 0xff, 0x00, 0x00, 0x00, 0x00, 0xf0, 0xf0, 0xf0, 0xf0, 0xf0, 0xf0, 
	0xf0, 0xe0, 0xe0, 0xc0, 0xc0, 0xc0, 0xc0, 0xc0, 0xc0, 0xe0, 0xff, 0xff, 0xff, 0xff, 0x00, 0x00, 
	0x00, 0x00, 0x1f, 0x3f, 0x3f, 0x1f, 0x00, 0x00, 0x00, 0x00, 0x00, 0x00, 0x00, 0x00, 0x00, 0x00, 
	0x01, 0x01, 0x01, 0x03, 0x03, 0x03, 0x03, 0x03, 0x03, 0x03, 0x01, 0x01, 0x01, 0x00, 0x00, 0x00
};
// 'font-awesome-logo-full', 32x32px
const unsigned char fab_32x32_fa_font_awesome_logo_full [] PROGMEM = {
	0x00, 0x00, 0x00, 0x00, 0x00, 0x00, 0x00, 0x00, 0x00, 0x00, 0x00, 0x00, 0x00, 0x00, 0x00, 0x00, 
	0x00, 0x00, 0x00, 0x00, 0x00, 0x00, 0x00, 0x00, 0x00, 0x00, 0x00, 0x00, 0x00, 0x00, 0x00, 0x00, 
	0xc0, 0x00, 0x00, 0x00, 0x00, 0x00, 0x00, 0x00, 0x00, 0x00, 0x00, 0x00, 0x00, 0x00, 0x00, 0x00, 
	0x00, 0x00, 0x00, 0x00, 0x00, 0x00, 0x00, 0x00, 0x00, 0x00, 0x00, 0x00, 0x00, 0x00, 0x00, 0x00, 
	0x01, 0x00, 0x00, 0x00, 0x00, 0x00, 0x00, 0x00, 0x00, 0x00, 0x00, 0x00, 0x00, 0x00, 0x00, 0x00, 
	0x00, 0x00, 0x00, 0x00, 0x00, 0x00, 0x00, 0x00, 0x00, 0x00, 0x00, 0x00, 0x00, 0x00, 0x00, 0x00, 
	0x00, 0x00, 0x00, 0x00, 0x00, 0x00, 0x00, 0x00, 0x00, 0x00, 0x00, 0x00, 0x00, 0x00, 0x00, 0x00, 
	0x00, 0x00, 0x00, 0x00, 0x00, 0x00, 0x00, 0x00, 0x00, 0x00, 0x00, 0x00, 0x00, 0x00, 0x00, 0x00
};
// 'fonticons', 32x32px
const unsigned char fab_32x32_fa_fonticons [] PROGMEM = {
	0x00, 0x00, 0xfc, 0xfc, 0xfc, 0xfc, 0xfc, 0xfc, 0xfc, 0xfc, 0xfc, 0xfc, 0xfc, 0xfc, 0xfc, 0xfc, 
	0xfc, 0xfc, 0xfc, 0xfc, 0x7c, 0x3c, 0x7c, 0xfc, 0xfc, 0xfc, 0xfc, 0xfc, 0xfc, 0xfc, 0x00, 0x00, 
	0x00, 0x00, 0xff, 0xff, 0xff, 0xff, 0xff, 0x3f, 0x3f, 0x07, 0x01, 0x01, 0x31, 0x39, 0x39, 0x31, 
	0xf1, 0xf3, 0x7f, 0x34, 0x30, 0x30, 0x30, 0x74, 0xff, 0xff, 0xff, 0xff, 0xff, 0xff, 0x00, 0x00, 
	0x00, 0x00, 0xff, 0xff, 0xff, 0xff, 0xff, 0xff, 0xfe, 0x00, 0x00, 0x00, 0x7e, 0xfe, 0xfe, 0xff, 
	0xff, 0xff, 0xff, 0xff, 0x00, 0x00, 0x00, 0x00, 0xff, 0xff, 0xff, 0xff, 0xff, 0xff, 0x00, 0x00, 
	0x00, 0x00, 0x3f, 0x3f, 0x3f, 0x3f, 0x3f, 0x3d, 0x3c, 0x3c, 0x3c, 0x3c, 0x3c, 0x3c, 0x3c, 0x3f, 
	0x3f, 0x3f, 0x3f, 0x3c, 0x3c, 0x3c, 0x3c, 0x3c, 0x3d, 0x3f, 0x3f, 0x3f, 0x3f, 0x3f, 0x00, 0x00
};
// 'fonticons-fi', 32x32px
const unsigned char fab_32x32_fa_fonticons_fi [] PROGMEM = {
	0x00, 0x00, 0x00, 0x00, 0x00, 0x00, 0x00, 0x00, 0x80, 0x80, 0xc0, 0xc0, 0xc0, 0xc0, 0xc0, 0xc0, 
	0x80, 0x80, 0x00, 0x40, 0xc0, 0xe0, 0xf0, 0xf8, 0xf0, 0xe0, 0xc0, 0x40, 0x00, 0x00, 0x00, 0x00, 
	0x00, 0x00, 0x00, 0x00, 0xc0, 0xc0, 0xf8, 0xff, 0xff, 0xff, 0xff, 0xc3, 0xc1, 0xc3, 0xc7, 0xc7, 
	0xc7, 0x07, 0x00, 0x80, 0xc4, 0xcf, 0xc7, 0xc7, 0xc7, 0xcf, 0x0c, 0x00, 0x00, 0x00, 0x00, 0x00, 
	0x00, 0x00, 0x00, 0x00, 0x01, 0x01, 0xff, 0xff, 0xff, 0xff, 0xff, 0x01, 0x01, 0x01, 0x01, 0x01, 
	0x00, 0x00, 0x00, 0x01, 0x01, 0x03, 0xff, 0xff, 0xff, 0xff, 0x00, 0x00, 0x00, 0x00, 0x00, 0x00, 
	0x00, 0x00, 0x00, 0x00, 0x30, 0x30, 0x3f, 0x3f, 0x3f, 0x3f, 0x3f, 0x38, 0x30, 0x30, 0x30, 0x00, 
	0x00, 0x00, 0x00, 0x30, 0x30, 0x38, 0x3f, 0x3f, 0x3f, 0x3f, 0x38, 0x30, 0x00, 0x00, 0x00, 0x00
};
// 'fort-awesome', 32x32px
const unsigned char fab_32x32_fa_fort_awesome [] PROGMEM = {
	0x00, 0x00, 0x00, 0x00, 0x00, 0x00, 0x00, 0x00, 0x00, 0x00, 0x00, 0x00, 0x00, 0x00, 0x00, 0x03, 
	0x7f, 0x3c, 0x3c, 0x7c, 0x7c, 0x3c, 0x00, 0x00, 0x00, 0x00, 0x00, 0x00, 0x00, 0x00, 0x00, 0x00, 
	0x00, 0x00, 0x00, 0x00, 0x00, 0x00, 0xfe, 0xfe, 0xf8, 0xf8, 0x3e, 0x1e, 0x3e, 0xf8, 0xf8, 0xff, 
	0xff, 0xf8, 0xf8, 0x3e, 0x1e, 0x3e, 0xf8, 0xf8, 0xfe, 0xfe, 0x00, 0x00, 0x00, 0x00, 0x00, 0x00, 
	0x00, 0xfc, 0xfc, 0xf0, 0xf0, 0xf0, 0xff, 0xff, 0xff, 0xff, 0xfc, 0xfc, 0xfe, 0xff, 0x7f, 0x7f, 
	0x7f, 0x7f, 0xff, 0xfe, 0xfc, 0xfc, 0xff, 0xff, 0xff, 0xff, 0xf0, 0xf0, 0xf0, 0xfc, 0xfc, 0x00, 
	0x00, 0xff, 0xff, 0xff, 0xff, 0xff, 0xff, 0xff, 0xff, 0xff, 0xff, 0xff, 0xff, 0x00, 0x00, 0x00, 
	0x00, 0x00, 0x00, 0xff, 0xff, 0xff, 0xff, 0xff, 0xff, 0xff, 0xff, 0xff, 0xff, 0xff, 0xff, 0x00
};
// 'fort-awesome-alt', 32x32px
const unsigned char fab_32x32_fa_fort_awesome_alt [] PROGMEM = {
	0x00, 0x00, 0x00, 0x80, 0xc0, 0xe0, 0xf0, 0xf8, 0xfc, 0xfc, 0xfe, 0xfe, 0xfe, 0xfe, 0xff, 0xef, 
	0x0f, 0x3f, 0x3e, 0x3e, 0x3e, 0xfe, 0xfc, 0xfc, 0xf8, 0xf0, 0xe0, 0xc0, 0x80, 0x00, 0x00, 0x00, 
	0xc0, 0xfc, 0xff, 0xff, 0xff, 0xff, 0xff, 0xff, 0x07, 0x0f, 0x1f, 0x8f, 0x87, 0x1f, 0x1f, 0x07, 
	0x06, 0x1e, 0x1e, 0x86, 0x8e, 0x1f, 0x0f, 0x07, 0xff, 0xff, 0xff, 0xff, 0xff, 0xff, 0xfc, 0xc0, 
	0x03, 0x3f, 0xff, 0xff, 0x07, 0x07, 0x0f, 0x0f, 0x00, 0x00, 0x00, 0x03, 0x07, 0x00, 0x80, 0xc0, 
	0xc0, 0x80, 0x00, 0x07, 0x03, 0x00, 0x00, 0x00, 0x0f, 0x0f, 0x07, 0x07, 0xff, 0xff, 0x1f, 0x03, 
	0x00, 0x00, 0x00, 0x01, 0x03, 0x06, 0x0c, 0x18, 0x30, 0x30, 0x60, 0x60, 0x60, 0x7f, 0xff, 0xff, 
	0xff, 0xff, 0x7f, 0x60, 0x60, 0x60, 0x30, 0x30, 0x18, 0x0c, 0x06, 0x03, 0x01, 0x00, 0x00, 0x00
};
// 'forumbee', 32x32px
const unsigned char fab_32x32_fa_forumbee [] PROGMEM = {
	0x00, 0x00, 0x00, 0x00, 0x00, 0x80, 0xc0, 0xe0, 0xf0, 0xf0, 0xf8, 0x78, 0x38, 0x1c, 0x1c, 0x0c, 
	0x0c, 0x84, 0x80, 0xc0, 0xc0, 0xe0, 0xe0, 0xe0, 0xe0, 0xc0, 0x00, 0x00, 0x00, 0x00, 0x00, 0x00, 
	0x00, 0x00, 0xf0, 0xfc, 0x7f, 0x1f, 0x0f, 0x07, 0x03, 0xc1, 0xe0, 0xf0, 0xf8, 0xfc, 0x7e, 0x3e, 
	0x1f, 0x0f, 0x0f, 0x07, 0x83, 0xc3, 0xc1, 0xe1, 0xf0, 0xf0, 0xf0, 0x78, 0x78, 0x30, 0x00, 0x00, 
	0x00, 0x00, 0x07, 0x01, 0x00, 0xe0, 0xf8, 0xfe, 0xff, 0x3f, 0x0f, 0x07, 0x01, 0x80, 0xe0, 0xf0, 
	0xf8, 0xfc, 0x7e, 0x3f, 0x0f, 0x0f, 0x07, 0x83, 0xc1, 0xe0, 0xf0, 0xf8, 0x38, 0x08, 0x00, 0x00, 
	0x00, 0x00, 0x00, 0x00, 0x00, 0x01, 0x07, 0x07, 0x00, 0x00, 0x00, 0x38, 0x3f, 0x3f, 0x1f, 0x07, 
	0x03, 0x00, 0x20, 0x38, 0x1c, 0x1e, 0x1f, 0x0f, 0x1f, 0x1f, 0x1f, 0x3f, 0x3e, 0x30, 0x00, 0x00
};
// 'foursquare', 32x32px
const unsigned char fab_32x32_fa_foursquare [] PROGMEM = {
	0x00, 0x00, 0x00, 0x00, 0x00, 0xfe, 0xff, 0xff, 0xff, 0x0f, 0x0f, 0x0f, 0x0f, 0x0f, 0x0f, 0x0f, 
	0x0f, 0x0f, 0x0f, 0x0f, 0x0f, 0x0f, 0x0f, 0x0f, 0xff, 0xff, 0xff, 0x3e, 0x00, 0x00, 0x00, 0x00, 
	0x00, 0x00, 0x00, 0x00, 0x00, 0xff, 0xff, 0xff, 0xff, 0x00, 0x00, 0x00, 0x00, 0x00, 0x0c, 0x1e, 
	0x1e, 0x1e, 0x1e, 0x1e, 0x1e, 0x1e, 0xfe, 0xff, 0xff, 0xff, 0x07, 0x00, 0x00, 0x00, 0x00, 0x00, 
	0x00, 0x00, 0x00, 0x00, 0x00, 0xff, 0xff, 0xff, 0xff, 0x00, 0x00, 0x80, 0xe0, 0xf0, 0xf8, 0x7c, 
	0x3c, 0x3c, 0x3c, 0x3c, 0x3c, 0x3c, 0x3f, 0x3f, 0x0f, 0x00, 0x00, 0x00, 0x00, 0x00, 0x00, 0x00, 
	0x00, 0x00, 0x00, 0x00, 0x00, 0xff, 0xff, 0xff, 0x7f, 0x3e, 0x1f, 0x0f, 0x07, 0x03, 0x00, 0x00, 
	0x00, 0x00, 0x00, 0x00, 0x00, 0x00, 0x00, 0x00, 0x00, 0x00, 0x00, 0x00, 0x00, 0x00, 0x00, 0x00
};
// 'freebsd', 32x32px
const unsigned char fab_32x32_fa_freebsd [] PROGMEM = {
	0x00, 0x00, 0x3c, 0xfc, 0xfc, 0x78, 0xb8, 0xd8, 0xe0, 0xe0, 0xf0, 0xf0, 0xf8, 0xf8, 0xf8, 0xf8, 
	0xf8, 0xf8, 0xf8, 0xf8, 0x18, 0xf0, 0xe0, 0xf0, 0xf0, 0xf8, 0xf8, 0xf8, 0xfc, 0x38, 0x00, 0x00, 
	0x00, 0x00, 0x00, 0xf0, 0xfd, 0xff, 0xff, 0xff, 0xff, 0xff, 0xff, 0xff, 0xff, 0xff, 0xff, 0xff, 
	0xff, 0xff, 0xff, 0xff, 0xff, 0xff, 0xff, 0xff, 0xff, 0xef, 0xe7, 0xff, 0xfc, 0xe0, 0x00, 0x00, 
	0x00, 0x00, 0x00, 0x0f, 0x7f, 0xff, 0xff, 0xff, 0xff, 0xff, 0xff, 0xff, 0xff, 0xff, 0xff, 0xff, 
	0xff, 0xff, 0xff, 0xff, 0xff, 0xff, 0xff, 0xff, 0xff, 0xff, 0xff, 0xff, 0x3f, 0x0f, 0x00, 0x00, 
	0x00, 0x00, 0x00, 0x00, 0x00, 0x00, 0x03, 0x07, 0x07, 0x0f, 0x0f, 0x1f, 0x1f, 0x3f, 0x3f, 0x3f, 
	0x3f, 0x3f, 0x3f, 0x1f, 0x1f, 0x1f, 0x0f, 0x0f, 0x07, 0x03, 0x01, 0x00, 0x00, 0x00, 0x00, 0x00
};
// 'free-code-camp', 32x32px
const unsigned char fab_32x32_fa_free_code_camp [] PROGMEM = {
	0x00, 0x00, 0x00, 0x80, 0xc0, 0x40, 0x00, 0x00, 0x00, 0x00, 0x00, 0x00, 0x00, 0x00, 0x00, 0x80, 
	0x00, 0x00, 0x00, 0x00, 0x00, 0x00, 0x00, 0x00, 0x00, 0x00, 0x40, 0xc0, 0x80, 0x00, 0x00, 0x00, 
	0xf0, 0xfc, 0x0f, 0x03, 0x00, 0x00, 0x00, 0x00, 0x00, 0x00, 0x00, 0x80, 0xc0, 0xf0, 0xfc, 0x7f, 
	0x7f, 0xfe, 0xf8, 0x00, 0x80, 0x00, 0x00, 0x00, 0x00, 0x00, 0x00, 0x00, 0x03, 0x0f, 0xfc, 0xf0, 
	0x07, 0x3f, 0xf0, 0xc0, 0x00, 0x00, 0x00, 0x00, 0x00, 0x00, 0x3e, 0x7f, 0x1f, 0x07, 0x01, 0x00, 
	0x00, 0x1f, 0x1f, 0x1f, 0x7f, 0x3f, 0x00, 0x00, 0x00, 0x00, 0x00, 0x00, 0xc0, 0xf0, 0x3f, 0x07, 
	0x00, 0x00, 0x00, 0x01, 0x03, 0x02, 0x00, 0x00, 0x00, 0x00, 0x00, 0x00, 0x00, 0x00, 0x00, 0x00, 
	0x00, 0x00, 0x00, 0x00, 0x00, 0x00, 0x00, 0x00, 0x00, 0x00, 0x02, 0x03, 0x01, 0x00, 0x00, 0x00
};
// 'fulcrum', 32x32px
const unsigned char fab_32x32_fa_fulcrum [] PROGMEM = {
	0x00, 0x00, 0x00, 0x00, 0x00, 0x00, 0x00, 0x00, 0x00, 0x00, 0x00, 0x00, 0x00, 0x00, 0xc0, 0x00, 
	0x00, 0xc0, 0x00, 0x00, 0x00, 0x00, 0x00, 0x00, 0x00, 0x00, 0x00, 0x00, 0x00, 0x00, 0x00, 0x00, 
	0x00, 0x00, 0x00, 0x00, 0x00, 0x00, 0x00, 0x00, 0x06, 0x1f, 0x0f, 0x84, 0xc0, 0x70, 0x3f, 0x00, 
	0x00, 0x3f, 0x60, 0xc0, 0x84, 0x0f, 0x1f, 0x06, 0x00, 0x00, 0x00, 0x00, 0x00, 0x00, 0x00, 0x00, 
	0x00, 0x00, 0x00, 0x00, 0x00, 0x00, 0x00, 0x00, 0x00, 0x00, 0x00, 0x01, 0x03, 0x0e, 0xfc, 0x00, 
	0x00, 0xfc, 0x06, 0x03, 0x01, 0x00, 0x00, 0x00, 0x00, 0x00, 0x00, 0x00, 0x00, 0x00, 0x00, 0x00, 
	0x00, 0x00, 0x00, 0x00, 0x00, 0x00, 0x00, 0x00, 0x00, 0x00, 0x00, 0x00, 0x00, 0x00, 0x03, 0x00, 
	0x00, 0x03, 0x00, 0x00, 0x00, 0x00, 0x00, 0x00, 0x00, 0x00, 0x00, 0x00, 0x00, 0x00, 0x00, 0x00
};
// 'galactic-republic', 32x32px
const unsigned char fab_32x32_fa_galactic_republic [] PROGMEM = {
	0x00, 0x00, 0x00, 0x80, 0xc0, 0x60, 0x30, 0x18, 0x08, 0x24, 0x34, 0x12, 0x1a, 0x1a, 0x0a, 0x83, 
	0xc3, 0x83, 0x0a, 0x1a, 0x1a, 0x12, 0x34, 0x24, 0x08, 0x18, 0x30, 0x60, 0xc0, 0x80, 0x00, 0x00, 
	0x00, 0xf0, 0x1e, 0x03, 0x3c, 0x0e, 0x03, 0x80, 0x80, 0x82, 0x86, 0x8c, 0xf8, 0xf0, 0xf0, 0xff, 
	0xff, 0xff, 0xf0, 0xf0, 0xf8, 0x8c, 0x86, 0x82, 0x80, 0x80, 0x03, 0x0e, 0x3c, 0x03, 0x1e, 0xf0, 
	0x00, 0x0f, 0x78, 0xc0, 0x3c, 0x70, 0xc0, 0x01, 0x01, 0x41, 0x61, 0x31, 0x1f, 0x0f, 0x0f, 0xff, 
	0xff, 0xff, 0x0f, 0x0f, 0x1f, 0x31, 0x61, 0x41, 0x01, 0x01, 0xc0, 0x70, 0x3c, 0xc0, 0x78, 0x0f, 
	0x00, 0x00, 0x00, 0x01, 0x03, 0x06, 0x0c, 0x18, 0x10, 0x24, 0x2c, 0x48, 0x58, 0x58, 0x50, 0xc1, 
	0xc3, 0xc1, 0x50, 0x58, 0x58, 0x48, 0x2c, 0x24, 0x10, 0x18, 0x0c, 0x06, 0x03, 0x01, 0x00, 0x00
};
// 'galactic-senate', 32x32px
const unsigned char fab_32x32_fa_galactic_senate [] PROGMEM = {
	0x00, 0x00, 0x00, 0x00, 0x00, 0x00, 0x00, 0x00, 0x00, 0x00, 0x00, 0x00, 0x00, 0x00, 0x00, 0xf0, 
	0xf0, 0x00, 0x00, 0x00, 0x00, 0x00, 0x00, 0x00, 0x00, 0x00, 0x00, 0x00, 0x00, 0x00, 0x00, 0x00, 
	0x00, 0x00, 0x00, 0x00, 0x00, 0x00, 0x00, 0x00, 0x00, 0xc0, 0xe0, 0xc0, 0xd0, 0xf8, 0xfe, 0xff, 
	0xff, 0xfe, 0xf8, 0xd0, 0xc0, 0xe0, 0xc0, 0x00, 0x00, 0x00, 0x00, 0x00, 0x00, 0x00, 0x00, 0x00, 
	0x60, 0xe0, 0xe0, 0xf0, 0x70, 0x70, 0x70, 0xfe, 0xfe, 0xfe, 0xff, 0xf3, 0xf9, 0xfc, 0xc7, 0xc7, 
	0xc7, 0xc7, 0xfc, 0xf9, 0xf3, 0xff, 0xfe, 0xfe, 0xfe, 0x70, 0x70, 0x70, 0xf0, 0xe0, 0xe0, 0x60, 
	0x00, 0x00, 0x01, 0x00, 0x00, 0x00, 0x00, 0x01, 0x01, 0x01, 0x01, 0x01, 0x03, 0x0e, 0x3f, 0x3f, 
	0x3f, 0x3f, 0x0e, 0x03, 0x01, 0x01, 0x01, 0x01, 0x01, 0x00, 0x00, 0x00, 0x00, 0x01, 0x00, 0x00
};
// 'get-pocket', 32x32px
const unsigned char fab_32x32_fa_get_pocket [] PROGMEM = {
	0x00, 0x00, 0xe0, 0xf0, 0xf0, 0xf0, 0xf0, 0xf0, 0xf0, 0xf0, 0xf0, 0xf0, 0xf0, 0xf0, 0xf0, 0xf0, 
	0xf0, 0xf0, 0xf0, 0xf0, 0xf0, 0xf0, 0xf0, 0xf0, 0xf0, 0xf0, 0xf0, 0xf0, 0xf0, 0xe0, 0x00, 0x00, 
	0x00, 0x00, 0xff, 0xff, 0xff, 0xff, 0xff, 0xff, 0x8f, 0x07, 0x0f, 0x0f, 0x1f, 0x3f, 0x7f, 0xff, 
	0xff, 0x7f, 0x3f, 0x1f, 0x0f, 0x0f, 0x07, 0x87, 0xff, 0xff, 0xff, 0xff, 0xff, 0xff, 0x00, 0x00, 
	0x00, 0x00, 0x07, 0x1f, 0x7f, 0xff, 0xff, 0xff, 0xff, 0xff, 0xfe, 0xfc, 0xf8, 0xf0, 0xe0, 0xe0, 
	0xe0, 0xe0, 0xf0, 0xf8, 0xfc, 0xfe, 0xff, 0xff, 0xff, 0xff, 0xff, 0x7f, 0x1f, 0x07, 0x00, 0x00, 
	0x00, 0x00, 0x00, 0x00, 0x00, 0x00, 0x01, 0x03, 0x07, 0x07, 0x0f, 0x0f, 0x1f, 0x1f, 0x1f, 0x1f, 
	0x1f, 0x1f, 0x1f, 0x1f, 0x0f, 0x0f, 0x07, 0x07, 0x03, 0x01, 0x00, 0x00, 0x00, 0x00, 0x00, 0x00
};
// 'gg', 32x32px
const unsigned char fab_32x32_fa_gg [] PROGMEM = {
	0x00, 0x00, 0x00, 0x00, 0x00, 0x00, 0x00, 0x00, 0x80, 0xc0, 0xe0, 0xe0, 0xc0, 0x80, 0x00, 0x00, 
	0x00, 0x00, 0x80, 0xc0, 0xe0, 0xe0, 0xc0, 0x80, 0x00, 0x00, 0x00, 0x00, 0x00, 0x00, 0x00, 0x00, 
	0x80, 0xc0, 0xe0, 0xf0, 0x78, 0x3c, 0x1e, 0x0f, 0x07, 0x03, 0x81, 0x80, 0x01, 0x00, 0x00, 0x0c, 
	0x1e, 0x3f, 0x73, 0xe1, 0xc0, 0x81, 0x03, 0x07, 0x0f, 0x1e, 0x3c, 0x78, 0xf0, 0xe0, 0xc0, 0x80, 
	0x01, 0x03, 0x07, 0x0f, 0x1e, 0x3c, 0x78, 0xf0, 0xe0, 0xc0, 0x81, 0x03, 0x87, 0xce, 0xfc, 0x78, 
	0x30, 0x00, 0x00, 0x80, 0x01, 0x81, 0xc0, 0xe0, 0xf0, 0x78, 0x3c, 0x1e, 0x0f, 0x07, 0x03, 0x01, 
	0x00, 0x00, 0x00, 0x00, 0x00, 0x00, 0x00, 0x00, 0x01, 0x03, 0x07, 0x07, 0x03, 0x01, 0x00, 0x00, 
	0x00, 0x00, 0x01, 0x03, 0x07, 0x07, 0x03, 0x01, 0x00, 0x00, 0x00, 0x00, 0x00, 0x00, 0x00, 0x00
};
// 'gg-circle', 32x32px
const unsigned char fab_32x32_fa_gg_circle [] PROGMEM = {
	0x00, 0x00, 0x00, 0x80, 0xc0, 0xe0, 0xf0, 0xf8, 0xfc, 0xfc, 0xfe, 0xfe, 0xfe, 0xfe, 0xff, 0xff, 
	0xff, 0xff, 0xfe, 0xfe, 0xfe, 0xfe, 0xfc, 0xfc, 0xf8, 0xf0, 0xf0, 0xe0, 0x80, 0x00, 0x00, 0x00, 
	0x80, 0xf8, 0xff, 0xff, 0xff, 0xff, 0x7f, 0x3f, 0x1f, 0x8f, 0xc7, 0xe3, 0x71, 0x71, 0xfb, 0xcf, 
	0x87, 0x03, 0x31, 0x79, 0xf1, 0xe3, 0xc7, 0x8f, 0x1f, 0x3f, 0xff, 0xff, 0xff, 0xff, 0xfc, 0xc0, 
	0x01, 0x1f, 0xff, 0xff, 0xff, 0xff, 0xfe, 0xfc, 0xf8, 0xf1, 0xe3, 0xc7, 0x8e, 0x8c, 0xc0, 0xe1, 
	0xf3, 0xdf, 0x8e, 0x8e, 0xc7, 0xe3, 0xf1, 0xf8, 0xfc, 0xfe, 0xff, 0xff, 0xff, 0xff, 0x3f, 0x03, 
	0x00, 0x00, 0x00, 0x01, 0x03, 0x07, 0x0f, 0x1f, 0x3f, 0x3f, 0x7f, 0x7f, 0x7f, 0x7f, 0xff, 0xff, 
	0xff, 0xff, 0x7f, 0x7f, 0x7f, 0x7f, 0x3f, 0x3f, 0x1f, 0x0f, 0x0f, 0x07, 0x01, 0x00, 0x00, 0x00
};
// 'git', 32x32px
const unsigned char fab_32x32_fa_git [] PROGMEM = {
	0x00, 0x00, 0x00, 0x00, 0x00, 0x00, 0x00, 0x00, 0x00, 0x00, 0x00, 0x00, 0x00, 0x00, 0x00, 0x00, 
	0x70, 0xf8, 0xf8, 0x70, 0x00, 0x00, 0x00, 0x00, 0x00, 0xc0, 0xe0, 0xc0, 0x00, 0x00, 0x00, 0x00, 
	0xe0, 0xf8, 0xf8, 0xfc, 0x1c, 0x0c, 0x0c, 0x0c, 0x9c, 0xfc, 0xfc, 0xfc, 0x0c, 0x0c, 0x00, 0x0c, 
	0xfc, 0xfc, 0xfc, 0xfc, 0x00, 0x00, 0x0e, 0x0e, 0xff, 0xff, 0xff, 0xff, 0x0e, 0x0e, 0x0e, 0x00, 
	0x30, 0xfb, 0xff, 0xff, 0xff, 0xf7, 0xe6, 0xe7, 0xe7, 0xe7, 0xe3, 0xe1, 0xc0, 0x00, 0x00, 0x60, 
	0x7f, 0x7f, 0x7f, 0x7f, 0x70, 0x60, 0x00, 0x00, 0x3f, 0x7f, 0x7f, 0x7f, 0x70, 0x70, 0x70, 0x30, 
	0x07, 0x0f, 0x1f, 0x1c, 0x1c, 0x1c, 0x1c, 0x1c, 0x1c, 0x1f, 0x0f, 0x0f, 0x07, 0x00, 0x00, 0x00, 
	0x00, 0x00, 0x00, 0x00, 0x00, 0x00, 0x00, 0x00, 0x00, 0x00, 0x00, 0x00, 0x00, 0x00, 0x00, 0x00
};
// 'git-alt', 32x32px
const unsigned char fab_32x32_fa_git_alt [] PROGMEM = {
	0x00, 0x00, 0x00, 0x00, 0x00, 0x00, 0x00, 0x00, 0x00, 0x00, 0x80, 0x80, 0x00, 0x30, 0x78, 0xfc, 
	0xfc, 0xf8, 0xf0, 0xe0, 0xc0, 0x80, 0x00, 0x00, 0x00, 0x00, 0x00, 0x00, 0x00, 0x00, 0x00, 0x00, 
	0x00, 0x00, 0x80, 0xc0, 0xe0, 0xf0, 0xf8, 0xfc, 0xfe, 0xff, 0xff, 0xff, 0xff, 0xfe, 0xf0, 0x00, 
	0x00, 0xe1, 0xc7, 0x8f, 0x1f, 0x3f, 0x3f, 0x7e, 0xfc, 0xf8, 0xf0, 0xe0, 0xc0, 0x80, 0x00, 0x00, 
	0x00, 0x00, 0x01, 0x03, 0x07, 0x0f, 0x1f, 0x3f, 0x7f, 0xff, 0xff, 0xff, 0xff, 0xff, 0x9f, 0x00, 
	0x00, 0x8f, 0xff, 0xff, 0xfc, 0xfc, 0xfc, 0x7e, 0x3f, 0x1f, 0x0f, 0x07, 0x03, 0x01, 0x00, 0x00, 
	0x00, 0x00, 0x00, 0x00, 0x00, 0x00, 0x00, 0x00, 0x00, 0x00, 0x01, 0x03, 0x07, 0x0f, 0x1f, 0x3f, 
	0x3f, 0x1f, 0x0f, 0x07, 0x03, 0x01, 0x00, 0x00, 0x00, 0x00, 0x00, 0x00, 0x00, 0x00, 0x00, 0x00
};
// 'github', 32x32px
const unsigned char fab_32x32_fa_github [] PROGMEM = {
	0x00, 0x00, 0x00, 0x80, 0xc0, 0xe0, 0xf0, 0xf8, 0x7c, 0x7c, 0xfc, 0xfe, 0xfe, 0xfe, 0xff, 0xff, 
	0xff, 0xff, 0xfe, 0xfe, 0xfe, 0xfe, 0xfc, 0x7c, 0x78, 0xf8, 0xf0, 0xe0, 0xc0, 0x80, 0x00, 0x00, 
	0x00, 0xf8, 0xfe, 0xff, 0xff, 0xff, 0xff, 0x0f, 0x00, 0x00, 0x00, 0x00, 0x01, 0x01, 0x00, 0x00, 
	0x00, 0x00, 0x00, 0x00, 0x01, 0x00, 0x00, 0x00, 0x00, 0x0f, 0xff, 0xff, 0xff, 0xff, 0xfe, 0xf8, 
	0x00, 0x0f, 0x7f, 0xff, 0xff, 0xdf, 0x9f, 0x38, 0xf0, 0xe0, 0xe0, 0xe0, 0xc0, 0x00, 0x00, 0x00, 
	0x00, 0x00, 0x00, 0x00, 0xc0, 0xe0, 0xe0, 0xe0, 0xf0, 0xf8, 0xff, 0xff, 0xff, 0xff, 0x7f, 0x0f, 
	0x00, 0x00, 0x00, 0x00, 0x03, 0x07, 0x0f, 0x1f, 0x1c, 0x3c, 0x3d, 0x7d, 0x3c, 0x00, 0x00, 0x00, 
	0x00, 0x00, 0x00, 0x00, 0x3f, 0x7f, 0x3f, 0x3f, 0x1f, 0x1f, 0x0f, 0x07, 0x03, 0x01, 0x00, 0x00
};
// 'github-alt', 32x32px
const unsigned char fab_32x32_fa_github_alt [] PROGMEM = {
	0x00, 0x00, 0x00, 0xe0, 0xf0, 0xf0, 0xf0, 0xf0, 0xe0, 0xe0, 0xc0, 0xc0, 0xc0, 0xc0, 0xc0, 0xc0, 
	0xc0, 0xc0, 0xc0, 0xc0, 0xc0, 0xc0, 0xe0, 0xe0, 0xf0, 0xf0, 0xf0, 0xf0, 0xe0, 0x00, 0x00, 0x00, 
	0x00, 0xc0, 0xf0, 0xff, 0xff, 0xff, 0xff, 0xff, 0xff, 0x7f, 0x7f, 0xff, 0xff, 0xff, 0xff, 0xff, 
	0xff, 0xff, 0xff, 0xff, 0xff, 0x7f, 0x7f, 0xff, 0xff, 0xff, 0xff, 0xff, 0xff, 0xf0, 0xe0, 0x00, 
	0x00, 0x3f, 0xff, 0xff, 0xff, 0x87, 0x01, 0x00, 0x7c, 0xfe, 0xfe, 0xfc, 0x38, 0x00, 0x00, 0x00, 
	0x00, 0x00, 0x00, 0x00, 0x7c, 0xfe, 0xfe, 0x7c, 0x00, 0x01, 0x83, 0xff, 0xff, 0xff, 0x3f, 0x00, 
	0x00, 0x00, 0x00, 0x01, 0x03, 0x07, 0x07, 0x06, 0x0c, 0x0c, 0x0c, 0x08, 0x08, 0x08, 0x08, 0x08, 
	0x08, 0x08, 0x08, 0x08, 0x08, 0x0c, 0x0c, 0x0c, 0x06, 0x06, 0x07, 0x03, 0x01, 0x00, 0x00, 0x00
};
// 'github-square', 32x32px
const unsigned char fab_32x32_fa_github_square [] PROGMEM = {
	0x00, 0x00, 0xf8, 0xfc, 0xfc, 0xfc, 0xfc, 0xfc, 0xfc, 0xfc, 0xfc, 0x7c, 0x7c, 0x3c, 0x3c, 0x3c, 
	0x3c, 0x3c, 0x3c, 0x7c, 0x7c, 0xfc, 0xfc, 0xfc, 0xfc, 0xfc, 0xfc, 0xfc, 0xfc, 0xf8, 0x00, 0x00, 
	0x00, 0x00, 0xff, 0xff, 0xff, 0xff, 0x0f, 0x03, 0x01, 0x80, 0xf8, 0xfc, 0xf8, 0xf8, 0xf8, 0xf8, 
	0xf8, 0xf8, 0xf8, 0xf8, 0xfc, 0xf8, 0xc0, 0x01, 0x07, 0x0f, 0xff, 0xff, 0xff, 0xff, 0x00, 0x00, 
	0x00, 0x00, 0xff, 0xff, 0xff, 0xff, 0xf0, 0xc0, 0x80, 0x10, 0x67, 0x4f, 0x4f, 0xef, 0xff, 0xff, 
	0xff, 0xff, 0xef, 0x0f, 0x0f, 0x07, 0x01, 0x80, 0xc0, 0xf0, 0xff, 0xff, 0xff, 0xff, 0x00, 0x00, 
	0x00, 0x00, 0x1f, 0x3f, 0x3f, 0x3f, 0x3f, 0x3f, 0x3f, 0x3f, 0x3e, 0x3e, 0x3c, 0x3f, 0x3f, 0x3f, 
	0x3f, 0x3f, 0x3f, 0x3c, 0x3e, 0x3e, 0x3f, 0x3f, 0x3f, 0x3f, 0x3f, 0x3f, 0x3f, 0x1f, 0x00, 0x00
};
// 'gitkraken', 32x32px
const unsigned char fab_32x32_fa_gitkraken [] PROGMEM = {
	0x00, 0x00, 0x00, 0x00, 0x80, 0xc0, 0x60, 0x30, 0x18, 0x0c, 0x80, 0xc0, 0xe0, 0xf0, 0xf8, 0xfc, 
	0xfc, 0xf8, 0xf0, 0xe0, 0xc0, 0x80, 0x0c, 0x18, 0x30, 0x60, 0xc0, 0x80, 0x00, 0x00, 0x00, 0x00, 
	0xf0, 0xff, 0x00, 0xfc, 0x07, 0x00, 0x00, 0x00, 0x00, 0x1e, 0x3f, 0xff, 0xff, 0xff, 0xff, 0xff, 
	0xff, 0xff, 0xff, 0xff, 0xff, 0x3f, 0x1e, 0x00, 0x00, 0x00, 0x00, 0x07, 0xfc, 0x00, 0xff, 0xf0, 
	0x00, 0x0f, 0x38, 0x63, 0x9e, 0x30, 0x60, 0xc0, 0x80, 0x00, 0x04, 0x09, 0xf1, 0x3f, 0xff, 0x3f, 
	0x3f, 0xff, 0x3f, 0xf1, 0x09, 0x04, 0x00, 0x80, 0xc0, 0x60, 0x30, 0x9e, 0x63, 0x38, 0x0f, 0x00, 
	0x00, 0x00, 0x00, 0x00, 0x01, 0x03, 0x06, 0x04, 0x0d, 0x0b, 0x1a, 0x16, 0x17, 0x30, 0x3f, 0x00, 
	0x00, 0x3f, 0x30, 0x17, 0x16, 0x1a, 0x0b, 0x0d, 0x04, 0x06, 0x03, 0x01, 0x00, 0x00, 0x00, 0x00
};
// 'gitlab', 32x32px
const unsigned char fab_32x32_fa_gitlab [] PROGMEM = {
	0x00, 0x00, 0x00, 0x80, 0xf0, 0xfe, 0xfc, 0xf0, 0x80, 0x00, 0x00, 0x00, 0x00, 0x00, 0x00, 0x00, 
	0x00, 0x00, 0x00, 0x00, 0x00, 0x00, 0x00, 0x80, 0xf0, 0xfc, 0xfe, 0xf0, 0x80, 0x00, 0x00, 0x00, 
	0x00, 0xe0, 0xfc, 0x9f, 0x1f, 0x1f, 0x1f, 0x1f, 0x1f, 0x0c, 0x30, 0xf0, 0xf0, 0xf0, 0xf0, 0xf0, 
	0xf0, 0xf0, 0xf0, 0xf0, 0xf0, 0x30, 0x0c, 0x1f, 0x1f, 0x1f, 0x1f, 0x1f, 0x8f, 0xfc, 0xe0, 0x00, 
	0x07, 0x0f, 0x1f, 0x3f, 0x3f, 0x7e, 0xfc, 0xf0, 0xe0, 0xc0, 0x00, 0x01, 0x0f, 0x7f, 0xff, 0xff, 
	0xff, 0xff, 0x7f, 0x0f, 0x01, 0x00, 0xc0, 0xe0, 0xf0, 0xfc, 0x7e, 0x3f, 0x3f, 0x1f, 0x0f, 0x07, 
	0x00, 0x00, 0x00, 0x00, 0x00, 0x00, 0x00, 0x01, 0x01, 0x03, 0x07, 0x0e, 0x0c, 0x10, 0x23, 0x3f, 
	0x3f, 0x23, 0x10, 0x0c, 0x0e, 0x07, 0x03, 0x01, 0x01, 0x00, 0x00, 0x00, 0x00, 0x00, 0x00, 0x00
};
// 'git-square', 32x32px
const unsigned char fab_32x32_fa_git_square [] PROGMEM = {
	0x00, 0x00, 0xf8, 0xfc, 0xfc, 0xfc, 0xfc, 0xfc, 0xfc, 0xfc, 0xfc, 0xfc, 0xfc, 0xfc, 0xfc, 0xfc, 
	0xfc, 0xfc, 0xfc, 0xfc, 0xfc, 0xfc, 0xfc, 0xfc, 0xfc, 0xfc, 0xfc, 0xfc, 0xfc, 0xf8, 0x00, 0x00, 
	0x00, 0x00, 0xff, 0xff, 0xff, 0xff, 0x3f, 0x1f, 0x0f, 0xcf, 0xcf, 0x0f, 0x0f, 0x4f, 0xff, 0xef, 
	0x0c, 0x08, 0x1d, 0xff, 0xcf, 0x07, 0x03, 0xcf, 0xef, 0xef, 0xff, 0xff, 0xff, 0xff, 0x00, 0x00, 
	0x00, 0x00, 0xff, 0xff, 0xff, 0xff, 0x97, 0x00, 0x20, 0x64, 0x64, 0x24, 0x06, 0x8f, 0xff, 0xf7, 
	0xf0, 0xf0, 0xf0, 0xf7, 0xff, 0xf0, 0xf0, 0xf3, 0xf7, 0xf7, 0xff, 0xff, 0xff, 0xff, 0x00, 0x00, 
	0x00, 0x00, 0x1f, 0x3f, 0x3f, 0x3f, 0x3f, 0x3f, 0x3f, 0x3f, 0x3f, 0x3f, 0x3f, 0x3f, 0x3f, 0x3f, 
	0x3f, 0x3f, 0x3f, 0x3f, 0x3f, 0x3f, 0x3f, 0x3f, 0x3f, 0x3f, 0x3f, 0x3f, 0x3f, 0x1f, 0x00, 0x00
};
// 'gitter', 32x32px
const unsigned char fab_32x32_fa_gitter [] PROGMEM = {
	0x00, 0x00, 0x00, 0x00, 0x00, 0xff, 0xff, 0xff, 0x00, 0x00, 0x00, 0xe0, 0xe0, 0xe0, 0x00, 0x00, 
	0x00, 0x00, 0xe0, 0xe0, 0xe0, 0x00, 0x00, 0x00, 0xe0, 0xe0, 0xe0, 0x00, 0x00, 0x00, 0x00, 0x00, 
	0x00, 0x00, 0x00, 0x00, 0x00, 0xff, 0xff, 0xff, 0x00, 0x00, 0x00, 0xff, 0xff, 0xff, 0x00, 0x00, 
	0x00, 0x00, 0xff, 0xff, 0xff, 0x00, 0x00, 0x00, 0xff, 0xff, 0xff, 0x00, 0x00, 0x00, 0x00, 0x00, 
	0x00, 0x00, 0x00, 0x00, 0x00, 0x0f, 0x0f, 0x0f, 0x00, 0x00, 0x00, 0xff, 0xff, 0xff, 0x00, 0x00, 
	0x00, 0x00, 0xff, 0xff, 0xff, 0x00, 0x00, 0x00, 0x0f, 0x0f, 0x0f, 0x00, 0x00, 0x00, 0x00, 0x00, 
	0x00, 0x00, 0x00, 0x00, 0x00, 0x00, 0x00, 0x00, 0x00, 0x00, 0x00, 0xff, 0xff, 0xff, 0x00, 0x00, 
	0x00, 0x00, 0xff, 0xff, 0xff, 0x00, 0x00, 0x00, 0x00, 0x00, 0x00, 0x00, 0x00, 0x00, 0x00, 0x00
};
// 'glide', 32x32px
const unsigned char fab_32x32_fa_glide [] PROGMEM = {
	0x00, 0x00, 0xf8, 0xfc, 0xfc, 0xfc, 0xfc, 0xfc, 0xfc, 0xfc, 0xfc, 0xfc, 0xfc, 0x7c, 0x7c, 0x3c, 
	0x3c, 0x3c, 0x3c, 0x7c, 0xfc, 0xfc, 0xfc, 0xfc, 0xfc, 0xfc, 0xfc, 0xfc, 0xfc, 0xf8, 0x00, 0x00, 
	0x00, 0x00, 0xff, 0xff, 0xff, 0xff, 0xff, 0xff, 0xff, 0xff, 0x07, 0x01, 0x00, 0x00, 0xfc, 0xfe, 
	0xff, 0x0f, 0x00, 0x00, 0x60, 0x7f, 0x3f, 0x3f, 0x3f, 0xff, 0xff, 0xff, 0xff, 0xff, 0x00, 0x00, 
	0x00, 0x00, 0xff, 0xff, 0xff, 0xff, 0xff, 0xff, 0xff, 0xff, 0x0f, 0x0c, 0x4c, 0xe8, 0x78, 0x18, 
	0x00, 0x80, 0xc0, 0xfc, 0xfe, 0xfe, 0xfe, 0xfe, 0xfe, 0xfe, 0xff, 0xff, 0xff, 0xff, 0x00, 0x00, 
	0x00, 0x00, 0x1f, 0x3f, 0x3f, 0x3f, 0x3f, 0x3f, 0x3f, 0x3f, 0x3e, 0x3c, 0x3c, 0x3c, 0x3c, 0x3e, 
	0x3f, 0x3f, 0x3f, 0x3f, 0x3f, 0x3f, 0x3f, 0x3f, 0x3f, 0x3f, 0x3f, 0x3f, 0x3f, 0x1f, 0x00, 0x00
};
// 'glide-g', 32x32px
const unsigned char fab_32x32_fa_glide_g [] PROGMEM = {
	0x00, 0x00, 0x00, 0x00, 0x00, 0x80, 0xe0, 0xf0, 0xf8, 0xfc, 0xfe, 0x7e, 0x1f, 0x0f, 0x0f, 0x0f, 
	0x0f, 0xff, 0xff, 0xfe, 0xfc, 0xf8, 0x00, 0x00, 0x00, 0x00, 0x00, 0x00, 0x00, 0x00, 0x00, 0x00, 
	0x00, 0x00, 0x00, 0x00, 0x38, 0xff, 0xff, 0xff, 0xff, 0xff, 0xc3, 0x00, 0x00, 0x00, 0x00, 0xf0, 
	0xff, 0xff, 0xff, 0xff, 0xff, 0x87, 0xc0, 0xc0, 0xe0, 0xe0, 0xe0, 0xe0, 0xc0, 0x00, 0x00, 0x00, 
	0x00, 0x00, 0x00, 0x00, 0x00, 0xc1, 0xc7, 0xc7, 0xcf, 0xcf, 0x9f, 0x1f, 0x1e, 0x9e, 0xff, 0xff, 
	0xff, 0xff, 0xff, 0x0f, 0x07, 0x03, 0x03, 0x01, 0x01, 0x01, 0x01, 0x01, 0x01, 0x03, 0x00, 0x00, 
	0x00, 0x00, 0x00, 0x00, 0x1f, 0x7f, 0x7f, 0xff, 0xf3, 0xf0, 0xf0, 0xf8, 0x7c, 0x7f, 0x3f, 0x1f, 
	0x0f, 0x03, 0x00, 0x00, 0x00, 0x00, 0x00, 0x00, 0x00, 0x00, 0x00, 0x00, 0x00, 0x00, 0x00, 0x00
};
// 'gofore', 32x32px
const unsigned char fab_32x32_fa_gofore [] PROGMEM = {
	0x00, 0x00, 0x00, 0x00, 0x00, 0x00, 0x00, 0x80, 0xc0, 0xe0, 0xf0, 0xf8, 0xf8, 0xf8, 0xfc, 0xfc, 
	0xfc, 0xfc, 0xfc, 0xfc, 0xfc, 0xfc, 0xf8, 0xf8, 0xf0, 0xf0, 0x60, 0x00, 0x00, 0x00, 0x00, 0x00, 
	0x00, 0x00, 0x00, 0x00, 0xf0, 0xfc, 0xff, 0xff, 0xff, 0xff, 0x0f, 0x07, 0x03, 0x01, 0x00, 0x00, 
	0x00, 0xe0, 0xe0, 0xe0, 0xe0, 0xe1, 0xe1, 0xe3, 0xe1, 0xe0, 0xc0, 0x80, 0x00, 0x00, 0x00, 0x00, 
	0x00, 0x00, 0x00, 0x00, 0x0f, 0x3f, 0xff, 0xff, 0xff, 0xff, 0xf0, 0xe0, 0xc0, 0x80, 0x00, 0x00, 
	0x00, 0x07, 0x07, 0x07, 0x07, 0x87, 0x87, 0xf7, 0xf7, 0xf7, 0xe7, 0xcf, 0x0f, 0x00, 0x00, 0x00, 
	0x00, 0x00, 0x00, 0x00, 0x00, 0x00, 0x00, 0x01, 0x03, 0x07, 0x0f, 0x1f, 0x1f, 0x1f, 0x3f, 0x3f, 
	0x3f, 0x3f, 0x3f, 0x3f, 0x3f, 0x3f, 0x1f, 0x1f, 0x0f, 0x0f, 0x07, 0x03, 0x01, 0x00, 0x00, 0x00
};
// 'goodreads', 32x32px
const unsigned char fab_32x32_fa_goodreads [] PROGMEM = {
	0x00, 0x00, 0xf0, 0xf8, 0xfc, 0xfc, 0xfc, 0xfc, 0xfc, 0xfc, 0xfc, 0x7c, 0x7c, 0x3c, 0xbc, 0xbc, 
	0xbc, 0xbc, 0x3c, 0x7c, 0xfc, 0x3c, 0x7c, 0xfc, 0xfc, 0xfc, 0xfc, 0xfc, 0xf8, 0xf0, 0x00, 0x00, 
	0x00, 0x00, 0xff, 0xff, 0xff, 0xff, 0xff, 0xff, 0xff, 0x87, 0x01, 0xf8, 0xfe, 0xff, 0xff, 0xff, 
	0xff, 0xff, 0xff, 0xfe, 0x78, 0x00, 0x00, 0xff, 0xff, 0xff, 0xff, 0xff, 0xff, 0xff, 0x00, 0x00, 
	0x00, 0x00, 0xff, 0xff, 0xff, 0xff, 0xff, 0xff, 0xff, 0xff, 0x3c, 0x38, 0xf1, 0xf3, 0xf7, 0xf7, 
	0xf7, 0xf7, 0xf3, 0xf9, 0x3c, 0x00, 0xe0, 0xff, 0xff, 0xff, 0xff, 0xff, 0xff, 0xff, 0x00, 0x00, 
	0x00, 0x00, 0x0f, 0x1f, 0x3f, 0x3f, 0x3f, 0x3f, 0x3f, 0x3f, 0x3f, 0x3e, 0x3c, 0x3c, 0x3d, 0x3d, 
	0x3d, 0x3d, 0x3d, 0x3c, 0x3e, 0x3f, 0x3f, 0x3f, 0x3f, 0x3f, 0x3f, 0x3f, 0x1f, 0x0f, 0x00, 0x00
};
// 'goodreads-g', 32x32px
const unsigned char fab_32x32_fa_goodreads_g [] PROGMEM = {
	0x00, 0x00, 0x00, 0x00, 0x00, 0x00, 0x80, 0xe0, 0xf8, 0x7c, 0x1c, 0x0e, 0x07, 0x07, 0x03, 0x03, 
	0x03, 0x03, 0x07, 0x06, 0x0e, 0x1c, 0x78, 0xfe, 0xfe, 0xfe, 0x00, 0x00, 0x00, 0x00, 0x00, 0x00, 
	0x00, 0x00, 0x00, 0x00, 0x00, 0x00, 0xff, 0xff, 0xff, 0x00, 0x00, 0x00, 0x00, 0x00, 0x00, 0x00, 
	0x00, 0x00, 0x00, 0x00, 0x00, 0x00, 0x00, 0xff, 0xff, 0xff, 0x00, 0x00, 0x00, 0x00, 0x00, 0x00, 
	0x00, 0x00, 0x00, 0x00, 0x00, 0x00, 0x00, 0x03, 0x0f, 0x1f, 0x1c, 0x38, 0x30, 0x70, 0x70, 0x70, 
	0x70, 0x70, 0x70, 0x30, 0x38, 0x1c, 0x0f, 0xff, 0xff, 0xff, 0x00, 0x00, 0x00, 0x00, 0x00, 0x00, 
	0x00, 0x00, 0x00, 0x00, 0x00, 0x00, 0x00, 0x0e, 0x1e, 0x3c, 0x78, 0x70, 0xe0, 0xe0, 0xc0, 0xc0, 
	0xc0, 0xc0, 0xe0, 0xe0, 0x60, 0x70, 0x3c, 0x3f, 0x0f, 0x03, 0x00, 0x00, 0x00, 0x00, 0x00, 0x00
};
// 'google', 32x32px
const unsigned char fab_32x32_fa_google [] PROGMEM = {
	0x00, 0x00, 0x00, 0x00, 0xc0, 0xe0, 0xf0, 0xf8, 0xf8, 0xfc, 0xfc, 0xfe, 0x7e, 0x7e, 0x7e, 0x3f, 
	0x3f, 0x3f, 0x3f, 0x7e, 0x7e, 0xfe, 0xfc, 0xfc, 0x7c, 0x38, 0x10, 0x00, 0x00, 0x00, 0x00, 0x00, 
	0x00, 0xf0, 0xfe, 0xff, 0xff, 0xff, 0xff, 0x1f, 0x07, 0x03, 0x01, 0x00, 0x00, 0x00, 0x00, 0x00, 
	0x00, 0xc0, 0xc0, 0xc0, 0xc0, 0xc0, 0xc0, 0xc0, 0xc0, 0xc0, 0xc0, 0xc0, 0xc0, 0xc0, 0xc0, 0xc0, 
	0x00, 0x0f, 0x7f, 0xff, 0xff, 0xff, 0xff, 0xf8, 0xe0, 0xc0, 0x80, 0x00, 0x00, 0x00, 0x00, 0x00, 
	0x00, 0x07, 0x07, 0x07, 0x07, 0x07, 0x07, 0x87, 0xc7, 0xff, 0xff, 0xff, 0xff, 0xff, 0x7f, 0x1f, 
	0x00, 0x00, 0x00, 0x00, 0x03, 0x07, 0x0f, 0x1f, 0x1f, 0x3f, 0x3f, 0x7f, 0x7e, 0x7e, 0x7e, 0xfc, 
	0xfc, 0xfc, 0xfc, 0x7e, 0x7e, 0x7e, 0x7f, 0x3f, 0x3f, 0x1f, 0x0f, 0x0f, 0x07, 0x01, 0x00, 0x00
};
// 'google-drive', 32x32px
const unsigned char fab_32x32_fa_google_drive [] PROGMEM = {
	0x00, 0x00, 0x00, 0x00, 0x00, 0x00, 0x00, 0x00, 0xc0, 0xe0, 0xc0, 0x84, 0x1c, 0x3c, 0xfc, 0xfc, 
	0xfc, 0xfc, 0xfc, 0xfc, 0xfc, 0xf8, 0xf0, 0xc0, 0x00, 0x00, 0x00, 0x00, 0x00, 0x00, 0x00, 0x00, 
	0x00, 0x00, 0x00, 0x80, 0xe0, 0xf8, 0xfc, 0xff, 0xff, 0xff, 0xff, 0xff, 0xfe, 0x78, 0x30, 0x03, 
	0x0f, 0x1f, 0x7f, 0xff, 0xff, 0xff, 0xff, 0xff, 0xff, 0xfc, 0xf8, 0xe0, 0x80, 0x00, 0x00, 0x00, 
	0x30, 0xfc, 0xfe, 0xff, 0xff, 0xff, 0xff, 0xff, 0xff, 0x3f, 0x1f, 0x87, 0xe1, 0xe0, 0xe0, 0xe0, 
	0xe0, 0xe0, 0xe0, 0xe1, 0xe7, 0xef, 0xef, 0xef, 0xef, 0xef, 0xef, 0xef, 0xef, 0xee, 0xec, 0x20, 
	0x00, 0x00, 0x03, 0x07, 0x1f, 0x1f, 0x0f, 0x03, 0x30, 0x3c, 0x3e, 0x3f, 0x3f, 0x3f, 0x3f, 0x3f, 
	0x3f, 0x3f, 0x3f, 0x3f, 0x3f, 0x3f, 0x3f, 0x3f, 0x3f, 0x3f, 0x3f, 0x1f, 0x07, 0x03, 0x00, 0x00
};
// 'google-pay', 32x32px
const unsigned char fab_32x32_fa_google_pay [] PROGMEM = {
	0x00, 0x00, 0x00, 0x00, 0x00, 0x00, 0x00, 0x00, 0x00, 0x00, 0x00, 0x00, 0x00, 0x00, 0x00, 0x00, 
	0x00, 0x00, 0x00, 0x00, 0x00, 0x00, 0x00, 0x00, 0x00, 0x00, 0x00, 0x00, 0x00, 0x00, 0x00, 0x00, 
	0xf0, 0xf8, 0x3c, 0x0c, 0x0c, 0xce, 0xcc, 0xcc, 0xc0, 0xc0, 0x00, 0x00, 0x00, 0x00, 0xfc, 0xcc, 
	0x84, 0x8c, 0xc8, 0x78, 0x00, 0x60, 0xa0, 0x20, 0xc0, 0x80, 0x60, 0xc0, 0x00, 0x00, 0xc0, 0x60, 
	0x01, 0x07, 0x0f, 0x0c, 0x0c, 0x0c, 0x0c, 0x0e, 0x07, 0x03, 0x00, 0x00, 0x00, 0x00, 0x0f, 0x00, 
	0x00, 0x00, 0x00, 0x00, 0x07, 0x0d, 0x09, 0x0d, 0x0f, 0x07, 0x00, 0x23, 0x3e, 0x07, 0x01, 0x00, 
	0x00, 0x00, 0x00, 0x00, 0x00, 0x00, 0x00, 0x00, 0x00, 0x00, 0x00, 0x00, 0x00, 0x00, 0x00, 0x00, 
	0x00, 0x00, 0x00, 0x00, 0x00, 0x00, 0x00, 0x00, 0x00, 0x00, 0x00, 0x00, 0x00, 0x00, 0x00, 0x00
};
// 'google-play', 32x32px
const unsigned char fab_32x32_fa_google_play [] PROGMEM = {
	0x00, 0x00, 0xff, 0xff, 0xfe, 0xfc, 0xf8, 0xf0, 0xe4, 0xcc, 0x98, 0x30, 0x70, 0xe0, 0xe0, 0xc0, 
	0xc0, 0x80, 0x00, 0x00, 0x00, 0x00, 0x00, 0x00, 0x00, 0x00, 0x00, 0x00, 0x00, 0x00, 0x00, 0x00, 
	0x00, 0x00, 0xff, 0xff, 0xff, 0xff, 0xff, 0xff, 0xff, 0xff, 0xff, 0xff, 0xfe, 0xfc, 0xf9, 0xf3, 
	0xe7, 0xcf, 0x9f, 0x3f, 0x3e, 0x3e, 0x9c, 0xc8, 0xe0, 0xf0, 0xf0, 0xe0, 0xe0, 0xc0, 0x00, 0x00, 
	0x00, 0x00, 0xff, 0xff, 0xff, 0xff, 0xff, 0xff, 0xff, 0xff, 0xff, 0xff, 0x7f, 0x3f, 0x9f, 0xcf, 
	0xe7, 0xf3, 0xf9, 0xfc, 0x7c, 0x7c, 0x39, 0x13, 0x07, 0x0f, 0x0f, 0x07, 0x07, 0x03, 0x00, 0x00, 
	0x00, 0x00, 0xff, 0xff, 0x3f, 0x1f, 0x0f, 0x0f, 0x27, 0x33, 0x19, 0x0c, 0x0e, 0x07, 0x07, 0x03, 
	0x03, 0x01, 0x00, 0x00, 0x00, 0x00, 0x00, 0x00, 0x00, 0x00, 0x00, 0x00, 0x00, 0x00, 0x00, 0x00
};
// 'google-plus', 32x32px
const unsigned char fab_32x32_fa_google_plus [] PROGMEM = {
	0x00, 0x00, 0x00, 0x80, 0xc0, 0xe0, 0xf0, 0xf8, 0xfc, 0xfc, 0xfe, 0xfe, 0xfe, 0xfe, 0xff, 0xff, 
	0xff, 0xff, 0xfe, 0xfe, 0xfe, 0xfe, 0xfc, 0xfc, 0xf8, 0xf0, 0xe0, 0xc0, 0x80, 0x00, 0x00, 0x00, 
	0xc0, 0xfc, 0xff, 0xff, 0x1f, 0x07, 0x03, 0xe1, 0xf1, 0xf1, 0xf8, 0xf8, 0x78, 0x79, 0x71, 0x79, 
	0x7f, 0x7f, 0x7f, 0xff, 0xff, 0xff, 0x7f, 0x7f, 0x1f, 0x1f, 0x7f, 0x7f, 0xff, 0xff, 0xfc, 0xc0, 
	0x03, 0x3f, 0xff, 0xff, 0xf8, 0xe0, 0xc0, 0x87, 0x8f, 0x8f, 0x1f, 0x1f, 0x1e, 0x9e, 0x8e, 0x84, 
	0xc0, 0xe0, 0xf8, 0xff, 0xff, 0xff, 0xfe, 0xfe, 0xf8, 0xf8, 0xfe, 0xfe, 0xff, 0xff, 0x3f, 0x03, 
	0x00, 0x00, 0x00, 0x01, 0x03, 0x07, 0x0f, 0x1f, 0x3f, 0x3f, 0x7f, 0x7f, 0x7f, 0x7f, 0xff, 0xff, 
	0xff, 0xff, 0x7f, 0x7f, 0x7f, 0x7f, 0x3f, 0x3f, 0x1f, 0x0f, 0x07, 0x03, 0x01, 0x00, 0x00, 0x00
};
// 'google-plus-g', 32x32px
const unsigned char fab_32x32_fa_google_plus_g [] PROGMEM = {
	0x00, 0x00, 0x00, 0x00, 0x00, 0x80, 0x80, 0x80, 0xc0, 0xc0, 0xc0, 0xc0, 0xc0, 0x80, 0x80, 0x00, 
	0x00, 0x00, 0x00, 0x00, 0x00, 0x00, 0x00, 0x00, 0x00, 0x00, 0x00, 0x00, 0x00, 0x00, 0x00, 0x00, 
	0x00, 0xf0, 0xfc, 0xfe, 0x7f, 0x0f, 0x07, 0x07, 0x03, 0x03, 0x83, 0x83, 0x83, 0x87, 0x87, 0x83, 
	0x80, 0x80, 0x80, 0x00, 0x00, 0x00, 0x00, 0x80, 0x80, 0x80, 0xf0, 0xf0, 0xe0, 0x80, 0x80, 0x00, 
	0x00, 0x0f, 0x3f, 0x7f, 0xfe, 0xf0, 0xe0, 0xe0, 0xc0, 0xc0, 0xc3, 0xc3, 0xc3, 0xe3, 0xf3, 0xff, 
	0xff, 0x3f, 0x1f, 0x00, 0x00, 0x00, 0x00, 0x03, 0x03, 0x03, 0x1f, 0x1f, 0x0f, 0x03, 0x03, 0x00, 
	0x00, 0x00, 0x00, 0x00, 0x00, 0x01, 0x01, 0x01, 0x03, 0x03, 0x03, 0x03, 0x03, 0x01, 0x01, 0x00, 
	0x00, 0x00, 0x00, 0x00, 0x00, 0x00, 0x00, 0x00, 0x00, 0x00, 0x00, 0x00, 0x00, 0x00, 0x00, 0x00
};
// 'google-plus-square', 32x32px
const unsigned char fab_32x32_fa_google_plus_square [] PROGMEM = {
	0x00, 0x00, 0xf8, 0xfc, 0xfc, 0xfc, 0xfc, 0xfc, 0xfc, 0xfc, 0xfc, 0xfc, 0xfc, 0xfc, 0xfc, 0xfc, 
	0xfc, 0xfc, 0xfc, 0xfc, 0xfc, 0xfc, 0xfc, 0xfc, 0xfc, 0xfc, 0xfc, 0xfc, 0xfc, 0xf8, 0x00, 0x00, 
	0x00, 0x00, 0xff, 0xff, 0xff, 0xff, 0x3f, 0x0f, 0x87, 0xe3, 0xf3, 0xf3, 0x73, 0x73, 0x63, 0x77, 
	0x7f, 0x7f, 0xff, 0xff, 0xff, 0x7f, 0x3f, 0x3f, 0x7f, 0x7f, 0xff, 0xff, 0xff, 0xff, 0x00, 0x00, 
	0x00, 0x00, 0xff, 0xff, 0xff, 0xff, 0xfc, 0xf0, 0xe1, 0xc7, 0xcf, 0xcf, 0xce, 0xce, 0xc6, 0xe0, 
	0xe0, 0xf8, 0xff, 0xff, 0xff, 0xfe, 0xf8, 0xf8, 0xfe, 0xfe, 0xff, 0xff, 0xff, 0xff, 0x00, 0x00, 
	0x00, 0x00, 0x1f, 0x3f, 0x3f, 0x3f, 0x3f, 0x3f, 0x3f, 0x3f, 0x3f, 0x3f, 0x3f, 0x3f, 0x3f, 0x3f, 
	0x3f, 0x3f, 0x3f, 0x3f, 0x3f, 0x3f, 0x3f, 0x3f, 0x3f, 0x3f, 0x3f, 0x3f, 0x3f, 0x1f, 0x00, 0x00
};
// 'google-wallet', 32x32px
const unsigned char fab_32x32_fa_google_wallet [] PROGMEM = {
	0x00, 0x00, 0x00, 0x00, 0x00, 0x00, 0x00, 0x00, 0x00, 0x00, 0x00, 0x00, 0x80, 0x80, 0x80, 0x80, 
	0x80, 0x80, 0x80, 0x00, 0x00, 0x7c, 0xfc, 0xfc, 0xfc, 0xfc, 0xfc, 0xf8, 0xc0, 0x00, 0x00, 0x00, 
	0x00, 0x00, 0x00, 0x70, 0xf0, 0xf0, 0xf0, 0xf0, 0xf0, 0xe0, 0xc0, 0x80, 0xff, 0xff, 0xff, 0xff, 
	0xff, 0xff, 0xff, 0xff, 0xfc, 0xf8, 0xff, 0xff, 0xff, 0xff, 0xff, 0xff, 0xff, 0xe0, 0x00, 0x00, 
	0x00, 0x00, 0x00, 0x00, 0x00, 0x03, 0x0f, 0x7f, 0xff, 0xff, 0xff, 0xff, 0xff, 0xff, 0xff, 0x7f, 
	0x0f, 0x03, 0x1f, 0xff, 0xff, 0xff, 0xff, 0xff, 0xff, 0xff, 0xff, 0xff, 0xff, 0x07, 0x00, 0x00, 
	0x00, 0x00, 0x00, 0x00, 0x00, 0x00, 0x00, 0x00, 0x01, 0x01, 0x01, 0x01, 0x01, 0x01, 0x01, 0x00, 
	0x00, 0x00, 0x00, 0x00, 0x3f, 0x3f, 0x3f, 0x3f, 0x3f, 0x3f, 0x3f, 0x1f, 0x03, 0x00, 0x00, 0x00
};
// 'gratipay', 32x32px
const unsigned char fab_32x32_fa_gratipay [] PROGMEM = {
	0x00, 0x00, 0x00, 0x80, 0xc0, 0xe0, 0xf0, 0xf8, 0xf8, 0xfc, 0xfc, 0xfe, 0xfe, 0xfe, 0xfe, 0xff, 
	0xff, 0xff, 0xfe, 0xfe, 0xfe, 0xfe, 0xfc, 0xfc, 0xf8, 0xf8, 0xf0, 0xe0, 0xc0, 0x80, 0x00, 0x00, 
	0x00, 0xf0, 0xfe, 0xff, 0xff, 0xff, 0xff, 0xff, 0xff, 0xc7, 0x03, 0x03, 0x03, 0x03, 0x07, 0x07, 
	0x0f, 0x0f, 0x07, 0x03, 0x03, 0x03, 0x03, 0x87, 0xff, 0xff, 0xff, 0xff, 0xff, 0xff, 0xfe, 0xf0, 
	0x00, 0x0f, 0x7f, 0xff, 0xff, 0xff, 0xff, 0xff, 0xff, 0xff, 0xff, 0xfe, 0xf8, 0xf0, 0xe0, 0x80, 
	0x00, 0x80, 0xc0, 0xf0, 0xf8, 0xfe, 0xff, 0xff, 0xff, 0xff, 0xff, 0xff, 0xff, 0xff, 0x7f, 0x0f, 
	0x00, 0x00, 0x00, 0x01, 0x03, 0x07, 0x0f, 0x1f, 0x1f, 0x3f, 0x3f, 0x7f, 0x7f, 0x7f, 0x7f, 0xff, 
	0xff, 0xff, 0x7f, 0x7f, 0x7f, 0x7f, 0x3f, 0x3f, 0x1f, 0x1f, 0x0f, 0x07, 0x03, 0x01, 0x00, 0x00
};
// 'grav', 32x32px
const unsigned char fab_32x32_fa_grav [] PROGMEM = {
	0x00, 0x00, 0x00, 0x80, 0xc0, 0xe0, 0xf0, 0xf8, 0xfc, 0xfc, 0xfe, 0xfe, 0xfe, 0xfe, 0xff, 0xcf, 
	0x07, 0xbf, 0xfe, 0xbe, 0xde, 0xde, 0x9c, 0x3c, 0x78, 0xf0, 0xe0, 0xc0, 0x80, 0x00, 0x00, 0x00, 
	0xc0, 0xfc, 0xff, 0xff, 0xff, 0xff, 0xff, 0xff, 0xff, 0x7f, 0x3f, 0x3f, 0x1f, 0x8f, 0x07, 0x03, 
	0x20, 0x73, 0x67, 0x0f, 0x0f, 0x0f, 0x0d, 0x3f, 0xfc, 0xff, 0xff, 0xff, 0xff, 0xff, 0xfc, 0xc0, 
	0x03, 0x3f, 0xff, 0xff, 0xff, 0xff, 0xff, 0xe7, 0xe0, 0xf0, 0xf8, 0x3c, 0x0c, 0x07, 0x80, 0xc0, 
	0xf0, 0xf8, 0xfc, 0xfe, 0xff, 0xff, 0xfe, 0xfc, 0xf8, 0xf9, 0xfb, 0xff, 0xff, 0xff, 0x3f, 0x03, 
	0x00, 0x00, 0x00, 0x01, 0x03, 0x07, 0x0f, 0x1f, 0x3f, 0x31, 0x70, 0x78, 0x7c, 0x7e, 0xff, 0xff, 
	0xff, 0xff, 0x7f, 0x7f, 0x7f, 0x7f, 0x3f, 0x3f, 0x1f, 0x0f, 0x07, 0x03, 0x01, 0x00, 0x00, 0x00
};
// 'gripfire', 32x32px
const unsigned char fab_32x32_fa_gripfire [] PROGMEM = {
	0x00, 0x00, 0x00, 0x00, 0x00, 0x00, 0x00, 0x00, 0x00, 0x00, 0x00, 0x00, 0x80, 0xe0, 0xf0, 0xfe, 
	0xfc, 0x60, 0x00, 0x00, 0x00, 0x00, 0x00, 0x00, 0x00, 0x00, 0x00, 0x00, 0x00, 0x00, 0x00, 0x00, 
	0x00, 0x00, 0x00, 0x00, 0x00, 0x00, 0x80, 0xe0, 0xf8, 0xfc, 0xfe, 0xff, 0x7f, 0x3f, 0x0f, 0x07, 
	0x83, 0xe0, 0xfe, 0xfe, 0xfc, 0xf8, 0xe0, 0x80, 0x00, 0x00, 0x00, 0x00, 0x00, 0x00, 0x00, 0x00, 
	0x00, 0x00, 0x00, 0x00, 0x00, 0x00, 0x1f, 0x3f, 0x7f, 0xff, 0xff, 0xe1, 0xc0, 0x00, 0x00, 0x0f, 
	0x0f, 0x87, 0xe1, 0xf8, 0xff, 0xff, 0x7f, 0x1f, 0x00, 0x00, 0x00, 0x00, 0x00, 0x00, 0x00, 0x00, 
	0x00, 0x00, 0x00, 0x00, 0x00, 0x00, 0x00, 0x00, 0x00, 0x00, 0x01, 0x03, 0x07, 0x0f, 0x1e, 0x38, 
	0x00, 0x00, 0x01, 0x03, 0x03, 0x01, 0x00, 0x00, 0x00, 0x00, 0x00, 0x00, 0x00, 0x00, 0x00, 0x00
};
// 'grunt', 32x32px
const unsigned char fab_32x32_fa_grunt [] PROGMEM = {
	0x00, 0x00, 0x00, 0x00, 0x00, 0xc4, 0x4e, 0x7e, 0x4e, 0x7c, 0xfc, 0x98, 0x18, 0x1c, 0x1e, 0x1e, 
	0x1f, 0x1c, 0x1c, 0x10, 0x98, 0xfc, 0x7c, 0x4e, 0x7e, 0x4e, 0xc4, 0x00, 0x00, 0x00, 0x00, 0x00, 
	0x00, 0x00, 0x00, 0x00, 0x60, 0xb3, 0x0e, 0x00, 0x18, 0x38, 0x48, 0x50, 0x61, 0x60, 0x00, 0x00, 
	0x00, 0x00, 0x60, 0x61, 0x50, 0x48, 0x38, 0x18, 0x00, 0x0e, 0xb3, 0x60, 0x00, 0x00, 0x00, 0x00, 
	0x00, 0x00, 0x00, 0x00, 0x00, 0xe0, 0x61, 0xc3, 0xfe, 0x80, 0x80, 0xc0, 0x00, 0x00, 0x00, 0x00, 
	0x00, 0x00, 0x00, 0x00, 0xc0, 0x80, 0x80, 0xfe, 0xc3, 0x61, 0xe0, 0x00, 0x00, 0x00, 0x00, 0x00, 
	0x00, 0x00, 0x00, 0x00, 0x00, 0x03, 0x04, 0x0c, 0x18, 0x38, 0x3f, 0x61, 0x4d, 0x8d, 0x81, 0x81, 
	0x81, 0x81, 0x8d, 0x4d, 0x61, 0x3f, 0x38, 0x18, 0x0c, 0x04, 0x03, 0x00, 0x00, 0x00, 0x00, 0x00
};
// 'guilded', 32x32px
const unsigned char fab_32x32_fa_guilded [] PROGMEM = {
	0x00, 0x00, 0xf0, 0xf0, 0xf0, 0xf0, 0xf0, 0xf0, 0xf0, 0xf0, 0xf0, 0xf0, 0xf0, 0xf0, 0xf0, 0xf0, 
	0xf0, 0xf0, 0xf0, 0xf0, 0xf0, 0xf0, 0xf0, 0xf0, 0xf0, 0xf0, 0xf0, 0xf0, 0xf0, 0xf0, 0x00, 0x00, 
	0x00, 0x00, 0x01, 0x3f, 0xff, 0xff, 0xff, 0xff, 0xfb, 0x81, 0x01, 0x01, 0x01, 0x71, 0xf1, 0xf1, 
	0xf1, 0xf1, 0xf1, 0xf1, 0xf1, 0xf1, 0xf1, 0xf1, 0xf1, 0xf1, 0xf1, 0xf1, 0x31, 0x01, 0x00, 0x00, 
	0x00, 0x00, 0x00, 0x00, 0x01, 0x07, 0x1f, 0x3f, 0x7f, 0xff, 0xfe, 0xfc, 0xf8, 0xf0, 0xe1, 0xc3, 
	0xc3, 0xe3, 0xe3, 0xf3, 0xfb, 0xff, 0xff, 0x7f, 0x3f, 0x1f, 0x07, 0x01, 0x00, 0x00, 0x00, 0x00, 
	0x00, 0x00, 0x00, 0x00, 0x00, 0x00, 0x00, 0x00, 0x00, 0x00, 0x01, 0x03, 0x03, 0x07, 0x07, 0x0f, 
	0x0f, 0x07, 0x07, 0x03, 0x03, 0x01, 0x00, 0x00, 0x00, 0x00, 0x00, 0x00, 0x00, 0x00, 0x00, 0x00
};
// 'gulp', 32x32px
const unsigned char fab_32x32_fa_gulp [] PROGMEM = {
	0x00, 0x00, 0x00, 0x00, 0x00, 0x00, 0x00, 0x00, 0x00, 0x00, 0x80, 0x80, 0x80, 0x80, 0x80, 0x80, 
	0x80, 0x80, 0xf0, 0x98, 0x8c, 0x86, 0x03, 0x00, 0x00, 0x00, 0x00, 0x00, 0x00, 0x00, 0x00, 0x00, 
	0x00, 0x00, 0x00, 0x00, 0x00, 0x00, 0x00, 0x00, 0x00, 0x7f, 0x7f, 0xff, 0xdf, 0xff, 0xff, 0xff, 
	0xff, 0xff, 0xff, 0xff, 0xff, 0xff, 0x7f, 0x00, 0x00, 0x00, 0x00, 0x00, 0x00, 0x00, 0x00, 0x00, 
	0x00, 0x00, 0x00, 0x00, 0x00, 0x00, 0x00, 0x00, 0x00, 0x00, 0xfb, 0xff, 0xfd, 0xff, 0xfb, 0xfb, 
	0xfb, 0xfb, 0xfb, 0xfd, 0xfa, 0x7f, 0x00, 0x00, 0x00, 0x00, 0x00, 0x00, 0x00, 0x00, 0x00, 0x00, 
	0x00, 0x00, 0x00, 0x00, 0x00, 0x00, 0x00, 0x00, 0x00, 0x00, 0x00, 0x03, 0xff, 0xff, 0xff, 0xff, 
	0xff, 0xff, 0xff, 0xff, 0x03, 0x00, 0x00, 0x00, 0x00, 0x00, 0x00, 0x00, 0x00, 0x00, 0x00, 0x00
};
// 'hacker-news', 32x32px
const unsigned char fab_32x32_fa_hacker_news [] PROGMEM = {
	0x00, 0x00, 0xfc, 0xfc, 0xfc, 0xfc, 0xfc, 0xfc, 0xfc, 0xfc, 0xfc, 0xfc, 0xfc, 0xfc, 0xfc, 0xfc, 
	0xfc, 0xfc, 0xfc, 0xfc, 0xfc, 0xfc, 0xfc, 0xfc, 0xfc, 0xfc, 0xfc, 0xfc, 0xfc, 0xfc, 0x00, 0x00, 
	0x00, 0x00, 0xff, 0xff, 0xff, 0xff, 0xff, 0xff, 0xff, 0xff, 0xfe, 0xf8, 0xe0, 0x83, 0x0f, 0x7f, 
	0x7f, 0x1f, 0x87, 0xe1, 0xf8, 0xfe, 0xff, 0xff, 0xff, 0xff, 0xff, 0xff, 0xff, 0xff, 0x00, 0x00, 
	0x00, 0x00, 0xff, 0xff, 0xff, 0xff, 0xff, 0xff, 0xff, 0xff, 0xff, 0xff, 0xff, 0xff, 0xfe, 0x00, 
	0x00, 0xfe, 0xff, 0xff, 0xff, 0xff, 0xff, 0xff, 0xff, 0xff, 0xff, 0xff, 0xff, 0xff, 0x00, 0x00, 
	0x00, 0x00, 0x3f, 0x3f, 0x3f, 0x3f, 0x3f, 0x3f, 0x3f, 0x3f, 0x3f, 0x3f, 0x3f, 0x3f, 0x3f, 0x3f, 
	0x3f, 0x3f, 0x3f, 0x3f, 0x3f, 0x3f, 0x3f, 0x3f, 0x3f, 0x3f, 0x3f, 0x3f, 0x3f, 0x3f, 0x00, 0x00
};
// 'hacker-news-square', 32x32px
const unsigned char fab_32x32_fa_hacker_news_square [] PROGMEM = {
	0x00, 0x00, 0xf8, 0xfc, 0xfc, 0xfc, 0xfc, 0xfc, 0xfc, 0xfc, 0xfc, 0xfc, 0xfc, 0xfc, 0xfc, 0xfc, 
	0xfc, 0xfc, 0xfc, 0xfc, 0xfc, 0xfc, 0xfc, 0xfc, 0xfc, 0xfc, 0xfc, 0xfc, 0xfc, 0xf8, 0x00, 0x00, 
	0x00, 0x00, 0xff, 0xff, 0xff, 0xff, 0xff, 0xff, 0xff, 0xff, 0xfe, 0xf8, 0xe0, 0x83, 0x0f, 0x7f, 
	0x7f, 0x1f, 0x87, 0xe1, 0xf8, 0xfe, 0xff, 0xff, 0xff, 0xff, 0xff, 0xff, 0xff, 0xff, 0x00, 0x00, 
	0x00, 0x00, 0xff, 0xff, 0xff, 0xff, 0xff, 0xff, 0xff, 0xff, 0xff, 0xff, 0xff, 0xff, 0xfe, 0x00, 
	0x00, 0xfe, 0xff, 0xff, 0xff, 0xff, 0xff, 0xff, 0xff, 0xff, 0xff, 0xff, 0xff, 0xff, 0x00, 0x00, 
	0x00, 0x00, 0x1f, 0x3f, 0x3f, 0x3f, 0x3f, 0x3f, 0x3f, 0x3f, 0x3f, 0x3f, 0x3f, 0x3f, 0x3f, 0x3f, 
	0x3f, 0x3f, 0x3f, 0x3f, 0x3f, 0x3f, 0x3f, 0x3f, 0x3f, 0x3f, 0x3f, 0x3f, 0x3f, 0x1f, 0x00, 0x00
};
// 'hackerrank', 32x32px
const unsigned char fab_32x32_fa_hackerrank [] PROGMEM = {
	0x00, 0x00, 0x00, 0x80, 0xc0, 0xe0, 0xe0, 0xf0, 0xf0, 0xf8, 0xfc, 0x7c, 0x3e, 0x7e, 0xff, 0xff, 
	0xff, 0xff, 0xfe, 0xfe, 0xfc, 0xfc, 0xf8, 0xf0, 0xf0, 0xe0, 0xe0, 0xc0, 0x80, 0x00, 0x00, 0x00, 
	0x00, 0xc0, 0xff, 0xff, 0xff, 0xff, 0xff, 0xff, 0xff, 0xff, 0xfe, 0x00, 0x00, 0x78, 0x7f, 0x7f, 
	0x7f, 0x7f, 0x7f, 0x03, 0x03, 0xff, 0xff, 0xff, 0xff, 0xff, 0xff, 0xff, 0xff, 0xff, 0xe0, 0x00, 
	0x00, 0x03, 0xff, 0xff, 0xff, 0xff, 0xff, 0xff, 0xff, 0xff, 0xff, 0xc0, 0x80, 0xdc, 0xfc, 0xfc, 
	0xfc, 0xfc, 0x7c, 0x00, 0x00, 0xff, 0xff, 0xff, 0xff, 0xff, 0xff, 0xff, 0xff, 0xff, 0x07, 0x00, 
	0x00, 0x00, 0x00, 0x01, 0x03, 0x07, 0x07, 0x0f, 0x0f, 0x1f, 0x3f, 0x3f, 0x7f, 0x7f, 0xff, 0xff, 
	0xff, 0xff, 0x7e, 0x7c, 0x3e, 0x3f, 0x1f, 0x1f, 0x0f, 0x07, 0x07, 0x03, 0x01, 0x00, 0x00, 0x00
};
// 'hips', 32x32px
const unsigned char fab_32x32_fa_hips [] PROGMEM = {
	0x80, 0x80, 0x00, 0x00, 0x00, 0x00, 0x00, 0x00, 0x00, 0x00, 0x80, 0x80, 0x80, 0x00, 0x00, 0x00, 
	0x00, 0x00, 0x00, 0x00, 0x00, 0x00, 0x00, 0x00, 0x00, 0x00, 0x00, 0x00, 0x00, 0x00, 0x00, 0x00, 
	0xff, 0xff, 0x38, 0x18, 0x18, 0x18, 0x38, 0xf8, 0xf0, 0x00, 0xf9, 0xfb, 0xf9, 0x00, 0xe0, 0xf0, 
	0x38, 0x18, 0x18, 0x18, 0x38, 0x78, 0xf0, 0xe0, 0x60, 0xf8, 0xf8, 0xd8, 0x98, 0x98, 0x18, 0x00, 
	0x1f, 0x1f, 0x00, 0x00, 0x00, 0x00, 0x00, 0x1f, 0x1f, 0x00, 0x1f, 0x1f, 0x1f, 0x00, 0xff, 0xff, 
	0x1c, 0x18, 0x38, 0x38, 0x18, 0x1c, 0x0f, 0x07, 0x00, 0x18, 0x38, 0x39, 0x39, 0x1f, 0x1f, 0x0e, 
	0x00, 0x00, 0x00, 0x00, 0x00, 0x00, 0x00, 0x00, 0x00, 0x00, 0x00, 0x00, 0x00, 0x00, 0x01, 0x01, 
	0x00, 0x00, 0x00, 0x00, 0x00, 0x00, 0x00, 0x00, 0x00, 0x00, 0x00, 0x00, 0x00, 0x00, 0x00, 0x00
};
// 'hire-a-helper', 32x32px
const unsigned char fab_32x32_fa_hire_a_helper [] PROGMEM = {
	0xf0, 0xf0, 0xf8, 0xfc, 0xff, 0xff, 0xff, 0x7f, 0x7f, 0x7f, 0x7f, 0x7f, 0x7f, 0xff, 0xff, 0xff, 
	0xff, 0xff, 0xff, 0x7f, 0x7f, 0x7f, 0x7f, 0x7f, 0x7f, 0xff, 0xff, 0xff, 0xfc, 0xf8, 0xf0, 0xf0, 
	0xff, 0xff, 0xff, 0xff, 0xff, 0xff, 0xff, 0xff, 0xfc, 0x00, 0x00, 0x00, 0x7f, 0x7f, 0x7f, 0x7f, 
	0x7f, 0x7f, 0x7f, 0x7f, 0x00, 0x00, 0x00, 0xfc, 0xff, 0xff, 0xff, 0xff, 0xff, 0xff, 0xff, 0xff, 
	0xff, 0xff, 0xff, 0xff, 0xff, 0xff, 0xff, 0xff, 0x0f, 0x00, 0x00, 0x00, 0xff, 0xff, 0xff, 0xff, 
	0xff, 0xff, 0xff, 0xff, 0x00, 0x00, 0x00, 0x0f, 0xff, 0xff, 0xff, 0xff, 0xff, 0xff, 0xff, 0xff, 
	0x0f, 0x0f, 0x1f, 0x3f, 0xff, 0xff, 0xff, 0xfe, 0xfe, 0xfe, 0xfe, 0xfe, 0xfe, 0xff, 0xff, 0xff, 
	0xff, 0xff, 0xff, 0xfe, 0xfe, 0xfe, 0xfe, 0xfe, 0xfe, 0xff, 0xff, 0xff, 0x3f, 0x1f, 0x0f, 0x0f
};
// 'hive', 32x32px
const unsigned char fab_32x32_fa_hive [] PROGMEM = {
	0x00, 0x00, 0x00, 0x00, 0x00, 0xc0, 0xe0, 0xf8, 0xf8, 0xf0, 0xc0, 0x00, 0x0c, 0x1c, 0x7c, 0xfc, 
	0xf8, 0xf0, 0xc0, 0x00, 0x0c, 0x3c, 0x7c, 0xfc, 0xf8, 0xe0, 0xc0, 0x00, 0x00, 0x00, 0x00, 0x00, 
	0x80, 0xe0, 0xf0, 0xfc, 0xff, 0xff, 0xff, 0xff, 0xff, 0xff, 0xff, 0xff, 0xfe, 0xf8, 0xe0, 0x81, 
	0x07, 0x0f, 0x3f, 0x3f, 0x3c, 0x38, 0x20, 0x01, 0x07, 0x1f, 0x3f, 0xff, 0xfc, 0xf0, 0xe0, 0x80, 
	0x01, 0x07, 0x0f, 0x3f, 0xff, 0xff, 0xff, 0xff, 0xff, 0xff, 0xff, 0xff, 0x7f, 0x1f, 0x07, 0x83, 
	0xe0, 0xf0, 0xfc, 0xfc, 0x3c, 0x1c, 0x04, 0x80, 0xe0, 0xf8, 0xfc, 0xff, 0x3f, 0x0f, 0x07, 0x01, 
	0x00, 0x00, 0x00, 0x00, 0x00, 0x03, 0x07, 0x1f, 0x3f, 0x0f, 0x03, 0x00, 0x30, 0x38, 0x3e, 0x3f, 
	0x1f, 0x0f, 0x03, 0x00, 0x30, 0x3c, 0x3e, 0x3f, 0x1f, 0x07, 0x03, 0x00, 0x00, 0x00, 0x00, 0x00
};
// 'hooli', 32x32px
const unsigned char fab_32x32_fa_hooli [] PROGMEM = {
	0x00, 0x00, 0x00, 0x00, 0x00, 0x00, 0x00, 0x00, 0x00, 0x00, 0x00, 0x00, 0x00, 0x00, 0x00, 0x00, 
	0x00, 0x00, 0x00, 0x00, 0x00, 0x00, 0x00, 0x00, 0x00, 0x00, 0x00, 0x00, 0x00, 0x00, 0x00, 0x00, 
	0x38, 0x68, 0xc0, 0xf0, 0xf8, 0xf8, 0xc0, 0xc0, 0xc0, 0xc0, 0x00, 0x80, 0xc0, 0xc0, 0xc0, 0xc0, 
	0x80, 0x00, 0x80, 0xc0, 0xc0, 0xc0, 0xc0, 0x80, 0x00, 0xe0, 0xf0, 0xf8, 0x00, 0xb0, 0xf0, 0xb0, 
	0x00, 0x00, 0x00, 0x1c, 0x1d, 0x1b, 0x00, 0x07, 0x0f, 0x0f, 0x07, 0x0f, 0x1f, 0x1f, 0x1d, 0x1f, 
	0x0f, 0x07, 0x0f, 0x1f, 0x1f, 0x18, 0x1f, 0x0f, 0x07, 0x0f, 0x1f, 0x1f, 0x00, 0x1f, 0x1f, 0x1f, 
	0x00, 0x00, 0x00, 0x00, 0x00, 0x00, 0x00, 0x00, 0x00, 0x00, 0x00, 0x00, 0x00, 0x00, 0x00, 0x00, 
	0x00, 0x00, 0x00, 0x00, 0x00, 0x00, 0x00, 0x00, 0x00, 0x00, 0x00, 0x00, 0x00, 0x00, 0x00, 0x00
};
// 'hornbill', 32x32px
const unsigned char fab_32x32_fa_hornbill [] PROGMEM = {
	0x00, 0x00, 0x00, 0x00, 0x00, 0x00, 0x00, 0x0e, 0xdf, 0xff, 0xff, 0xfc, 0xfc, 0x3c, 0x0e, 0x0e, 
	0xce, 0xde, 0xfc, 0xfc, 0xb8, 0xb0, 0xa0, 0x80, 0x00, 0x00, 0x00, 0x00, 0x80, 0x80, 0x80, 0x80, 
	0x00, 0x80, 0xe0, 0xf8, 0xfc, 0x7c, 0xf8, 0xff, 0x0f, 0x07, 0x03, 0x01, 0x01, 0x00, 0x00, 0x00, 
	0x00, 0x00, 0x00, 0x00, 0x01, 0x01, 0x03, 0x0f, 0x1f, 0x3f, 0x3e, 0x3f, 0xff, 0xff, 0xe7, 0x03, 
	0xc0, 0xe7, 0xff, 0xff, 0xfc, 0xf8, 0xf9, 0xf8, 0xf0, 0xc0, 0x80, 0x00, 0x00, 0x00, 0x00, 0x00, 
	0x00, 0x00, 0x00, 0x00, 0x00, 0x80, 0xc0, 0xe0, 0xf8, 0x7f, 0x7c, 0x7e, 0x3f, 0x0f, 0x07, 0x00, 
	0x01, 0x03, 0x03, 0x03, 0x01, 0x00, 0x00, 0x01, 0x01, 0x01, 0x1b, 0x1b, 0x3b, 0x7a, 0x7a, 0x72, 
	0xe0, 0x70, 0x78, 0x7e, 0x3f, 0x7f, 0xff, 0xff, 0xf1, 0x60, 0x00, 0x00, 0x00, 0x00, 0x00, 0x00
};
// 'hotjar', 32x32px
const unsigned char fab_32x32_fa_hotjar [] PROGMEM = {
	0x00, 0x00, 0x00, 0x00, 0x00, 0x00, 0x00, 0x00, 0x00, 0x00, 0x01, 0x0f, 0xff, 0xfe, 0xfe, 0xfe, 
	0xfc, 0xfc, 0xfc, 0xf8, 0xf8, 0xf0, 0xe0, 0xe0, 0xc0, 0x80, 0x00, 0x00, 0x00, 0x00, 0x00, 0x00, 
	0x00, 0x00, 0x00, 0x00, 0x80, 0xc0, 0xe0, 0xe0, 0xf0, 0xf8, 0xfc, 0xff, 0xff, 0xff, 0xff, 0xff, 
	0xff, 0xff, 0xff, 0xff, 0xff, 0xff, 0xff, 0xff, 0xff, 0xff, 0xff, 0xfe, 0xf8, 0xc0, 0x00, 0x00, 
	0x00, 0x00, 0xfc, 0xff, 0xff, 0xff, 0xff, 0xff, 0xff, 0xff, 0xff, 0xff, 0xff, 0xff, 0xff, 0xff, 
	0xff, 0xff, 0x7f, 0x13, 0x03, 0x07, 0xff, 0xff, 0xff, 0xff, 0xff, 0xff, 0xff, 0x3f, 0x00, 0x00, 
	0x00, 0x00, 0x01, 0x03, 0x0f, 0x1f, 0x1f, 0x3f, 0x3f, 0x7f, 0x7f, 0x40, 0x00, 0x01, 0x01, 0x01, 
	0x01, 0x00, 0x00, 0x00, 0x00, 0x30, 0x3f, 0x1f, 0x0f, 0x0f, 0x07, 0x03, 0x00, 0x00, 0x00, 0x00
};
// 'houzz', 32x32px
const unsigned char fab_32x32_fa_houzz [] PROGMEM = {
	0x00, 0x00, 0x00, 0xfc, 0xfc, 0xfc, 0xfc, 0xfc, 0xfc, 0xfc, 0x00, 0x00, 0x00, 0x00, 0x00, 0x00, 
	0x00, 0x00, 0x00, 0x00, 0x00, 0x00, 0x00, 0x00, 0x00, 0x00, 0x00, 0x00, 0x00, 0x00, 0x00, 0x00, 
	0x00, 0x00, 0x00, 0xff, 0xff, 0xff, 0xff, 0xff, 0xff, 0xff, 0xfe, 0xfe, 0xfe, 0xfe, 0xfc, 0xfc, 
	0xfc, 0xf8, 0xf8, 0xf8, 0xf8, 0xf0, 0xf0, 0xf0, 0xe0, 0xe0, 0xe0, 0xe0, 0xc0, 0x00, 0x00, 0x00, 
	0x00, 0x00, 0x00, 0xff, 0xff, 0xff, 0xff, 0xff, 0xff, 0xff, 0xff, 0xff, 0xff, 0x1f, 0x1f, 0x1f, 
	0x1f, 0x1f, 0x1f, 0xff, 0xff, 0xff, 0xff, 0xff, 0xff, 0xff, 0xff, 0xff, 0xff, 0x00, 0x00, 0x00, 
	0x00, 0x00, 0x00, 0x3f, 0x3f, 0x3f, 0x3f, 0x3f, 0x3f, 0x3f, 0x3f, 0x3f, 0x3f, 0x00, 0x00, 0x00, 
	0x00, 0x00, 0x00, 0x3f, 0x3f, 0x3f, 0x3f, 0x3f, 0x3f, 0x3f, 0x3f, 0x3f, 0x3f, 0x00, 0x00, 0x00
};
// 'html5', 32x32px
const unsigned char fab_32x32_fa_html5 [] PROGMEM = {
	0x00, 0x00, 0x00, 0x00, 0xfc, 0xfc, 0xfc, 0xfc, 0xfc, 0x7c, 0x7c, 0x7c, 0x7c, 0x7c, 0x7c, 0x7c, 
	0x7c, 0x7c, 0x7c, 0x7c, 0x7c, 0x7c, 0x7c, 0xfc, 0xfc, 0xfc, 0xfc, 0xfc, 0x00, 0x00, 0x00, 0x00, 
	0x00, 0x00, 0x00, 0x00, 0x01, 0xff, 0xff, 0xff, 0xff, 0x00, 0x00, 0x00, 0x1c, 0x1c, 0x1c, 0x1c, 
	0x1c, 0x1c, 0x1c, 0x1c, 0x1c, 0x1c, 0x1c, 0xff, 0xff, 0xff, 0xff, 0x01, 0x00, 0x00, 0x00, 0x00, 
	0x00, 0x00, 0x00, 0x00, 0x00, 0x07, 0xff, 0xff, 0xff, 0xff, 0xc3, 0x83, 0x87, 0x8f, 0x1f, 0x1f, 
	0x1f, 0x1f, 0x8f, 0x87, 0x80, 0xc0, 0xfc, 0xff, 0xff, 0xff, 0x07, 0x00, 0x00, 0x00, 0x00, 0x00, 
	0x00, 0x00, 0x00, 0x00, 0x00, 0x00, 0x07, 0x07, 0x0f, 0x0f, 0x0f, 0x1f, 0x1f, 0x1f, 0x3f, 0x3f, 
	0x3f, 0x3f, 0x1f, 0x1f, 0x1f, 0x0f, 0x0f, 0x0f, 0x07, 0x07, 0x00, 0x00, 0x00, 0x00, 0x00, 0x00
};
// 'hubspot', 32x32px
const unsigned char fab_32x32_fa_hubspot [] PROGMEM = {
	0x00, 0x00, 0x3e, 0x3f, 0x7f, 0x3f, 0x3f, 0x7e, 0xf0, 0xe0, 0xc0, 0x80, 0x80, 0x00, 0x00, 0x00, 
	0x00, 0x00, 0x00, 0x10, 0x7c, 0xfc, 0xfc, 0xfc, 0x78, 0x00, 0x00, 0x00, 0x00, 0x00, 0x00, 0x00, 
	0x00, 0x00, 0x00, 0x00, 0x00, 0x00, 0x00, 0x00, 0x00, 0x00, 0x01, 0x03, 0x03, 0x07, 0x0e, 0x8c, 
	0xfc, 0xf8, 0xf0, 0xf8, 0x78, 0x7f, 0x7f, 0x7f, 0xf8, 0xf0, 0xf0, 0xe0, 0xc0, 0x80, 0x00, 0x00, 
	0x00, 0x00, 0x00, 0x00, 0x00, 0x00, 0x00, 0x00, 0x00, 0x00, 0x00, 0x00, 0x00, 0x00, 0x3e, 0xff, 
	0xff, 0xff, 0xe1, 0xc0, 0x80, 0x80, 0x80, 0x80, 0x80, 0xc0, 0xf3, 0xff, 0xff, 0x7f, 0x00, 0x00, 
	0x00, 0x00, 0x00, 0x00, 0x00, 0x00, 0x00, 0x00, 0x00, 0x30, 0xf8, 0xf8, 0xf8, 0x7c, 0x1e, 0x0f, 
	0x07, 0x03, 0x03, 0x07, 0x07, 0x07, 0x07, 0x07, 0x07, 0x07, 0x03, 0x01, 0x00, 0x00, 0x00, 0x00
};
// 'ideal', 32x32px
const unsigned char fab_32x32_fa_ideal [] PROGMEM = {
	0x00, 0x00, 0xf0, 0x10, 0x10, 0x10, 0x10, 0x10, 0x10, 0x10, 0x10, 0x90, 0x90, 0x90, 0x90, 0x90, 
	0x90, 0x90, 0x90, 0x90, 0x90, 0xb0, 0x30, 0x20, 0x60, 0x40, 0xc0, 0x80, 0x00, 0x00, 0x00, 0x00, 
	0x00, 0x00, 0xff, 0x00, 0x60, 0xf8, 0xf8, 0xf8, 0xf0, 0x60, 0x00, 0x67, 0x67, 0x0f, 0xff, 0x07, 
	0x07, 0x47, 0xff, 0x3f, 0x0f, 0x87, 0x0f, 0xff, 0x0e, 0x0c, 0x78, 0x01, 0x06, 0xfc, 0xc0, 0x00, 
	0x00, 0x00, 0xff, 0x00, 0x00, 0xfc, 0xfc, 0xfc, 0xfc, 0x00, 0x00, 0xfe, 0xff, 0xff, 0xff, 0xff, 
	0xff, 0xff, 0xff, 0xff, 0xff, 0xff, 0xff, 0xff, 0x7f, 0x3f, 0x1f, 0x82, 0x60, 0x3f, 0x03, 0x00, 
	0x00, 0x00, 0x0f, 0x08, 0x08, 0x09, 0x09, 0x09, 0x09, 0x08, 0x08, 0x09, 0x09, 0x09, 0x09, 0x09, 
	0x09, 0x09, 0x09, 0x09, 0x09, 0x09, 0x0c, 0x04, 0x06, 0x02, 0x03, 0x01, 0x00, 0x00, 0x00, 0x00
};
// 'imdb', 32x32px
const unsigned char fab_32x32_fa_imdb [] PROGMEM = {
	0x00, 0x00, 0xf8, 0xfc, 0xfc, 0xfc, 0xfc, 0xfc, 0xfc, 0xfc, 0xfc, 0xfc, 0xfc, 0xfc, 0xfc, 0xfc, 
	0xfc, 0xfc, 0xfc, 0xfc, 0xfc, 0xfc, 0xfc, 0xfc, 0xfc, 0xfc, 0xfc, 0xfc, 0xfc, 0xf8, 0x00, 0x00, 
	0x00, 0x00, 0xff, 0xff, 0xff, 0xff, 0x0f, 0x0f, 0xff, 0x0f, 0x0f, 0x1f, 0x1f, 0x0f, 0x0f, 0xff, 
	0x0f, 0x0f, 0x4f, 0x0f, 0x3f, 0x0f, 0x0f, 0x3f, 0x3f, 0x7f, 0xff, 0xff, 0xff, 0xff, 0x00, 0x00, 
	0x00, 0x00, 0xff, 0xff, 0xff, 0xff, 0xf0, 0xf0, 0xff, 0xf0, 0xf8, 0xf0, 0xf0, 0xf0, 0xf0, 0xff, 
	0xf0, 0xf0, 0xf2, 0xf0, 0xfc, 0xf0, 0xf0, 0xf3, 0xf0, 0xf0, 0xff, 0xff, 0xff, 0xff, 0x00, 0x00, 
	0x00, 0x00, 0x1f, 0x3f, 0x3f, 0x3f, 0x3f, 0x3f, 0x3f, 0x3f, 0x3f, 0x3f, 0x3f, 0x3f, 0x3f, 0x3f, 
	0x3f, 0x3f, 0x3f, 0x3f, 0x3f, 0x3f, 0x3f, 0x3f, 0x3f, 0x3f, 0x3f, 0x3f, 0x3f, 0x1f, 0x00, 0x00
};
// 'innosoft', 32x32px
const unsigned char fab_32x32_fa_innosoft [] PROGMEM = {
	0x00, 0x00, 0x00, 0x00, 0x00, 0x00, 0x80, 0x80, 0xc0, 0xe0, 0xe0, 0xf0, 0x70, 0x78, 0x3c, 0x3c, 
	0x3c, 0xbc, 0xf8, 0xf0, 0xf0, 0xe0, 0xe0, 0x40, 0x00, 0x00, 0x00, 0x00, 0x00, 0x00, 0x00, 0x00, 
	0x00, 0x00, 0x00, 0x00, 0xff, 0xff, 0xff, 0x03, 0x03, 0x71, 0x78, 0x38, 0x3c, 0x1e, 0x8e, 0xcf, 
	0xc7, 0xe7, 0xe3, 0xf1, 0x71, 0x78, 0x3c, 0x1c, 0x1e, 0xfe, 0xff, 0xfe, 0x00, 0x00, 0x00, 0x00, 
	0x00, 0x00, 0x00, 0x00, 0x7f, 0xff, 0x7f, 0x78, 0x38, 0x3c, 0x1e, 0x8e, 0x8f, 0xc7, 0xe7, 0xe3, 
	0xf3, 0x71, 0x78, 0x3c, 0x1c, 0x1e, 0x8e, 0xc0, 0xc0, 0xff, 0xff, 0xff, 0x00, 0x00, 0x00, 0x00, 
	0x00, 0x00, 0x00, 0x00, 0x00, 0x00, 0x00, 0x00, 0x02, 0x07, 0x07, 0x0f, 0x0f, 0x1f, 0x3d, 0x3c, 
	0x3c, 0x3c, 0x1e, 0x0e, 0x0f, 0x07, 0x07, 0x03, 0x01, 0x01, 0x00, 0x00, 0x00, 0x00, 0x00, 0x00
};
// 'instagram', 32x32px
const unsigned char fab_32x32_fa_instagram [] PROGMEM = {
	0x00, 0x00, 0x80, 0xe0, 0xf0, 0x78, 0x38, 0x1c, 0x1c, 0x1c, 0x1c, 0x1c, 0x1c, 0x1c, 0x1c, 0x1c, 
	0x1c, 0x1c, 0x1c, 0x1c, 0x1c, 0x1c, 0x9c, 0x9c, 0x9c, 0x38, 0x78, 0xf0, 0xe0, 0x80, 0x00, 0x00, 
	0x00, 0x00, 0xff, 0xff, 0xff, 0x00, 0x00, 0x00, 0x00, 0xe0, 0xf8, 0x7c, 0x1c, 0x0e, 0x0e, 0x06, 
	0x06, 0x0e, 0x0e, 0x1c, 0x7c, 0xf8, 0xe3, 0x03, 0x03, 0x00, 0x00, 0xff, 0xff, 0xff, 0x00, 0x00, 
	0x00, 0x00, 0xff, 0xff, 0xff, 0x00, 0x00, 0x00, 0x00, 0x07, 0x1f, 0x3e, 0x38, 0x70, 0x70, 0x60, 
	0x60, 0x70, 0x70, 0x38, 0x3e, 0x1f, 0x07, 0x00, 0x00, 0x00, 0x00, 0xff, 0xff, 0xff, 0x00, 0x00, 
	0x00, 0x00, 0x01, 0x07, 0x0f, 0x1e, 0x1c, 0x38, 0x38, 0x38, 0x38, 0x38, 0x38, 0x38, 0x38, 0x38, 
	0x38, 0x38, 0x38, 0x38, 0x38, 0x38, 0x38, 0x38, 0x38, 0x1c, 0x1e, 0x0f, 0x07, 0x01, 0x00, 0x00
};
// 'instagram-square', 32x32px
const unsigned char fab_32x32_fa_instagram_square [] PROGMEM = {
	0x00, 0x00, 0xf8, 0xfc, 0xfc, 0xfc, 0xfc, 0xfc, 0x7c, 0x7c, 0x3c, 0x3c, 0x3c, 0x3c, 0x3c, 0x3c, 
	0x3c, 0x3c, 0x3c, 0x3c, 0x3c, 0x3c, 0x7c, 0x7c, 0xfc, 0xfc, 0xfc, 0xfc, 0xfc, 0xf8, 0x00, 0x00, 
	0x00, 0x00, 0xff, 0xff, 0xff, 0xff, 0x03, 0x00, 0xfe, 0xff, 0xff, 0x3f, 0x0f, 0xcf, 0xe7, 0xe7, 
	0xe7, 0xe7, 0xcf, 0x0f, 0x3b, 0xf3, 0xff, 0xfe, 0x00, 0x03, 0xff, 0xff, 0xff, 0xff, 0x00, 0x00, 
	0x00, 0x00, 0xff, 0xff, 0xff, 0xff, 0xc0, 0x00, 0x3f, 0x7f, 0xff, 0xfc, 0xf0, 0xf3, 0xe7, 0xe7, 
	0xe7, 0xe7, 0xf3, 0xf0, 0xfc, 0xff, 0xff, 0x7f, 0x00, 0xc0, 0xff, 0xff, 0xff, 0xff, 0x00, 0x00, 
	0x00, 0x00, 0x1f, 0x3f, 0x3f, 0x3f, 0x3f, 0x3f, 0x3e, 0x3e, 0x3c, 0x3c, 0x3c, 0x3c, 0x3c, 0x3c, 
	0x3c, 0x3c, 0x3c, 0x3c, 0x3c, 0x3c, 0x3e, 0x3e, 0x3f, 0x3f, 0x3f, 0x3f, 0x3f, 0x1f, 0x00, 0x00
};
// 'instalod', 32x32px
const unsigned char fab_32x32_fa_instalod [] PROGMEM = {
	0x00, 0x00, 0x00, 0x00, 0x00, 0x80, 0xe0, 0xf0, 0xf0, 0xe0, 0xc4, 0x8c, 0x1c, 0x3c, 0xfc, 0xfc, 
	0xfc, 0xfc, 0xfc, 0xfc, 0xfc, 0xfc, 0xfc, 0xfc, 0xf8, 0xf0, 0xc0, 0x00, 0x00, 0x00, 0x00, 0x00, 
	0x00, 0xc0, 0xf0, 0xf8, 0xfe, 0xff, 0xff, 0xff, 0xff, 0xff, 0xff, 0xff, 0x7f, 0x0c, 0x00, 0x01, 
	0x03, 0x07, 0x0f, 0x1f, 0x3f, 0xff, 0xff, 0xff, 0xff, 0xff, 0xff, 0xff, 0xfc, 0x78, 0x60, 0x00, 
	0x00, 0x03, 0x0f, 0x1f, 0x7f, 0xff, 0xff, 0xff, 0xff, 0xff, 0x1f, 0x03, 0xe0, 0xe0, 0xf0, 0xf0, 
	0xf0, 0xf0, 0xf0, 0xf8, 0xf8, 0xf8, 0xf9, 0xf9, 0xf8, 0xfc, 0xfc, 0xfc, 0x3c, 0x1c, 0x06, 0x00, 
	0x00, 0x00, 0x00, 0x00, 0x00, 0x01, 0x07, 0x0f, 0x07, 0x00, 0x38, 0x3f, 0x3f, 0x3f, 0x3f, 0x3f, 
	0x3f, 0x3f, 0x3f, 0x3f, 0x3f, 0x3f, 0x3f, 0x3f, 0x1f, 0x0f, 0x03, 0x00, 0x00, 0x00, 0x00, 0x00
};
// 'intercom', 32x32px
const unsigned char fab_32x32_fa_intercom [] PROGMEM = {
	0x00, 0x00, 0xf0, 0xf8, 0xfc, 0xfc, 0xfc, 0xfc, 0xfc, 0xfc, 0x7c, 0x3c, 0xfc, 0xfc, 0xfc, 0x3c, 
	0x3c, 0xfc, 0xfc, 0xfc, 0x3c, 0x7c, 0xfc, 0xfc, 0xfc, 0xfc, 0xfc, 0xfc, 0xf8, 0xf0, 0x00, 0x00, 
	0x00, 0x00, 0xff, 0xff, 0xff, 0xff, 0x00, 0x01, 0xff, 0xff, 0x00, 0x00, 0xff, 0xff, 0xff, 0x00, 
	0x00, 0xff, 0xff, 0xff, 0x00, 0x00, 0xff, 0xff, 0x01, 0x00, 0xff, 0xff, 0xff, 0xff, 0x00, 0x00, 
	0x00, 0x00, 0xff, 0xff, 0xff, 0xff, 0x3c, 0x3e, 0x7f, 0x7f, 0xf0, 0xf0, 0xff, 0xff, 0xff, 0xe0, 
	0xe0, 0xff, 0xff, 0xff, 0xf0, 0xf0, 0x7f, 0x7f, 0x3e, 0x3c, 0xff, 0xff, 0xff, 0xff, 0x00, 0x00, 
	0x00, 0x00, 0x0f, 0x1f, 0x3f, 0x3f, 0x3f, 0x3f, 0x3e, 0x3e, 0x3e, 0x3c, 0x3c, 0x3c, 0x3c, 0x3c, 
	0x3c, 0x3c, 0x3c, 0x3c, 0x3c, 0x3e, 0x3e, 0x3e, 0x3f, 0x3f, 0x3f, 0x3f, 0x1f, 0x0f, 0x00, 0x00
};
// 'internet-explorer', 32x32px
const unsigned char fab_32x32_fa_internet_explorer [] PROGMEM = {
	0x00, 0x00, 0x00, 0x00, 0x00, 0x00, 0x00, 0xc0, 0xc0, 0xe0, 0xf0, 0xf0, 0xf8, 0xf8, 0xfc, 0xfc, 
	0xfc, 0xfc, 0xfc, 0xfc, 0xfe, 0xfe, 0xff, 0xff, 0xf3, 0xe3, 0xe3, 0xc3, 0x83, 0x06, 0x8c, 0x38, 
	0x00, 0x00, 0x00, 0x00, 0x98, 0xce, 0xf7, 0xfb, 0xfd, 0xff, 0xff, 0xff, 0x8f, 0x87, 0x83, 0x81, 
	0x81, 0x81, 0x81, 0x81, 0x83, 0x83, 0x87, 0x8f, 0xff, 0xff, 0xff, 0xff, 0xff, 0xfe, 0xfd, 0xe0, 
	0x80, 0xe0, 0xf8, 0x7e, 0x7f, 0xff, 0xff, 0xff, 0xff, 0xff, 0xff, 0xf7, 0xc7, 0x87, 0x07, 0x07, 
	0x07, 0x07, 0x07, 0x07, 0x07, 0x07, 0x87, 0xc7, 0xc7, 0xc7, 0xc7, 0xc7, 0xc7, 0xc7, 0x47, 0x07, 
	0x3f, 0x7f, 0xe3, 0xc0, 0x80, 0x81, 0x83, 0x87, 0x4f, 0x5f, 0x3f, 0x3f, 0x3f, 0x7f, 0x7f, 0x7f, 
	0x7e, 0x7e, 0x7e, 0x7e, 0x7f, 0x3f, 0x3f, 0x3f, 0x1f, 0x1f, 0x0f, 0x07, 0x03, 0x01, 0x00, 0x00
};
// 'invision', 32x32px
const unsigned char fab_32x32_fa_invision [] PROGMEM = {
	0x00, 0x00, 0xf8, 0xfc, 0xfc, 0xfc, 0xfc, 0xfc, 0xfc, 0xfc, 0xfc, 0xfc, 0xfc, 0xfc, 0xfc, 0xfc, 
	0xfc, 0xfc, 0xfc, 0xfc, 0xfc, 0xfc, 0xfc, 0xfc, 0xfc, 0xfc, 0xfc, 0xfc, 0xfc, 0xf8, 0x00, 0x00, 
	0x00, 0x00, 0xff, 0xff, 0xff, 0xff, 0xff, 0xdf, 0x8f, 0x0f, 0x0c, 0x08, 0xfc, 0xff, 0x8f, 0x0f, 
	0x0f, 0x0f, 0xbf, 0xdf, 0x8f, 0x0f, 0x0f, 0x1f, 0xff, 0xff, 0xff, 0xff, 0xff, 0xff, 0x00, 0x00, 
	0x00, 0x00, 0xff, 0xff, 0xff, 0xff, 0xff, 0xff, 0x81, 0x80, 0x10, 0xbf, 0x9f, 0x8f, 0x83, 0x80, 
	0xe0, 0xfe, 0xff, 0xff, 0xcf, 0x80, 0x80, 0xb8, 0x9f, 0xcf, 0xff, 0xff, 0xff, 0xff, 0x00, 0x00, 
	0x00, 0x00, 0x1f, 0x3f, 0x3f, 0x3f, 0x3f, 0x3f, 0x3f, 0x3f, 0x3f, 0x3f, 0x3f, 0x3f, 0x3f, 0x3f, 
	0x3f, 0x3f, 0x3f, 0x3f, 0x3f, 0x3f, 0x3f, 0x3f, 0x3f, 0x3f, 0x3f, 0x3f, 0x3f, 0x1f, 0x00, 0x00
};
// 'ioxhost', 32x32px
const unsigned char fab_32x32_fa_ioxhost [] PROGMEM = {
	0x00, 0x00, 0x00, 0x00, 0x00, 0x00, 0x00, 0x80, 0xc0, 0xe0, 0xe0, 0x70, 0x70, 0x30, 0x38, 0x38, 
	0x38, 0x38, 0x30, 0x70, 0x70, 0xe0, 0xe0, 0xc0, 0x80, 0x00, 0x00, 0x00, 0x00, 0x00, 0x00, 0x00, 
	0x00, 0x00, 0x00, 0x00, 0xf8, 0xfe, 0x1f, 0x07, 0x01, 0x00, 0x98, 0xb8, 0xb8, 0xb8, 0xb8, 0xb8, 
	0xb8, 0xb8, 0xb8, 0xb8, 0xb8, 0xb8, 0x38, 0x39, 0x3f, 0x3f, 0xfe, 0xf8, 0x38, 0x38, 0x38, 0x18, 
	0x18, 0x1c, 0x1c, 0x1c, 0x1f, 0x7f, 0xfc, 0xfc, 0x9c, 0x1c, 0x1d, 0x1d, 0x1d, 0x1d, 0x1d, 0x1d, 
	0x1d, 0x1d, 0x1d, 0x1d, 0x1d, 0x19, 0x00, 0x80, 0xe0, 0xf8, 0x7f, 0x1f, 0x00, 0x00, 0x00, 0x00, 
	0x00, 0x00, 0x00, 0x00, 0x00, 0x00, 0x00, 0x01, 0x03, 0x07, 0x07, 0x0e, 0x0e, 0x0c, 0x1c, 0x1c, 
	0x1c, 0x1c, 0x0c, 0x0e, 0x0e, 0x07, 0x07, 0x03, 0x01, 0x00, 0x00, 0x00, 0x00, 0x00, 0x00, 0x00
};
// 'itch-io', 32x32px
const unsigned char fab_32x32_fa_itch_io [] PROGMEM = {
	0xc0, 0xe0, 0xf0, 0xf8, 0xfc, 0xfc, 0xfc, 0xfc, 0xfc, 0xfc, 0xfc, 0xfc, 0xfc, 0xfc, 0xfc, 0xfc, 
	0xfc, 0xfc, 0xfc, 0xfc, 0xfc, 0xfc, 0xfc, 0xfc, 0xfc, 0xfc, 0xfc, 0xfc, 0xf8, 0xf0, 0xe0, 0xc0, 
	0x01, 0x07, 0x07, 0xf7, 0xf7, 0xf7, 0xfb, 0xf3, 0x77, 0x37, 0x37, 0x37, 0x7b, 0x7b, 0x77, 0x77, 
	0x77, 0x77, 0x7b, 0x7b, 0x37, 0x37, 0x37, 0x77, 0xf3, 0xfb, 0xf7, 0xf7, 0xf7, 0x07, 0x07, 0x01, 
	0x00, 0x00, 0x00, 0xff, 0xff, 0x1f, 0x03, 0x00, 0x00, 0x00, 0x00, 0x80, 0x80, 0x88, 0x9c, 0xbe, 
	0xbe, 0x9c, 0x88, 0x80, 0x80, 0x00, 0x00, 0x00, 0x00, 0x03, 0x1f, 0xff, 0xff, 0x00, 0x00, 0x00, 
	0x00, 0x00, 0x00, 0x0f, 0x1f, 0x18, 0x38, 0x38, 0x38, 0x3c, 0x3e, 0x3f, 0x3f, 0x3f, 0x3f, 0x3f, 
	0x3f, 0x3f, 0x3f, 0x3f, 0x3f, 0x3e, 0x3c, 0x38, 0x38, 0x38, 0x18, 0x1f, 0x0f, 0x00, 0x00, 0x00
};
// 'itunes', 32x32px
const unsigned char fab_32x32_fa_itunes [] PROGMEM = {
	0x00, 0x00, 0xc0, 0xf0, 0xf8, 0xf8, 0xfc, 0x7c, 0x3c, 0xbc, 0xdc, 0xdc, 0xcc, 0xec, 0xec, 0xec, 
	0xec, 0xec, 0xec, 0xcc, 0xdc, 0x9c, 0xbc, 0x3c, 0x7c, 0xfc, 0xf8, 0xf8, 0xf0, 0xc0, 0x00, 0x00, 
	0x00, 0x00, 0xff, 0xff, 0x0f, 0xe3, 0xf8, 0xfe, 0xff, 0xff, 0xff, 0xff, 0xff, 0xc3, 0xe3, 0xe3, 
	0xe3, 0xe3, 0xe1, 0xf1, 0x01, 0xff, 0xff, 0xff, 0xfe, 0xf8, 0xc3, 0x0f, 0xff, 0xff, 0x00, 0x00, 
	0x00, 0x00, 0xff, 0xff, 0xf8, 0xc3, 0x9f, 0x3f, 0x7f, 0xdf, 0x8f, 0x8f, 0x87, 0xff, 0xff, 0xff, 
	0xff, 0xe7, 0xc3, 0xe3, 0xe0, 0xff, 0xff, 0x7f, 0x3f, 0x9f, 0xe3, 0xf8, 0xff, 0xff, 0x00, 0x00, 
	0x00, 0x00, 0x03, 0x0f, 0x1f, 0x1f, 0x3f, 0x3f, 0x3e, 0x3c, 0x3d, 0x39, 0x3b, 0x3b, 0x33, 0x33, 
	0x33, 0x33, 0x3b, 0x3b, 0x39, 0x3d, 0x3c, 0x3e, 0x3f, 0x3f, 0x1f, 0x1f, 0x0f, 0x03, 0x00, 0x00
};
// 'itunes-note', 32x32px
const unsigned char fab_32x32_fa_itunes_note [] PROGMEM = {
	0x00, 0x00, 0x00, 0x00, 0x00, 0x00, 0x00, 0x00, 0x00, 0x00, 0x00, 0xe0, 0xe0, 0xf0, 0xf0, 0xf0, 
	0xf0, 0xf0, 0xf0, 0xf8, 0xf8, 0xf8, 0xf8, 0xf8, 0xfc, 0xfc, 0xfc, 0xfc, 0x00, 0x00, 0x00, 0x00, 
	0x00, 0x00, 0x00, 0x00, 0x00, 0x00, 0x00, 0x00, 0x00, 0x00, 0x00, 0xff, 0xff, 0x07, 0x07, 0x07, 
	0x07, 0x03, 0x03, 0x03, 0x03, 0x03, 0x01, 0x01, 0x01, 0x01, 0xff, 0xff, 0x00, 0x00, 0x00, 0x00, 
	0x00, 0x00, 0x00, 0x00, 0x00, 0x00, 0x00, 0x00, 0x80, 0x80, 0x80, 0xff, 0xff, 0x00, 0x00, 0x00, 
	0x00, 0x00, 0x00, 0x80, 0xc0, 0xe0, 0xe0, 0xe0, 0xf0, 0xf0, 0xff, 0xff, 0x00, 0x00, 0x00, 0x00, 
	0x00, 0x00, 0x00, 0x00, 0x1e, 0x3f, 0x3f, 0x3f, 0x3f, 0x3f, 0x3f, 0x1f, 0x0f, 0x00, 0x00, 0x00, 
	0x00, 0x00, 0x00, 0x01, 0x07, 0x07, 0x07, 0x07, 0x07, 0x07, 0x03, 0x01, 0x00, 0x00, 0x00, 0x00
};
// 'java', 32x32px
const unsigned char fab_32x32_fa_java [] PROGMEM = {
	0x00, 0x00, 0x00, 0x00, 0x00, 0x00, 0x00, 0x00, 0x00, 0x00, 0x00, 0x00, 0x00, 0x00, 0x00, 0x80, 
	0xc0, 0x60, 0x30, 0x1e, 0x80, 0x00, 0x00, 0x00, 0x00, 0x00, 0x00, 0x00, 0x00, 0x00, 0x00, 0x00, 
	0x00, 0x00, 0x00, 0x00, 0x00, 0x00, 0x00, 0x00, 0x00, 0x00, 0x00, 0x00, 0x3c, 0x6e, 0x83, 0x01, 
	0x3c, 0x7e, 0xe2, 0x81, 0x00, 0x00, 0x00, 0x00, 0x00, 0x00, 0x00, 0x00, 0x00, 0x00, 0x00, 0x00, 
	0x00, 0x00, 0x00, 0x00, 0x00, 0x00, 0x00, 0x08, 0x0c, 0x4c, 0x48, 0xc0, 0xc0, 0x80, 0x80, 0x80, 
	0x88, 0xc8, 0xcb, 0x48, 0x48, 0x00, 0x00, 0x00, 0x40, 0x62, 0x3c, 0x1c, 0x00, 0x00, 0x00, 0x00, 
	0x00, 0x00, 0x00, 0x00, 0x10, 0x30, 0x30, 0x20, 0x20, 0x20, 0x22, 0x26, 0x04, 0x44, 0x44, 0x44, 
	0x04, 0x84, 0xa4, 0xa4, 0xa0, 0xa0, 0xa0, 0x80, 0x00, 0x40, 0x00, 0x00, 0x00, 0x00, 0x00, 0x00
};
// 'jedi-order', 32x32px
const unsigned char fab_32x32_fa_jedi_order [] PROGMEM = {
	0x00, 0x00, 0x00, 0x00, 0x00, 0x00, 0xc0, 0xe0, 0x00, 0x00, 0x00, 0x00, 0x00, 0x00, 0x00, 0x00, 
	0x00, 0x00, 0x00, 0x00, 0x00, 0x00, 0x00, 0x00, 0xe0, 0xc0, 0x00, 0x00, 0x00, 0x00, 0x00, 0x00, 
	0x00, 0x00, 0xf0, 0xc0, 0x38, 0xff, 0xff, 0xff, 0xfc, 0xf0, 0xc0, 0x00, 0x00, 0x00, 0x00, 0x00, 
	0x00, 0x00, 0x00, 0x00, 0x00, 0xc0, 0xf0, 0xfc, 0xff, 0xff, 0xff, 0x38, 0xc0, 0xf0, 0x00, 0x00, 
	0x00, 0x00, 0x1f, 0x7f, 0xff, 0xff, 0xff, 0xff, 0xff, 0xe7, 0x00, 0x00, 0x00, 0x40, 0xf0, 0xf8, 
	0xf8, 0xf0, 0x40, 0x00, 0x00, 0x00, 0xe7, 0xff, 0xff, 0xff, 0xff, 0xff, 0x7f, 0x1f, 0x00, 0x00, 
	0x00, 0x00, 0x00, 0x00, 0x01, 0x03, 0x07, 0x0f, 0x0f, 0x1f, 0x1f, 0x3c, 0x38, 0x30, 0x30, 0x3f, 
	0x3f, 0x30, 0x30, 0x38, 0x3c, 0x1f, 0x1f, 0x0f, 0x0f, 0x07, 0x03, 0x01, 0x00, 0x00, 0x00, 0x00
};
// 'jenkins', 32x32px
const unsigned char fab_32x32_fa_jenkins [] PROGMEM = {
	0x00, 0x00, 0x00, 0x00, 0x00, 0x80, 0xc0, 0x70, 0x58, 0x48, 0xc4, 0x04, 0x0e, 0x06, 0x83, 0xc3, 
	0x41, 0x01, 0x01, 0x01, 0x03, 0x03, 0x02, 0x06, 0x04, 0x48, 0x70, 0xe0, 0x80, 0x00, 0x00, 0x00, 
	0x00, 0x00, 0x00, 0x00, 0xe4, 0x3f, 0x50, 0x50, 0x70, 0x60, 0x01, 0x00, 0x00, 0x00, 0x01, 0x00, 
	0x00, 0x10, 0x30, 0x18, 0x00, 0x00, 0x00, 0x10, 0x60, 0xc0, 0x90, 0x18, 0xff, 0x00, 0x00, 0x00, 
	0x00, 0x00, 0x00, 0x00, 0x03, 0x06, 0x0c, 0x18, 0xfc, 0x80, 0x00, 0x00, 0x00, 0x00, 0x00, 0x00, 
	0x00, 0x00, 0x00, 0x28, 0x68, 0x4c, 0x5c, 0x00, 0x0a, 0x89, 0xe4, 0x9c, 0x03, 0x00, 0x00, 0x00, 
	0x00, 0x00, 0xf8, 0x88, 0x84, 0x86, 0x82, 0x83, 0x81, 0x81, 0x83, 0x86, 0x8c, 0x88, 0x9c, 0x83, 
	0x03, 0x86, 0x86, 0xce, 0xfe, 0xae, 0xbe, 0xe3, 0x83, 0xe7, 0xc8, 0x81, 0x83, 0x3e, 0x00, 0x00
};
// 'jira', 32x32px
const unsigned char fab_32x32_fa_jira [] PROGMEM = {
	0x00, 0x00, 0x00, 0x00, 0x00, 0x00, 0x00, 0x00, 0x00, 0x80, 0xc0, 0xe0, 0xf0, 0xf8, 0xfc, 0xfe, 
	0xff, 0xfe, 0xfc, 0xf8, 0xf0, 0xe0, 0xc0, 0x80, 0x00, 0x00, 0x00, 0x00, 0x00, 0x00, 0x00, 0x00, 
	0x00, 0x80, 0xc0, 0xe0, 0xf0, 0xf8, 0xfc, 0xfe, 0xff, 0xff, 0xff, 0xff, 0x7f, 0x3f, 0x1f, 0x0f, 
	0x0f, 0x0f, 0x1f, 0x3f, 0x7f, 0xff, 0xff, 0xff, 0xff, 0xfe, 0xfc, 0xf8, 0xf0, 0xe0, 0xc0, 0x80, 
	0x00, 0x01, 0x03, 0x07, 0x0f, 0x1f, 0x3f, 0x7f, 0xff, 0xff, 0xff, 0xff, 0xfe, 0xfc, 0xf8, 0xf0, 
	0xf0, 0xf0, 0xf8, 0xfc, 0xfe, 0xff, 0xff, 0xff, 0xff, 0x7f, 0x3f, 0x1f, 0x0f, 0x07, 0x03, 0x01, 
	0x00, 0x00, 0x00, 0x00, 0x00, 0x00, 0x00, 0x00, 0x00, 0x01, 0x03, 0x07, 0x0f, 0x1f, 0x3f, 0x7f, 
	0xff, 0x7f, 0x3f, 0x1f, 0x0f, 0x07, 0x03, 0x01, 0x00, 0x00, 0x00, 0x00, 0x00, 0x00, 0x00, 0x00
};
// 'joget', 32x32px
const unsigned char fab_32x32_fa_joget [] PROGMEM = {
	0x00, 0x00, 0x00, 0x80, 0xc0, 0xe0, 0x70, 0x38, 0x18, 0x1c, 0x0c, 0x0e, 0x06, 0x06, 0x06, 0x07, 
	0x07, 0x07, 0x06, 0x06, 0x06, 0x0e, 0x0c, 0x1c, 0x18, 0x38, 0x70, 0xe0, 0xc0, 0x80, 0x00, 0x00, 
	0x00, 0xf0, 0xfe, 0x1f, 0x83, 0xc1, 0xe0, 0xf0, 0xf8, 0xf8, 0xfc, 0x7c, 0x3c, 0x1c, 0x0c, 0x0c, 
	0x04, 0x80, 0x80, 0xc0, 0xe0, 0x60, 0xa0, 0xa0, 0xc0, 0xc0, 0xc0, 0x41, 0x03, 0x1f, 0xfe, 0xf0, 
	0x00, 0x0f, 0x7f, 0xfe, 0xff, 0xff, 0xff, 0xff, 0xff, 0xff, 0xff, 0xff, 0xfe, 0xfe, 0x7c, 0x7c, 
	0x3d, 0x3d, 0x3d, 0x3d, 0x3c, 0x3d, 0x3d, 0x1d, 0x1d, 0x1c, 0x1c, 0x9c, 0xfc, 0xfc, 0x7f, 0x0f, 
	0x00, 0x00, 0x00, 0x01, 0x03, 0x07, 0x0f, 0x1f, 0x1f, 0x3f, 0x3f, 0x7f, 0x7f, 0x7c, 0x70, 0xe0, 
	0xe0, 0xe0, 0x60, 0x60, 0x60, 0x70, 0x30, 0x38, 0x18, 0x1c, 0x0e, 0x07, 0x03, 0x01, 0x00, 0x00
};
// 'joomla', 32x32px
const unsigned char fab_32x32_fa_joomla [] PROGMEM = {
	0x00, 0x00, 0xf0, 0xf8, 0xfc, 0xfc, 0xfc, 0xfc, 0xf8, 0xe0, 0xe0, 0xe0, 0xe0, 0xc0, 0xc0, 0x80, 
	0x80, 0xc0, 0xe0, 0xe0, 0xe0, 0xe0, 0xe0, 0xf8, 0xfc, 0xfc, 0xfc, 0xfc, 0xf8, 0xf0, 0x00, 0x00, 
	0x00, 0x00, 0x00, 0x01, 0x01, 0x3f, 0xff, 0xff, 0xff, 0xe1, 0xe1, 0xf1, 0xfb, 0x7f, 0x3f, 0x1f, 
	0x3f, 0x7f, 0xff, 0xf9, 0xf1, 0xe1, 0xe3, 0xff, 0xff, 0x7f, 0x3f, 0x01, 0x01, 0x00, 0x00, 0x00, 
	0x00, 0x00, 0x00, 0x80, 0x80, 0xfc, 0xfe, 0xff, 0xff, 0x87, 0x8f, 0x9f, 0xbf, 0xfe, 0xfc, 0xf8, 
	0xf8, 0xfc, 0xfe, 0x9f, 0x8f, 0x87, 0xcf, 0xff, 0xff, 0xfe, 0xf8, 0x80, 0x80, 0x00, 0x00, 0x00, 
	0x00, 0x00, 0x0f, 0x1f, 0x3f, 0x3f, 0x3f, 0x3f, 0x1f, 0x07, 0x07, 0x07, 0x07, 0x07, 0x03, 0x01, 
	0x03, 0x03, 0x07, 0x07, 0x07, 0x07, 0x07, 0x1f, 0x3f, 0x3f, 0x3f, 0x3f, 0x1f, 0x0f, 0x00, 0x00
};
// 'js', 32x32px
const unsigned char fab_32x32_fa_js [] PROGMEM = {
	0x00, 0x00, 0xfc, 0xfc, 0xfc, 0xfc, 0xfc, 0xfc, 0xfc, 0xfc, 0xfc, 0xfc, 0xfc, 0xfc, 0xfc, 0xfc, 
	0xfc, 0xfc, 0xfc, 0xfc, 0xfc, 0xfc, 0xfc, 0xfc, 0xfc, 0xfc, 0xfc, 0xfc, 0xfc, 0xfc, 0x00, 0x00, 
	0x00, 0x00, 0xff, 0xff, 0xff, 0xff, 0xff, 0xff, 0xff, 0xff, 0xff, 0xff, 0xff, 0xff, 0xff, 0x7f, 
	0x7f, 0xff, 0xff, 0xff, 0xff, 0x7f, 0x7f, 0x7f, 0x7f, 0x7f, 0xff, 0xff, 0xff, 0xff, 0x00, 0x00, 
	0x00, 0x00, 0xff, 0xff, 0xff, 0xff, 0xff, 0xff, 0xff, 0xff, 0xff, 0xff, 0xff, 0xff, 0xff, 0x00, 
	0x00, 0xff, 0xff, 0xff, 0xe0, 0xc0, 0xc6, 0xce, 0x8e, 0x1c, 0x1e, 0x7f, 0xff, 0xff, 0x00, 0x00, 
	0x00, 0x00, 0x3f, 0x3f, 0x3f, 0x3f, 0x3f, 0x3f, 0x3f, 0x3f, 0x39, 0x39, 0x31, 0x31, 0x31, 0x38, 
	0x3c, 0x3f, 0x3f, 0x3d, 0x38, 0x39, 0x31, 0x31, 0x31, 0x38, 0x38, 0x3c, 0x3f, 0x3f, 0x00, 0x00
};
// 'jsfiddle', 32x32px
const unsigned char fab_32x32_fa_jsfiddle [] PROGMEM = {
	0x00, 0x00, 0x00, 0x00, 0x00, 0x00, 0x00, 0x00, 0x00, 0x00, 0x00, 0x00, 0x80, 0x80, 0x40, 0x40, 
	0x40, 0x40, 0x60, 0x40, 0x40, 0x40, 0x40, 0x80, 0x00, 0x00, 0x00, 0x00, 0x00, 0x00, 0x00, 0x00, 
	0x00, 0x00, 0x80, 0xf0, 0x18, 0x04, 0x04, 0x04, 0x04, 0x84, 0x84, 0x83, 0x81, 0x80, 0x00, 0x00, 
	0x00, 0x00, 0x80, 0x80, 0x80, 0x80, 0x80, 0x00, 0x01, 0x03, 0x0c, 0xf0, 0x80, 0x00, 0x00, 0x00, 
	0x3c, 0xe6, 0x81, 0x00, 0x00, 0x00, 0x00, 0x00, 0x0f, 0x11, 0x20, 0x20, 0x20, 0x30, 0x11, 0x02, 
	0x04, 0x08, 0x11, 0x20, 0x20, 0x20, 0x20, 0x19, 0x0e, 0x00, 0x00, 0x00, 0x00, 0x81, 0xc6, 0x3c, 
	0x00, 0x00, 0x01, 0x03, 0x02, 0x02, 0x06, 0x06, 0x06, 0x06, 0x06, 0x06, 0x06, 0x06, 0x06, 0x06, 
	0x06, 0x06, 0x06, 0x06, 0x06, 0x06, 0x06, 0x06, 0x06, 0x06, 0x02, 0x02, 0x03, 0x01, 0x00, 0x00
};
// 'js-square', 32x32px
const unsigned char fab_32x32_fa_js_square [] PROGMEM = {
	0x00, 0x00, 0xf8, 0xfc, 0xfc, 0xfc, 0xfc, 0xfc, 0xfc, 0xfc, 0xfc, 0xfc, 0xfc, 0xfc, 0xfc, 0xfc, 
	0xfc, 0xfc, 0xfc, 0xfc, 0xfc, 0xfc, 0xfc, 0xfc, 0xfc, 0xfc, 0xfc, 0xfc, 0xfc, 0xf8, 0x00, 0x00, 
	0x00, 0x00, 0xff, 0xff, 0xff, 0xff, 0xff, 0xff, 0xff, 0xff, 0xff, 0xff, 0xff, 0xff, 0xff, 0x7f, 
	0x7f, 0xff, 0xff, 0xff, 0xff, 0x7f, 0x7f, 0x7f, 0x7f, 0x7f, 0xff, 0xff, 0xff, 0xff, 0x00, 0x00, 
	0x00, 0x00, 0xff, 0xff, 0xff, 0xff, 0xff, 0xff, 0xff, 0xff, 0xff, 0xff, 0xff, 0xff, 0xff, 0x00, 
	0x00, 0xff, 0xff, 0xff, 0xe0, 0xc0, 0xc6, 0xce, 0x8e, 0x1c, 0x1e, 0x7f, 0xff, 0xff, 0x00, 0x00, 
	0x00, 0x00, 0x1f, 0x3f, 0x3f, 0x3f, 0x3f, 0x3f, 0x3f, 0x3f, 0x39, 0x39, 0x31, 0x31, 0x31, 0x38, 
	0x3c, 0x3f, 0x3f, 0x3d, 0x38, 0x39, 0x31, 0x31, 0x31, 0x38, 0x38, 0x3c, 0x3f, 0x1f, 0x00, 0x00
};
// 'kaggle', 32x32px
const unsigned char fab_32x32_fa_kaggle [] PROGMEM = {
	0x00, 0x00, 0x00, 0x00, 0x00, 0x00, 0x00, 0xff, 0xff, 0xff, 0xff, 0x00, 0x00, 0x00, 0x00, 0x00, 
	0x00, 0x00, 0x00, 0x00, 0x00, 0x00, 0x00, 0x00, 0x00, 0x00, 0x00, 0x00, 0x00, 0x00, 0x00, 0x00, 
	0x00, 0x00, 0x00, 0x00, 0x00, 0x00, 0x00, 0xff, 0xff, 0xff, 0xff, 0x00, 0x00, 0x00, 0x00, 0x80, 
	0xc0, 0xe0, 0xf0, 0xf8, 0xf8, 0x78, 0x38, 0x18, 0x08, 0x00, 0x00, 0x00, 0x00, 0x00, 0x00, 0x00, 
	0x00, 0x00, 0x00, 0x00, 0x00, 0x00, 0x00, 0xff, 0xff, 0xff, 0xff, 0xf8, 0x7c, 0xfe, 0xff, 0xff, 
	0xef, 0xc7, 0x83, 0x01, 0x00, 0x00, 0x00, 0x00, 0x00, 0x00, 0x00, 0x00, 0x00, 0x00, 0x00, 0x00, 
	0x00, 0x00, 0x00, 0x00, 0x00, 0x00, 0x00, 0xff, 0xff, 0xff, 0xff, 0x00, 0x00, 0x00, 0x01, 0x03, 
	0x07, 0x1f, 0x3f, 0x7f, 0xfc, 0xf8, 0xf0, 0xe0, 0x80, 0x00, 0x00, 0x00, 0x00, 0x00, 0x00, 0x00
};
// 'keybase', 32x32px
const unsigned char fab_32x32_fa_keybase [] PROGMEM = {
	0x00, 0x00, 0x00, 0x00, 0x00, 0x00, 0xc0, 0xe0, 0xe0, 0x70, 0x70, 0xe0, 0xf0, 0xf8, 0xfc, 0xe8, 
	0xe0, 0xe0, 0xc0, 0x80, 0x00, 0x00, 0x00, 0x00, 0x00, 0x00, 0x00, 0x00, 0x00, 0x00, 0x00, 0x00, 
	0x00, 0x00, 0x00, 0x00, 0x00, 0x00, 0x87, 0xcf, 0xdf, 0xfc, 0xff, 0xff, 0xff, 0xff, 0x6f, 0x0f, 
	0xbf, 0x7f, 0xff, 0xff, 0xfe, 0xf0, 0xe0, 0xe0, 0xc0, 0x80, 0x00, 0x00, 0x00, 0x00, 0x00, 0x00, 
	0x00, 0x00, 0x00, 0xe0, 0xfc, 0xfe, 0xff, 0x7f, 0xff, 0xff, 0xff, 0xff, 0xff, 0xff, 0x7f, 0x79, 
	0x71, 0x78, 0x7c, 0x79, 0xff, 0xff, 0xff, 0xff, 0xff, 0xff, 0x7f, 0xfc, 0xf0, 0x00, 0x00, 0x00, 
	0x00, 0x00, 0x00, 0x0f, 0x0f, 0x3f, 0x30, 0x02, 0x01, 0x01, 0x00, 0x00, 0x00, 0x0c, 0x08, 0x00, 
	0x00, 0x00, 0x00, 0x0c, 0x0c, 0x00, 0x00, 0x00, 0x00, 0x00, 0x00, 0x3f, 0x1f, 0x00, 0x00, 0x00
};
// 'keycdn', 32x32px
const unsigned char fab_32x32_fa_keycdn [] PROGMEM = {
	0x00, 0x00, 0x00, 0x10, 0x38, 0x78, 0xf8, 0xe0, 0x80, 0x00, 0x60, 0x60, 0x60, 0xb0, 0xb0, 0xb0, 
	0xb0, 0xb0, 0xb0, 0x60, 0x60, 0xe0, 0xc0, 0x80, 0xc0, 0xe0, 0xfc, 0x7e, 0x7f, 0x3f, 0x3e, 0x1c, 
	0x00, 0x00, 0x00, 0x00, 0xf0, 0xfc, 0x1e, 0xe7, 0xf9, 0xfc, 0xfe, 0xff, 0xbf, 0x0f, 0x07, 0x07, 
	0x07, 0x07, 0x0f, 0xbf, 0xff, 0xfe, 0xfc, 0xf9, 0xe3, 0x1d, 0xfc, 0xe0, 0x00, 0x00, 0x00, 0x00, 
	0x00, 0x00, 0x00, 0x00, 0x0f, 0x3f, 0xb8, 0xc7, 0x9f, 0x3f, 0x7f, 0xff, 0xff, 0xfe, 0xe0, 0xe0, 
	0xe0, 0xe0, 0xfe, 0xff, 0xff, 0x7f, 0x3f, 0x9f, 0xe7, 0x78, 0x3f, 0x07, 0x00, 0x00, 0x00, 0x00, 
	0x38, 0x7c, 0xfe, 0xfe, 0x7e, 0x3f, 0x07, 0x03, 0x03, 0x03, 0x07, 0x06, 0x0c, 0x0d, 0x0d, 0x0d, 
	0x0d, 0x0d, 0x0d, 0x06, 0x06, 0x06, 0x00, 0x03, 0x07, 0x1f, 0x1e, 0x1c, 0x08, 0x00, 0x00, 0x00
};
// 'kickstarter', 32x32px
const unsigned char fab_32x32_fa_kickstarter [] PROGMEM = {
	0x00, 0x00, 0xf8, 0xfc, 0xfc, 0xfc, 0xfc, 0xfc, 0xfc, 0xfc, 0xfc, 0xfc, 0xfc, 0xfc, 0xfc, 0xfc, 
	0xfc, 0xfc, 0xfc, 0xfc, 0xfc, 0xfc, 0xfc, 0xfc, 0xfc, 0xfc, 0xfc, 0xfc, 0xfc, 0xf8, 0x00, 0x00, 
	0x00, 0x00, 0xff, 0xff, 0xff, 0xff, 0xff, 0xff, 0xff, 0xff, 0x01, 0x00, 0x00, 0x01, 0x1f, 0x0f, 
	0x07, 0x01, 0x01, 0x80, 0xe1, 0xf3, 0xff, 0xff, 0xff, 0xff, 0xff, 0xff, 0xff, 0xff, 0x00, 0x00, 
	0x00, 0x00, 0xff, 0xff, 0xff, 0xff, 0xff, 0xff, 0xff, 0xff, 0x80, 0x00, 0x00, 0x80, 0xf8, 0xf8, 
	0xe0, 0xc0, 0x80, 0x01, 0x03, 0x87, 0xff, 0xff, 0xff, 0xff, 0xff, 0xff, 0xff, 0xff, 0x00, 0x00, 
	0x00, 0x00, 0x1f, 0x3f, 0x3f, 0x3f, 0x3f, 0x3f, 0x3f, 0x3f, 0x3f, 0x3f, 0x3f, 0x3f, 0x3f, 0x3f, 
	0x3f, 0x3f, 0x3f, 0x3f, 0x3f, 0x3f, 0x3f, 0x3f, 0x3f, 0x3f, 0x3f, 0x3f, 0x3f, 0x1f, 0x00, 0x00
};
// 'kickstarter-k', 32x32px
const unsigned char fab_32x32_fa_kickstarter_k [] PROGMEM = {
	0x00, 0x00, 0x00, 0x00, 0xf0, 0xf8, 0xfc, 0xfc, 0xfc, 0xfc, 0xfc, 0xf8, 0xf0, 0x00, 0x00, 0x00, 
	0x80, 0xe0, 0xf0, 0xf8, 0xfc, 0xfc, 0xfc, 0xfc, 0xf8, 0xf8, 0xe0, 0x00, 0x00, 0x00, 0x00, 0x00, 
	0x00, 0x00, 0x00, 0x00, 0xff, 0xff, 0xff, 0xff, 0xff, 0xff, 0xff, 0xff, 0xff, 0xfc, 0xfc, 0xff, 
	0xff, 0xff, 0xff, 0xff, 0xff, 0xff, 0x3f, 0x1f, 0x07, 0x03, 0x00, 0x00, 0x00, 0x00, 0x00, 0x00, 
	0x00, 0x00, 0x00, 0x00, 0xff, 0xff, 0xff, 0xff, 0xff, 0xff, 0xff, 0xff, 0xff, 0x1f, 0x3f, 0x7f, 
	0xff, 0xff, 0xff, 0xff, 0xff, 0xff, 0xfe, 0xfc, 0xf8, 0xe0, 0xc0, 0x80, 0x00, 0x00, 0x00, 0x00, 
	0x00, 0x00, 0x00, 0x00, 0x0f, 0x1f, 0x3f, 0x3f, 0x3f, 0x3f, 0x3f, 0x1f, 0x0f, 0x00, 0x00, 0x00, 
	0x00, 0x01, 0x07, 0x0f, 0x1f, 0x3f, 0x3f, 0x3f, 0x3f, 0x3f, 0x1f, 0x0f, 0x00, 0x00, 0x00, 0x00
};
// 'korvue', 32x32px
const unsigned char fab_32x32_fa_korvue [] PROGMEM = {
	0x00, 0x00, 0xf0, 0xf8, 0xfc, 0xfc, 0xfc, 0xfc, 0xfc, 0xfc, 0xfc, 0xfc, 0xfc, 0xfc, 0xfc, 0xfc, 
	0xfc, 0xfc, 0xfc, 0xfc, 0xfc, 0xfc, 0xfc, 0xfc, 0xfc, 0xfc, 0xfc, 0xfc, 0xf8, 0xf0, 0x00, 0x00, 
	0x00, 0x00, 0xff, 0xff, 0xff, 0xff, 0xff, 0xff, 0x00, 0x00, 0x00, 0x00, 0x00, 0x1f, 0x1f, 0x07, 
	0x01, 0x00, 0x00, 0x80, 0xc0, 0xf0, 0xfc, 0xfe, 0xff, 0xff, 0xff, 0xff, 0xff, 0xff, 0x00, 0x00, 
	0x00, 0x00, 0xff, 0xff, 0xff, 0xff, 0xff, 0xff, 0x00, 0x00, 0x00, 0x00, 0x00, 0xf8, 0xf8, 0xe0, 
	0x80, 0x00, 0x00, 0x01, 0x03, 0x07, 0x1f, 0x3f, 0xff, 0xff, 0xff, 0xff, 0xff, 0xff, 0x00, 0x00, 
	0x00, 0x00, 0x0f, 0x1f, 0x3f, 0x3f, 0x3f, 0x3f, 0x3f, 0x3f, 0x3f, 0x3f, 0x3f, 0x3f, 0x3f, 0x3f, 
	0x3f, 0x3f, 0x3f, 0x3f, 0x3f, 0x3f, 0x3f, 0x3f, 0x3f, 0x3f, 0x3f, 0x3f, 0x1f, 0x0f, 0x00, 0x00
};
// 'laravel', 32x32px
const unsigned char fab_32x32_fa_laravel [] PROGMEM = {
	0xf0, 0xf8, 0x1c, 0x24, 0x66, 0x42, 0xc1, 0xc1, 0x42, 0x66, 0x24, 0x1c, 0xf8, 0xf0, 0x00, 0x00, 
	0x00, 0x00, 0x00, 0xc0, 0xc0, 0x60, 0x20, 0x10, 0x10, 0x10, 0x10, 0x20, 0x60, 0xc0, 0xc0, 0x80, 
	0xff, 0xff, 0x00, 0x00, 0x00, 0x00, 0xff, 0xff, 0x00, 0x00, 0x00, 0x00, 0xff, 0xff, 0x00, 0x00, 
	0x80, 0xc0, 0x7f, 0x7f, 0xc1, 0x81, 0x02, 0x06, 0xfc, 0xfc, 0x06, 0x02, 0x81, 0xc1, 0x7f, 0x3f, 
	0xff, 0xff, 0x00, 0x00, 0x00, 0x00, 0x1f, 0x3f, 0x70, 0x48, 0x8c, 0x84, 0x07, 0x03, 0x81, 0xc1, 
	0x40, 0x60, 0x20, 0x30, 0x10, 0x08, 0x09, 0x07, 0xff, 0xff, 0x03, 0x01, 0x00, 0x00, 0x00, 0x00, 
	0x01, 0x03, 0x02, 0x06, 0x04, 0x08, 0x08, 0x10, 0x30, 0x20, 0x60, 0x40, 0xff, 0xff, 0x40, 0x60, 
	0x20, 0x30, 0x10, 0x08, 0x08, 0x04, 0x06, 0x02, 0x03, 0x01, 0x00, 0x00, 0x00, 0x00, 0x00, 0x00
};
// 'lastfm', 32x32px
const unsigned char fab_32x32_fa_lastfm [] PROGMEM = {
	0x00, 0x00, 0x00, 0x00, 0x00, 0x80, 0x80, 0x80, 0x80, 0x80, 0x80, 0x80, 0x00, 0x00, 0x00, 0x00, 
	0x00, 0x00, 0x00, 0x00, 0x00, 0x00, 0x00, 0x80, 0x80, 0x80, 0x80, 0x80, 0x80, 0x00, 0x00, 0x00, 
	0xf0, 0xfc, 0xfe, 0xff, 0x1f, 0x07, 0x07, 0x03, 0x03, 0x03, 0x07, 0x07, 0x1f, 0x7f, 0xfe, 0xfc, 
	0xf0, 0x80, 0x00, 0x7c, 0xfe, 0xff, 0xff, 0xe7, 0xc3, 0xc3, 0xc3, 0x87, 0x8f, 0x8f, 0x0e, 0x0c, 
	0x0f, 0x3f, 0x7f, 0xff, 0xf8, 0xe0, 0xe0, 0xc0, 0xc0, 0xc0, 0xe0, 0xe0, 0xf0, 0x60, 0x03, 0x1f, 
	0x3f, 0x7f, 0xfc, 0xf0, 0xe0, 0xe1, 0xc1, 0xc1, 0xc1, 0xc3, 0xc3, 0xe7, 0xff, 0xff, 0x7f, 0x3e, 
	0x00, 0x00, 0x00, 0x00, 0x00, 0x01, 0x01, 0x01, 0x01, 0x01, 0x01, 0x00, 0x00, 0x00, 0x00, 0x00, 
	0x00, 0x00, 0x00, 0x00, 0x00, 0x01, 0x01, 0x01, 0x01, 0x01, 0x01, 0x01, 0x00, 0x00, 0x00, 0x00
};
// 'lastfm-square', 32x32px
const unsigned char fab_32x32_fa_lastfm_square [] PROGMEM = {
	0x00, 0x00, 0xf8, 0xfc, 0xfc, 0xfc, 0xfc, 0xfc, 0xfc, 0xfc, 0xfc, 0xfc, 0xfc, 0xfc, 0xfc, 0xfc, 
	0xfc, 0xfc, 0xfc, 0xfc, 0xfc, 0xfc, 0xfc, 0xfc, 0xfc, 0xfc, 0xfc, 0xfc, 0xfc, 0xf8, 0x00, 0x00, 
	0x00, 0x00, 0xff, 0xff, 0xff, 0xff, 0x1f, 0x0f, 0x87, 0xe7, 0xf7, 0xf7, 0xe7, 0xe7, 0x87, 0x0f, 
	0x3f, 0xff, 0x8f, 0x07, 0x27, 0x77, 0x77, 0x67, 0xe7, 0xef, 0xff, 0xff, 0xff, 0xff, 0x00, 0x00, 
	0x00, 0x00, 0xff, 0xff, 0xff, 0xff, 0xf8, 0xf0, 0xe1, 0xe7, 0xef, 0xef, 0xe7, 0xe7, 0xff, 0xfc, 
	0xf0, 0xe1, 0xe7, 0xe7, 0xee, 0xee, 0xee, 0xe4, 0xe0, 0xf1, 0xff, 0xff, 0xff, 0xff, 0x00, 0x00, 
	0x00, 0x00, 0x1f, 0x3f, 0x3f, 0x3f, 0x3f, 0x3f, 0x3f, 0x3f, 0x3f, 0x3f, 0x3f, 0x3f, 0x3f, 0x3f, 
	0x3f, 0x3f, 0x3f, 0x3f, 0x3f, 0x3f, 0x3f, 0x3f, 0x3f, 0x3f, 0x3f, 0x3f, 0x3f, 0x1f, 0x00, 0x00
};
// 'leanpub', 32x32px
const unsigned char fab_32x32_fa_leanpub [] PROGMEM = {
	0x00, 0x00, 0x00, 0x80, 0x80, 0xc0, 0xc0, 0xc0, 0xc0, 0xe0, 0xe0, 0xc0, 0xc0, 0xc0, 0xc0, 0x80, 
	0x80, 0xc0, 0xc0, 0xc0, 0xc0, 0xe0, 0xe0, 0xc0, 0xc0, 0xc0, 0xc0, 0x80, 0x80, 0x00, 0x00, 0x00, 
	0x00, 0x00, 0xfe, 0xff, 0xff, 0xff, 0xff, 0xff, 0xff, 0xff, 0xff, 0xff, 0xff, 0xff, 0xff, 0xff, 
	0xff, 0xff, 0xff, 0xff, 0xff, 0xfe, 0x00, 0x00, 0x00, 0x00, 0x00, 0x07, 0xff, 0xfe, 0x00, 0x00, 
	0x00, 0xfe, 0xff, 0x7f, 0xff, 0xff, 0xff, 0xff, 0xff, 0xff, 0xff, 0xff, 0xff, 0xff, 0xff, 0xff, 
	0xff, 0xff, 0xff, 0xff, 0xff, 0xff, 0xc0, 0xc0, 0xc0, 0x80, 0x80, 0x80, 0x07, 0xff, 0xfe, 0x00, 
	0x02, 0x03, 0x03, 0x03, 0x03, 0x01, 0x01, 0x01, 0x00, 0x00, 0x00, 0x00, 0x01, 0x01, 0x01, 0x03, 
	0x03, 0x01, 0x01, 0x01, 0x00, 0x00, 0x00, 0x00, 0x01, 0x01, 0x01, 0x03, 0x03, 0x03, 0x03, 0x02
};
// 'less', 32x32px
const unsigned char fab_32x32_fa_less [] PROGMEM = {
	0x00, 0x00, 0x00, 0x00, 0x00, 0x00, 0x00, 0x00, 0x00, 0x00, 0x00, 0x00, 0x00, 0x00, 0x00, 0x00, 
	0x00, 0x00, 0x00, 0x00, 0x00, 0x00, 0x00, 0x00, 0x00, 0x00, 0x00, 0x00, 0x00, 0x00, 0x00, 0x00, 
	0x80, 0xfc, 0xfe, 0x06, 0x06, 0xfe, 0xfe, 0x80, 0xc0, 0xe0, 0x30, 0x30, 0xf0, 0xe0, 0x80, 0xc0, 
	0xe0, 0xf0, 0x30, 0x30, 0x20, 0x00, 0xe0, 0xf0, 0xb0, 0x30, 0x20, 0x00, 0x06, 0xfe, 0xfc, 0x80, 
	0x01, 0x3f, 0x7f, 0x60, 0x00, 0x0f, 0x1f, 0x1f, 0x07, 0x0f, 0x1d, 0x19, 0x19, 0x09, 0x01, 0x08, 
	0x1d, 0x19, 0x1b, 0x1f, 0x0e, 0x08, 0x0c, 0x19, 0x19, 0x1f, 0x0f, 0x00, 0x60, 0x7f, 0x3f, 0x01, 
	0x00, 0x00, 0x00, 0x00, 0x00, 0x00, 0x00, 0x00, 0x00, 0x00, 0x00, 0x00, 0x00, 0x00, 0x00, 0x00, 
	0x00, 0x00, 0x00, 0x00, 0x00, 0x00, 0x00, 0x00, 0x00, 0x00, 0x00, 0x00, 0x00, 0x00, 0x00, 0x00
};
// 'line', 32x32px
const unsigned char fab_32x32_fa_line [] PROGMEM = {
	0x00, 0x00, 0xe0, 0xf8, 0xf8, 0xfc, 0xfc, 0xfc, 0xfc, 0xfc, 0xfc, 0x7c, 0x7c, 0x7c, 0x7c, 0x7c, 
	0x7c, 0x7c, 0x7c, 0x7c, 0x7c, 0xfc, 0xfc, 0xfc, 0xfc, 0xfc, 0xfc, 0xf8, 0xf8, 0xe0, 0x00, 0x00, 
	0x00, 0x00, 0xff, 0xff, 0xff, 0xff, 0x0f, 0x03, 0x01, 0xe0, 0x00, 0x00, 0x00, 0xe0, 0x80, 0xe0, 
	0xe0, 0xc0, 0xe0, 0xe0, 0xe0, 0xe0, 0xe0, 0x01, 0x03, 0x0f, 0xff, 0xff, 0xff, 0xff, 0x00, 0x00, 
	0x00, 0x00, 0xff, 0xff, 0xff, 0xff, 0xfc, 0xf8, 0xf0, 0xe1, 0xc1, 0xc1, 0x80, 0x81, 0x81, 0x01, 
	0x00, 0x01, 0x01, 0x01, 0x81, 0xc1, 0xe1, 0xf0, 0xf8, 0xfc, 0xff, 0xff, 0xff, 0xff, 0x00, 0x00, 
	0x00, 0x00, 0x07, 0x1f, 0x1f, 0x3f, 0x3f, 0x3f, 0x3f, 0x3f, 0x3f, 0x3f, 0x3f, 0x3f, 0x3f, 0x3c, 
	0x3e, 0x3e, 0x3f, 0x3f, 0x3f, 0x3f, 0x3f, 0x3f, 0x3f, 0x3f, 0x3f, 0x1f, 0x1f, 0x07, 0x00, 0x00
};
// 'linkedin', 32x32px
const unsigned char fab_32x32_fa_linkedin [] PROGMEM = {
	0x00, 0x00, 0xf8, 0xfc, 0xfc, 0xfc, 0x7c, 0x3c, 0x3c, 0x3c, 0x7c, 0xfc, 0xfc, 0xfc, 0xfc, 0xfc, 
	0xfc, 0xfc, 0xfc, 0xfc, 0xfc, 0xfc, 0xfc, 0xfc, 0xfc, 0xfc, 0xfc, 0xfc, 0xfc, 0xf8, 0x00, 0x00, 
	0x00, 0x00, 0xff, 0xff, 0xff, 0xff, 0x1c, 0x18, 0x18, 0x1c, 0xfe, 0xff, 0xff, 0x1f, 0x1f, 0x1f, 
	0x1f, 0x3f, 0x1f, 0x1f, 0x0f, 0x0f, 0x0f, 0x1f, 0x3f, 0x7f, 0xff, 0xff, 0xff, 0xff, 0x00, 0x00, 
	0x00, 0x00, 0xff, 0xff, 0xff, 0xff, 0x00, 0x00, 0x00, 0x00, 0xff, 0xff, 0xff, 0x00, 0x00, 0x00, 
	0x00, 0xfe, 0xff, 0xff, 0xff, 0xfe, 0x00, 0x00, 0x00, 0x00, 0xff, 0xff, 0xff, 0xff, 0x00, 0x00, 
	0x00, 0x00, 0x1f, 0x3f, 0x3f, 0x3f, 0x3c, 0x3c, 0x3c, 0x3c, 0x3f, 0x3f, 0x3f, 0x3c, 0x3c, 0x3c, 
	0x3c, 0x3f, 0x3f, 0x3f, 0x3f, 0x3f, 0x3c, 0x3c, 0x3c, 0x3c, 0x3f, 0x3f, 0x3f, 0x1f, 0x00, 0x00
};
// 'linkedin-in', 32x32px
const unsigned char fab_32x32_fa_linkedin_in [] PROGMEM = {
	0x00, 0x00, 0x1e, 0x3f, 0x7f, 0x7f, 0x7f, 0x3e, 0x1c, 0x00, 0x00, 0x00, 0x00, 0x00, 0x00, 0x00, 
	0x00, 0x00, 0x00, 0x00, 0x00, 0x00, 0x00, 0x00, 0x00, 0x00, 0x00, 0x00, 0x00, 0x00, 0x00, 0x00, 
	0x00, 0x00, 0xfc, 0xfe, 0xfe, 0xfe, 0xfe, 0xfe, 0x00, 0x00, 0x00, 0x00, 0xfe, 0xfe, 0xfe, 0xfe, 
	0xfe, 0xfc, 0x78, 0x3c, 0x3e, 0x3e, 0x3e, 0x7e, 0xfe, 0xfe, 0xfe, 0xfc, 0xf8, 0xe0, 0x00, 0x00, 
	0x00, 0x00, 0xff, 0xff, 0xff, 0xff, 0xff, 0xff, 0x00, 0x00, 0x00, 0x00, 0xff, 0xff, 0xff, 0xff, 
	0xff, 0xff, 0x00, 0x00, 0x00, 0x00, 0x00, 0x00, 0xff, 0xff, 0xff, 0xff, 0xff, 0xff, 0x00, 0x00, 
	0x00, 0x00, 0x0f, 0x0f, 0x0f, 0x0f, 0x0f, 0x0f, 0x00, 0x00, 0x00, 0x00, 0x0f, 0x0f, 0x0f, 0x0f, 
	0x0f, 0x0f, 0x00, 0x00, 0x00, 0x00, 0x00, 0x00, 0x0f, 0x0f, 0x0f, 0x0f, 0x0f, 0x0f, 0x00, 0x00
};
// 'linode', 32x32px
const unsigned char fab_32x32_fa_linode [] PROGMEM = {
	0x00, 0x00, 0x00, 0x0c, 0x0c, 0x1c, 0x1e, 0x3e, 0x3e, 0x3f, 0x1f, 0x1f, 0x1e, 0x0e, 0x0c, 0x0c, 
	0x00, 0x00, 0x00, 0x00, 0x00, 0x00, 0x00, 0x00, 0x00, 0x00, 0x00, 0x00, 0x00, 0x00, 0x00, 0x00, 
	0x00, 0x00, 0x00, 0x00, 0x00, 0x40, 0x70, 0xe0, 0xc0, 0xc0, 0xc0, 0xc0, 0xe0, 0xe0, 0xf0, 0x60, 
	0x40, 0x00, 0x80, 0x80, 0x80, 0x60, 0x60, 0xf0, 0xf0, 0xf0, 0xf0, 0xe0, 0x40, 0x00, 0x00, 0x00, 
	0x00, 0x00, 0x00, 0x00, 0x00, 0x00, 0x00, 0xc0, 0xc1, 0x83, 0x83, 0x01, 0x81, 0xc0, 0xc0, 0xe0, 
	0xc0, 0x0f, 0x1f, 0x3f, 0x1f, 0x0f, 0x06, 0x04, 0x00, 0x11, 0x00, 0x00, 0x00, 0x00, 0x00, 0x00, 
	0x00, 0x00, 0x00, 0x00, 0x00, 0x00, 0x00, 0x00, 0x00, 0x01, 0x03, 0xc7, 0x83, 0x03, 0x01, 0x00, 
	0x00, 0x01, 0x02, 0x02, 0x00, 0x00, 0x00, 0x00, 0x00, 0x00, 0x00, 0x00, 0x00, 0x00, 0x00, 0x00
};
// 'linux', 32x32px
const unsigned char fab_32x32_fa_linux [] PROGMEM = {
	0x00, 0x00, 0x00, 0x00, 0x00, 0x00, 0x00, 0x00, 0x00, 0x00, 0x00, 0x00, 0xfc, 0xde, 0x7f, 0x7f, 
	0x5f, 0xdf, 0x9f, 0xfe, 0xfc, 0x00, 0x00, 0x00, 0x00, 0x00, 0x00, 0x00, 0x00, 0x00, 0x00, 0x00, 
	0x00, 0x00, 0x00, 0x00, 0x00, 0x00, 0x00, 0x00, 0x80, 0xc0, 0xf0, 0x7c, 0x0f, 0x00, 0x00, 0x00, 
	0x00, 0x00, 0x00, 0x0f, 0x3f, 0xfe, 0xf8, 0xe0, 0xc0, 0x80, 0x00, 0x00, 0x00, 0x00, 0x00, 0x00, 
	0x00, 0x00, 0x00, 0x00, 0x00, 0x00, 0x38, 0x3e, 0x3f, 0xcf, 0x81, 0x80, 0x00, 0x00, 0x00, 0x00, 
	0x00, 0x00, 0x00, 0x00, 0x00, 0x00, 0x77, 0xff, 0x7f, 0x7f, 0x7c, 0x00, 0x00, 0x00, 0x00, 0x00, 
	0x00, 0x00, 0x00, 0x00, 0x00, 0x00, 0x00, 0x00, 0x00, 0x00, 0x03, 0x07, 0x02, 0x30, 0x20, 0x20, 
	0x20, 0x30, 0x30, 0x38, 0x00, 0x00, 0x00, 0x80, 0x00, 0x00, 0x00, 0x00, 0x00, 0x00, 0x00, 0x00
};
// 'lyft', 32x32px
const unsigned char fab_32x32_fa_lyft [] PROGMEM = {
	0xe0, 0xe0, 0xe0, 0xe0, 0xe0, 0x00, 0x00, 0x00, 0x00, 0x00, 0x00, 0x00, 0x00, 0x00, 0x00, 0x00, 
	0x00, 0x00, 0x00, 0xc0, 0xc0, 0xe0, 0xe0, 0xe0, 0xe0, 0xe0, 0xe0, 0xc0, 0x80, 0x00, 0x00, 0x00, 
	0xff, 0xff, 0xff, 0xff, 0xff, 0x00, 0xfc, 0xfc, 0xfc, 0xfc, 0x00, 0x00, 0xfc, 0xfc, 0xfc, 0xfc, 
	0xfc, 0xfc, 0xff, 0xff, 0xff, 0xff, 0xf7, 0xf3, 0xe3, 0x07, 0xff, 0xff, 0xff, 0xff, 0x7c, 0x7c, 
	0x1f, 0x3f, 0x3f, 0x7f, 0x7f, 0x20, 0x1f, 0xbf, 0xbf, 0xbf, 0xbf, 0xfe, 0xff, 0xff, 0xff, 0xff, 
	0x7f, 0x3f, 0x3f, 0x3f, 0x3f, 0x1f, 0x03, 0x01, 0x01, 0x00, 0x07, 0x1f, 0x1f, 0x3f, 0x3f, 0x3e, 
	0x00, 0x00, 0x00, 0x00, 0x00, 0x00, 0x00, 0x07, 0x07, 0x07, 0x07, 0x07, 0x07, 0x07, 0x03, 0x01, 
	0x00, 0x00, 0x00, 0x00, 0x00, 0x00, 0x00, 0x00, 0x00, 0x00, 0x00, 0x00, 0x00, 0x00, 0x00, 0x00
};
// 'magento', 32x32px
const unsigned char fab_32x32_fa_magento [] PROGMEM = {
	0x00, 0x00, 0x00, 0x80, 0x80, 0xc0, 0xe0, 0xe0, 0xf0, 0xf0, 0xf8, 0x78, 0x7c, 0x3e, 0x1e, 0x1f, 
	0x1f, 0x1e, 0x3e, 0x7c, 0x78, 0xf8, 0xf0, 0xf0, 0xe0, 0xe0, 0xc0, 0x80, 0x80, 0x00, 0x00, 0x00, 
	0x00, 0x00, 0xff, 0xff, 0xff, 0xff, 0x03, 0x03, 0x01, 0x00, 0xf0, 0xf0, 0xf8, 0xf8, 0x00, 0x00, 
	0x00, 0x00, 0xf8, 0xf8, 0xf0, 0xf0, 0x00, 0x01, 0x03, 0x03, 0xff, 0xff, 0xff, 0xff, 0x00, 0x00, 
	0x00, 0x00, 0xff, 0xff, 0xff, 0xff, 0x00, 0x00, 0x00, 0x00, 0xff, 0xff, 0xff, 0xff, 0x00, 0x00, 
	0x00, 0x00, 0xff, 0xff, 0xff, 0xff, 0x00, 0x00, 0x00, 0x00, 0xff, 0xff, 0xff, 0xff, 0x00, 0x00, 
	0x00, 0x00, 0x00, 0x01, 0x01, 0x03, 0x00, 0x00, 0x00, 0x00, 0x1f, 0x1f, 0x3f, 0x7f, 0x7c, 0xf8, 
	0xf8, 0x7c, 0x7f, 0x3f, 0x1f, 0x1f, 0x00, 0x00, 0x00, 0x00, 0x03, 0x01, 0x01, 0x00, 0x00, 0x00
};
// 'mailchimp', 32x32px
const unsigned char fab_32x32_fa_mailchimp [] PROGMEM = {
	0x00, 0x00, 0x00, 0x00, 0x00, 0x00, 0x00, 0x80, 0x40, 0x20, 0x10, 0x18, 0x08, 0x84, 0xc4, 0xc4, 
	0xec, 0x78, 0x70, 0xf8, 0xf8, 0xf8, 0xf8, 0xf8, 0xf8, 0x70, 0x00, 0x00, 0x00, 0x00, 0x00, 0x00, 
	0x00, 0x00, 0x00, 0xf0, 0x1c, 0x06, 0x01, 0x80, 0xe0, 0xf8, 0xfc, 0xfe, 0xff, 0xff, 0xfe, 0x1f, 
	0x0f, 0x0f, 0x8f, 0x0f, 0x0f, 0x07, 0x67, 0x07, 0x78, 0x80, 0x80, 0x00, 0x00, 0x00, 0x00, 0x00, 
	0x00, 0x00, 0x00, 0x01, 0x1e, 0x37, 0x41, 0xc5, 0x9d, 0xc1, 0xe7, 0xff, 0xff, 0xff, 0xff, 0x0e, 
	0x00, 0x60, 0xf0, 0x90, 0x90, 0x90, 0x90, 0x90, 0x00, 0x08, 0x0c, 0x0f, 0xf0, 0x00, 0x00, 0x00, 
	0x00, 0x00, 0x00, 0x00, 0x00, 0x00, 0x00, 0x00, 0x00, 0x03, 0x07, 0x0f, 0x0f, 0x1f, 0x1f, 0x3f, 
	0x3e, 0x3c, 0x38, 0x38, 0x38, 0x38, 0x18, 0x18, 0x1c, 0x0c, 0x06, 0x03, 0x00, 0x00, 0x00, 0x00
};
// 'mandalorian', 32x32px
const unsigned char fab_32x32_fa_mandalorian [] PROGMEM = {
	0x00, 0x00, 0x00, 0x00, 0x00, 0x00, 0x00, 0x00, 0x00, 0xc0, 0xe0, 0x0e, 0x1f, 0x38, 0xfe, 0xff, 
	0x3f, 0x1f, 0x1f, 0x8f, 0xf7, 0x60, 0x00, 0x00, 0x00, 0x00, 0x00, 0x00, 0x00, 0x00, 0x00, 0x00, 
	0x00, 0x00, 0x00, 0x00, 0x80, 0xe0, 0xf0, 0xf8, 0x7c, 0x38, 0x1b, 0x07, 0x0f, 0xfe, 0x3d, 0xff, 
	0x3e, 0xff, 0x6f, 0x07, 0x01, 0x1e, 0x3f, 0x7e, 0xfc, 0xf8, 0xf0, 0xc0, 0x00, 0x00, 0x00, 0x00, 
	0x00, 0x00, 0x00, 0x00, 0x3f, 0x7f, 0x63, 0xc0, 0xc0, 0x40, 0x00, 0x00, 0x00, 0xef, 0x1e, 0xc1, 
	0x3e, 0xbf, 0xc0, 0x00, 0x00, 0x00, 0x00, 0x20, 0x20, 0x3b, 0x1f, 0x0f, 0x00, 0x00, 0x00, 0x00, 
	0x00, 0x00, 0x00, 0x00, 0x00, 0x00, 0x00, 0x00, 0x00, 0x00, 0x00, 0x00, 0x00, 0x00, 0x20, 0x7f, 
	0xf0, 0x70, 0x03, 0x00, 0x00, 0x00, 0x00, 0x00, 0x00, 0x00, 0x00, 0x00, 0x00, 0x00, 0x00, 0x00
};
// 'markdown', 32x32px
const unsigned char fab_32x32_fa_markdown [] PROGMEM = {
	0x80, 0xc0, 0xc0, 0xc0, 0xc0, 0xc0, 0xc0, 0xc0, 0xc0, 0xc0, 0xc0, 0xc0, 0xc0, 0xc0, 0xc0, 0xc0, 
	0xc0, 0xc0, 0xc0, 0xc0, 0xc0, 0xc0, 0xc0, 0xc0, 0xc0, 0xc0, 0xc0, 0xc0, 0xc0, 0xc0, 0xc0, 0x80, 
	0xff, 0xff, 0xff, 0xff, 0xff, 0x07, 0x07, 0x07, 0x0f, 0x1f, 0x3f, 0x3f, 0x0f, 0x07, 0x07, 0x07, 
	0x07, 0xff, 0xff, 0xff, 0xff, 0xff, 0x07, 0x07, 0x07, 0xff, 0xff, 0xff, 0xff, 0xff, 0xff, 0xff, 
	0xff, 0xff, 0xff, 0xff, 0xff, 0xe0, 0xe0, 0xe0, 0xff, 0xfe, 0xf8, 0xfc, 0xfe, 0xff, 0xe0, 0xe0, 
	0xe0, 0xff, 0xff, 0xff, 0xfc, 0xf8, 0xf0, 0xe0, 0xf0, 0xf8, 0xfc, 0xfe, 0xff, 0xff, 0xff, 0xff, 
	0x01, 0x03, 0x03, 0x03, 0x03, 0x03, 0x03, 0x03, 0x03, 0x03, 0x03, 0x03, 0x03, 0x03, 0x03, 0x03, 
	0x03, 0x03, 0x03, 0x03, 0x03, 0x03, 0x03, 0x03, 0x03, 0x03, 0x03, 0x03, 0x03, 0x03, 0x03, 0x01
};
// 'mastodon', 32x32px
const unsigned char fab_32x32_fa_mastodon [] PROGMEM = {
	0x00, 0x00, 0x00, 0x80, 0xc0, 0xf0, 0xf0, 0xf8, 0xf8, 0xf8, 0x7c, 0x7c, 0x7c, 0x7c, 0xfc, 0xfc, 
	0xfc, 0xfc, 0x7c, 0x7c, 0x7c, 0x7c, 0xf8, 0xf8, 0xf8, 0xf0, 0xf0, 0xc0, 0x80, 0x00, 0x00, 0x00, 
	0x00, 0x00, 0x00, 0xff, 0xff, 0xff, 0xff, 0xff, 0x01, 0x00, 0xf0, 0xfc, 0xfc, 0xfc, 0xf8, 0x01, 
	0x01, 0xf0, 0xfc, 0xfc, 0xfc, 0xf0, 0x00, 0x01, 0xff, 0xff, 0xff, 0xff, 0xff, 0x00, 0x00, 0x00, 
	0x00, 0x00, 0x00, 0x3f, 0xff, 0xff, 0xff, 0xff, 0xf8, 0xf8, 0xff, 0x7f, 0x7f, 0xff, 0xff, 0xff, 
	0xff, 0xff, 0xff, 0xff, 0xff, 0x7f, 0x78, 0x78, 0x7f, 0x3f, 0x1f, 0x1f, 0x07, 0x00, 0x00, 0x00, 
	0x00, 0x00, 0x00, 0x00, 0x01, 0x07, 0x0f, 0x0f, 0x1f, 0x1f, 0x3f, 0x3c, 0x38, 0x38, 0x38, 0x38, 
	0x38, 0x38, 0x38, 0x18, 0x18, 0x00, 0x00, 0x00, 0x00, 0x00, 0x00, 0x00, 0x00, 0x00, 0x00, 0x00
};
// 'maxcdn', 32x32px
const unsigned char fab_32x32_fa_maxcdn [] PROGMEM = {
	0x00, 0x30, 0xf0, 0xf0, 0xf0, 0xf0, 0xf0, 0xf0, 0xf0, 0xf0, 0xf0, 0xf0, 0xf0, 0xf0, 0xf0, 0xf0, 
	0xf0, 0xf0, 0xf0, 0xf0, 0xf0, 0xf0, 0xf0, 0xf0, 0xf0, 0xf0, 0xe0, 0xe0, 0xe0, 0xc0, 0x80, 0x00, 
	0x00, 0x00, 0x00, 0xfb, 0xff, 0xff, 0xff, 0xff, 0xff, 0x0f, 0x03, 0x03, 0x03, 0x03, 0xe3, 0xff, 
	0xff, 0xff, 0xff, 0xff, 0x1f, 0x03, 0x03, 0x03, 0x03, 0x87, 0xff, 0xff, 0xff, 0xff, 0xff, 0xfe, 
	0x00, 0xf0, 0xff, 0xff, 0xff, 0xff, 0xff, 0x1f, 0x01, 0x00, 0x00, 0x00, 0xc0, 0xfe, 0xff, 0xff, 
	0xff, 0xff, 0x7f, 0x03, 0x00, 0x00, 0x00, 0x00, 0xf8, 0xff, 0xff, 0xff, 0xff, 0xff, 0x0f, 0x00, 
	0x0e, 0x0f, 0x0f, 0x0f, 0x0f, 0x0f, 0x03, 0x00, 0x00, 0x00, 0x00, 0x00, 0x0f, 0x0f, 0x0f, 0x0f, 
	0x0f, 0x07, 0x00, 0x00, 0x00, 0x00, 0x00, 0x0f, 0x0f, 0x0f, 0x0f, 0x0f, 0x0f, 0x01, 0x00, 0x00
};
// 'mdb', 32x32px
const unsigned char fab_32x32_fa_mdb [] PROGMEM = {
	0x00, 0x00, 0x00, 0x00, 0x00, 0x00, 0x00, 0x00, 0x00, 0x00, 0x00, 0x00, 0x00, 0x00, 0x00, 0x00, 
	0x00, 0x00, 0x00, 0x00, 0x00, 0x00, 0x00, 0x00, 0x00, 0x00, 0x00, 0x00, 0x00, 0x00, 0x00, 0x00, 
	0x00, 0xf8, 0xf8, 0xf8, 0xe0, 0x00, 0x80, 0xe0, 0xf8, 0xf8, 0xf8, 0x00, 0x00, 0x00, 0xf8, 0xf8, 
	0xf8, 0x38, 0x38, 0xf0, 0xf0, 0xc0, 0x00, 0x00, 0xf8, 0xf8, 0xf8, 0xf8, 0xf8, 0xf8, 0x80, 0x00, 
	0x1e, 0x1f, 0x1f, 0x07, 0x1f, 0x1f, 0x1f, 0x0f, 0x07, 0x1f, 0x1f, 0x00, 0x00, 0x00, 0x1f, 0x1f, 
	0x1f, 0x1c, 0x1c, 0x0f, 0x0f, 0x03, 0x00, 0x00, 0x1f, 0x1f, 0x1f, 0x19, 0x19, 0x1f, 0x0f, 0x06, 
	0x00, 0x00, 0x00, 0x00, 0x00, 0x00, 0x00, 0x00, 0x00, 0x00, 0x00, 0x00, 0x00, 0x00, 0x00, 0x00, 
	0x00, 0x00, 0x00, 0x00, 0x00, 0x00, 0x00, 0x00, 0x00, 0x00, 0x00, 0x00, 0x00, 0x00, 0x00, 0x00
};
// 'medapps', 32x32px
const unsigned char fab_32x32_fa_medapps [] PROGMEM = {
	0x00, 0x00, 0x00, 0x00, 0x00, 0x00, 0xc0, 0xe0, 0x78, 0x1c, 0x0c, 0x06, 0x06, 0x03, 0x03, 0x03, 
	0x03, 0x03, 0x03, 0x06, 0x06, 0x0c, 0x1c, 0x78, 0xe0, 0xc0, 0x00, 0x00, 0x00, 0x00, 0x00, 0x00, 
	0x00, 0x00, 0x00, 0x00, 0x00, 0x00, 0x1f, 0x7f, 0xf0, 0xc0, 0x00, 0x00, 0x00, 0xc0, 0xe0, 0xe0, 
	0xfc, 0xc0, 0x80, 0x00, 0x00, 0x00, 0xc0, 0xf0, 0x7f, 0x1f, 0x00, 0x00, 0x00, 0x00, 0x00, 0x00, 
	0x00, 0x00, 0x00, 0x00, 0x00, 0x00, 0x00, 0x00, 0x01, 0x07, 0x1f, 0xfc, 0xf0, 0x00, 0x00, 0x03, 
	0x00, 0x01, 0x00, 0xf0, 0xfc, 0x1f, 0x07, 0x01, 0x00, 0x00, 0x00, 0x00, 0x00, 0x00, 0x00, 0x00, 
	0x00, 0x00, 0x00, 0x00, 0x00, 0x00, 0x00, 0x00, 0x00, 0x00, 0x00, 0x0c, 0xcc, 0xcc, 0xcc, 0xcc, 
	0xcc, 0xcc, 0xcc, 0xcc, 0x0c, 0x00, 0x00, 0x00, 0x00, 0x00, 0x00, 0x00, 0x00, 0x00, 0x00, 0x00
};
// 'medium', 32x32px
const unsigned char fab_32x32_fa_medium [] PROGMEM = {
	0x00, 0x00, 0xfc, 0xfc, 0xfc, 0xfc, 0xfc, 0xfc, 0xfc, 0xfc, 0xfc, 0xfc, 0xfc, 0xfc, 0xfc, 0xfc, 
	0xfc, 0xfc, 0xfc, 0xfc, 0xfc, 0xfc, 0xfc, 0xfc, 0xfc, 0xfc, 0xfc, 0xfc, 0xfc, 0xfc, 0x00, 0x00, 
	0x00, 0x00, 0xff, 0xff, 0xff, 0xff, 0xff, 0xfc, 0xf8, 0x00, 0xc0, 0x00, 0x01, 0x07, 0x3f, 0xff, 
	0xff, 0x7f, 0x8f, 0xc3, 0x00, 0x00, 0x00, 0x00, 0xfe, 0xff, 0xff, 0xff, 0xff, 0xff, 0x00, 0x00, 
	0x00, 0x00, 0xff, 0xff, 0xff, 0xff, 0xff, 0xbf, 0x8f, 0x80, 0x9f, 0xbf, 0xfc, 0xf0, 0x80, 0x80, 
	0xf1, 0xfc, 0xbf, 0x9f, 0x80, 0x80, 0x80, 0x80, 0xbf, 0xff, 0xff, 0xff, 0xff, 0xff, 0x00, 0x00, 
	0x00, 0x00, 0x3f, 0x3f, 0x3f, 0x3f, 0x3f, 0x3f, 0x3f, 0x3f, 0x3f, 0x3f, 0x3f, 0x3f, 0x3f, 0x3f, 
	0x3f, 0x3f, 0x3f, 0x3f, 0x3f, 0x3f, 0x3f, 0x3f, 0x3f, 0x3f, 0x3f, 0x3f, 0x3f, 0x3f, 0x00, 0x00
};
// 'medium-m', 32x32px
const unsigned char fab_32x32_fa_medium_m [] PROGMEM = {
	0x00, 0x10, 0x30, 0x70, 0xf0, 0xf0, 0xf0, 0xf0, 0xf0, 0xf0, 0xe0, 0x80, 0x00, 0x00, 0x00, 0x00, 
	0x00, 0x00, 0x00, 0x00, 0x00, 0x80, 0xe0, 0xf0, 0xf0, 0xf0, 0xf0, 0xf0, 0x70, 0x30, 0x10, 0x00, 
	0x00, 0x00, 0x00, 0x00, 0xff, 0xff, 0x0f, 0x1f, 0xff, 0xff, 0xff, 0xff, 0xfe, 0xf8, 0xc0, 0x00, 
	0x00, 0x00, 0x80, 0xf0, 0x3c, 0x0f, 0xff, 0xff, 0xff, 0xff, 0xff, 0xff, 0x00, 0x00, 0x00, 0x00, 
	0x00, 0x00, 0x00, 0x00, 0xff, 0xff, 0x80, 0x00, 0x00, 0x03, 0x0f, 0x3f, 0xff, 0xff, 0xff, 0xff, 
	0xfc, 0x3e, 0x07, 0x01, 0x00, 0x00, 0xff, 0xff, 0xff, 0xff, 0xff, 0xff, 0x00, 0x00, 0x00, 0x00, 
	0x00, 0x08, 0x0e, 0x0f, 0x0f, 0x0f, 0x0f, 0x0f, 0x0c, 0x08, 0x00, 0x00, 0x00, 0x07, 0x0f, 0x07, 
	0x00, 0x00, 0x00, 0x08, 0x0c, 0x0e, 0x0f, 0x0f, 0x0f, 0x0f, 0x0f, 0x0f, 0x0e, 0x0c, 0x08, 0x00
};
// 'medrt', 32x32px
const unsigned char fab_32x32_fa_medrt [] PROGMEM = {
	0x00, 0x00, 0x00, 0x80, 0xe0, 0xe0, 0xf0, 0xf8, 0xf8, 0x7c, 0x3c, 0x1c, 0x0c, 0x4e, 0x46, 0xc6, 
	0xc0, 0xe0, 0xc0, 0xc0, 0xc0, 0xc0, 0x80, 0x00, 0x00, 0x00, 0x00, 0x00, 0x00, 0x00, 0x00, 0x00, 
	0xf0, 0xfc, 0xff, 0xff, 0xff, 0xff, 0xff, 0x07, 0x01, 0x00, 0xc0, 0xc0, 0xc0, 0xf8, 0xf8, 0xf8, 
	0xf8, 0xc0, 0xc1, 0xc1, 0x03, 0x07, 0x1f, 0xff, 0xfe, 0xf8, 0x00, 0x00, 0x00, 0xfc, 0xf8, 0xe0, 
	0x0f, 0x3f, 0xff, 0xff, 0xff, 0xff, 0xff, 0xe0, 0x80, 0x00, 0x03, 0xc3, 0x83, 0x9f, 0x1f, 0x1f, 
	0x1f, 0x03, 0x03, 0x03, 0x00, 0x80, 0x80, 0xcc, 0xc7, 0xe1, 0xf0, 0xfc, 0xff, 0xff, 0x7f, 0x0f, 
	0x00, 0x00, 0x00, 0x01, 0x07, 0x07, 0x0f, 0x1f, 0x1f, 0x3e, 0x3c, 0x38, 0x31, 0x73, 0x63, 0x67, 
	0x0f, 0x0f, 0x0f, 0x0f, 0x0f, 0x0f, 0x0f, 0x0f, 0x0f, 0x07, 0x07, 0x03, 0x01, 0x00, 0x00, 0x00
};
// 'meetup', 32x32px
const unsigned char fab_32x32_fa_meetup [] PROGMEM = {
	0x00, 0x00, 0x00, 0x00, 0x00, 0x00, 0x60, 0x40, 0x80, 0xc1, 0xe0, 0xe0, 0xf0, 0xf0, 0xf0, 0xf0, 
	0xf0, 0xe6, 0xee, 0xe6, 0xe0, 0xe0, 0xe0, 0xc0, 0x80, 0x00, 0x00, 0x00, 0x00, 0x00, 0x00, 0x00, 
	0xc0, 0xc0, 0x80, 0x00, 0xf8, 0xfc, 0xfe, 0xfe, 0xff, 0x1f, 0x07, 0x07, 0x03, 0x07, 0xc7, 0x07, 
	0x03, 0x03, 0x87, 0xc7, 0x07, 0x07, 0xc7, 0xff, 0xff, 0xff, 0xf8, 0xf2, 0xe7, 0x02, 0x00, 0x00, 
	0x00, 0x01, 0x00, 0x3e, 0x7f, 0xff, 0xff, 0xff, 0xc0, 0xc0, 0xc0, 0xe0, 0xf8, 0xff, 0xe3, 0xe0, 
	0xf8, 0xfe, 0xc3, 0x80, 0x80, 0x9e, 0x9f, 0xff, 0xff, 0xff, 0xff, 0xff, 0x00, 0x00, 0x06, 0x02, 
	0x00, 0x00, 0x00, 0x00, 0x00, 0x04, 0x00, 0x03, 0x0f, 0x1f, 0x1f, 0x3f, 0x3f, 0x3f, 0x1f, 0xdf, 
	0x1f, 0x3f, 0x3f, 0x1f, 0x1f, 0x0f, 0x07, 0x33, 0x33, 0x33, 0x01, 0x00, 0x00, 0x00, 0x00, 0x00
};
// 'megaport', 32x32px
const unsigned char fab_32x32_fa_megaport [] PROGMEM = {
	0x00, 0x00, 0x00, 0x80, 0xc0, 0xe0, 0xf0, 0xf8, 0xf8, 0xfc, 0xfc, 0xfe, 0xfe, 0xfe, 0xfe, 0x07, 
	0x03, 0x07, 0xfe, 0xfe, 0xfe, 0xfe, 0xfc, 0xfc, 0xf8, 0xf8, 0xf0, 0xe0, 0xc0, 0x80, 0x00, 0x00, 
	0x00, 0xf0, 0xfe, 0xff, 0xff, 0xff, 0xff, 0xff, 0xff, 0xff, 0xff, 0x0f, 0x03, 0x01, 0xe0, 0xf0, 
	0xf8, 0xf0, 0xe0, 0x01, 0x03, 0x0f, 0xff, 0xff, 0xff, 0xff, 0xff, 0xff, 0xff, 0xff, 0xfe, 0xf0, 
	0x00, 0x0f, 0x7f, 0xff, 0xff, 0xff, 0xff, 0x1f, 0x0f, 0x07, 0x03, 0xe0, 0xe0, 0xe0, 0xc1, 0x03, 
	0x07, 0x03, 0xc1, 0xe0, 0xe0, 0xe0, 0x03, 0x07, 0x0f, 0x1f, 0xff, 0xff, 0xff, 0xff, 0x7f, 0x0f, 
	0x00, 0x00, 0x00, 0x01, 0x03, 0x07, 0x0f, 0x1c, 0x18, 0x38, 0x3c, 0x7f, 0x7f, 0x7f, 0x7f, 0xf8, 
	0xf8, 0xf8, 0x7f, 0x7f, 0x7f, 0x7f, 0x3c, 0x38, 0x18, 0x1c, 0x0f, 0x07, 0x03, 0x01, 0x00, 0x00
};
// 'mendeley', 32x32px
const unsigned char fab_32x32_fa_mendeley [] PROGMEM = {
	0x00, 0x00, 0x00, 0x00, 0x00, 0x00, 0x00, 0x80, 0x80, 0x80, 0x80, 0x80, 0x00, 0x00, 0x00, 0x00, 
	0x00, 0x00, 0x00, 0x00, 0x80, 0x80, 0x80, 0x80, 0x80, 0x00, 0x00, 0x00, 0x00, 0x00, 0x00, 0x00, 
	0x00, 0x00, 0x00, 0x00, 0x00, 0xfe, 0xff, 0xff, 0xff, 0xff, 0xff, 0xff, 0xff, 0x3e, 0x1c, 0x08, 
	0x08, 0x1c, 0x1e, 0xff, 0xff, 0xff, 0xff, 0xff, 0xff, 0xff, 0xfe, 0x00, 0x00, 0x00, 0x00, 0x00, 
	0xf0, 0xf8, 0xf8, 0xf8, 0xfc, 0xff, 0x01, 0x01, 0x01, 0x01, 0x01, 0x01, 0x03, 0xfe, 0xfc, 0xfc, 
	0xfc, 0xfc, 0xfe, 0x03, 0x01, 0x01, 0x01, 0x01, 0x01, 0x01, 0xf7, 0xfc, 0xf8, 0xf8, 0xf8, 0xf0, 
	0x00, 0x01, 0x01, 0x01, 0x01, 0x00, 0x00, 0x00, 0x00, 0x00, 0x00, 0x00, 0x00, 0x00, 0x01, 0x01, 
	0x01, 0x01, 0x00, 0x00, 0x00, 0x00, 0x00, 0x00, 0x00, 0x00, 0x00, 0x01, 0x01, 0x01, 0x01, 0x00
};
// 'microblog', 32x32px
const unsigned char fab_32x32_fa_microblog [] PROGMEM = {
	0x00, 0x00, 0x00, 0x00, 0x00, 0xc0, 0xe0, 0xe0, 0xf0, 0xf8, 0xf8, 0xf8, 0xfc, 0xfc, 0xfc, 0xfc, 
	0xfc, 0xfc, 0xfc, 0xfc, 0xf8, 0xf8, 0xf8, 0xf0, 0xe0, 0xe0, 0xc0, 0x00, 0x00, 0x00, 0x00, 0x00, 
	0x00, 0x00, 0xf8, 0xfe, 0xff, 0xff, 0xff, 0xff, 0xff, 0xff, 0xdf, 0x9f, 0x1f, 0x0f, 0x0f, 0x01, 
	0x01, 0x0f, 0x0f, 0x1f, 0x9f, 0xdf, 0xff, 0xff, 0xff, 0xff, 0xff, 0xff, 0xfe, 0xf8, 0x00, 0x00, 
	0x00, 0x00, 0x03, 0x0f, 0x3f, 0x7f, 0xff, 0xff, 0xff, 0xff, 0xff, 0xff, 0xe3, 0xf0, 0xf8, 0xfc, 
	0xfc, 0xf8, 0xf0, 0xf3, 0xff, 0xff, 0xff, 0xff, 0xff, 0xff, 0x7f, 0x3f, 0x0f, 0x03, 0x00, 0x00, 
	0x00, 0x00, 0x00, 0x00, 0x00, 0x00, 0x00, 0x01, 0x03, 0x03, 0x07, 0x07, 0x07, 0x07, 0x0f, 0x0f, 
	0x0f, 0x0f, 0x07, 0x07, 0x07, 0x07, 0x0f, 0x1f, 0x1f, 0x3f, 0x20, 0x00, 0x00, 0x00, 0x00, 0x00
};
// 'microsoft', 32x32px
const unsigned char fab_32x32_fa_microsoft [] PROGMEM = {
	0x00, 0x00, 0xfc, 0xfc, 0xfc, 0xfc, 0xfc, 0xfc, 0xfc, 0xfc, 0xfc, 0xfc, 0xfc, 0xfc, 0xfc, 0x00, 
	0x00, 0xfc, 0xfc, 0xfc, 0xfc, 0xfc, 0xfc, 0xfc, 0xfc, 0xfc, 0xfc, 0xfc, 0xfc, 0xfc, 0x00, 0x00, 
	0x00, 0x00, 0x7f, 0x7f, 0x7f, 0x7f, 0x7f, 0x7f, 0x7f, 0x7f, 0x7f, 0x7f, 0x7f, 0x7f, 0x7f, 0x00, 
	0x00, 0x7f, 0x7f, 0x7f, 0x7f, 0x7f, 0x7f, 0x7f, 0x7f, 0x7f, 0x7f, 0x7f, 0x7f, 0x7f, 0x00, 0x00, 
	0x00, 0x00, 0xfe, 0xfe, 0xfe, 0xfe, 0xfe, 0xfe, 0xfe, 0xfe, 0xfe, 0xfe, 0xfe, 0xfe, 0xfe, 0x00, 
	0x00, 0xfe, 0xfe, 0xfe, 0xfe, 0xfe, 0xfe, 0xfe, 0xfe, 0xfe, 0xfe, 0xfe, 0xfe, 0xfe, 0x00, 0x00, 
	0x00, 0x00, 0x3f, 0x3f, 0x3f, 0x3f, 0x3f, 0x3f, 0x3f, 0x3f, 0x3f, 0x3f, 0x3f, 0x3f, 0x3f, 0x00, 
	0x00, 0x3f, 0x3f, 0x3f, 0x3f, 0x3f, 0x3f, 0x3f, 0x3f, 0x3f, 0x3f, 0x3f, 0x3f, 0x3f, 0x00, 0x00
};
// 'mix', 32x32px
const unsigned char fab_32x32_fa_mix [] PROGMEM = {
	0x00, 0x00, 0xf0, 0xf0, 0xf0, 0xf0, 0xf0, 0xf0, 0xf0, 0xf0, 0xf0, 0xf0, 0xf0, 0xf0, 0xf0, 0xf0, 
	0xf0, 0xf0, 0xf0, 0xf0, 0xf0, 0xf0, 0xf0, 0xf0, 0xf0, 0xf0, 0xf0, 0xf0, 0xf0, 0xf0, 0x00, 0x00, 
	0x00, 0x00, 0xff, 0xff, 0xff, 0xff, 0xff, 0xff, 0x01, 0x01, 0x01, 0x01, 0x03, 0xff, 0xff, 0xff, 
	0xff, 0xff, 0xff, 0x3f, 0x1f, 0x1f, 0x1f, 0x1f, 0xff, 0xff, 0xff, 0xff, 0xff, 0xff, 0x00, 0x00, 
	0x00, 0x00, 0xff, 0xff, 0xff, 0xff, 0xff, 0xff, 0x00, 0x00, 0x00, 0x00, 0x00, 0xff, 0xff, 0xff, 
	0xff, 0xff, 0xff, 0x00, 0x00, 0x00, 0x00, 0x00, 0x01, 0x07, 0x07, 0x07, 0x07, 0x03, 0x00, 0x00, 
	0x00, 0x00, 0x0f, 0x0f, 0x0f, 0x0f, 0x0f, 0x03, 0x00, 0x00, 0x00, 0x00, 0x00, 0x00, 0x01, 0x01, 
	0x01, 0x01, 0x00, 0x00, 0x00, 0x00, 0x00, 0x00, 0x00, 0x00, 0x00, 0x00, 0x00, 0x00, 0x00, 0x00
};
// 'mixcloud', 32x32px
const unsigned char fab_32x32_fa_mixcloud [] PROGMEM = {
	0x00, 0x00, 0x00, 0x00, 0x00, 0x00, 0x00, 0x00, 0x00, 0x80, 0x80, 0x80, 0xc0, 0xc0, 0x80, 0x80, 
	0x80, 0x00, 0x00, 0x00, 0x00, 0x00, 0x00, 0x00, 0x00, 0x00, 0x00, 0x00, 0x00, 0x00, 0x00, 0x00, 
	0x80, 0xc0, 0xe0, 0x60, 0x70, 0x38, 0x3e, 0x7f, 0xe3, 0x43, 0x01, 0x01, 0x01, 0x01, 0x01, 0x01, 
	0x03, 0x07, 0x0e, 0xfc, 0xf8, 0xc0, 0x80, 0x80, 0x00, 0xc0, 0xc0, 0x80, 0x30, 0xf0, 0xe0, 0x80, 
	0x0f, 0x3f, 0x79, 0x60, 0xe0, 0xe0, 0xe0, 0xe0, 0xe0, 0xe0, 0xe0, 0xe0, 0xe0, 0xe0, 0xe0, 0xe0, 
	0xe0, 0xe0, 0xe0, 0xe3, 0xe3, 0x61, 0x73, 0x3f, 0x1e, 0x40, 0xff, 0x7f, 0x00, 0xe1, 0xff, 0x3f, 
	0x00, 0x00, 0x00, 0x00, 0x00, 0x00, 0x00, 0x00, 0x00, 0x00, 0x00, 0x00, 0x00, 0x00, 0x00, 0x00, 
	0x00, 0x00, 0x00, 0x00, 0x00, 0x00, 0x00, 0x00, 0x00, 0x00, 0x00, 0x00, 0x01, 0x01, 0x00, 0x00
};
// 'mixer', 32x32px
const unsigned char fab_32x32_fa_mixer [] PROGMEM = {
	0x00, 0x00, 0xe0, 0xf0, 0xf0, 0xf0, 0xf0, 0xe0, 0xc0, 0x00, 0x00, 0x00, 0x00, 0x00, 0x00, 0x00, 
	0x00, 0x00, 0x00, 0x00, 0x00, 0x00, 0x00, 0xc0, 0xe0, 0xf0, 0xf0, 0xf0, 0xf0, 0xe0, 0x00, 0x00, 
	0x00, 0x00, 0x00, 0x03, 0x07, 0x0f, 0x3f, 0x7f, 0xff, 0xff, 0xfe, 0xf8, 0xf0, 0xe0, 0x80, 0x00, 
	0x00, 0x80, 0xe0, 0xf0, 0xf8, 0xfe, 0xff, 0xff, 0x7f, 0x3f, 0x0f, 0x07, 0x03, 0x00, 0x00, 0x00, 
	0x00, 0x00, 0x00, 0xc0, 0xe0, 0xf0, 0xfc, 0xfe, 0xff, 0xff, 0x7f, 0x1f, 0x0f, 0x07, 0x01, 0x00, 
	0x00, 0x01, 0x07, 0x0f, 0x1f, 0x7f, 0xff, 0xff, 0xfe, 0xfc, 0xf0, 0xe0, 0xc0, 0x00, 0x00, 0x00, 
	0x00, 0x00, 0x07, 0x0f, 0x0f, 0x0f, 0x0f, 0x07, 0x01, 0x00, 0x00, 0x00, 0x00, 0x00, 0x00, 0x00, 
	0x00, 0x00, 0x00, 0x00, 0x00, 0x00, 0x00, 0x01, 0x07, 0x0f, 0x0f, 0x0f, 0x0f, 0x07, 0x00, 0x00
};
// 'mizuni', 32x32px
const unsigned char fab_32x32_fa_mizuni [] PROGMEM = {
	0x00, 0x00, 0x00, 0x80, 0xc0, 0xe0, 0xf0, 0x78, 0x38, 0x3c, 0x7c, 0xfe, 0xfe, 0xfe, 0x7e, 0x3f, 
	0x3f, 0x3f, 0x7e, 0xfe, 0xfe, 0xfe, 0x7c, 0x3c, 0x38, 0x78, 0xf0, 0xe0, 0xc0, 0x80, 0x00, 0x00, 
	0x00, 0xf0, 0xfe, 0xff, 0xff, 0xff, 0xff, 0x00, 0x00, 0x00, 0x00, 0xff, 0xff, 0xff, 0x00, 0x00, 
	0x00, 0x00, 0x00, 0xff, 0xff, 0xff, 0x00, 0x00, 0x00, 0x00, 0xff, 0xff, 0xff, 0xff, 0xfe, 0xf0, 
	0x00, 0x0f, 0x7f, 0xff, 0xff, 0xff, 0xff, 0x00, 0x00, 0x80, 0x80, 0xff, 0xff, 0xff, 0xc0, 0xc0, 
	0xc0, 0xc0, 0xc0, 0xff, 0xff, 0xff, 0x80, 0x80, 0x00, 0x00, 0xff, 0xff, 0xff, 0xff, 0x7f, 0x0f, 
	0x00, 0x00, 0x00, 0x01, 0x03, 0x07, 0x0f, 0x1e, 0x1f, 0x3f, 0x3f, 0x7f, 0x7f, 0x7f, 0x7f, 0xff, 
	0xff, 0xff, 0x7f, 0x7f, 0x7f, 0x7f, 0x3f, 0x3f, 0x1f, 0x1e, 0x0f, 0x07, 0x03, 0x01, 0x00, 0x00
};
// 'modx', 32x32px
const unsigned char fab_32x32_fa_modx [] PROGMEM = {
	0x00, 0x00, 0x00, 0x00, 0x00, 0xf8, 0xf8, 0xf8, 0xf0, 0xf0, 0xe0, 0xc0, 0xc0, 0x80, 0x00, 0xc0, 
	0xe0, 0xe0, 0xe0, 0xe0, 0xe0, 0xe0, 0xe0, 0xe0, 0xe0, 0xe0, 0xe0, 0xe0, 0x20, 0x00, 0x00, 0x00, 
	0x00, 0x00, 0x00, 0x00, 0x00, 0x7f, 0xff, 0xff, 0xff, 0xff, 0xff, 0xff, 0xff, 0xff, 0xff, 0xff, 
	0x7f, 0x7f, 0x7f, 0x7f, 0xbf, 0xbf, 0xbf, 0x1f, 0x9f, 0x07, 0x03, 0x00, 0x00, 0x00, 0x00, 0x00, 
	0x00, 0x00, 0x00, 0x00, 0x00, 0xc0, 0xe0, 0xf9, 0xfd, 0xfd, 0xfd, 0xfd, 0xfe, 0xfe, 0xfe, 0xfe, 
	0xff, 0xff, 0xff, 0xff, 0xef, 0xff, 0xff, 0xff, 0xff, 0xff, 0xfe, 0x00, 0x00, 0x00, 0x00, 0x00, 
	0x00, 0x00, 0x00, 0x04, 0x07, 0x07, 0x07, 0x07, 0x07, 0x07, 0x07, 0x07, 0x07, 0x07, 0x07, 0x07, 
	0x03, 0x01, 0x01, 0x03, 0x03, 0x07, 0x0f, 0x0f, 0x1f, 0x1f, 0x1f, 0x00, 0x00, 0x00, 0x00, 0x00
};
// 'monero', 32x32px
const unsigned char fab_32x32_fa_monero [] PROGMEM = {
	0x00, 0x00, 0x00, 0x80, 0xc0, 0xe0, 0xf0, 0xf8, 0xf8, 0xfc, 0xfc, 0xfe, 0xfe, 0xfe, 0xfe, 0xff, 
	0xff, 0xff, 0xfe, 0xfe, 0xfe, 0xfe, 0xfc, 0xfc, 0xf8, 0xf8, 0xf0, 0xe0, 0xc0, 0x80, 0x00, 0x00, 
	0x00, 0xf0, 0xfe, 0xff, 0xff, 0xff, 0xff, 0x01, 0x03, 0x07, 0x0f, 0x1f, 0x3f, 0x7f, 0xff, 0xff, 
	0xff, 0xff, 0xff, 0x7f, 0x3f, 0x1f, 0x0f, 0x07, 0x03, 0x01, 0xff, 0xff, 0xff, 0xff, 0xfe, 0xf0, 
	0x00, 0x0f, 0x1f, 0x1f, 0x1f, 0x1f, 0x0f, 0x00, 0x00, 0x00, 0xfe, 0xfe, 0xfc, 0xf8, 0xf0, 0xe1, 
	0xc3, 0xe1, 0xf0, 0xf8, 0xfc, 0xfe, 0xfe, 0x00, 0x00, 0x00, 0x0f, 0x1f, 0x1f, 0x1f, 0x1f, 0x0f, 
	0x00, 0x00, 0x00, 0x00, 0x03, 0x07, 0x0f, 0x1f, 0x1f, 0x3f, 0x3f, 0x7f, 0x7f, 0x7f, 0x7f, 0xff, 
	0xff, 0xff, 0x7f, 0x7f, 0x7f, 0x7f, 0x3f, 0x3f, 0x1f, 0x1f, 0x0f, 0x07, 0x03, 0x00, 0x00, 0x00
};
// 'napster', 32x32px
const unsigned char fab_32x32_fa_napster [] PROGMEM = {
	0x00, 0x00, 0x00, 0x00, 0xc0, 0xc0, 0xc0, 0xc0, 0xe0, 0xf0, 0x38, 0xb8, 0x98, 0x9c, 0x9c, 0x8c, 
	0xcc, 0x8c, 0x9c, 0x9c, 0x98, 0xb8, 0x38, 0xf0, 0xe0, 0xc0, 0xc0, 0xc0, 0xc0, 0x00, 0x00, 0x00, 
	0x00, 0xf0, 0xf8, 0xfc, 0xff, 0xff, 0x01, 0x01, 0x03, 0x03, 0x07, 0x03, 0x03, 0x03, 0x01, 0x01, 
	0x01, 0x01, 0x01, 0x03, 0x03, 0x03, 0x07, 0x03, 0x03, 0x01, 0x01, 0xff, 0xff, 0xfc, 0xf8, 0xe0, 
	0x00, 0x03, 0x07, 0x0f, 0xff, 0xff, 0xe0, 0x00, 0x00, 0x18, 0x3c, 0x3c, 0x38, 0x38, 0xb8, 0xa0, 
	0x80, 0xa0, 0xb8, 0x38, 0x38, 0x3c, 0x3c, 0x18, 0x00, 0x00, 0xe0, 0xff, 0x7f, 0x0f, 0x07, 0x03, 
	0x00, 0x00, 0x00, 0x00, 0x00, 0x03, 0x07, 0x0f, 0x1e, 0x3c, 0x38, 0x70, 0x70, 0x70, 0x64, 0xed, 
	0xed, 0x6d, 0x64, 0x70, 0x70, 0x70, 0x38, 0x3c, 0x1e, 0x0f, 0x07, 0x03, 0x00, 0x00, 0x00, 0x00
};
// 'neos', 32x32px
const unsigned char fab_32x32_fa_neos [] PROGMEM = {
	0x00, 0x00, 0x06, 0x01, 0x01, 0x07, 0x09, 0x11, 0x41, 0x81, 0x01, 0x02, 0x04, 0x18, 0x20, 0xc0, 
	0x00, 0x00, 0x00, 0x18, 0x08, 0x04, 0x02, 0x03, 0xff, 0x01, 0x01, 0x01, 0x01, 0x01, 0x00, 0x00, 
	0x00, 0x00, 0x00, 0x00, 0x00, 0x00, 0x00, 0xe0, 0xc0, 0x00, 0x03, 0x04, 0x18, 0x20, 0x40, 0x00, 
	0x01, 0x02, 0x0c, 0x10, 0x60, 0x80, 0x00, 0x00, 0xff, 0x00, 0x00, 0x00, 0x00, 0x00, 0x00, 0x00, 
	0x00, 0x00, 0x00, 0x00, 0x00, 0x00, 0x00, 0xff, 0x00, 0x01, 0x02, 0x08, 0x30, 0xe0, 0x80, 0x01, 
	0x02, 0x0c, 0x10, 0x60, 0x80, 0x00, 0x03, 0x06, 0x0f, 0x00, 0x00, 0x00, 0x00, 0x00, 0x00, 0x00, 
	0x00, 0x00, 0xc0, 0xc0, 0xa0, 0xa0, 0x90, 0x8f, 0x80, 0x40, 0x20, 0x10, 0x18, 0x00, 0x00, 0x03, 
	0x04, 0x08, 0x20, 0x40, 0x80, 0x81, 0x86, 0x88, 0x90, 0x90, 0x90, 0x50, 0x30, 0x10, 0x00, 0x00
};
// 'nimblr', 32x32px
const unsigned char fab_32x32_fa_nimblr [] PROGMEM = {
	0x00, 0x00, 0x00, 0x00, 0x00, 0xf8, 0x00, 0x00, 0x00, 0x00, 0x00, 0x00, 0x00, 0x00, 0x00, 0x00, 
	0x00, 0x00, 0x00, 0x00, 0x00, 0x00, 0x00, 0x00, 0x00, 0x00, 0x00, 0x00, 0x00, 0x00, 0x00, 0x00, 
	0x00, 0x00, 0x00, 0x00, 0x00, 0xff, 0xff, 0xe0, 0xe0, 0xf0, 0x70, 0x38, 0x38, 0x1c, 0x1c, 0x1c, 
	0x1c, 0x1c, 0x1c, 0x3c, 0x38, 0x78, 0xf0, 0xe0, 0xc0, 0x80, 0x00, 0x00, 0x00, 0x00, 0x00, 0x00, 
	0x00, 0x00, 0x00, 0x00, 0x00, 0xff, 0xff, 0xff, 0x03, 0x00, 0x00, 0x38, 0x38, 0x38, 0x00, 0x00, 
	0x00, 0x00, 0x38, 0x38, 0x38, 0x00, 0x00, 0x03, 0xff, 0xff, 0xfe, 0x00, 0x00, 0x00, 0x00, 0x00, 
	0x00, 0x00, 0x00, 0x00, 0x00, 0x01, 0x07, 0x0f, 0x1f, 0x3c, 0x78, 0x70, 0xf0, 0xe0, 0xe0, 0xe0, 
	0xe0, 0xe0, 0xe0, 0xf0, 0x70, 0x78, 0x3c, 0x1f, 0x0f, 0x07, 0x01, 0x00, 0x00, 0x00, 0x00, 0x00
};
// 'node', 32x32px
const unsigned char fab_32x32_fa_node [] PROGMEM = {
	0x00, 0x00, 0x00, 0x00, 0x00, 0x00, 0x00, 0x00, 0x00, 0x00, 0x00, 0x00, 0x00, 0x00, 0x00, 0x00, 
	0x00, 0x00, 0x00, 0x00, 0x00, 0xc0, 0x80, 0x80, 0x00, 0x00, 0x00, 0x00, 0x00, 0x00, 0x00, 0x00, 
	0xf0, 0xf0, 0x38, 0x18, 0x38, 0xf0, 0xf0, 0x00, 0xe0, 0xf0, 0xf8, 0xf8, 0xf8, 0xf8, 0xf0, 0x00, 
	0x00, 0xf0, 0xf0, 0xb8, 0x38, 0xff, 0xff, 0xff, 0x00, 0xf0, 0xf0, 0xf8, 0x78, 0x78, 0x70, 0x30, 
	0x03, 0x01, 0x00, 0x00, 0x00, 0x01, 0x01, 0x00, 0x00, 0x01, 0x03, 0x03, 0x03, 0x0b, 0x01, 0x24, 
	0x24, 0x41, 0x03, 0x03, 0x03, 0x03, 0x01, 0x00, 0x00, 0x01, 0x01, 0x03, 0x03, 0x03, 0x00, 0x00, 
	0x00, 0x00, 0x00, 0x00, 0x00, 0x00, 0x00, 0x00, 0x00, 0x00, 0x00, 0x00, 0x00, 0x01, 0x01, 0x02, 
	0x00, 0x00, 0x00, 0x00, 0x00, 0x00, 0x00, 0x00, 0x00, 0x00, 0x00, 0x00, 0x00, 0x00, 0x00, 0x00
};
// 'node-js', 32x32px
const unsigned char fab_32x32_fa_node_js [] PROGMEM = {
	0x00, 0x00, 0x00, 0x80, 0xc0, 0xc0, 0xe0, 0x60, 0x70, 0x30, 0x18, 0x1c, 0x0c, 0x0e, 0x06, 0x07, 
	0x07, 0x06, 0x0e, 0x0c, 0x1c, 0x18, 0x30, 0x70, 0x60, 0xe0, 0xc0, 0xc0, 0x80, 0x00, 0x00, 0x00, 
	0x00, 0x00, 0xff, 0xff, 0x01, 0x00, 0x00, 0x00, 0x00, 0x00, 0xfc, 0xfc, 0x00, 0x00, 0xf8, 0xf8, 
	0xdc, 0x8c, 0x8c, 0x8c, 0x8c, 0x8c, 0x9c, 0x38, 0x30, 0x00, 0x00, 0x01, 0xff, 0xff, 0x00, 0x00, 
	0x00, 0x00, 0xff, 0xff, 0x80, 0x00, 0x00, 0x00, 0x00, 0x00, 0xff, 0xff, 0x00, 0x00, 0x1c, 0x3c, 
	0x31, 0x31, 0x71, 0x71, 0x71, 0x31, 0x33, 0x3f, 0x1f, 0x00, 0x00, 0x80, 0xff, 0xff, 0x00, 0x00, 
	0x00, 0x00, 0x00, 0x01, 0x03, 0x03, 0x07, 0x06, 0x06, 0x06, 0x07, 0x33, 0x30, 0x70, 0x60, 0xe0, 
	0xe0, 0x60, 0x70, 0x30, 0x38, 0x18, 0x0c, 0x0e, 0x06, 0x07, 0x03, 0x03, 0x01, 0x00, 0x00, 0x00
};
// 'npm', 32x32px
const unsigned char fab_32x32_fa_npm [] PROGMEM = {
	0x00, 0x00, 0x00, 0x00, 0x00, 0x00, 0x00, 0x00, 0x00, 0x00, 0x00, 0x00, 0x00, 0x00, 0x00, 0x00, 
	0x00, 0x00, 0x00, 0x00, 0x00, 0x00, 0x00, 0x00, 0x00, 0x00, 0x00, 0x00, 0x00, 0x00, 0x00, 0x00, 
	0xf8, 0xf8, 0x18, 0x18, 0x18, 0x98, 0xd8, 0x18, 0x18, 0xf8, 0xf8, 0x18, 0x18, 0x18, 0xd8, 0xd8, 
	0x18, 0x18, 0xf8, 0xf8, 0x18, 0x18, 0x18, 0xd8, 0xd8, 0x18, 0x18, 0xd8, 0x18, 0x18, 0xf8, 0xf8, 
	0x1f, 0x1f, 0x18, 0x18, 0x18, 0x1f, 0x1f, 0x18, 0x18, 0x7f, 0x7f, 0x60, 0x60, 0x60, 0x73, 0x7b, 
	0x18, 0x18, 0x1f, 0x1f, 0x18, 0x18, 0x18, 0x1f, 0x1f, 0x18, 0x18, 0x1f, 0x18, 0x18, 0x1f, 0x1f, 
	0x00, 0x00, 0x00, 0x00, 0x00, 0x00, 0x00, 0x00, 0x00, 0x00, 0x00, 0x00, 0x00, 0x00, 0x00, 0x00, 
	0x00, 0x00, 0x00, 0x00, 0x00, 0x00, 0x00, 0x00, 0x00, 0x00, 0x00, 0x00, 0x00, 0x00, 0x00, 0x00
};
// 'ns8', 32x32px
const unsigned char fab_32x32_fa_ns8 [] PROGMEM = {
	0x00, 0x00, 0x00, 0x00, 0x00, 0x00, 0x00, 0x00, 0x00, 0x00, 0x00, 0x00, 0x00, 0x00, 0x00, 0x00, 
	0x00, 0x00, 0x00, 0x00, 0x00, 0x00, 0x00, 0x00, 0x00, 0x00, 0x00, 0x00, 0x00, 0x00, 0x00, 0x00, 
	0x00, 0x60, 0xf8, 0x8c, 0x24, 0xb6, 0xf6, 0x64, 0x0c, 0x78, 0xc0, 0x80, 0x00, 0x00, 0x30, 0x30, 
	0x60, 0xc0, 0x80, 0xf0, 0x00, 0x60, 0xf0, 0x90, 0x90, 0xb0, 0x00, 0xe0, 0xf0, 0x90, 0xf0, 0xe0, 
	0x06, 0x1c, 0x30, 0x27, 0x2c, 0x6d, 0x6c, 0x2c, 0x36, 0x18, 0x0f, 0x07, 0x00, 0x00, 0x07, 0x07, 
	0x00, 0x01, 0x03, 0x07, 0x00, 0x02, 0x06, 0x04, 0x06, 0x03, 0x00, 0x03, 0x06, 0x04, 0x06, 0x03, 
	0x00, 0x00, 0x00, 0x00, 0x00, 0x00, 0x00, 0x00, 0x00, 0x00, 0x00, 0x00, 0x00, 0x00, 0x00, 0x00, 
	0x00, 0x00, 0x00, 0x00, 0x00, 0x00, 0x00, 0x00, 0x00, 0x00, 0x00, 0x00, 0x00, 0x00, 0x00, 0x00
};
// 'nutritionix', 32x32px
const unsigned char fab_32x32_fa_nutritionix [] PROGMEM = {
	0x00, 0x00, 0x00, 0x00, 0x00, 0x00, 0x00, 0x00, 0x00, 0x02, 0x1f, 0x3e, 0x7e, 0xfe, 0xfc, 0xfc, 
	0x38, 0x40, 0xe0, 0xf0, 0xf0, 0xf0, 0x70, 0x00, 0x00, 0x00, 0x00, 0x00, 0x00, 0x00, 0x00, 0x00, 
	0x00, 0x00, 0x00, 0x00, 0x00, 0xc0, 0xf0, 0x18, 0x08, 0x8c, 0x84, 0x84, 0x86, 0x86, 0x86, 0x86, 
	0x86, 0x86, 0x86, 0x86, 0x86, 0x84, 0x84, 0x8c, 0x08, 0x18, 0xf0, 0xc0, 0x00, 0x00, 0x00, 0x00, 
	0x00, 0x00, 0x00, 0x00, 0xff, 0xff, 0xff, 0xff, 0x31, 0x11, 0x11, 0xff, 0xff, 0x11, 0x11, 0x31, 
	0xff, 0x31, 0x11, 0x11, 0xff, 0xff, 0x11, 0x11, 0x31, 0xff, 0xff, 0xff, 0xff, 0x00, 0x00, 0x00, 
	0x00, 0x00, 0x00, 0x00, 0x01, 0x0f, 0x1f, 0x1f, 0x33, 0x31, 0x71, 0x7f, 0x7f, 0x71, 0xf1, 0xf3, 
	0xff, 0xf3, 0xf1, 0x71, 0x7f, 0x7f, 0x71, 0x31, 0x33, 0x1f, 0x1f, 0x0f, 0x01, 0x00, 0x00, 0x00
};
// 'octopus-deploy', 32x32px
const unsigned char fab_32x32_fa_octopus_deploy [] PROGMEM = {
	0x00, 0x00, 0x00, 0x00, 0x00, 0x00, 0x80, 0xe0, 0xf0, 0xf8, 0xfc, 0xfe, 0xfe, 0xff, 0xff, 0xff, 
	0xff, 0xff, 0xff, 0xff, 0xff, 0xfe, 0xfe, 0xfc, 0xf8, 0xf0, 0xe0, 0x80, 0x00, 0x00, 0x00, 0x00, 
	0x00, 0x00, 0x00, 0x00, 0x00, 0x08, 0xff, 0xff, 0xff, 0xff, 0xff, 0xff, 0xff, 0xff, 0xff, 0xff, 
	0xff, 0xff, 0xff, 0xff, 0xff, 0xff, 0xff, 0xff, 0xff, 0xff, 0xff, 0x3f, 0x00, 0x00, 0x00, 0x00, 
	0x00, 0x00, 0x00, 0x00, 0x80, 0xc0, 0xe0, 0xff, 0xff, 0xff, 0xff, 0xff, 0xff, 0xff, 0xff, 0xff, 
	0xff, 0xff, 0xff, 0xff, 0xff, 0xff, 0xff, 0xff, 0xff, 0xff, 0xfd, 0xe0, 0xc0, 0x80, 0x80, 0x00, 
	0x00, 0x06, 0x07, 0x07, 0x07, 0x03, 0x03, 0x01, 0x7f, 0x7f, 0x3f, 0x1f, 0x0f, 0x03, 0x01, 0x00, 
	0x01, 0x0f, 0x7f, 0xff, 0xff, 0x7f, 0x01, 0x00, 0x01, 0x07, 0x0f, 0x0f, 0x1f, 0x1d, 0x01, 0x00
};
// 'odnoklassniki', 32x32px
const unsigned char fab_32x32_fa_odnoklassniki [] PROGMEM = {
	0x00, 0x00, 0x00, 0x00, 0x00, 0x00, 0x00, 0x00, 0xe0, 0xf8, 0xfc, 0xfe, 0x3e, 0x1f, 0x0f, 0x0f, 
	0x0f, 0x0f, 0x1f, 0x3e, 0xfe, 0xfc, 0xf8, 0xe0, 0x00, 0x00, 0x00, 0x00, 0x00, 0x00, 0x00, 0x00, 
	0x00, 0x00, 0x00, 0x00, 0x00, 0x00, 0x00, 0x00, 0x07, 0x1f, 0x3f, 0x7f, 0x7c, 0xf8, 0xf0, 0xf0, 
	0xf0, 0xf0, 0xf8, 0x7c, 0x7f, 0x3f, 0x1f, 0x07, 0x00, 0x00, 0x00, 0x00, 0x00, 0x00, 0x00, 0x00, 
	0x00, 0x00, 0x00, 0x00, 0x00, 0x00, 0x06, 0x0f, 0x1f, 0x1f, 0x3e, 0x3c, 0x3c, 0xfc, 0xfc, 0xf8, 
	0xf8, 0xfc, 0xfc, 0x3c, 0x3c, 0x3e, 0x1f, 0x1f, 0x0f, 0x06, 0x00, 0x00, 0x00, 0x00, 0x00, 0x00, 
	0x00, 0x00, 0x00, 0x00, 0x00, 0x00, 0x00, 0x00, 0x70, 0xf8, 0xfc, 0x7e, 0x3f, 0x1f, 0x0f, 0x07, 
	0x07, 0x0f, 0x1f, 0x3f, 0x7e, 0xfc, 0xf8, 0x70, 0x00, 0x00, 0x00, 0x00, 0x00, 0x00, 0x00, 0x00
};
// 'odnoklassniki-square', 32x32px
const unsigned char fab_32x32_fa_odnoklassniki_square [] PROGMEM = {
	0x00, 0x00, 0xf8, 0xfc, 0xfc, 0xfc, 0xfc, 0xfc, 0xfc, 0xfc, 0xfc, 0xfc, 0x7c, 0x7c, 0x3c, 0x3c, 
	0x3c, 0x3c, 0x7c, 0xfc, 0xfc, 0xfc, 0xfc, 0xfc, 0xfc, 0xfc, 0xfc, 0xfc, 0xfc, 0xf8, 0x00, 0x00, 
	0x00, 0x00, 0xff, 0xff, 0xff, 0xff, 0xff, 0xff, 0xff, 0xff, 0xff, 0xe1, 0x80, 0x80, 0x1e, 0x3e, 
	0x3e, 0x1e, 0x80, 0x80, 0xe1, 0xff, 0xff, 0xff, 0xff, 0xff, 0xff, 0xff, 0xff, 0xff, 0x00, 0x00, 
	0x00, 0x00, 0xff, 0xff, 0xff, 0xff, 0xff, 0xff, 0xff, 0xff, 0xfc, 0xf8, 0x79, 0x31, 0x13, 0x83, 
	0x83, 0x03, 0x31, 0x79, 0xf8, 0xfc, 0xff, 0xff, 0xff, 0xff, 0xff, 0xff, 0xff, 0xff, 0x00, 0x00, 
	0x00, 0x00, 0x1f, 0x3f, 0x3f, 0x3f, 0x3f, 0x3f, 0x3f, 0x3f, 0x3f, 0x3c, 0x3c, 0x3e, 0x3f, 0x3f, 
	0x3f, 0x3f, 0x3e, 0x3c, 0x3c, 0x3f, 0x3f, 0x3f, 0x3f, 0x3f, 0x3f, 0x3f, 0x3f, 0x1f, 0x00, 0x00
};
// 'old-republic', 32x32px
const unsigned char fab_32x32_fa_old_republic [] PROGMEM = {
	0x00, 0x00, 0x00, 0x00, 0xc0, 0xe0, 0x70, 0xb8, 0xd8, 0x2c, 0x0c, 0x06, 0x06, 0x06, 0x02, 0x02, 
	0x02, 0x02, 0x02, 0x06, 0x06, 0x06, 0x0c, 0x2c, 0xd8, 0x98, 0x30, 0xe0, 0xc0, 0x00, 0x00, 0x00, 
	0x00, 0xf0, 0xfe, 0x07, 0xf1, 0x80, 0xfe, 0xff, 0xfd, 0xe0, 0xc0, 0x80, 0x00, 0x0e, 0x18, 0xf2, 
	0x03, 0x02, 0x00, 0x00, 0x00, 0x80, 0xc0, 0xe0, 0xf8, 0xff, 0xfe, 0x00, 0xf1, 0x07, 0xfe, 0xf0, 
	0x00, 0x0f, 0x7f, 0xe0, 0x87, 0x1f, 0xfe, 0xbb, 0x7f, 0xff, 0xff, 0xff, 0x40, 0x00, 0x00, 0xf9, 
	0x00, 0x80, 0x00, 0x00, 0x00, 0xff, 0xff, 0xff, 0xff, 0xfb, 0xbc, 0x1f, 0x87, 0xe0, 0x7f, 0x0f, 
	0x00, 0x00, 0x00, 0x01, 0x03, 0x07, 0x0c, 0x19, 0x1b, 0x33, 0x27, 0x6f, 0x6f, 0x4e, 0xde, 0xdf, 
	0xdc, 0xdf, 0xde, 0x4e, 0x6f, 0x6f, 0x27, 0x33, 0x1b, 0x19, 0x0c, 0x06, 0x03, 0x01, 0x00, 0x00
};
// 'opencart', 32x32px
const unsigned char fab_32x32_fa_opencart [] PROGMEM = {
	0x00, 0x40, 0xc0, 0x80, 0x00, 0x00, 0x00, 0x00, 0x00, 0x00, 0x00, 0x00, 0x00, 0x00, 0x00, 0x00, 
	0x00, 0x00, 0x00, 0x00, 0x00, 0x00, 0x00, 0x00, 0x00, 0x00, 0x00, 0x00, 0x00, 0x00, 0x00, 0x00, 
	0x00, 0x00, 0x00, 0x01, 0x01, 0x03, 0x03, 0x07, 0x06, 0x06, 0x06, 0x06, 0x06, 0x0e, 0x0e, 0x0e, 
	0x0e, 0x0e, 0x0e, 0x0e, 0x0e, 0x0e, 0x0e, 0x0e, 0x0e, 0x0e, 0x0e, 0x9e, 0xfc, 0x7c, 0x3c, 0x1c, 
	0x00, 0x00, 0x00, 0x00, 0x00, 0x00, 0x00, 0x80, 0x80, 0x80, 0x00, 0x00, 0x00, 0x00, 0x00, 0x00, 
	0x00, 0x00, 0x80, 0x80, 0x00, 0x00, 0x00, 0x00, 0x04, 0x02, 0x03, 0x01, 0x00, 0x00, 0x00, 0x00, 
	0x00, 0x00, 0x00, 0x00, 0x00, 0x00, 0x07, 0x07, 0x0f, 0x07, 0x03, 0x00, 0x00, 0x00, 0x00, 0x00, 
	0x00, 0x07, 0x0f, 0x0f, 0x07, 0x00, 0x00, 0x00, 0x00, 0x00, 0x00, 0x00, 0x00, 0x00, 0x00, 0x00
};
// 'openid', 32x32px
const unsigned char fab_32x32_fa_openid [] PROGMEM = {
	0x00, 0x00, 0x00, 0x00, 0x00, 0x00, 0x00, 0x00, 0x00, 0x00, 0x00, 0x00, 0x00, 0x00, 0x00, 0xe0, 
	0xf0, 0xf0, 0xf8, 0x00, 0x00, 0x00, 0x00, 0x00, 0x00, 0x00, 0x00, 0x00, 0x00, 0x00, 0x00, 0x00, 
	0x00, 0x00, 0x00, 0x00, 0x80, 0xc0, 0xe0, 0xe0, 0xf0, 0x70, 0x70, 0x38, 0x38, 0x38, 0x00, 0xff, 
	0xff, 0xff, 0xff, 0x00, 0x38, 0x38, 0x38, 0xf0, 0xf0, 0xf0, 0xe0, 0xe0, 0xe0, 0xe0, 0x00, 0x00, 
	0x00, 0x00, 0x7e, 0xff, 0xff, 0xff, 0xe7, 0x81, 0x00, 0x00, 0x00, 0x00, 0x00, 0x00, 0x00, 0xff, 
	0xff, 0xff, 0xff, 0x00, 0x00, 0x00, 0x00, 0x01, 0x01, 0x01, 0x01, 0x03, 0x03, 0x03, 0x00, 0x00, 
	0x00, 0x00, 0x00, 0x00, 0x01, 0x03, 0x07, 0x07, 0x0f, 0x0e, 0x0e, 0x1c, 0x1c, 0x1c, 0x1c, 0x1f, 
	0x0f, 0x0f, 0x07, 0x00, 0x00, 0x00, 0x00, 0x00, 0x00, 0x00, 0x00, 0x00, 0x00, 0x00, 0x00, 0x00
};
// 'opera', 32x32px
const unsigned char fab_32x32_fa_opera [] PROGMEM = {
	0x00, 0x00, 0x00, 0x80, 0xc0, 0xe0, 0xf0, 0xf8, 0xfc, 0xfc, 0xfe, 0x7e, 0x3f, 0x1f, 0x0f, 0x07, 
	0x07, 0x07, 0x03, 0x13, 0x1b, 0x3a, 0xfa, 0xfc, 0xfc, 0xf8, 0xf0, 0xe0, 0xc0, 0x80, 0x00, 0x00, 
	0x00, 0xf8, 0xfe, 0xff, 0xff, 0xff, 0xff, 0xff, 0xff, 0x03, 0x00, 0x00, 0x00, 0x00, 0x00, 0x00, 
	0x00, 0x00, 0x00, 0x00, 0x00, 0x00, 0x00, 0x01, 0x0f, 0xff, 0xff, 0xff, 0xff, 0xff, 0xfe, 0xf8, 
	0x00, 0x0f, 0x3f, 0xff, 0xff, 0xff, 0xff, 0xff, 0xff, 0xe0, 0x80, 0x00, 0x00, 0x00, 0x00, 0x00, 
	0x00, 0x00, 0x00, 0x00, 0x00, 0x00, 0x80, 0xc0, 0xf8, 0xff, 0xff, 0xff, 0xff, 0xff, 0x3f, 0x0f, 
	0x00, 0x00, 0x00, 0x00, 0x01, 0x03, 0x07, 0x0f, 0x1f, 0x1f, 0x3f, 0x3f, 0x7e, 0x7c, 0x78, 0x70, 
	0x70, 0x70, 0x60, 0x64, 0x6e, 0x2e, 0x2f, 0x1f, 0x1f, 0x0f, 0x07, 0x03, 0x01, 0x00, 0x00, 0x00
};
// 'optin-monster', 32x32px
const unsigned char fab_32x32_fa_optin_monster [] PROGMEM = {
	0x00, 0x00, 0x00, 0x00, 0x00, 0x00, 0x00, 0x00, 0x00, 0x00, 0x80, 0xc0, 0xe0, 0x60, 0x60, 0x68, 
	0x68, 0x48, 0x58, 0xd0, 0xc0, 0x80, 0x00, 0x00, 0x00, 0x00, 0x00, 0x00, 0x00, 0x00, 0x00, 0x00, 
	0x00, 0x00, 0x78, 0x06, 0x8c, 0x98, 0xfe, 0xfe, 0xff, 0xff, 0xff, 0xff, 0xe1, 0xf0, 0xf0, 0xf8, 
	0xfe, 0xfc, 0xfc, 0xe0, 0xff, 0xff, 0xff, 0xfe, 0xfc, 0xf8, 0x88, 0x8c, 0x02, 0x78, 0x00, 0x00, 
	0x00, 0x80, 0xcc, 0xde, 0xff, 0xff, 0x1f, 0x0f, 0x13, 0x27, 0x68, 0x4f, 0x88, 0x88, 0x08, 0x05, 
	0x04, 0x04, 0x84, 0x87, 0x47, 0x28, 0x27, 0x13, 0x0f, 0x1f, 0xff, 0xff, 0xde, 0xcc, 0x80, 0x00, 
	0x07, 0x0f, 0x0f, 0x07, 0x1f, 0x19, 0x0e, 0x0c, 0x0c, 0x0a, 0x0a, 0x09, 0x09, 0x09, 0x09, 0x09, 
	0x09, 0x09, 0x08, 0x09, 0x09, 0x0a, 0x0a, 0x0c, 0x0c, 0x0c, 0x19, 0x1f, 0x0f, 0x0f, 0x0f, 0x07
};
// 'orcid', 32x32px
const unsigned char fab_32x32_fa_orcid [] PROGMEM = {
	0x00, 0x00, 0x00, 0x80, 0xc0, 0xe0, 0xf0, 0xf8, 0xfc, 0x3c, 0x3e, 0xfe, 0xfe, 0xfe, 0xff, 0xff, 
	0xff, 0xff, 0xfe, 0xfe, 0xfe, 0xfe, 0xfc, 0xfc, 0xf8, 0xf0, 0xe0, 0xc0, 0x80, 0x00, 0x00, 0x00, 
	0xc0, 0xfc, 0xff, 0xff, 0xff, 0xff, 0xff, 0xff, 0xff, 0x03, 0x03, 0xff, 0xff, 0xff, 0x03, 0xe3, 
	0xf3, 0xf3, 0xf3, 0xf3, 0xf3, 0xf7, 0xe7, 0x8f, 0x1f, 0xff, 0xff, 0xff, 0xff, 0xff, 0xfc, 0xc0, 
	0x03, 0x3f, 0xff, 0xff, 0xff, 0xff, 0xff, 0xff, 0xff, 0x80, 0x80, 0xff, 0xff, 0xff, 0x80, 0x9f, 
	0x9f, 0x9f, 0x9f, 0x9f, 0x9f, 0x9f, 0xcf, 0xe3, 0xf0, 0xfc, 0xff, 0xff, 0xff, 0xff, 0x3f, 0x03, 
	0x00, 0x00, 0x00, 0x01, 0x03, 0x07, 0x0f, 0x1f, 0x3f, 0x3f, 0x7f, 0x7f, 0x7f, 0x7f, 0xff, 0xff, 
	0xff, 0xff, 0x7f, 0x7f, 0x7f, 0x7f, 0x3f, 0x3f, 0x1f, 0x0f, 0x07, 0x03, 0x01, 0x00, 0x00, 0x00
};
// 'osi', 32x32px
const unsigned char fab_32x32_fa_osi [] PROGMEM = {
	0x00, 0x00, 0x00, 0x80, 0xc0, 0x60, 0x30, 0x18, 0x08, 0x0c, 0x04, 0x04, 0x06, 0x06, 0x02, 0x02, 
	0x02, 0x02, 0x06, 0x06, 0x04, 0x04, 0x0c, 0x08, 0x18, 0x30, 0x60, 0xc0, 0x80, 0x00, 0x00, 0x00, 
	0x80, 0xf8, 0x0e, 0x03, 0x00, 0x00, 0x00, 0x00, 0x00, 0x00, 0x80, 0xe0, 0x30, 0x18, 0x08, 0x08, 
	0x08, 0x08, 0x18, 0x30, 0xe0, 0xc0, 0x00, 0x00, 0x00, 0x00, 0x00, 0x00, 0x03, 0x0e, 0xf8, 0x80, 
	0x03, 0x3f, 0xe0, 0x80, 0x00, 0x00, 0x00, 0x00, 0x00, 0x00, 0x03, 0x0f, 0x18, 0xf0, 0x20, 0x00, 
	0x00, 0x20, 0xf0, 0x18, 0x0f, 0x03, 0x00, 0x00, 0x00, 0x00, 0x00, 0x00, 0x80, 0xe0, 0x3f, 0x03, 
	0x00, 0x00, 0x00, 0x03, 0x06, 0x0c, 0x18, 0x10, 0x30, 0x60, 0x60, 0x3c, 0x0f, 0x01, 0x00, 0x00, 
	0x00, 0x00, 0x01, 0x0f, 0x3c, 0x60, 0x60, 0x30, 0x10, 0x18, 0x0c, 0x06, 0x03, 0x00, 0x00, 0x00
};
// 'page4', 32x32px
const unsigned char fab_32x32_fa_page4 [] PROGMEM = {
	0x00, 0x00, 0x00, 0x80, 0xc0, 0xe0, 0xf0, 0xf8, 0xf8, 0xfc, 0xfc, 0xfe, 0xfe, 0xfe, 0xfe, 0xff, 
	0x3f, 0x1f, 0x0e, 0x02, 0x00, 0x00, 0xf8, 0xfc, 0xf8, 0x78, 0xf0, 0x20, 0xc0, 0x80, 0x00, 0x00, 
	0x00, 0xf0, 0xfe, 0xff, 0xff, 0xff, 0xff, 0xff, 0xff, 0xff, 0x7f, 0x1f, 0x8f, 0xe7, 0xf1, 0xf8, 
	0xf8, 0x00, 0x00, 0x00, 0x00, 0x00, 0xff, 0xf7, 0xce, 0x5a, 0x5a, 0xe2, 0xff, 0xff, 0xfe, 0xf0, 
	0x00, 0x0f, 0x7f, 0xff, 0x7f, 0x3f, 0x1f, 0x07, 0x63, 0x78, 0x7c, 0x7f, 0x7f, 0x7f, 0x7f, 0x7f, 
	0x3f, 0x00, 0x00, 0x00, 0x00, 0x00, 0x3f, 0x7f, 0x62, 0x64, 0x6c, 0x7f, 0x7f, 0x7f, 0x3f, 0x0f, 
	0x00, 0x00, 0x00, 0x00, 0x03, 0x07, 0x0f, 0x1f, 0x1f, 0x3f, 0x3f, 0x7f, 0x7f, 0x7f, 0x7f, 0xff, 
	0x7e, 0x00, 0x00, 0x00, 0x00, 0x00, 0x1e, 0x3f, 0x1f, 0x1f, 0x0f, 0x07, 0x02, 0x00, 0x00, 0x00
};
// 'pagelines', 32x32px
const unsigned char fab_32x32_fa_pagelines [] PROGMEM = {
	0x00, 0x00, 0x00, 0x00, 0x00, 0x00, 0x00, 0x00, 0x00, 0x00, 0x00, 0x00, 0x00, 0x00, 0xfe, 0xfe, 
	0xfe, 0xfc, 0xf8, 0xe0, 0x00, 0x00, 0x00, 0x00, 0x00, 0x00, 0x00, 0x00, 0x00, 0x00, 0x00, 0x00, 
	0x00, 0x00, 0x00, 0x00, 0x00, 0x00, 0x00, 0x00, 0x1e, 0x3e, 0x7e, 0x7e, 0x7e, 0xfe, 0xfc, 0xf9, 
	0xe3, 0xff, 0xff, 0xf1, 0xf8, 0xfc, 0xfe, 0xfe, 0x7e, 0x3e, 0x1e, 0x00, 0x00, 0x00, 0x00, 0x00, 
	0x00, 0x00, 0x00, 0x00, 0x00, 0x0e, 0x1e, 0x3e, 0x7e, 0x7e, 0xfe, 0xfe, 0xfe, 0x7c, 0xf8, 0xf0, 
	0x7c, 0xff, 0xf1, 0xf8, 0xfc, 0xfc, 0xfc, 0xfc, 0xfc, 0x7c, 0x38, 0x18, 0x00, 0x00, 0x00, 0x00, 
	0x00, 0x00, 0x00, 0x00, 0x40, 0x40, 0x40, 0x60, 0x60, 0x30, 0x30, 0x18, 0x0c, 0x06, 0x03, 0x00, 
	0x00, 0x00, 0x00, 0x00, 0x00, 0x01, 0x00, 0x00, 0x00, 0x00, 0x00, 0x00, 0x00, 0x00, 0x00, 0x00
};
// 'palfed', 32x32px
const unsigned char fab_32x32_fa_palfed [] PROGMEM = {
	0x00, 0x00, 0x00, 0x00, 0x00, 0x00, 0x80, 0xc0, 0xc0, 0xc0, 0xc0, 0xc0, 0xe0, 0xf0, 0xf0, 0xf0, 
	0xf0, 0xf0, 0xf0, 0xe0, 0xc0, 0xc0, 0xc0, 0xc0, 0xc0, 0x80, 0x00, 0x00, 0x00, 0x00, 0x00, 0x00, 
	0x18, 0x3c, 0x3c, 0x3c, 0xfe, 0xff, 0xff, 0xff, 0xff, 0x1f, 0x0f, 0xc7, 0xe3, 0xe3, 0x00, 0x00, 
	0xf8, 0xf8, 0xfc, 0xfc, 0xf8, 0x01, 0x03, 0xc7, 0xff, 0xff, 0xff, 0xfe, 0x3c, 0x3c, 0x3c, 0x18, 
	0x00, 0x00, 0x00, 0x00, 0x01, 0xff, 0xff, 0xff, 0xfe, 0xfc, 0xf8, 0xfd, 0xff, 0xff, 0x00, 0x00, 
	0xf3, 0xf3, 0xf1, 0xf9, 0xf8, 0xfc, 0xff, 0xff, 0xff, 0xff, 0xff, 0x01, 0x00, 0x00, 0x00, 0x00, 
	0x00, 0x00, 0x00, 0x00, 0x00, 0x03, 0x0f, 0x0f, 0x0f, 0x0f, 0x0f, 0x0f, 0x0f, 0x0f, 0x08, 0x08, 
	0x0f, 0x0f, 0x0f, 0x0f, 0x0f, 0x0f, 0x0f, 0x0f, 0x0f, 0x0f, 0x03, 0x00, 0x00, 0x00, 0x00, 0x00
};
// 'patreon', 32x32px
const unsigned char fab_32x32_fa_patreon [] PROGMEM = {
	0xfe, 0xfe, 0xfe, 0xfe, 0xfe, 0xfe, 0x00, 0x00, 0x00, 0x00, 0xc0, 0xe0, 0xf0, 0xf8, 0xfc, 0xfc, 
	0xfe, 0xfe, 0xfe, 0xfe, 0xfe, 0xfe, 0xfe, 0xfe, 0xfe, 0xfc, 0xfc, 0xf8, 0xf0, 0xe0, 0xc0, 0x00, 
	0xff, 0xff, 0xff, 0xff, 0xff, 0xff, 0x00, 0x00, 0x00, 0xfe, 0xff, 0xff, 0xff, 0xff, 0xff, 0xff, 
	0xff, 0xff, 0xff, 0xff, 0xff, 0xff, 0xff, 0xff, 0xff, 0xff, 0xff, 0xff, 0xff, 0xff, 0xff, 0xff, 
	0xff, 0xff, 0xff, 0xff, 0xff, 0xff, 0x00, 0x00, 0x00, 0x00, 0x03, 0x07, 0x0f, 0x1f, 0x3f, 0x7f, 
	0x7f, 0x7f, 0xff, 0xff, 0xff, 0xff, 0xff, 0x7f, 0x7f, 0x7f, 0x3f, 0x1f, 0x0f, 0x07, 0x03, 0x00, 
	0x7f, 0x7f, 0x7f, 0x7f, 0x7f, 0x7f, 0x00, 0x00, 0x00, 0x00, 0x00, 0x00, 0x00, 0x00, 0x00, 0x00, 
	0x00, 0x00, 0x00, 0x00, 0x00, 0x00, 0x00, 0x00, 0x00, 0x00, 0x00, 0x00, 0x00, 0x00, 0x00, 0x00
};
// 'paypal', 32x32px
const unsigned char fab_32x32_fa_paypal [] PROGMEM = {
	0x00, 0x00, 0x00, 0x00, 0x00, 0x00, 0x00, 0xf0, 0xfc, 0xfc, 0xfc, 0xfc, 0xfc, 0xfc, 0xfc, 0xfc, 
	0xfc, 0xfc, 0xfc, 0xfc, 0xfc, 0xfc, 0xf8, 0xf0, 0xe0, 0x00, 0x00, 0x00, 0x00, 0x00, 0x00, 0x00, 
	0x00, 0x00, 0x00, 0x00, 0x00, 0x00, 0xfc, 0xff, 0xff, 0xff, 0xff, 0xff, 0xff, 0xff, 0xff, 0xff, 
	0xff, 0xff, 0xff, 0xff, 0xff, 0x7f, 0x7f, 0x9f, 0xc7, 0xf0, 0xfc, 0xf8, 0x00, 0x00, 0x00, 0x00, 
	0x00, 0x00, 0x00, 0x00, 0xc0, 0xff, 0xff, 0xff, 0xff, 0xff, 0x1f, 0xc3, 0xfd, 0xfd, 0xfd, 0xfd, 
	0xfd, 0x7d, 0x3d, 0x3c, 0x3e, 0x3e, 0x3f, 0x1f, 0x1f, 0x0f, 0x07, 0x01, 0x00, 0x00, 0x00, 0x00, 
	0x00, 0x00, 0x00, 0x00, 0x07, 0x07, 0x07, 0x07, 0x07, 0x07, 0x20, 0x3f, 0x3f, 0x3f, 0x3f, 0x3f, 
	0x07, 0x00, 0x00, 0x00, 0x00, 0x00, 0x00, 0x00, 0x00, 0x00, 0x00, 0x00, 0x00, 0x00, 0x00, 0x00
};
// 'penny-arcade', 32x32px
const unsigned char fab_32x32_fa_penny_arcade [] PROGMEM = {
	0x00, 0x00, 0x00, 0x00, 0x00, 0x00, 0x00, 0x00, 0x00, 0x00, 0x00, 0x00, 0x00, 0x00, 0x00, 0x00, 
	0x00, 0x00, 0x00, 0x00, 0x80, 0x80, 0x80, 0x80, 0x80, 0x00, 0x00, 0x00, 0x00, 0x00, 0x00, 0x00, 
	0xe0, 0xf0, 0xf8, 0xf8, 0x1c, 0x1c, 0x1c, 0x1c, 0x0c, 0xce, 0xce, 0xc6, 0x06, 0x06, 0x0e, 0x1e, 
	0xfe, 0x33, 0x03, 0x01, 0x01, 0x31, 0x00, 0x01, 0x03, 0x1e, 0x78, 0xe0, 0xe0, 0xc0, 0x80, 0x00, 
	0x00, 0x03, 0x03, 0xe7, 0xff, 0x18, 0x80, 0x80, 0x80, 0x89, 0xd8, 0x7c, 0x3c, 0x7c, 0x7e, 0x67, 
	0x61, 0x70, 0x70, 0x70, 0x7a, 0x7f, 0x7f, 0x78, 0x7c, 0x7c, 0x3c, 0x3c, 0x3f, 0x1f, 0x1f, 0x0f, 
	0x00, 0x00, 0x00, 0x00, 0x01, 0x01, 0x01, 0x01, 0x00, 0x00, 0x00, 0x00, 0x00, 0x00, 0x00, 0x00, 
	0x00, 0x00, 0x00, 0x00, 0x00, 0x00, 0x00, 0x00, 0x00, 0x00, 0x00, 0x00, 0x00, 0x00, 0x00, 0x00
};
// 'perbyte', 32x32px
const unsigned char fab_32x32_fa_perbyte [] PROGMEM = {
	0x00, 0x00, 0xe0, 0x38, 0x08, 0x0c, 0x04, 0x04, 0x04, 0x04, 0x04, 0x04, 0x04, 0x04, 0x04, 0x04, 
	0x04, 0x04, 0x04, 0x04, 0x04, 0x04, 0x04, 0x04, 0x04, 0x04, 0x0c, 0x08, 0x38, 0xe0, 0x00, 0x00, 
	0x00, 0x00, 0xff, 0x00, 0x00, 0x00, 0x00, 0x00, 0x3f, 0x3f, 0x3f, 0x3f, 0x3f, 0x3e, 0x0c, 0x00, 
	0x00, 0x3f, 0x3f, 0x3f, 0x3f, 0x3f, 0x3f, 0x1e, 0x00, 0x00, 0x00, 0x00, 0x00, 0xff, 0x00, 0x00, 
	0x00, 0x00, 0xff, 0x00, 0x00, 0x00, 0x00, 0x00, 0x00, 0x00, 0x00, 0x00, 0x00, 0x00, 0x00, 0x00, 
	0x00, 0xfc, 0xfc, 0xfc, 0xfc, 0xfc, 0xfc, 0x78, 0x00, 0x00, 0x00, 0x00, 0x00, 0xff, 0x00, 0x00, 
	0x00, 0x00, 0x07, 0x1c, 0x10, 0x30, 0x20, 0x20, 0x20, 0x20, 0x20, 0x20, 0x20, 0x20, 0x20, 0x20, 
	0x20, 0x20, 0x20, 0x20, 0x20, 0x20, 0x20, 0x20, 0x20, 0x20, 0x30, 0x10, 0x1c, 0x07, 0x00, 0x00
};
// 'periscope', 32x32px
const unsigned char fab_32x32_fa_periscope [] PROGMEM = {
	0x00, 0x00, 0x00, 0x00, 0x80, 0xc0, 0x30, 0x18, 0x08, 0x04, 0x06, 0x02, 0x03, 0x03, 0x01, 0x41, 
	0xc1, 0xc1, 0xc1, 0x83, 0x82, 0x06, 0x04, 0x0c, 0x18, 0x30, 0xc0, 0x80, 0x00, 0x00, 0x00, 0x00, 
	0x00, 0x00, 0x00, 0xfc, 0x87, 0x00, 0x00, 0x00, 0x00, 0xfc, 0xfe, 0xf8, 0xf8, 0xf8, 0xf8, 0xfc, 
	0xff, 0xff, 0xff, 0xff, 0xff, 0xff, 0xfc, 0x00, 0x00, 0x00, 0x00, 0x8f, 0xfc, 0x00, 0x00, 0x00, 
	0x00, 0x00, 0x00, 0x00, 0x07, 0x1c, 0x70, 0xc0, 0x00, 0x00, 0x01, 0x03, 0x07, 0x07, 0x0f, 0x0f, 
	0x0f, 0x0f, 0x07, 0x07, 0x03, 0x01, 0x00, 0x00, 0xc0, 0x70, 0x1c, 0x07, 0x00, 0x00, 0x00, 0x00, 
	0x00, 0x00, 0x00, 0x00, 0x00, 0x00, 0x00, 0x00, 0x03, 0x06, 0x0c, 0x18, 0x30, 0x60, 0xc0, 0x80, 
	0x80, 0xc0, 0x60, 0x20, 0x18, 0x0c, 0x06, 0x03, 0x00, 0x00, 0x00, 0x00, 0x00, 0x00, 0x00, 0x00
};
// 'phabricator', 32x32px
const unsigned char fab_32x32_fa_phabricator [] PROGMEM = {
	0x00, 0x00, 0x00, 0x00, 0x00, 0x00, 0x00, 0x00, 0x80, 0xc0, 0xc0, 0xe0, 0x60, 0x70, 0x70, 0x70, 
	0x70, 0x70, 0x70, 0x70, 0x60, 0xe0, 0xc0, 0xc0, 0x80, 0x00, 0x00, 0x00, 0x00, 0x00, 0x00, 0x00, 
	0x00, 0xc0, 0xe0, 0xf0, 0xf8, 0xfc, 0xfe, 0x1f, 0x07, 0x03, 0x01, 0x60, 0xe0, 0xf8, 0xfc, 0x38, 
	0x38, 0x38, 0xfc, 0xf8, 0xe0, 0x60, 0x01, 0x03, 0x07, 0x1f, 0xfe, 0xfc, 0xf8, 0xf0, 0xe0, 0xc0, 
	0x00, 0x03, 0x07, 0x0f, 0x1f, 0x3f, 0x7f, 0xf8, 0xe0, 0xc0, 0x80, 0x07, 0x07, 0x1f, 0x3f, 0x1c, 
	0x1c, 0x1e, 0x3f, 0x1f, 0x07, 0x06, 0x80, 0xc0, 0xe0, 0xf8, 0x7f, 0x3f, 0x1f, 0x0f, 0x07, 0x03, 
	0x00, 0x00, 0x00, 0x00, 0x00, 0x00, 0x00, 0x00, 0x01, 0x03, 0x03, 0x07, 0x06, 0x0e, 0x0e, 0x0e, 
	0x0e, 0x0e, 0x0e, 0x0e, 0x06, 0x07, 0x03, 0x03, 0x01, 0x00, 0x00, 0x00, 0x00, 0x00, 0x00, 0x00
};
// 'phoenix-framework', 32x32px
const unsigned char fab_32x32_fa_phoenix_framework [] PROGMEM = {
	0x00, 0x40, 0xe0, 0xe0, 0xe0, 0xe0, 0xe0, 0xe0, 0xe0, 0xc0, 0xc0, 0x80, 0x00, 0x00, 0x00, 0x00, 
	0x00, 0x00, 0x00, 0x00, 0x00, 0x00, 0x00, 0x00, 0x00, 0x00, 0x00, 0x00, 0x00, 0x00, 0x00, 0x00, 
	0x00, 0x00, 0x00, 0x01, 0xff, 0xff, 0xff, 0xff, 0xff, 0x7f, 0x7f, 0xff, 0xff, 0x1e, 0x1d, 0x1b, 
	0x3b, 0x6e, 0x74, 0x10, 0x10, 0x18, 0x98, 0x98, 0x98, 0x18, 0x10, 0x00, 0x00, 0x00, 0x00, 0x00, 
	0x00, 0x00, 0x00, 0x00, 0x00, 0x03, 0x07, 0x0f, 0x2c, 0x68, 0x60, 0xe0, 0xe1, 0xe3, 0xc6, 0x8c, 
	0x8c, 0x8c, 0x0c, 0x0e, 0x07, 0x11, 0x19, 0x0c, 0x0e, 0x06, 0x02, 0x00, 0x04, 0x0c, 0x08, 0x00, 
	0x00, 0x00, 0x00, 0x00, 0x00, 0x00, 0x00, 0x00, 0x00, 0x00, 0x00, 0x00, 0x00, 0x00, 0x00, 0x00, 
	0x00, 0x00, 0x01, 0x02, 0x04, 0x00, 0x00, 0x00, 0x00, 0x00, 0x00, 0x00, 0x00, 0x00, 0x00, 0x00
};
// 'phoenix-squadron', 32x32px
const unsigned char fab_32x32_fa_phoenix_squadron [] PROGMEM = {
	0x00, 0x00, 0x00, 0xc0, 0xe0, 0xf0, 0xf0, 0xf8, 0xfc, 0xfc, 0xfe, 0x7e, 0x36, 0x36, 0x12, 0x13, 
	0x03, 0x01, 0x00, 0x00, 0x00, 0x80, 0x80, 0x80, 0xc0, 0x40, 0x00, 0x00, 0x00, 0x00, 0x00, 0x00, 
	0xf0, 0xfe, 0xff, 0xff, 0xff, 0xff, 0xff, 0xff, 0xff, 0x83, 0x80, 0x00, 0x00, 0xa0, 0x90, 0xd8, 
	0xd8, 0xfc, 0x3e, 0x1e, 0x0f, 0x07, 0x03, 0x01, 0x00, 0x00, 0x00, 0x80, 0xe0, 0x00, 0x80, 0xf0, 
	0x0f, 0x7f, 0xff, 0xff, 0xff, 0xff, 0xff, 0xff, 0xff, 0xff, 0xff, 0xff, 0xff, 0xff, 0xff, 0xff, 
	0xff, 0xe0, 0xc0, 0xc0, 0xc0, 0xc0, 0xe0, 0xe0, 0xf0, 0xf8, 0xfc, 0xff, 0xff, 0xfc, 0x7f, 0x0f, 
	0x00, 0x00, 0x01, 0x03, 0x07, 0x0f, 0x1f, 0x1f, 0x3f, 0x3f, 0x7f, 0x7f, 0x7f, 0x7f, 0x7f, 0xff, 
	0xff, 0x7f, 0x7f, 0x7f, 0x7f, 0x7f, 0x3f, 0x3f, 0x1f, 0x0f, 0x0f, 0x07, 0x03, 0x00, 0x00, 0x00
};
// 'php', 32x32px
const unsigned char fab_32x32_fa_php [] PROGMEM = {
	0x00, 0x00, 0x00, 0x00, 0x00, 0x00, 0x00, 0x00, 0x00, 0x00, 0x00, 0x00, 0x00, 0x00, 0x80, 0x80, 
	0x80, 0x80, 0x00, 0x00, 0x00, 0x00, 0x00, 0x00, 0x00, 0x00, 0x00, 0x00, 0x00, 0x00, 0x00, 0x00, 
	0xc0, 0x30, 0x18, 0x08, 0x04, 0x04, 0xe2, 0xf2, 0x31, 0x31, 0x31, 0xf1, 0xe1, 0xe0, 0xfc, 0x3c, 
	0x30, 0x30, 0xf0, 0xe1, 0xc1, 0xf1, 0x31, 0x31, 0x32, 0xf2, 0xe4, 0x04, 0x08, 0x18, 0x30, 0xc0, 
	0x03, 0x0c, 0x18, 0x10, 0x20, 0x3e, 0x5f, 0x47, 0x86, 0x86, 0x83, 0x83, 0x81, 0x07, 0x03, 0x00, 
	0x00, 0x03, 0x03, 0x98, 0x9f, 0x87, 0x86, 0x86, 0x42, 0x43, 0x21, 0x20, 0x10, 0x18, 0x0c, 0x03, 
	0x00, 0x00, 0x00, 0x00, 0x00, 0x00, 0x00, 0x00, 0x00, 0x00, 0x00, 0x00, 0x00, 0x00, 0x01, 0x01, 
	0x01, 0x01, 0x00, 0x00, 0x00, 0x00, 0x00, 0x00, 0x00, 0x00, 0x00, 0x00, 0x00, 0x00, 0x00, 0x00
};
// 'pied-piper', 32x32px
const unsigned char fab_32x32_fa_pied_piper [] PROGMEM = {
	0x00, 0x00, 0x00, 0x00, 0x00, 0x00, 0x00, 0x80, 0xc0, 0xc0, 0x60, 0x60, 0x70, 0x30, 0x30, 0x30, 
	0x30, 0x30, 0x30, 0x70, 0xe0, 0xe0, 0xe0, 0xe0, 0x70, 0x38, 0x18, 0x0c, 0x0c, 0x06, 0x00, 0x00, 
	0x00, 0x00, 0x00, 0xe0, 0xf8, 0x3e, 0x07, 0x03, 0x01, 0x00, 0x00, 0x00, 0x00, 0x00, 0x80, 0xe0, 
	0xf0, 0xf8, 0xfe, 0xff, 0xff, 0x7f, 0x07, 0x01, 0x02, 0x07, 0x3e, 0xf8, 0xe0, 0x00, 0x00, 0x00, 
	0x00, 0x00, 0x00, 0x1f, 0x7f, 0xf0, 0x80, 0x00, 0x00, 0x00, 0xc0, 0xf0, 0xfc, 0xff, 0x7f, 0x7f, 
	0x3f, 0x1f, 0x1f, 0x0f, 0x03, 0x00, 0x00, 0x00, 0x00, 0x80, 0xf0, 0x7f, 0x1f, 0x00, 0x00, 0x00, 
	0x00, 0x00, 0x00, 0x00, 0x00, 0x01, 0x03, 0x07, 0x0e, 0x0f, 0x1f, 0x1b, 0x39, 0x30, 0x30, 0x30, 
	0x30, 0x30, 0x30, 0x38, 0x18, 0x18, 0x0c, 0x0e, 0x07, 0x03, 0x01, 0x00, 0x00, 0x00, 0x00, 0x00
};
// 'pied-piper-alt', 32x32px
const unsigned char fab_32x32_fa_pied_piper_alt [] PROGMEM = {
	0x00, 0x00, 0x00, 0x00, 0x00, 0x00, 0x00, 0x00, 0x00, 0x00, 0x00, 0x00, 0x00, 0x00, 0x00, 0x00, 
	0x00, 0x00, 0x00, 0x00, 0x00, 0x00, 0x00, 0x00, 0x00, 0x00, 0x80, 0x80, 0x40, 0x10, 0x00, 0x00, 
	0x00, 0x00, 0x00, 0x00, 0x00, 0x00, 0x00, 0x00, 0x00, 0x00, 0x80, 0x00, 0x80, 0x80, 0xf8, 0xf8, 
	0xfc, 0xfe, 0xfe, 0xfe, 0x80, 0x00, 0x04, 0x02, 0x02, 0x01, 0x01, 0x00, 0x00, 0x00, 0x00, 0x00, 
	0x00, 0x0c, 0x04, 0x04, 0x06, 0x06, 0x02, 0x02, 0x03, 0x03, 0x07, 0x1f, 0x31, 0x77, 0x7c, 0x70, 
	0x39, 0xff, 0xff, 0xff, 0xfe, 0x72, 0x06, 0x7c, 0xf8, 0xf0, 0xe0, 0x80, 0x00, 0x00, 0x00, 0x00, 
	0x00, 0x00, 0x00, 0x00, 0x00, 0x00, 0x00, 0x00, 0x00, 0x00, 0x00, 0x00, 0x00, 0x00, 0x00, 0x00, 
	0x00, 0x3f, 0x3f, 0x3f, 0x3d, 0x38, 0x10, 0x00, 0x0f, 0x3f, 0x3f, 0x1f, 0x1f, 0x0e, 0x0c, 0x00
};
// 'pied-piper-hat', 32x32px
const unsigned char fab_32x32_fa_pied_piper_hat [] PROGMEM = {
	0x00, 0x00, 0x00, 0x00, 0x00, 0x00, 0x00, 0x00, 0x00, 0x00, 0x00, 0x00, 0x00, 0x00, 0x00, 0x00, 
	0x00, 0x00, 0x00, 0x00, 0x00, 0x00, 0x00, 0x00, 0x00, 0x00, 0x00, 0x80, 0x40, 0x00, 0x00, 0x00, 
	0x00, 0x00, 0x00, 0x00, 0x00, 0x00, 0x00, 0x00, 0x00, 0x00, 0x00, 0x00, 0x00, 0x00, 0x00, 0x80, 
	0x00, 0x00, 0x00, 0x00, 0x00, 0x00, 0xc0, 0xe0, 0x78, 0x7c, 0x0f, 0x01, 0x00, 0x00, 0x00, 0x00, 
	0x00, 0x00, 0x00, 0x00, 0x00, 0x00, 0x80, 0xe0, 0xf0, 0xf8, 0xfc, 0xbe, 0xff, 0xdf, 0xdf, 0xef, 
	0xef, 0xef, 0xef, 0xee, 0xe4, 0xe3, 0xe1, 0x60, 0x00, 0x00, 0x00, 0x00, 0x00, 0x00, 0x00, 0x00, 
	0x04, 0x04, 0x04, 0x0e, 0x0e, 0x0f, 0x0f, 0x0f, 0x07, 0x07, 0x07, 0x07, 0x07, 0x07, 0x07, 0x03, 
	0x03, 0x03, 0x07, 0x07, 0x07, 0x03, 0x01, 0x00, 0x00, 0x00, 0x00, 0x00, 0x00, 0x00, 0x00, 0x00
};
// 'pied-piper-pp', 32x32px
const unsigned char fab_32x32_fa_pied_piper_pp [] PROGMEM = {
	0x00, 0x00, 0xf8, 0xfc, 0xfc, 0xfc, 0xfc, 0xfc, 0xfc, 0x7c, 0x7c, 0x3c, 0x3c, 0x3c, 0x3c, 0x7c, 
	0x7c, 0xfc, 0xfc, 0xfc, 0xfc, 0xfc, 0xfc, 0xfc, 0xfc, 0xfc, 0xfc, 0xfc, 0xfc, 0xf8, 0x00, 0x00, 
	0x00, 0x00, 0xff, 0xff, 0xff, 0xff, 0xff, 0xff, 0xff, 0x00, 0x00, 0x00, 0x1e, 0x1e, 0x0c, 0x00, 
	0x00, 0x80, 0x9f, 0x1f, 0x1f, 0x3f, 0x7f, 0xff, 0xff, 0xff, 0xff, 0xff, 0xff, 0xff, 0x00, 0x00, 
	0x00, 0x00, 0xff, 0xff, 0xff, 0xff, 0xff, 0xff, 0xff, 0xf8, 0xf8, 0xf8, 0xff, 0xff, 0x00, 0x00, 
	0x00, 0xcf, 0xcf, 0xc7, 0xc0, 0xc0, 0xf0, 0xff, 0xff, 0xff, 0xff, 0xff, 0xff, 0xff, 0x00, 0x00, 
	0x00, 0x00, 0x1f, 0x3f, 0x3f, 0x3f, 0x3f, 0x3f, 0x3f, 0x3f, 0x3f, 0x3f, 0x3f, 0x3f, 0x3c, 0x3c, 
	0x3e, 0x3f, 0x3f, 0x3f, 0x3f, 0x3f, 0x3f, 0x3f, 0x3f, 0x3f, 0x3f, 0x3f, 0x3f, 0x1f, 0x00, 0x00
};
// 'pied-piper-square', 32x32px
const unsigned char fab_32x32_fa_pied_piper_square [] PROGMEM = {
	0x00, 0x00, 0x80, 0xe0, 0xf0, 0xf8, 0xf8, 0xfc, 0xfc, 0xfc, 0xfc, 0xfc, 0xfc, 0xfc, 0xfc, 0xfc, 
	0xfc, 0xfc, 0xfc, 0xfc, 0x7c, 0x3c, 0xbc, 0xdc, 0xec, 0xec, 0xfc, 0xfc, 0xfc, 0xfc, 0x00, 0x00, 
	0x00, 0x00, 0xff, 0xff, 0xff, 0xff, 0xff, 0xff, 0xff, 0xff, 0xff, 0xff, 0x3f, 0x1f, 0x0f, 0x07, 
	0x03, 0x81, 0xf0, 0xfc, 0xfe, 0xff, 0xff, 0xff, 0xff, 0xff, 0xff, 0xff, 0xff, 0xff, 0x00, 0x00, 
	0x00, 0x00, 0xff, 0xff, 0xff, 0xff, 0x3f, 0x1f, 0x0f, 0x03, 0x01, 0x00, 0x80, 0x80, 0xc0, 0xf0, 
	0xfc, 0xff, 0xff, 0xff, 0xff, 0xff, 0xff, 0xff, 0xff, 0xff, 0xff, 0xff, 0xff, 0xff, 0x00, 0x00, 
	0x00, 0x00, 0x3f, 0x37, 0x31, 0x38, 0x3c, 0x3c, 0x3e, 0x3e, 0x3f, 0x3f, 0x3f, 0x3f, 0x3f, 0x3f, 
	0x3f, 0x3f, 0x3f, 0x3f, 0x3f, 0x3f, 0x3f, 0x3f, 0x3f, 0x1f, 0x1f, 0x0f, 0x07, 0x03, 0x00, 0x00
};
// 'pinterest', 32x32px
const unsigned char fab_32x32_fa_pinterest [] PROGMEM = {
	0x00, 0x00, 0x00, 0x80, 0xc0, 0xe0, 0xf0, 0xf8, 0xf8, 0xfc, 0xfc, 0x7e, 0x7e, 0x7e, 0x3e, 0x3f, 
	0x3f, 0x3f, 0x3e, 0x7e, 0x7e, 0x7e, 0xfc, 0xfc, 0xf8, 0xf8, 0xf0, 0xe0, 0xc0, 0x80, 0x00, 0x00, 
	0x00, 0xf0, 0xfe, 0xff, 0xff, 0xff, 0xff, 0x0f, 0x03, 0x81, 0xf0, 0xf8, 0x7c, 0x1e, 0x0e, 0x0e, 
	0x1e, 0xfe, 0xfe, 0xfc, 0xfc, 0xf8, 0xe0, 0x01, 0x03, 0x07, 0xff, 0xff, 0xff, 0xff, 0xfe, 0xf0, 
	0x00, 0x0f, 0x7f, 0xff, 0xff, 0xff, 0xff, 0xf8, 0xe0, 0xe1, 0xf7, 0xff, 0x06, 0x00, 0x00, 0x00, 
	0x3e, 0x3f, 0x3f, 0x3f, 0x3f, 0x0f, 0x83, 0x80, 0xe0, 0xf0, 0xff, 0xff, 0xff, 0xff, 0x7f, 0x0f, 
	0x00, 0x00, 0x00, 0x01, 0x03, 0x07, 0x0f, 0x1f, 0x1f, 0x3f, 0x3f, 0x00, 0x40, 0x70, 0x7f, 0xff, 
	0xff, 0xfe, 0x7e, 0x7e, 0x7f, 0x7f, 0x3f, 0x3f, 0x1f, 0x1f, 0x0f, 0x07, 0x03, 0x01, 0x00, 0x00
};
// 'pinterest-p', 32x32px
const unsigned char fab_32x32_fa_pinterest_p [] PROGMEM = {
	0x00, 0x00, 0x00, 0x00, 0x00, 0xc0, 0xe0, 0xf0, 0xf8, 0x3c, 0x3c, 0x1e, 0x0e, 0x8e, 0x8f, 0x0f, 
	0x0f, 0x0f, 0x0f, 0x0e, 0x1e, 0x1e, 0x3c, 0xfc, 0xf8, 0xf0, 0xe0, 0x80, 0x00, 0x00, 0x00, 0x00, 
	0x00, 0x00, 0x00, 0x00, 0x7f, 0xff, 0xff, 0xff, 0x80, 0x00, 0x00, 0xfe, 0xff, 0xff, 0xff, 0x7f, 
	0x0e, 0x00, 0x00, 0x00, 0x00, 0x00, 0x00, 0xf1, 0xff, 0xff, 0xff, 0x7f, 0x00, 0x00, 0x00, 0x00, 
	0x00, 0x00, 0x00, 0x00, 0x00, 0x01, 0x03, 0x03, 0x03, 0x80, 0xf8, 0xff, 0xff, 0x7f, 0x1f, 0x3c, 
	0x78, 0x70, 0x70, 0x70, 0x78, 0x3c, 0x3f, 0x1f, 0x1f, 0x07, 0x03, 0x00, 0x00, 0x00, 0x00, 0x00, 
	0x00, 0x00, 0x00, 0x00, 0x00, 0x00, 0x00, 0x00, 0x00, 0x7f, 0x3f, 0x1f, 0x07, 0x00, 0x00, 0x00, 
	0x00, 0x00, 0x00, 0x00, 0x00, 0x00, 0x00, 0x00, 0x00, 0x00, 0x00, 0x00, 0x00, 0x00, 0x00, 0x00
};
// 'pinterest-square', 32x32px
const unsigned char fab_32x32_fa_pinterest_square [] PROGMEM = {
	0x00, 0x00, 0xf8, 0xfc, 0xfc, 0xfc, 0xfc, 0xfc, 0xfc, 0xfc, 0xfc, 0x7c, 0x7c, 0x3c, 0x3c, 0x3c, 
	0x3c, 0x3c, 0x3c, 0x7c, 0x7c, 0x7c, 0xfc, 0xfc, 0xfc, 0xfc, 0xfc, 0xfc, 0xfc, 0xf8, 0x00, 0x00, 
	0x00, 0x00, 0xff, 0xff, 0xff, 0xff, 0x1f, 0x07, 0x01, 0xe0, 0xf8, 0xfc, 0x1e, 0x0e, 0x0e, 0x0e, 
	0xfe, 0xfe, 0xfe, 0xfc, 0xfc, 0xf0, 0x00, 0x01, 0x03, 0x1f, 0xff, 0xff, 0xff, 0xff, 0x00, 0x00, 
	0x00, 0x00, 0xff, 0xff, 0xff, 0xff, 0xfe, 0xf8, 0xe0, 0xe3, 0xff, 0x1f, 0x00, 0x00, 0x80, 0x1c, 
	0x3f, 0x3f, 0x3f, 0x1f, 0x1f, 0x87, 0x80, 0xc0, 0xf0, 0xfe, 0xff, 0xff, 0xff, 0xff, 0x00, 0x00, 
	0x00, 0x00, 0x1f, 0x3f, 0x3f, 0x3f, 0x3f, 0x3f, 0x3f, 0x3f, 0x03, 0x00, 0x30, 0x3c, 0x3f, 0x3f, 
	0x3f, 0x3f, 0x3f, 0x3f, 0x3f, 0x3f, 0x3f, 0x3f, 0x3f, 0x3f, 0x3f, 0x3f, 0x3f, 0x1f, 0x00, 0x00
};
// 'playstation', 32x32px
const unsigned char fab_32x32_fa_playstation [] PROGMEM = {
	0x00, 0x00, 0x00, 0x00, 0x00, 0x00, 0x00, 0x00, 0x00, 0x00, 0x00, 0x00, 0xf0, 0xf0, 0xf0, 0xe0, 
	0xe0, 0xe0, 0xe0, 0xc0, 0xc0, 0x80, 0x80, 0x00, 0x00, 0x00, 0x00, 0x00, 0x00, 0x00, 0x00, 0x00, 
	0x00, 0x00, 0x00, 0x00, 0x00, 0x00, 0x00, 0x00, 0x00, 0x00, 0x00, 0x00, 0xff, 0xff, 0xff, 0xff, 
	0xff, 0x00, 0x00, 0xff, 0xff, 0xff, 0xff, 0xff, 0xfc, 0x00, 0x00, 0x00, 0x00, 0x00, 0x00, 0x00, 
	0xe0, 0xe0, 0xf0, 0xf0, 0xf0, 0xb8, 0xb8, 0xb8, 0x9c, 0x9c, 0x9c, 0x00, 0xff, 0xff, 0xff, 0xff, 
	0xff, 0x00, 0x70, 0x39, 0x3b, 0x3b, 0x9b, 0x99, 0xd8, 0xd8, 0xd8, 0xf8, 0xf8, 0xf0, 0x70, 0x60, 
	0x00, 0x00, 0x01, 0x01, 0x01, 0x01, 0x01, 0x01, 0x01, 0x01, 0x01, 0x00, 0x07, 0x07, 0x07, 0x0f, 
	0x0f, 0x00, 0x06, 0x07, 0x07, 0x07, 0x03, 0x03, 0x03, 0x01, 0x01, 0x00, 0x00, 0x00, 0x00, 0x00
};
// 'product-hunt', 32x32px
const unsigned char fab_32x32_fa_product_hunt [] PROGMEM = {
	0x00, 0x00, 0x00, 0x80, 0xc0, 0xe0, 0xf0, 0xf8, 0xfc, 0xfc, 0xfe, 0xfe, 0xfe, 0xfe, 0xff, 0xff, 
	0xff, 0xff, 0xfe, 0xfe, 0xfe, 0xfe, 0xfc, 0xfc, 0xf8, 0xf0, 0xe0, 0xc0, 0x80, 0x00, 0x00, 0x00, 
	0xc0, 0xfc, 0xff, 0xff, 0xff, 0xff, 0xff, 0xff, 0xff, 0xff, 0xff, 0x00, 0x00, 0x00, 0xf8, 0xf8, 
	0xf8, 0xf8, 0xf8, 0xf1, 0x01, 0x03, 0x07, 0xff, 0xff, 0xff, 0xff, 0xff, 0xff, 0xff, 0xfc, 0xc0, 
	0x03, 0x3f, 0xff, 0xff, 0xff, 0xff, 0xff, 0xff, 0xff, 0xff, 0xff, 0x00, 0x00, 0x80, 0xf8, 0xf8, 
	0xf8, 0xf8, 0xf8, 0xf8, 0xfc, 0xfc, 0xfe, 0xff, 0xff, 0xff, 0xff, 0xff, 0xff, 0xff, 0x3f, 0x03, 
	0x00, 0x00, 0x00, 0x01, 0x03, 0x07, 0x0f, 0x1f, 0x3f, 0x3f, 0x7f, 0x7f, 0x7f, 0x7f, 0xff, 0xff, 
	0xff, 0xff, 0x7f, 0x7f, 0x7f, 0x7f, 0x3f, 0x3f, 0x1f, 0x0f, 0x07, 0x03, 0x01, 0x00, 0x00, 0x00
};
// 'pushed', 32x32px
const unsigned char fab_32x32_fa_pushed [] PROGMEM = {
	0x00, 0x00, 0x00, 0xe0, 0xe0, 0x20, 0x30, 0x30, 0x70, 0x70, 0x70, 0x70, 0x78, 0x58, 0x58, 0x48, 
	0x48, 0x48, 0x4c, 0xcc, 0xcc, 0xec, 0xfc, 0xc0, 0x80, 0x80, 0x80, 0x80, 0x80, 0x80, 0x00, 0x00, 
	0x00, 0x00, 0x00, 0x01, 0x0f, 0x7f, 0xfc, 0x38, 0xe0, 0x80, 0x00, 0x00, 0x00, 0x00, 0x00, 0x00, 
	0x00, 0xc0, 0xf0, 0x1e, 0x07, 0x00, 0x80, 0xc0, 0x60, 0x30, 0x18, 0x0c, 0x07, 0x03, 0x00, 0x00, 
	0x00, 0x00, 0x00, 0x00, 0x00, 0x00, 0x07, 0x3e, 0xf0, 0x01, 0x07, 0x0c, 0x38, 0xe0, 0xe0, 0xf8, 
	0x7e, 0x33, 0x18, 0x0c, 0x06, 0x03, 0x01, 0x00, 0x00, 0x00, 0x00, 0x00, 0x00, 0x00, 0x00, 0x00, 
	0x00, 0x00, 0x00, 0x00, 0x00, 0x00, 0x00, 0x00, 0x01, 0x1f, 0x38, 0x30, 0x1c, 0x07, 0x01, 0x00, 
	0x00, 0x00, 0x00, 0x00, 0x00, 0x00, 0x00, 0x00, 0x00, 0x00, 0x00, 0x00, 0x00, 0x00, 0x00, 0x00
};
// 'python', 32x32px
const unsigned char fab_32x32_fa_python [] PROGMEM = {
	0x00, 0x00, 0x00, 0x00, 0x00, 0x00, 0x00, 0x00, 0x00, 0xf0, 0xf8, 0xcc, 0xcc, 0xfc, 0xfc, 0xfc, 
	0xfc, 0xfc, 0xfc, 0xfc, 0xf8, 0xf8, 0xc0, 0x00, 0x00, 0x00, 0x00, 0x00, 0x00, 0x00, 0x00, 0x00, 
	0x00, 0x00, 0xf0, 0xfc, 0xfc, 0xfe, 0xfe, 0xfe, 0xfe, 0xfe, 0xfe, 0xfe, 0xfe, 0xfe, 0xfe, 0xff, 
	0xff, 0xff, 0xff, 0xff, 0x7f, 0x7f, 0x81, 0xe0, 0xfe, 0xfe, 0xfe, 0xfe, 0xfc, 0xf0, 0x00, 0x00, 
	0x00, 0x00, 0x0f, 0x3f, 0x3f, 0x7f, 0x7f, 0x7f, 0x07, 0xf9, 0xfe, 0xfe, 0xff, 0xff, 0xff, 0xff, 
	0xff, 0xff, 0xff, 0xff, 0xff, 0xff, 0x7f, 0x7f, 0x7f, 0x7f, 0x7f, 0x3f, 0x3f, 0x0f, 0x00, 0x00, 
	0x00, 0x00, 0x00, 0x00, 0x00, 0x00, 0x00, 0x00, 0x00, 0x07, 0x0f, 0x1f, 0x1f, 0x3f, 0x3f, 0x3f, 
	0x3f, 0x3f, 0x3f, 0x31, 0x1b, 0x1f, 0x07, 0x00, 0x00, 0x00, 0x00, 0x00, 0x00, 0x00, 0x00, 0x00
};
// 'qq', 32x32px
const unsigned char fab_32x32_fa_qq [] PROGMEM = {
	0x00, 0x00, 0x00, 0x00, 0x00, 0x00, 0x00, 0xe0, 0xf0, 0xfc, 0xfc, 0xfe, 0xff, 0xff, 0xff, 0xff, 
	0xff, 0xff, 0xff, 0xff, 0xfe, 0xfc, 0xfc, 0xf0, 0xe0, 0x00, 0x00, 0x00, 0x00, 0x00, 0x00, 0x00, 
	0x00, 0x00, 0x00, 0x00, 0x00, 0x80, 0xff, 0xff, 0xff, 0xff, 0xff, 0xff, 0xff, 0xff, 0xff, 0xff, 
	0xff, 0xff, 0xff, 0xff, 0xff, 0xff, 0xff, 0xff, 0xff, 0xff, 0x80, 0x00, 0x00, 0x00, 0x00, 0x00, 
	0x00, 0x00, 0x00, 0xf0, 0xfe, 0xff, 0xff, 0xff, 0xff, 0xff, 0xff, 0xff, 0xff, 0xff, 0xff, 0xff, 
	0xff, 0xff, 0xff, 0xff, 0xff, 0xff, 0xff, 0xff, 0xff, 0xff, 0xff, 0xfe, 0xf0, 0x00, 0x00, 0x00, 
	0x00, 0x00, 0x03, 0x03, 0x01, 0x00, 0xc3, 0xcf, 0xff, 0xff, 0xff, 0xff, 0xff, 0xff, 0xff, 0xff, 
	0xff, 0xff, 0xff, 0xff, 0xff, 0xff, 0xff, 0xff, 0xcf, 0xc3, 0x00, 0x01, 0x03, 0x03, 0x00, 0x00
};
// 'quinscape', 32x32px
const unsigned char fab_32x32_fa_quinscape [] PROGMEM = {
	0x00, 0x00, 0x00, 0x80, 0xc0, 0xe0, 0xf0, 0xf8, 0xfc, 0xfc, 0xfc, 0xfe, 0xfe, 0xfe, 0xff, 0xff, 
	0xff, 0xff, 0xfe, 0xfe, 0xfe, 0xfe, 0xfc, 0xfc, 0xf8, 0xf0, 0xe0, 0xc0, 0x80, 0x00, 0x00, 0x00, 
	0x00, 0xf8, 0xfe, 0xff, 0xff, 0xff, 0xff, 0xff, 0xff, 0xff, 0xff, 0x3f, 0x1f, 0x0f, 0x07, 0x07, 
	0x03, 0x03, 0x03, 0x03, 0x03, 0x03, 0x03, 0x07, 0x07, 0x0f, 0x1f, 0x3f, 0xff, 0xff, 0xf8, 0x00, 
	0x00, 0x1f, 0x7f, 0xff, 0xff, 0xff, 0xff, 0xff, 0xff, 0xff, 0x00, 0x00, 0x00, 0x00, 0x00, 0x00, 
	0x00, 0x00, 0x00, 0xc0, 0xe0, 0xf0, 0xf8, 0xf8, 0xf8, 0xf8, 0xf8, 0xf0, 0xe0, 0xff, 0x1f, 0x00, 
	0x00, 0x00, 0x00, 0x01, 0x03, 0x07, 0x0f, 0x1f, 0x1f, 0x3f, 0x3f, 0x3e, 0x78, 0x70, 0x70, 0x60, 
	0x60, 0x60, 0x47, 0x7f, 0x3f, 0x7f, 0x7f, 0xff, 0xff, 0xff, 0x7f, 0x7f, 0x3f, 0x1f, 0x07, 0x00
};
// 'quora', 32x32px
const unsigned char fab_32x32_fa_quora [] PROGMEM = {
	0x00, 0x00, 0x00, 0x00, 0x80, 0xc0, 0xe0, 0xf0, 0xf0, 0x78, 0x38, 0x1c, 0x1c, 0x1c, 0x1c, 0x1c, 
	0x1c, 0x1c, 0x18, 0x38, 0xf8, 0xf0, 0xe0, 0xe0, 0x80, 0x00, 0x00, 0x00, 0x00, 0x00, 0x00, 0x00, 
	0x00, 0x00, 0xf0, 0xfe, 0xff, 0xff, 0xff, 0xff, 0x03, 0x00, 0x00, 0x00, 0x00, 0x00, 0x00, 0x00, 
	0x00, 0x00, 0x00, 0x00, 0x00, 0x0f, 0xff, 0xff, 0xff, 0xff, 0xfc, 0x00, 0x00, 0x00, 0x00, 0x00, 
	0x00, 0x00, 0x00, 0x07, 0x1f, 0x3f, 0x7f, 0xff, 0xfc, 0xe0, 0xc0, 0x8c, 0x0c, 0x0e, 0x1e, 0x3e, 
	0xfe, 0xfc, 0xfc, 0xf8, 0xf0, 0xff, 0xff, 0x7f, 0x3f, 0x1f, 0x07, 0x00, 0x00, 0x00, 0x00, 0x00, 
	0x00, 0x00, 0x00, 0x00, 0x00, 0x00, 0x00, 0x00, 0x01, 0x01, 0x03, 0x03, 0x03, 0x03, 0x07, 0x07, 
	0x03, 0x03, 0x07, 0x0f, 0x1f, 0x3f, 0x3f, 0x3e, 0x3c, 0x3c, 0x3c, 0x1e, 0x0f, 0x03, 0x00, 0x00
};
// 'raspberry-pi', 32x32px
const unsigned char fab_32x32_fa_raspberry_pi [] PROGMEM = {
	0x00, 0x00, 0x00, 0x00, 0x00, 0x1e, 0x72, 0xc2, 0x83, 0x01, 0x01, 0x01, 0x01, 0x23, 0xc2, 0xc4, 
	0xf8, 0xec, 0xc2, 0x23, 0x01, 0x01, 0x01, 0x01, 0x83, 0xc2, 0x72, 0x1e, 0x00, 0x00, 0x00, 0x00, 
	0x00, 0x00, 0x00, 0x00, 0x00, 0x80, 0xe0, 0xfc, 0xc7, 0xe3, 0x32, 0x3a, 0x1e, 0x1f, 0x33, 0x61, 
	0xe1, 0x61, 0x33, 0x13, 0x1e, 0x1a, 0x32, 0x63, 0xc7, 0xfc, 0xf0, 0x80, 0x00, 0x00, 0x00, 0x00, 
	0x00, 0x00, 0x00, 0x00, 0x1f, 0x71, 0xe0, 0x30, 0x3f, 0x38, 0x70, 0xf0, 0xf0, 0x30, 0x18, 0x0c, 
	0x0f, 0x0e, 0x08, 0x10, 0xf0, 0x70, 0x30, 0x38, 0x1f, 0x30, 0xe0, 0x71, 0x1f, 0x00, 0x00, 0x00, 
	0x00, 0x00, 0x00, 0x00, 0x00, 0x00, 0x03, 0x06, 0x08, 0x18, 0x10, 0x30, 0x3f, 0x4e, 0xcc, 0x8c, 
	0x8c, 0x8c, 0xcc, 0x4e, 0x3f, 0x30, 0x10, 0x18, 0x08, 0x06, 0x03, 0x00, 0x00, 0x00, 0x00, 0x00
};
// 'ravelry', 32x32px
const unsigned char fab_32x32_fa_ravelry [] PROGMEM = {
	0x00, 0x00, 0x00, 0x00, 0x80, 0xc0, 0xe0, 0xf0, 0xf8, 0xf8, 0xfc, 0xfc, 0xfc, 0xfe, 0xfe, 0xfe, 
	0xfe, 0xfe, 0xfe, 0xfe, 0xfc, 0xfc, 0xfc, 0xf8, 0xf8, 0xf0, 0xe0, 0xc0, 0x80, 0x00, 0x00, 0x00, 
	0x00, 0xf0, 0xfc, 0xff, 0xff, 0xff, 0xff, 0xff, 0xff, 0xff, 0xff, 0xff, 0xff, 0x07, 0x07, 0x07, 
	0x07, 0x8f, 0xc7, 0xc7, 0xc3, 0xff, 0xff, 0xff, 0xff, 0xff, 0xff, 0xff, 0xff, 0xff, 0xf8, 0x00, 
	0x00, 0x1f, 0x7f, 0xff, 0xff, 0xff, 0xff, 0xff, 0xff, 0xff, 0xff, 0xff, 0xff, 0xc0, 0xc0, 0xc0, 
	0xc0, 0xff, 0xff, 0xff, 0xff, 0xff, 0xff, 0xff, 0xff, 0xff, 0xff, 0xff, 0xff, 0x7f, 0x1f, 0x00, 
	0x00, 0x00, 0x00, 0x01, 0x03, 0x07, 0x0f, 0x0f, 0x1f, 0x3f, 0x3f, 0x3f, 0x7f, 0x7f, 0x7f, 0x7f, 
	0x7f, 0x7f, 0x7f, 0x7f, 0x3f, 0x3f, 0x3f, 0x1f, 0x0f, 0x0f, 0x07, 0x03, 0x00, 0x00, 0x00, 0x00
};
// 'react', 32x32px
const unsigned char fab_32x32_fa_react [] PROGMEM = {
	0x00, 0x00, 0x00, 0x00, 0x00, 0x00, 0xe0, 0xf8, 0x0c, 0x04, 0x0c, 0x0c, 0x08, 0x18, 0xb0, 0xe0, 
	0xe0, 0xb0, 0x18, 0x08, 0x0c, 0x0c, 0x04, 0x0c, 0xf8, 0xe0, 0x00, 0x00, 0x00, 0x00, 0x00, 0x00, 
	0xc0, 0xe0, 0x20, 0x30, 0x10, 0x18, 0x09, 0x1f, 0x7c, 0xcc, 0xe4, 0x3c, 0x0e, 0x87, 0xc7, 0xe4, 
	0xe4, 0xc7, 0x87, 0x0e, 0x3c, 0xe4, 0xcc, 0xfc, 0x1f, 0x09, 0x18, 0x10, 0x30, 0x20, 0xe0, 0xc0, 
	0x03, 0x07, 0x04, 0x0c, 0x18, 0x18, 0x90, 0xf8, 0x3e, 0x23, 0x27, 0x3c, 0x70, 0xe1, 0xe3, 0x27, 
	0x27, 0xe3, 0xe1, 0x70, 0x3c, 0x27, 0x33, 0x3f, 0xf8, 0x90, 0x18, 0x08, 0x0c, 0x04, 0x07, 0x03, 
	0x00, 0x00, 0x00, 0x00, 0x00, 0x00, 0x07, 0x1f, 0x30, 0x20, 0x30, 0x30, 0x10, 0x18, 0x0d, 0x07, 
	0x07, 0x0d, 0x18, 0x10, 0x30, 0x30, 0x20, 0x30, 0x1f, 0x07, 0x00, 0x00, 0x00, 0x00, 0x00, 0x00
};
// 'reacteurope', 32x32px
const unsigned char fab_32x32_fa_reacteurope [] PROGMEM = {
	0x00, 0x00, 0x00, 0x00, 0x00, 0x00, 0xf0, 0x08, 0x04, 0x04, 0x04, 0x04, 0x08, 0x10, 0x90, 0x60, 
	0x60, 0x90, 0x18, 0x08, 0x04, 0x04, 0x04, 0x04, 0x18, 0xe0, 0x00, 0x00, 0x00, 0x00, 0x00, 0x00, 
	0x80, 0x40, 0x20, 0x10, 0xd0, 0xc8, 0x8b, 0x5c, 0x00, 0xc4, 0x24, 0x5c, 0x44, 0x47, 0x00, 0x00, 
	0x00, 0x01, 0x07, 0x04, 0x1c, 0x24, 0x04, 0x04, 0x1c, 0x09, 0x08, 0x00, 0x10, 0x00, 0x20, 0xc0, 
	0x03, 0x04, 0x00, 0x08, 0x01, 0x11, 0x93, 0x7a, 0x20, 0x21, 0x23, 0x3b, 0x20, 0xe0, 0x80, 0x00, 
	0x00, 0x00, 0xe0, 0x60, 0x38, 0x24, 0x20, 0x00, 0x38, 0xd0, 0x10, 0x08, 0x08, 0x04, 0x02, 0x01, 
	0x00, 0x00, 0x00, 0x00, 0x00, 0x00, 0x07, 0x18, 0x20, 0x20, 0x20, 0x20, 0x10, 0x10, 0x09, 0x06, 
	0x06, 0x09, 0x08, 0x10, 0x20, 0x20, 0x20, 0x20, 0x10, 0x0f, 0x00, 0x00, 0x00, 0x00, 0x00, 0x00
};
// 'readme', 32x32px
const unsigned char fab_32x32_fa_readme [] PROGMEM = {
	0xc0, 0xe0, 0xe0, 0xe0, 0xe0, 0xe0, 0xe0, 0xe0, 0xe0, 0xe0, 0xe0, 0xe0, 0xe0, 0xe0, 0xc0, 0x00, 
	0x00, 0xc0, 0xe0, 0xe0, 0xe0, 0xe0, 0xe0, 0xe0, 0xe0, 0xe0, 0xe0, 0xe0, 0xe0, 0xe0, 0xe0, 0xc0, 
	0xff, 0xff, 0xff, 0xff, 0x37, 0x27, 0x27, 0x27, 0x27, 0x27, 0x27, 0x27, 0x27, 0xff, 0xff, 0xff, 
	0xff, 0xff, 0xff, 0x27, 0x27, 0x27, 0x27, 0x27, 0x27, 0x27, 0x27, 0x37, 0xff, 0xff, 0xff, 0xff, 
	0x3f, 0x7f, 0x7f, 0x7f, 0x7b, 0x7b, 0x7b, 0x7b, 0x7b, 0x7b, 0x7b, 0xfb, 0xfb, 0xff, 0xff, 0xff, 
	0xff, 0xff, 0xff, 0xfb, 0xfb, 0x7b, 0x7b, 0x7b, 0x7b, 0x7b, 0x7b, 0x7b, 0x7f, 0x7f, 0x7f, 0x3f, 
	0x00, 0x00, 0x00, 0x00, 0x00, 0x00, 0x00, 0x00, 0x00, 0x00, 0x00, 0x00, 0x00, 0x00, 0x01, 0x07, 
	0x07, 0x01, 0x00, 0x00, 0x00, 0x00, 0x00, 0x00, 0x00, 0x00, 0x00, 0x00, 0x00, 0x00, 0x00, 0x00
};
// 'rebel', 32x32px
const unsigned char fab_32x32_fa_rebel [] PROGMEM = {
	0x00, 0x00, 0x00, 0x80, 0xc0, 0xe0, 0x30, 0x00, 0x00, 0x00, 0x40, 0xe0, 0xe0, 0xc8, 0xfc, 0xfe, 
	0xfe, 0xfc, 0xc8, 0xe0, 0xc0, 0x00, 0x00, 0x00, 0x00, 0x30, 0xe0, 0xc0, 0x80, 0x00, 0x00, 0x00, 
	0x00, 0xf0, 0xfe, 0xff, 0xff, 0x80, 0x00, 0x00, 0x00, 0x00, 0x00, 0x00, 0x01, 0x07, 0xff, 0xff, 
	0xff, 0xff, 0x07, 0x01, 0x00, 0x00, 0x00, 0x00, 0x00, 0x00, 0x80, 0xff, 0xff, 0xfe, 0xf8, 0x00, 
	0x00, 0x1f, 0x7f, 0xff, 0xff, 0xff, 0xff, 0xfe, 0xfc, 0xf8, 0xf8, 0xfc, 0xfc, 0xff, 0xff, 0xff, 
	0xff, 0xff, 0xff, 0xfc, 0xf8, 0xf8, 0xfc, 0xfc, 0xfe, 0xff, 0xff, 0xff, 0xff, 0xff, 0x1f, 0x00, 
	0x00, 0x00, 0x00, 0x01, 0x03, 0x07, 0x0f, 0x1f, 0x3f, 0x3f, 0x3f, 0x7f, 0x7f, 0x7f, 0xff, 0xff, 
	0xff, 0xff, 0x7f, 0x7f, 0x7f, 0x7f, 0x3f, 0x3f, 0x1f, 0x0f, 0x0f, 0x07, 0x01, 0x00, 0x00, 0x00
};
// 'reddit', 32x32px
const unsigned char fab_32x32_fa_reddit [] PROGMEM = {
	0x00, 0x00, 0x00, 0x80, 0xc0, 0xe0, 0xf0, 0xf8, 0xfc, 0xfc, 0xfe, 0xfe, 0xfe, 0xfe, 0xff, 0xff, 
	0xff, 0x7f, 0x7e, 0x7e, 0xfe, 0x7e, 0x7c, 0x7c, 0xf8, 0xf0, 0xe0, 0xc0, 0x80, 0x00, 0x00, 0x00, 
	0xc0, 0xfc, 0xff, 0xff, 0xff, 0xff, 0xff, 0x3f, 0x3f, 0x3f, 0x3f, 0x1f, 0x1f, 0x1f, 0x1f, 0x0f, 
	0x09, 0x1f, 0x1f, 0x1f, 0x1f, 0x3e, 0x3c, 0x3e, 0x3f, 0xff, 0xff, 0xff, 0xff, 0xff, 0xfc, 0xc0, 
	0x03, 0x3f, 0xff, 0xff, 0xff, 0xff, 0xff, 0xfe, 0xe0, 0xc0, 0x80, 0x87, 0x07, 0x27, 0x20, 0x20, 
	0x20, 0x20, 0x27, 0x07, 0x87, 0x80, 0xc0, 0xe0, 0xfe, 0xff, 0xff, 0xff, 0xff, 0xff, 0x3f, 0x03, 
	0x00, 0x00, 0x00, 0x01, 0x03, 0x07, 0x0f, 0x1f, 0x3f, 0x3f, 0x7f, 0x7f, 0x7f, 0x7f, 0xff, 0xff, 
	0xff, 0xff, 0x7f, 0x7f, 0x7f, 0x7f, 0x3f, 0x3f, 0x1f, 0x0f, 0x07, 0x03, 0x01, 0x00, 0x00, 0x00
};
// 'reddit-alien', 32x32px
const unsigned char fab_32x32_fa_reddit_alien [] PROGMEM = {
	0x00, 0x00, 0x00, 0x00, 0x00, 0x00, 0x00, 0x00, 0x00, 0x00, 0x00, 0x00, 0x00, 0x00, 0x00, 0x00, 
	0xc0, 0x7c, 0x0c, 0x0c, 0x08, 0x08, 0x08, 0x18, 0x38, 0x7c, 0x7c, 0x7c, 0x38, 0x00, 0x00, 0x00, 
	0x00, 0x80, 0xe0, 0xe0, 0xe0, 0xe0, 0xe0, 0xe0, 0xe0, 0xf0, 0xf0, 0xf0, 0xf8, 0xf8, 0xf8, 0xfc, 
	0xff, 0xf8, 0xf8, 0xf8, 0xf0, 0xf0, 0xf0, 0xe0, 0xe0, 0xe0, 0xe0, 0xe0, 0xe0, 0xe0, 0x80, 0x00, 
	0x00, 0x01, 0x07, 0x7f, 0xff, 0xff, 0xff, 0xff, 0xe3, 0xe1, 0xc1, 0xe1, 0xe3, 0xff, 0xff, 0xff, 
	0xff, 0xff, 0xff, 0xe3, 0xe1, 0xc1, 0xe1, 0xf3, 0xff, 0xff, 0xff, 0xff, 0xff, 0x07, 0x01, 0x00, 
	0x00, 0x00, 0x00, 0x00, 0x01, 0x03, 0x07, 0x0f, 0x0f, 0x1f, 0x1f, 0x1c, 0x3d, 0x39, 0x3b, 0x3b, 
	0x3b, 0x3b, 0x39, 0x3d, 0x1c, 0x1f, 0x1f, 0x0f, 0x0f, 0x07, 0x03, 0x01, 0x00, 0x00, 0x00, 0x00
};
// 'reddit-square', 32x32px
const unsigned char fab_32x32_fa_reddit_square [] PROGMEM = {
	0x00, 0x00, 0xf8, 0xfc, 0xfc, 0xfc, 0xfc, 0xfc, 0xfc, 0xfc, 0xfc, 0xfc, 0xfc, 0xfc, 0xfc, 0xfc, 
	0xfc, 0x7c, 0xfc, 0x7c, 0x7c, 0x7c, 0x7c, 0x7c, 0xfc, 0xfc, 0xfc, 0xfc, 0xfc, 0xf8, 0x00, 0x00, 
	0x00, 0x00, 0xff, 0xff, 0xff, 0xff, 0x7f, 0x3f, 0x3f, 0x3f, 0x3f, 0x3f, 0x1f, 0x1f, 0x1f, 0x0f, 
	0x01, 0x1f, 0x1f, 0x1f, 0x3f, 0x3e, 0x3c, 0x3c, 0x3f, 0x7f, 0xff, 0xff, 0xff, 0xff, 0x00, 0x00, 
	0x00, 0x00, 0xff, 0xff, 0xff, 0xff, 0xfe, 0xe0, 0xc0, 0x80, 0x00, 0x0e, 0x0e, 0x46, 0x40, 0x40, 
	0x40, 0x40, 0x46, 0x0e, 0x0e, 0x00, 0x80, 0xc0, 0xe0, 0xfe, 0xff, 0xff, 0xff, 0xff, 0x00, 0x00, 
	0x00, 0x00, 0x1f, 0x3f, 0x3f, 0x3f, 0x3f, 0x3f, 0x3f, 0x3f, 0x3f, 0x3f, 0x3e, 0x3e, 0x3e, 0x3e, 
	0x3e, 0x3e, 0x3e, 0x3e, 0x3e, 0x3f, 0x3f, 0x3f, 0x3f, 0x3f, 0x3f, 0x3f, 0x3f, 0x1f, 0x00, 0x00
};
// 'redhat', 32x32px
const unsigned char fab_32x32_fa_redhat [] PROGMEM = {
	0x00, 0x00, 0x00, 0x00, 0x00, 0x00, 0x00, 0x00, 0x80, 0xe0, 0xf0, 0xf0, 0xe0, 0xe0, 0xe0, 0xf0, 
	0xf0, 0xf0, 0xf0, 0xe0, 0xe0, 0xc0, 0xc0, 0x80, 0x80, 0x00, 0x00, 0x00, 0x00, 0x00, 0x00, 0x00, 
	0xc0, 0xc0, 0xe0, 0xe0, 0xe0, 0xf0, 0x80, 0x0c, 0x1f, 0x3f, 0x7f, 0x7f, 0xff, 0xff, 0xff, 0xff, 
	0xff, 0xff, 0xff, 0xff, 0xff, 0xff, 0xff, 0xff, 0xff, 0xfc, 0x00, 0x00, 0x00, 0x00, 0x00, 0x00, 
	0x03, 0x0f, 0x1f, 0x3f, 0x3f, 0x7f, 0xff, 0xff, 0xfe, 0xfc, 0xfc, 0xf8, 0xf8, 0xf0, 0xf1, 0xe1, 
	0xe1, 0xe1, 0xe3, 0xe3, 0xe3, 0xe3, 0xe3, 0xe3, 0xe1, 0xf1, 0xf8, 0xff, 0xfe, 0xfe, 0xfc, 0xf0, 
	0x00, 0x00, 0x00, 0x00, 0x00, 0x00, 0x00, 0x00, 0x01, 0x01, 0x03, 0x03, 0x03, 0x07, 0x07, 0x07, 
	0x07, 0x0f, 0x0f, 0x0f, 0x0f, 0x0f, 0x0f, 0x0f, 0x0f, 0x0f, 0x0f, 0x07, 0x07, 0x07, 0x03, 0x00
};
// 'red-river', 32x32px
const unsigned char fab_32x32_fa_red_river [] PROGMEM = {
	0x00, 0x00, 0xe0, 0xf0, 0xf8, 0xfc, 0xfc, 0xfc, 0xfc, 0xfc, 0xfc, 0xfc, 0xfc, 0xfc, 0xfc, 0xfc, 
	0xfc, 0xfc, 0xfc, 0xfc, 0xfc, 0xfc, 0xfc, 0xfc, 0xfc, 0xfc, 0xfc, 0xf8, 0xf0, 0xe0, 0x00, 0x00, 
	0x00, 0x00, 0xff, 0xff, 0xff, 0xff, 0xff, 0xff, 0x01, 0x00, 0x00, 0xf0, 0xf8, 0xf8, 0x78, 0x38, 
	0x38, 0x38, 0x3c, 0x3f, 0x3f, 0x3f, 0x3f, 0x3f, 0x3f, 0xff, 0xff, 0xff, 0xff, 0xff, 0x00, 0x00, 
	0x00, 0x00, 0xff, 0xff, 0xff, 0xff, 0xff, 0xff, 0xf8, 0xf8, 0xfc, 0xff, 0xff, 0xff, 0x00, 0x00, 
	0x00, 0xfc, 0xfe, 0xfe, 0xfe, 0xfe, 0xfe, 0xfe, 0xff, 0xff, 0xff, 0xff, 0xff, 0xff, 0x00, 0x00, 
	0x00, 0x00, 0x07, 0x0f, 0x1f, 0x3f, 0x3f, 0x3f, 0x3f, 0x3f, 0x3f, 0x3f, 0x3f, 0x3f, 0x3e, 0x3e, 
	0x3f, 0x3f, 0x3f, 0x3f, 0x3f, 0x3f, 0x3f, 0x3f, 0x3f, 0x3f, 0x3f, 0x1f, 0x0f, 0x07, 0x00, 0x00
};
// 'renren', 32x32px
const unsigned char fab_32x32_fa_renren [] PROGMEM = {
	0x00, 0x00, 0x00, 0x80, 0xc0, 0xe0, 0xf0, 0xf8, 0xfc, 0xfc, 0xfc, 0xfe, 0xfe, 0x00, 0x00, 0x00, 
	0x00, 0x00, 0x00, 0xfe, 0xfe, 0xfc, 0xfc, 0xfc, 0xf8, 0xf0, 0xe0, 0xc0, 0x80, 0x00, 0x00, 0x00, 
	0xc0, 0xfc, 0xff, 0xff, 0xff, 0xff, 0xff, 0xff, 0xff, 0xff, 0xff, 0xff, 0xff, 0x00, 0x00, 0x00, 
	0x00, 0x00, 0x00, 0xff, 0xff, 0xff, 0xff, 0xff, 0xff, 0xff, 0xff, 0xff, 0xff, 0xff, 0xfc, 0xc0, 
	0x03, 0x3f, 0xff, 0xff, 0xff, 0xff, 0xff, 0xff, 0x7f, 0x3f, 0x0f, 0x07, 0x00, 0x00, 0x80, 0xe0, 
	0xc0, 0x00, 0x00, 0x00, 0x07, 0x0f, 0x3f, 0x7f, 0xff, 0xff, 0xff, 0xff, 0xff, 0xff, 0x3f, 0x03, 
	0x00, 0x00, 0x00, 0x01, 0x03, 0x01, 0x01, 0x00, 0x00, 0x20, 0x70, 0x78, 0x7c, 0x7e, 0xff, 0xff, 
	0xff, 0xff, 0x7e, 0x7c, 0x78, 0x70, 0x20, 0x00, 0x00, 0x01, 0x01, 0x03, 0x01, 0x00, 0x00, 0x00
};
// 'replyd', 32x32px
const unsigned char fab_32x32_fa_replyd [] PROGMEM = {
	0x00, 0x00, 0x80, 0xe0, 0xf0, 0xf8, 0xf8, 0xfc, 0xfc, 0xfc, 0xfc, 0xfc, 0xfc, 0xfc, 0xfc, 0xfc, 
	0xfc, 0xfc, 0xfc, 0xfc, 0xfc, 0xfc, 0xfc, 0xfc, 0xfc, 0xf8, 0xf8, 0xf0, 0xe0, 0x80, 0x00, 0x00, 
	0x00, 0x00, 0xff, 0xff, 0xff, 0xff, 0xff, 0xff, 0xff, 0xff, 0xff, 0xff, 0xff, 0xff, 0xff, 0xff, 
	0xff, 0xff, 0xff, 0xff, 0xff, 0xff, 0xff, 0xff, 0xff, 0xff, 0xff, 0xff, 0xff, 0xff, 0x00, 0x00, 
	0x00, 0x00, 0xff, 0xff, 0xff, 0xff, 0xff, 0xff, 0xff, 0x01, 0x01, 0xf3, 0xf9, 0xf9, 0xff, 0x03, 
	0x01, 0xd9, 0xd9, 0xd9, 0xc1, 0xc3, 0xff, 0xff, 0xff, 0x71, 0x79, 0xff, 0xff, 0xff, 0x00, 0x00, 
	0x00, 0x00, 0x01, 0x07, 0x0f, 0x1f, 0x1f, 0x3f, 0x3f, 0x3c, 0x3c, 0x3f, 0x3f, 0x3f, 0x3f, 0x3f, 
	0x3e, 0x3c, 0x3c, 0x3c, 0x3c, 0x3e, 0x3f, 0x3f, 0x3f, 0x1c, 0x1c, 0x0f, 0x07, 0x01, 0x00, 0x00
};
// 'researchgate', 32x32px
const unsigned char fab_32x32_fa_researchgate [] PROGMEM = {
	0x00, 0x00, 0xfc, 0xfc, 0xfc, 0xfc, 0xfc, 0xfc, 0xfc, 0xfc, 0xfc, 0xfc, 0xfc, 0xfc, 0xfc, 0xfc, 
	0xfc, 0xfc, 0xfc, 0xfc, 0xfc, 0xfc, 0xfc, 0xfc, 0xfc, 0xfc, 0xfc, 0xfc, 0xfc, 0xfc, 0x00, 0x00, 
	0x00, 0x00, 0xff, 0xff, 0xff, 0xff, 0xff, 0xff, 0xff, 0xef, 0x0f, 0xef, 0xef, 0xef, 0xcf, 0x1f, 
	0xff, 0xff, 0xc1, 0xff, 0xdf, 0xcf, 0xff, 0xff, 0xff, 0xff, 0xff, 0xff, 0xff, 0xff, 0x00, 0x00, 
	0x00, 0x00, 0xff, 0xff, 0xff, 0xff, 0xff, 0xff, 0xff, 0xbf, 0x80, 0xbd, 0xfd, 0xf9, 0xe4, 0xce, 
	0x9f, 0xbf, 0xff, 0xff, 0xff, 0xff, 0xff, 0xff, 0xff, 0xff, 0xff, 0xff, 0xff, 0xff, 0x00, 0x00, 
	0x00, 0x00, 0x3f, 0x3f, 0x3f, 0x3f, 0x3f, 0x3f, 0x3f, 0x3f, 0x3f, 0x3f, 0x3f, 0x3f, 0x3f, 0x3f, 
	0x3f, 0x3f, 0x3f, 0x3f, 0x3f, 0x3f, 0x3f, 0x3f, 0x3f, 0x3f, 0x3f, 0x3f, 0x3f, 0x3f, 0x00, 0x00
};
// 'resolving', 32x32px
const unsigned char fab_32x32_fa_resolving [] PROGMEM = {
	0x00, 0x00, 0x00, 0x80, 0xc0, 0xe0, 0xf0, 0xf8, 0xf8, 0xfc, 0xfc, 0xfe, 0xfe, 0xfe, 0xfe, 0xff, 
	0xff, 0xff, 0xfe, 0xfe, 0xfe, 0xfe, 0xfc, 0xfc, 0xf8, 0xf8, 0xf0, 0xe0, 0xc0, 0x80, 0x00, 0x00, 
	0x00, 0x00, 0x0e, 0x0f, 0x0f, 0xc7, 0xc7, 0xc7, 0xc3, 0xe3, 0xe3, 0xe1, 0xf1, 0xf1, 0xf1, 0xf0, 
	0xf8, 0xf8, 0xf8, 0xf8, 0xf0, 0x00, 0x01, 0x03, 0x1f, 0xff, 0xff, 0xff, 0xff, 0xff, 0xfe, 0xf0, 
	0x00, 0x0c, 0x00, 0x00, 0x00, 0x07, 0x1f, 0x1f, 0x0f, 0x0f, 0x0f, 0x07, 0x07, 0x07, 0x07, 0x23, 
	0x23, 0x23, 0x61, 0x71, 0x71, 0x70, 0x78, 0x7c, 0x7e, 0x7f, 0xff, 0xff, 0xff, 0xff, 0x7f, 0x0f, 
	0x00, 0x00, 0x00, 0x00, 0x00, 0x00, 0x00, 0x02, 0x1f, 0x3e, 0x3e, 0x7e, 0x7e, 0x7e, 0x7e, 0xfe, 
	0xfe, 0xfc, 0x7c, 0x7c, 0x7c, 0x7c, 0x3c, 0x3c, 0x18, 0x1c, 0x0c, 0x04, 0x03, 0x00, 0x00, 0x00
};
// 'rev', 32x32px
const unsigned char fab_32x32_fa_rev [] PROGMEM = {
	0x00, 0x00, 0x00, 0x00, 0x00, 0x00, 0x00, 0x00, 0x80, 0xc0, 0xc0, 0xe0, 0xe0, 0xe0, 0xf0, 0xfc, 
	0xf8, 0xf8, 0xf0, 0x70, 0x60, 0x00, 0x00, 0x00, 0x00, 0x00, 0x00, 0x00, 0x00, 0x00, 0x00, 0x00, 
	0x00, 0x00, 0x00, 0xc0, 0xf8, 0xfc, 0x7e, 0x0f, 0x07, 0x03, 0x01, 0x01, 0x80, 0xc0, 0xe0, 0xe1, 
	0xe1, 0xe1, 0xc0, 0x80, 0x00, 0x00, 0x03, 0x07, 0x0f, 0x7e, 0xfc, 0xf8, 0xc0, 0x00, 0x00, 0x00, 
	0x00, 0x00, 0x00, 0x0f, 0x7f, 0xff, 0xf8, 0xc0, 0x80, 0x00, 0x00, 0x00, 0x07, 0x0f, 0x1f, 0x1f, 
	0x1f, 0x1f, 0x0f, 0x07, 0x00, 0x00, 0x00, 0x80, 0xc0, 0xf8, 0xff, 0xff, 0xff, 0x00, 0x00, 0x00, 
	0x00, 0x00, 0x00, 0x00, 0x00, 0x01, 0x03, 0x07, 0x0f, 0x0f, 0x1e, 0x1c, 0x3c, 0x38, 0x38, 0x38, 
	0x38, 0x38, 0x38, 0x3c, 0x3c, 0x3e, 0x3f, 0x3f, 0x3f, 0x3f, 0x3f, 0x3f, 0x3f, 0x00, 0x00, 0x00
};
// 'rocketchat', 32x32px
const unsigned char fab_32x32_fa_rocketchat [] PROGMEM = {
	0x08, 0x1c, 0x7c, 0xfc, 0xfc, 0xfc, 0xfc, 0xfc, 0xf8, 0xf8, 0xf0, 0xe0, 0xe0, 0xe0, 0xe0, 0xe0, 
	0xe0, 0xe0, 0xe0, 0xe0, 0xe0, 0xe0, 0xc0, 0xc0, 0xc0, 0x80, 0x00, 0x00, 0x00, 0x00, 0x00, 0x00, 
	0xe0, 0xf8, 0xfc, 0x3f, 0x0f, 0x07, 0x07, 0x03, 0x81, 0xc1, 0x81, 0x00, 0x00, 0x00, 0x80, 0xc0, 
	0xc0, 0x80, 0x00, 0x00, 0x81, 0xc1, 0xc1, 0x83, 0x03, 0x07, 0x0f, 0x1f, 0x7e, 0xfc, 0xf8, 0xe0, 
	0x07, 0x1f, 0x3f, 0xf8, 0xf0, 0xe0, 0x00, 0x00, 0x03, 0x03, 0x03, 0x01, 0x00, 0x00, 0x03, 0x03, 
	0x03, 0x01, 0x00, 0x00, 0x01, 0x03, 0x83, 0x81, 0xc0, 0xc0, 0xe0, 0xf0, 0x7c, 0x3f, 0x1f, 0x07, 
	0x10, 0x38, 0x3e, 0x3f, 0x3f, 0x3b, 0x38, 0x3c, 0x1c, 0x1e, 0x0f, 0x07, 0x07, 0x07, 0x07, 0x07, 
	0x07, 0x07, 0x07, 0x07, 0x07, 0x07, 0x03, 0x03, 0x03, 0x01, 0x00, 0x00, 0x00, 0x00, 0x00, 0x00
};
// 'rockrms', 32x32px
const unsigned char fab_32x32_fa_rockrms [] PROGMEM = {
	0x00, 0x00, 0x00, 0x80, 0xc0, 0xe0, 0xf0, 0xf8, 0xf8, 0xfc, 0x7c, 0x3e, 0x1e, 0x0e, 0x06, 0x0f, 
	0x0f, 0x1f, 0x7e, 0xfe, 0xfe, 0xfe, 0xfc, 0xfc, 0xf8, 0xf8, 0xf0, 0xe0, 0xc0, 0x80, 0x00, 0x00, 
	0x00, 0xf0, 0xfe, 0xff, 0xff, 0x9f, 0x8f, 0x87, 0x83, 0x80, 0xc0, 0xe0, 0xf8, 0xfc, 0x7e, 0x7c, 
	0x78, 0x70, 0x60, 0x40, 0x01, 0x03, 0x07, 0x0f, 0x3f, 0x7f, 0xff, 0xff, 0xff, 0xff, 0xfe, 0xf0, 
	0x00, 0x0f, 0x7f, 0xff, 0xff, 0xff, 0xff, 0xff, 0xff, 0xff, 0xff, 0xff, 0xff, 0xfc, 0xf8, 0xe0, 
	0xc0, 0x80, 0x00, 0x00, 0x00, 0x18, 0x38, 0x78, 0xf8, 0xf8, 0xfc, 0xff, 0xff, 0xff, 0x7f, 0x0f, 
	0x00, 0x00, 0x00, 0x01, 0x03, 0x07, 0x0f, 0x1f, 0x1f, 0x3f, 0x3f, 0x7f, 0x7f, 0x7f, 0x7f, 0xff, 
	0xff, 0xff, 0x7f, 0x7e, 0x7c, 0x78, 0x38, 0x38, 0x19, 0x1b, 0x0f, 0x07, 0x03, 0x01, 0x00, 0x00
};
// 'r-project', 32x32px
const unsigned char fab_32x32_fa_r_project [] PROGMEM = {
	0x00, 0x00, 0x00, 0x00, 0x80, 0xc0, 0xc0, 0xe0, 0xe0, 0xe0, 0xf0, 0xf0, 0xf0, 0xf0, 0xf0, 0xf0, 
	0xf0, 0xf0, 0xf0, 0xf0, 0xf0, 0xf0, 0xe0, 0xe0, 0xe0, 0xc0, 0xc0, 0x80, 0x00, 0x00, 0x00, 0x00, 
	0xf8, 0xfc, 0xfe, 0xff, 0xff, 0xff, 0x3f, 0x0f, 0x07, 0x03, 0x03, 0x01, 0x01, 0xfd, 0xfc, 0xfc, 
	0xfc, 0xfc, 0xfc, 0x3c, 0x3c, 0x3c, 0x3c, 0xfc, 0xfd, 0xf9, 0xfb, 0xf3, 0xe7, 0x0e, 0xfc, 0xf8, 
	0x01, 0x07, 0x0f, 0x1f, 0x3f, 0x3f, 0x7f, 0x7c, 0xf8, 0xf0, 0xe0, 0xe0, 0xe0, 0xff, 0xff, 0xff, 
	0xff, 0xff, 0xff, 0xde, 0xde, 0xfe, 0xfe, 0xff, 0xff, 0xff, 0xef, 0xb7, 0x1b, 0x0c, 0x07, 0x01, 
	0x00, 0x00, 0x00, 0x00, 0x00, 0x00, 0x00, 0x00, 0x00, 0x00, 0x00, 0x01, 0x01, 0x0f, 0x0f, 0x0f, 
	0x0f, 0x0f, 0x0f, 0x01, 0x01, 0x00, 0x01, 0x03, 0x0f, 0x0f, 0x0f, 0x0f, 0x0f, 0x0c, 0x00, 0x00
};
// 'rust', 32x32px
const unsigned char fab_32x32_fa_rust [] PROGMEM = {
	0x00, 0x00, 0x00, 0x80, 0x80, 0xe0, 0xe0, 0xf8, 0x78, 0x3c, 0x3e, 0x1c, 0x1e, 0x1e, 0x1e, 0x37, 
	0x37, 0x1e, 0x1e, 0x1e, 0x1c, 0x3e, 0x3c, 0x78, 0xf8, 0xe0, 0xe0, 0x80, 0x80, 0x00, 0x00, 0x00, 
	0x80, 0xf4, 0xfe, 0xff, 0x6f, 0x3f, 0x3f, 0x0f, 0xff, 0xff, 0xff, 0xff, 0xff, 0xef, 0xcf, 0xcf, 
	0xcf, 0xcf, 0xef, 0xff, 0xff, 0xff, 0x7e, 0x3c, 0x00, 0x31, 0x3f, 0x6f, 0xff, 0xfe, 0xf4, 0x80, 
	0x01, 0x2f, 0x7f, 0xff, 0xfc, 0xf8, 0xf8, 0x78, 0x7f, 0x7f, 0x7f, 0x7f, 0x7f, 0x7b, 0x79, 0x79, 
	0x01, 0x03, 0x0f, 0x3f, 0x7f, 0x7f, 0x7f, 0x7c, 0x78, 0xf8, 0xfe, 0xff, 0xff, 0x7f, 0x2f, 0x01, 
	0x00, 0x00, 0x00, 0x01, 0x01, 0x07, 0x07, 0x1f, 0x1d, 0x3d, 0x7f, 0x38, 0x78, 0x78, 0x78, 0xf0, 
	0xf0, 0x78, 0x78, 0x78, 0x38, 0x7f, 0x3d, 0x1d, 0x1f, 0x07, 0x07, 0x01, 0x01, 0x00, 0x00, 0x00
};
// 'safari', 32x32px
const unsigned char fab_32x32_fa_safari [] PROGMEM = {
	0x00, 0x00, 0x00, 0x80, 0xc0, 0xe0, 0xf0, 0xf8, 0xfc, 0xfc, 0xfe, 0xde, 0xfe, 0xfe, 0xff, 0xff, 
	0xff, 0xff, 0xfe, 0xfe, 0xde, 0xfe, 0xfc, 0xfc, 0xf8, 0xf0, 0xe0, 0xc0, 0x80, 0x00, 0x00, 0x00, 
	0xc0, 0xfc, 0xff, 0xff, 0xff, 0xf7, 0xff, 0xff, 0xfe, 0xff, 0xff, 0xff, 0xff, 0x7f, 0xbf, 0x9f, 
	0x1f, 0x0f, 0x07, 0x87, 0xc3, 0xf1, 0xf9, 0xfe, 0xff, 0xff, 0xf7, 0xff, 0xff, 0xff, 0xfc, 0xc0, 
	0x03, 0x3f, 0xff, 0xff, 0xff, 0xef, 0xff, 0xff, 0x7f, 0x9f, 0x8f, 0xd3, 0xed, 0xee, 0xf7, 0xfb, 
	0xfb, 0xfc, 0xfe, 0xff, 0xff, 0xff, 0xff, 0x7f, 0xff, 0xff, 0xef, 0xff, 0xff, 0xff, 0x3f, 0x03, 
	0x00, 0x00, 0x00, 0x01, 0x03, 0x07, 0x0f, 0x1f, 0x3f, 0x3f, 0x7f, 0x7b, 0x7f, 0x7f, 0xff, 0xff, 
	0xff, 0xff, 0x7f, 0x7f, 0x7b, 0x7f, 0x3f, 0x3f, 0x1f, 0x0f, 0x07, 0x03, 0x01, 0x00, 0x00, 0x00
};
// 'salesforce', 32x32px
const unsigned char fab_32x32_fa_salesforce [] PROGMEM = {
	0x00, 0x00, 0x00, 0x80, 0xc0, 0xe0, 0xe0, 0xe0, 0xe0, 0xe0, 0xe0, 0xe0, 0xc0, 0x80, 0xc0, 0xc0, 
	0xe0, 0xe0, 0xe0, 0xc0, 0xc0, 0x80, 0x00, 0x00, 0x00, 0x00, 0x00, 0x00, 0x00, 0x00, 0x00, 0x00, 
	0x00, 0xc0, 0xfe, 0xff, 0x7f, 0xff, 0xff, 0xff, 0x7f, 0xff, 0x7f, 0x7f, 0xff, 0xff, 0xff, 0xff, 
	0xbf, 0xff, 0xff, 0xff, 0xff, 0xff, 0xff, 0xff, 0xff, 0xff, 0xff, 0xff, 0xfe, 0xfe, 0xfc, 0xf0, 
	0x1f, 0x3f, 0x7f, 0x7f, 0xff, 0xfe, 0xff, 0xff, 0xfe, 0xff, 0xff, 0xff, 0xff, 0xff, 0xff, 0xff, 
	0xff, 0xff, 0xff, 0xff, 0xff, 0xff, 0x7f, 0x3e, 0x3f, 0x3f, 0x3f, 0x1f, 0x1f, 0x0f, 0x07, 0x03, 
	0x00, 0x00, 0x00, 0x00, 0x00, 0x00, 0x00, 0x01, 0x03, 0x07, 0x07, 0x07, 0x07, 0x07, 0x07, 0x03, 
	0x01, 0x00, 0x00, 0x00, 0x00, 0x00, 0x00, 0x00, 0x00, 0x00, 0x00, 0x00, 0x00, 0x00, 0x00, 0x00
};
// 'sass', 32x32px
const unsigned char fab_32x32_fa_sass [] PROGMEM = {
	0x00, 0x00, 0x00, 0x00, 0x80, 0x80, 0xc0, 0xc0, 0xe0, 0x60, 0x70, 0x30, 0x30, 0x30, 0x30, 0x30, 
	0x30, 0x30, 0xe0, 0xc0, 0x00, 0x00, 0x00, 0x00, 0x00, 0x00, 0x00, 0x00, 0x00, 0x00, 0x00, 0x00, 
	0xf0, 0xfc, 0xfe, 0x07, 0x03, 0x01, 0x01, 0x00, 0x20, 0x40, 0x40, 0x40, 0x40, 0x60, 0x20, 0x30, 
	0x38, 0x1c, 0x8f, 0x83, 0x00, 0x00, 0xc0, 0xc0, 0x00, 0x00, 0x00, 0x00, 0x00, 0x00, 0x00, 0x00, 
	0x00, 0x01, 0x83, 0xc7, 0x66, 0x2c, 0x38, 0xf0, 0x18, 0x78, 0xfc, 0x8e, 0xe3, 0xff, 0xfe, 0x60, 
	0x38, 0x86, 0xe7, 0xff, 0x7c, 0x06, 0x73, 0x7f, 0x3c, 0x04, 0x04, 0x04, 0x04, 0x04, 0x08, 0x70, 
	0x00, 0x07, 0x0f, 0x0c, 0x0c, 0x0c, 0x06, 0x03, 0x00, 0x00, 0x01, 0x01, 0x00, 0x00, 0x01, 0x00, 
	0x00, 0x00, 0x00, 0x00, 0x00, 0x00, 0x00, 0x00, 0x00, 0x00, 0x00, 0x00, 0x00, 0x00, 0x00, 0x00
};
// 'schlix', 32x32px
const unsigned char fab_32x32_fa_schlix [] PROGMEM = {
	0x00, 0x00, 0x00, 0x00, 0x00, 0x00, 0x00, 0x00, 0x00, 0x00, 0x00, 0x80, 0x80, 0x00, 0x80, 0x80, 
	0xc0, 0xc0, 0x80, 0x00, 0x00, 0xc0, 0xc0, 0xe0, 0xe0, 0xe0, 0xe0, 0xc0, 0xc0, 0x00, 0x00, 0x00, 
	0x00, 0x00, 0x00, 0x00, 0xc0, 0x00, 0xc8, 0xc1, 0x19, 0x18, 0x81, 0x81, 0x39, 0x38, 0x38, 0x13, 
	0x01, 0x01, 0x30, 0xf8, 0xf8, 0xf8, 0xf9, 0x73, 0x63, 0x01, 0x01, 0x00, 0x00, 0x00, 0x00, 0x00, 
	0x00, 0x00, 0x07, 0x00, 0x1c, 0x0c, 0x01, 0xf1, 0xf8, 0x43, 0x07, 0x87, 0x82, 0x80, 0x84, 0x1e, 
	0x7e, 0x3e, 0x3e, 0x38, 0x20, 0x00, 0x00, 0x00, 0x00, 0x00, 0x00, 0x00, 0x00, 0x00, 0x00, 0x00, 
	0x00, 0x00, 0x00, 0x00, 0x00, 0x00, 0x00, 0x00, 0x00, 0x00, 0x00, 0x03, 0x1f, 0x1f, 0x1f, 0x1e, 
	0x10, 0x00, 0x00, 0x00, 0x00, 0x00, 0x00, 0x00, 0x00, 0x00, 0x00, 0x00, 0x00, 0x00, 0x00, 0x00
};
// 'scribd', 32x32px
const unsigned char fab_32x32_fa_scribd [] PROGMEM = {
	0x00, 0x00, 0x00, 0x00, 0x00, 0x00, 0xc0, 0xf0, 0xf8, 0x38, 0x3c, 0x1c, 0x0c, 0x0e, 0x0e, 0x0e, 
	0x0e, 0x0e, 0x0e, 0x1c, 0x1c, 0x1c, 0xb8, 0xf8, 0xf0, 0xf0, 0x60, 0x00, 0x00, 0x00, 0x00, 0x00, 
	0x00, 0x00, 0x00, 0x00, 0x00, 0x3f, 0xff, 0xff, 0xff, 0xfc, 0xfc, 0xfc, 0xfc, 0xfc, 0x78, 0x00, 
	0x00, 0x00, 0x00, 0x80, 0x80, 0xc0, 0xc1, 0xc3, 0x81, 0x80, 0x00, 0x00, 0x00, 0x00, 0x00, 0x00, 
	0x00, 0x00, 0x00, 0x00, 0x00, 0x00, 0xc0, 0xe1, 0xe1, 0x43, 0x03, 0x03, 0x01, 0x01, 0x00, 0x00, 
	0x00, 0x00, 0x0e, 0x3f, 0x3f, 0x3f, 0x3f, 0x3f, 0x7f, 0xff, 0xff, 0xfc, 0x00, 0x00, 0x00, 0x00, 
	0x00, 0x00, 0x00, 0x00, 0x02, 0x07, 0x0f, 0x0f, 0x1e, 0x1c, 0x38, 0x38, 0x38, 0x30, 0x70, 0x70, 
	0x70, 0x70, 0x70, 0x70, 0x38, 0x38, 0x3c, 0x1c, 0x1f, 0x0f, 0x07, 0x01, 0x00, 0x00, 0x00, 0x00
};
// 'searchengin', 32x32px
const unsigned char fab_32x32_fa_searchengin [] PROGMEM = {
	0x00, 0x00, 0x00, 0x80, 0xe0, 0xf0, 0xf0, 0x78, 0x38, 0x3c, 0x80, 0xe0, 0x00, 0x1c, 0x3c, 0x38, 
	0x78, 0xf8, 0xf0, 0xe0, 0xc0, 0x00, 0x00, 0x00, 0x00, 0x00, 0x00, 0x00, 0x00, 0x00, 0x00, 0x00, 
	0x00, 0x00, 0x7e, 0xff, 0xff, 0xc3, 0x00, 0x00, 0x20, 0x3c, 0x3f, 0x3f, 0xfc, 0xfe, 0x1e, 0x02, 
	0x00, 0x00, 0xc3, 0xff, 0xff, 0xff, 0x00, 0x00, 0x00, 0x00, 0x00, 0x00, 0x00, 0x00, 0x00, 0x00, 
	0x00, 0x00, 0x00, 0x01, 0x07, 0x0f, 0x0f, 0x1e, 0x1c, 0x3c, 0x18, 0x00, 0x07, 0x38, 0x3c, 0x1c, 
	0x1e, 0x1f, 0x1f, 0x3f, 0x7f, 0xf8, 0xf0, 0xe0, 0xc0, 0xc0, 0x80, 0x00, 0x00, 0x00, 0x00, 0x00, 
	0x00, 0x00, 0x00, 0x00, 0x00, 0x00, 0x00, 0x00, 0x00, 0x00, 0x00, 0x00, 0x00, 0x00, 0x00, 0x00, 
	0x00, 0x00, 0x00, 0x00, 0x00, 0x00, 0x03, 0x07, 0x0f, 0x1f, 0x1f, 0x3f, 0x7e, 0x7c, 0x38, 0x00
};
// 'sellcast', 32x32px
const unsigned char fab_32x32_fa_sellcast [] PROGMEM = {
	0x00, 0x00, 0xe0, 0xf0, 0xf8, 0xfc, 0xfc, 0xfc, 0xfc, 0xfc, 0xfc, 0xfc, 0xfc, 0xfc, 0x7c, 0x7c, 
	0x7c, 0x7c, 0x7c, 0xfc, 0x7c, 0x7c, 0xfc, 0xfc, 0xfc, 0xfc, 0xfc, 0xf8, 0xf0, 0xe0, 0x00, 0x00, 
	0x00, 0x00, 0xff, 0xff, 0xff, 0xff, 0xff, 0xff, 0xff, 0xff, 0x8f, 0x03, 0x01, 0x78, 0xfc, 0xfc, 
	0x8c, 0x1c, 0x1c, 0x38, 0x78, 0xfc, 0xff, 0xff, 0xff, 0xff, 0xff, 0xff, 0xff, 0xff, 0x00, 0x00, 
	0x00, 0x00, 0xff, 0xff, 0xff, 0xff, 0xff, 0xff, 0xff, 0xff, 0x3f, 0x1e, 0x1c, 0x38, 0x38, 0x31, 
	0x3f, 0x3f, 0x1e, 0x80, 0xc0, 0xf1, 0xff, 0xff, 0xff, 0xff, 0xff, 0xff, 0xff, 0xff, 0x00, 0x00, 
	0x00, 0x00, 0x07, 0x0f, 0x1f, 0x3f, 0x3f, 0x3f, 0x3f, 0x3f, 0x3e, 0x3e, 0x3f, 0x3e, 0x3e, 0x3e, 
	0x3e, 0x3e, 0x3f, 0x3f, 0x3f, 0x3f, 0x3f, 0x3f, 0x3f, 0x3f, 0x3f, 0x1f, 0x0f, 0x07, 0x00, 0x00
};
// 'sellsy', 32x32px
const unsigned char fab_32x32_fa_sellsy [] PROGMEM = {
	0x00, 0x00, 0x00, 0x00, 0x00, 0x00, 0x00, 0x00, 0x00, 0x00, 0x00, 0x00, 0x80, 0x80, 0xc0, 0xe0, 
	0xe0, 0xe0, 0xe0, 0xe0, 0xe0, 0xe0, 0xe0, 0xc0, 0x80, 0x00, 0x00, 0x00, 0x00, 0x00, 0x00, 0x00, 
	0x00, 0x00, 0x00, 0x80, 0xf0, 0xf8, 0xfc, 0xfc, 0xfc, 0xfc, 0xf8, 0xfe, 0xff, 0xff, 0xff, 0xff, 
	0x7f, 0x3f, 0x7f, 0xff, 0x0f, 0x07, 0x07, 0xff, 0xff, 0xff, 0xfc, 0x80, 0x00, 0x00, 0x00, 0x00, 
	0x78, 0xfe, 0xff, 0xff, 0xff, 0xff, 0xff, 0x01, 0x01, 0x01, 0xff, 0x81, 0x00, 0x00, 0xff, 0xff, 
	0x00, 0x00, 0x00, 0xff, 0x00, 0x00, 0x00, 0xff, 0xff, 0xff, 0xff, 0xff, 0xff, 0xff, 0xfe, 0x78, 
	0x00, 0x01, 0x03, 0x07, 0x07, 0x07, 0x07, 0x07, 0x07, 0x07, 0x07, 0x07, 0x07, 0x07, 0x07, 0x07, 
	0x07, 0x07, 0x07, 0x07, 0x07, 0x07, 0x07, 0x07, 0x07, 0x07, 0x07, 0x07, 0x07, 0x03, 0x01, 0x00
};
// 'servicestack', 32x32px
const unsigned char fab_32x32_fa_servicestack [] PROGMEM = {
	0x00, 0x00, 0x00, 0x00, 0x00, 0x00, 0x00, 0x00, 0x00, 0x10, 0x70, 0xe0, 0xe0, 0xc0, 0xc0, 0x80, 
	0x80, 0x00, 0x00, 0x00, 0x00, 0x00, 0x00, 0x00, 0x00, 0x00, 0x00, 0x00, 0x00, 0x00, 0x00, 0x00, 
	0x00, 0x00, 0x00, 0x00, 0x00, 0x00, 0x00, 0x40, 0xc0, 0xc0, 0x80, 0x8f, 0x9f, 0x1f, 0x3f, 0x7f, 
	0x7f, 0xff, 0xfe, 0xfe, 0xfc, 0xf8, 0xf0, 0xe0, 0xc0, 0x80, 0x00, 0x00, 0x00, 0x00, 0x00, 0x00, 
	0x00, 0x00, 0x00, 0x00, 0x00, 0x00, 0x00, 0x00, 0xc0, 0xff, 0xff, 0xff, 0xff, 0xff, 0xff, 0xfe, 
	0xfe, 0xfc, 0xf9, 0xf3, 0xf7, 0xef, 0xdf, 0x3f, 0xff, 0xff, 0xff, 0xfc, 0xf8, 0xe0, 0x80, 0x00, 
	0x00, 0x00, 0x00, 0x08, 0x08, 0x0c, 0x0e, 0x0f, 0x0f, 0x0f, 0x0f, 0x0f, 0x0f, 0x0f, 0x0f, 0x0f, 
	0x0f, 0x0f, 0x0f, 0x0f, 0x0f, 0x0f, 0x0f, 0x0f, 0x0e, 0x0f, 0x0f, 0x0f, 0x0f, 0x0f, 0x0f, 0x0c
};
// 'shirtsinbulk', 32x32px
const unsigned char fab_32x32_fa_shirtsinbulk [] PROGMEM = {
	0x00, 0x00, 0xff, 0xff, 0xc3, 0xcb, 0xc3, 0xc3, 0xcb, 0xc3, 0xc3, 0xcb, 0xc3, 0xc3, 0xcb, 0xc3, 
	0xc3, 0xcb, 0xc3, 0xc3, 0xcb, 0xc3, 0xc3, 0xcb, 0xc3, 0xc3, 0xcb, 0xc3, 0xff, 0xff, 0x00, 0x00, 
	0x00, 0x00, 0xff, 0xff, 0x00, 0x01, 0x00, 0x00, 0x01, 0x00, 0x00, 0xc1, 0xe0, 0x70, 0x71, 0xf0, 
	0xf0, 0x71, 0xe0, 0xe0, 0xc1, 0x00, 0x00, 0x01, 0x00, 0x00, 0x01, 0x00, 0xff, 0xff, 0x00, 0x00, 
	0x00, 0x00, 0xff, 0xff, 0x00, 0x00, 0x00, 0x00, 0x00, 0x00, 0x0f, 0x1f, 0x3f, 0x74, 0x6d, 0x6d, 
	0x6d, 0x71, 0x73, 0x3f, 0x1f, 0x06, 0x00, 0x00, 0x00, 0x00, 0x00, 0x00, 0xff, 0xff, 0x00, 0x00, 
	0x00, 0x00, 0x03, 0x03, 0x06, 0x06, 0x0f, 0x0c, 0x1c, 0x1a, 0x18, 0x3c, 0x30, 0x60, 0x70, 0xc0, 
	0xe0, 0x70, 0x70, 0x30, 0x3c, 0x18, 0x1a, 0x0c, 0x0c, 0x0f, 0x06, 0x06, 0x03, 0x03, 0x00, 0x00
};
// 'shopify', 32x32px
const unsigned char fab_32x32_fa_shopify [] PROGMEM = {
	0x00, 0x00, 0x00, 0x00, 0x00, 0x00, 0x00, 0x00, 0x00, 0xe0, 0x98, 0x8c, 0xc6, 0xf2, 0xcf, 0xc6, 
	0xfe, 0xfe, 0xec, 0xf8, 0xf0, 0xe0, 0xe0, 0xc0, 0xc0, 0xc0, 0x00, 0x00, 0x00, 0x00, 0x00, 0x00, 
	0x00, 0x00, 0x00, 0x00, 0xf8, 0xfe, 0xfe, 0xff, 0x7f, 0x1f, 0x0f, 0x07, 0xc7, 0xc3, 0xc3, 0xc3, 
	0xff, 0xff, 0xff, 0xff, 0xff, 0xff, 0xff, 0xff, 0xff, 0xff, 0xff, 0x80, 0x00, 0x00, 0x00, 0x00, 
	0x00, 0x00, 0x00, 0xf8, 0xff, 0xff, 0xff, 0xff, 0x3f, 0x78, 0x70, 0x70, 0x00, 0x01, 0x03, 0x07, 
	0xff, 0xff, 0xff, 0xff, 0xff, 0xff, 0xff, 0xff, 0xff, 0xff, 0xff, 0xff, 0xe0, 0x00, 0x00, 0x00, 
	0x00, 0x00, 0x0c, 0x0f, 0x1f, 0x1f, 0x1f, 0x1f, 0x1e, 0x3c, 0x3c, 0x3c, 0x3c, 0x3c, 0x3e, 0x7f, 
	0x7f, 0x7f, 0x7f, 0x7f, 0x7f, 0x7f, 0x7f, 0x7f, 0x7f, 0x7f, 0x3f, 0x3f, 0x3f, 0x10, 0x00, 0x00
};
// 'shopware', 32x32px
const unsigned char fab_32x32_fa_shopware [] PROGMEM = {
	0x00, 0x00, 0x00, 0x80, 0xc0, 0xe0, 0xf0, 0xf8, 0xfc, 0xfc, 0xfe, 0xfe, 0x7e, 0x7e, 0x3f, 0x3f, 
	0x1f, 0x1f, 0x1e, 0x1e, 0x1e, 0x1e, 0x1c, 0x1c, 0x18, 0x10, 0x00, 0x00, 0x00, 0x00, 0x00, 0x00, 
	0xc0, 0xfc, 0xff, 0xff, 0xff, 0xff, 0xff, 0xff, 0xff, 0x07, 0x01, 0x00, 0x00, 0x00, 0x00, 0x00, 
	0x00, 0x60, 0xf0, 0xf8, 0xf8, 0xf8, 0xf8, 0xf8, 0xf8, 0xf8, 0xf8, 0xf0, 0xf0, 0xe0, 0xc0, 0x80, 
	0x03, 0x3f, 0xff, 0xff, 0xff, 0xff, 0xff, 0xff, 0xff, 0xfc, 0xf0, 0xe0, 0xc0, 0x80, 0x80, 0x00, 
	0x00, 0x00, 0x00, 0x01, 0x03, 0x03, 0x07, 0x07, 0x07, 0x0f, 0x0f, 0x1f, 0x1f, 0x1f, 0x1f, 0x03, 
	0x00, 0x00, 0x00, 0x01, 0x03, 0x07, 0x0f, 0x1f, 0x3f, 0x3f, 0x7f, 0x7f, 0x7f, 0x7f, 0xff, 0xff, 
	0xff, 0xfe, 0x7e, 0x7e, 0x7c, 0x7c, 0x38, 0x38, 0x10, 0x00, 0x00, 0x00, 0x00, 0x00, 0x00, 0x00
};
// 'simplybuilt', 32x32px
const unsigned char fab_32x32_fa_simplybuilt [] PROGMEM = {
	0xe0, 0xf0, 0xf0, 0xf0, 0xf0, 0xf0, 0xf0, 0xf0, 0xf0, 0xf0, 0x00, 0x00, 0x00, 0x00, 0x00, 0x00, 
	0x00, 0x00, 0x00, 0x00, 0x00, 0x00, 0xf0, 0xf0, 0xf0, 0xf0, 0xf0, 0xf0, 0xf0, 0xf0, 0xf0, 0xe0, 
	0xff, 0xff, 0xff, 0xff, 0xff, 0xff, 0x7f, 0x3f, 0x3f, 0x3f, 0x3f, 0x7f, 0x7f, 0xff, 0xff, 0xff, 
	0xff, 0xff, 0xff, 0x7f, 0x7f, 0x3f, 0x3f, 0x3f, 0x3f, 0x7f, 0xff, 0xff, 0xff, 0xff, 0xff, 0xff, 
	0xff, 0xff, 0xff, 0xff, 0xff, 0xf9, 0xe0, 0xc0, 0xc0, 0xc0, 0xc0, 0xc0, 0xe0, 0xff, 0xff, 0xff, 
	0xff, 0xff, 0xff, 0xe0, 0xc0, 0xc0, 0xc0, 0xc0, 0xc0, 0xe0, 0xf9, 0xff, 0xff, 0xff, 0xff, 0xff, 
	0x07, 0x0f, 0x0f, 0x0f, 0x0f, 0x0f, 0x0f, 0x0f, 0x0f, 0x0f, 0x0f, 0x0f, 0x0f, 0x0f, 0x0f, 0x0f, 
	0x0f, 0x0f, 0x0f, 0x0f, 0x0f, 0x0f, 0x0f, 0x0f, 0x0f, 0x0f, 0x0f, 0x0f, 0x0f, 0x0f, 0x0f, 0x07
};
// 'sistrix', 32x32px
const unsigned char fab_32x32_fa_sistrix [] PROGMEM = {
	0x00, 0x00, 0x00, 0x80, 0xc0, 0xe0, 0x70, 0x38, 0x38, 0x1c, 0x1c, 0x1c, 0x1c, 0x1c, 0x1c, 0x1c, 
	0x38, 0x38, 0x70, 0xe0, 0xc0, 0x80, 0x00, 0x00, 0x00, 0x00, 0x00, 0x00, 0x00, 0x00, 0x00, 0x00, 
	0x00, 0x00, 0xfe, 0xff, 0xef, 0x01, 0x00, 0x00, 0x00, 0x00, 0x00, 0x00, 0x00, 0x00, 0x00, 0x00, 
	0x00, 0x00, 0x00, 0x01, 0xff, 0xff, 0x7c, 0x00, 0x00, 0x00, 0x00, 0x00, 0x00, 0x00, 0x00, 0x00, 
	0x00, 0x00, 0x00, 0x03, 0x07, 0x0e, 0x1c, 0x38, 0x30, 0x70, 0x70, 0x60, 0x60, 0x60, 0x70, 0x70, 
	0x38, 0x38, 0x1c, 0x1f, 0x3f, 0x7b, 0xf0, 0xe0, 0xc0, 0x80, 0x00, 0x00, 0x00, 0x00, 0x00, 0x00, 
	0x00, 0x00, 0x00, 0x00, 0x00, 0x00, 0x00, 0x00, 0x00, 0x00, 0x00, 0x00, 0x00, 0x00, 0x00, 0x00, 
	0x00, 0x00, 0x00, 0x00, 0x00, 0x00, 0x00, 0x01, 0x03, 0x07, 0x0f, 0x1e, 0x3c, 0x18, 0x00, 0x00
};
// 'sith', 32x32px
const unsigned char fab_32x32_fa_sith [] PROGMEM = {
	0x00, 0x00, 0x00, 0x18, 0x38, 0xf0, 0xe0, 0xe0, 0xc0, 0xf8, 0xf0, 0xe0, 0xc0, 0xc0, 0x80, 0x80, 
	0x80, 0x80, 0xc0, 0xc0, 0xe0, 0xf0, 0xf8, 0xc0, 0xe0, 0xe0, 0xf0, 0x38, 0x18, 0x00, 0x00, 0x00, 
	0x00, 0x00, 0x00, 0x02, 0x06, 0x0e, 0x3f, 0xff, 0x3f, 0x0f, 0x07, 0xe3, 0xf1, 0xf9, 0xf8, 0xf8, 
	0xf8, 0xf8, 0xf9, 0xf1, 0xe3, 0x07, 0x0f, 0x3f, 0xff, 0x3f, 0x0e, 0x06, 0x02, 0x00, 0x00, 0x00, 
	0x00, 0x00, 0x00, 0x40, 0x60, 0x70, 0xfc, 0xff, 0xfc, 0xf0, 0xe0, 0xc7, 0x8f, 0x9f, 0x1f, 0x1f, 
	0x1f, 0x1f, 0x9f, 0x8f, 0xc7, 0xe0, 0xf0, 0xfc, 0xff, 0xfc, 0x70, 0x60, 0x40, 0x00, 0x00, 0x00, 
	0x00, 0x00, 0x00, 0x18, 0x1c, 0x0f, 0x07, 0x07, 0x03, 0x1f, 0x0f, 0x07, 0x03, 0x03, 0x01, 0x01, 
	0x01, 0x01, 0x03, 0x03, 0x07, 0x0f, 0x1f, 0x03, 0x07, 0x07, 0x0f, 0x1c, 0x18, 0x00, 0x00, 0x00
};
// 'sketch', 32x32px
const unsigned char fab_32x32_fa_sketch [] PROGMEM = {
	0x00, 0x00, 0x00, 0x00, 0xc0, 0xe0, 0xf0, 0xf8, 0xf8, 0xf8, 0xfc, 0xfc, 0xfc, 0xfc, 0xfc, 0xfc, 
	0xfc, 0xfc, 0xfc, 0xfc, 0xfc, 0xfc, 0xf8, 0xf8, 0xf8, 0xf0, 0xe0, 0xc0, 0x00, 0x00, 0x00, 0x00, 
	0x00, 0x1c, 0x7e, 0xff, 0xff, 0xff, 0xe7, 0xf7, 0xff, 0xff, 0xff, 0xff, 0xff, 0xff, 0xff, 0xff, 
	0xff, 0xff, 0xff, 0xff, 0xff, 0xff, 0xff, 0xff, 0xf7, 0xe7, 0xff, 0xff, 0xff, 0x7e, 0x1c, 0x00, 
	0x00, 0x00, 0x00, 0x00, 0x01, 0x03, 0x07, 0x0f, 0x3f, 0x7f, 0xff, 0xff, 0xff, 0xff, 0xff, 0xff, 
	0xff, 0xff, 0xff, 0xff, 0xff, 0xff, 0x7f, 0x3f, 0x0f, 0x07, 0x03, 0x01, 0x00, 0x00, 0x00, 0x00, 
	0x00, 0x00, 0x00, 0x00, 0x00, 0x00, 0x00, 0x00, 0x00, 0x00, 0x00, 0x01, 0x03, 0x07, 0x0f, 0x1f, 
	0x1f, 0x0f, 0x07, 0x03, 0x01, 0x00, 0x00, 0x00, 0x00, 0x00, 0x00, 0x00, 0x00, 0x00, 0x00, 0x00
};
// 'skyatlas', 32x32px
const unsigned char fab_32x32_fa_skyatlas [] PROGMEM = {
	0x00, 0x00, 0x00, 0x00, 0x00, 0x00, 0x00, 0x00, 0x00, 0x00, 0x00, 0x00, 0x00, 0x00, 0x80, 0x80, 
	0x80, 0xc0, 0xc0, 0x80, 0x80, 0x80, 0x00, 0x00, 0x00, 0x00, 0x00, 0x00, 0x00, 0x00, 0x00, 0x00, 
	0x80, 0xc0, 0xf0, 0x70, 0x38, 0x18, 0x18, 0x18, 0x18, 0x18, 0x18, 0x38, 0x32, 0x63, 0xe1, 0xc0, 
	0x00, 0x00, 0x00, 0x01, 0x01, 0x03, 0x0f, 0xfe, 0xf0, 0xc0, 0xc0, 0xc0, 0x80, 0x80, 0x00, 0x00, 
	0x1f, 0x7f, 0xff, 0xe0, 0xc0, 0x80, 0x80, 0x00, 0x00, 0x00, 0x80, 0x80, 0x80, 0xc0, 0x40, 0x21, 
	0x07, 0x0e, 0x1c, 0x38, 0x70, 0xe0, 0xc0, 0x81, 0x80, 0x80, 0x80, 0x80, 0xc1, 0xff, 0xff, 0x3e, 
	0x00, 0x00, 0x00, 0x00, 0x01, 0x01, 0x01, 0x03, 0x03, 0x01, 0x01, 0x01, 0x00, 0x00, 0x00, 0x00, 
	0x00, 0x00, 0x00, 0x00, 0x00, 0x00, 0x01, 0x01, 0x01, 0x03, 0x03, 0x01, 0x01, 0x01, 0x00, 0x00
};
// 'skype', 32x32px
const unsigned char fab_32x32_fa_skype [] PROGMEM = {
	0x00, 0x00, 0xc0, 0xe0, 0xf0, 0xf8, 0xfc, 0xfc, 0xfc, 0xfc, 0xfc, 0xfc, 0xf8, 0xf8, 0x78, 0x78, 
	0x78, 0xf8, 0xf8, 0xf0, 0xf0, 0xf0, 0xe0, 0xc0, 0xc0, 0x80, 0x00, 0x00, 0x00, 0x00, 0x00, 0x00, 
	0x00, 0x00, 0x0f, 0xff, 0xff, 0xff, 0xff, 0xff, 0xff, 0x83, 0x01, 0x00, 0x00, 0x10, 0x18, 0x38, 
	0x38, 0x38, 0x30, 0x70, 0x60, 0xe1, 0xff, 0xff, 0xff, 0xff, 0xfe, 0xfc, 0xe0, 0x00, 0x00, 0x00, 
	0x00, 0x00, 0x00, 0x07, 0x3f, 0x7f, 0xff, 0xff, 0xff, 0xc7, 0x87, 0x87, 0x0e, 0x0e, 0x1e, 0x1c, 
	0x1c, 0x1c, 0x08, 0x00, 0x80, 0x80, 0xc1, 0xff, 0xff, 0xff, 0xff, 0xff, 0xff, 0xf0, 0x00, 0x00, 
	0x00, 0x00, 0x00, 0x00, 0x00, 0x00, 0x01, 0x03, 0x03, 0x07, 0x0f, 0x0f, 0x0f, 0x1f, 0x1f, 0x1f, 
	0x1f, 0x1f, 0x1f, 0x1f, 0x3f, 0x3f, 0x3f, 0x3f, 0x3f, 0x3f, 0x1f, 0x0f, 0x07, 0x03, 0x00, 0x00
};
// 'slack', 32x32px
const unsigned char fab_32x32_fa_slack [] PROGMEM = {
	0x00, 0x00, 0x00, 0x00, 0x00, 0x00, 0x00, 0x00, 0x00, 0x30, 0x78, 0xfc, 0xfc, 0xfc, 0xf8, 0x00, 
	0x00, 0xf8, 0xfc, 0xfc, 0xfc, 0xf8, 0xf0, 0x00, 0x00, 0x00, 0x00, 0x00, 0x00, 0x00, 0x00, 0x00, 
	0x00, 0x00, 0x38, 0x7c, 0x7e, 0x7e, 0x7e, 0x7e, 0x7e, 0x7e, 0x7e, 0x7e, 0x7e, 0x7c, 0x3c, 0x00, 
	0x00, 0x3f, 0x7f, 0x7f, 0x7f, 0x7f, 0x1f, 0x00, 0x78, 0x7c, 0x7e, 0x7e, 0x7c, 0x38, 0x00, 0x00, 
	0x00, 0x00, 0x1c, 0x3e, 0x7e, 0x7e, 0x3e, 0x1e, 0x00, 0xf8, 0xfe, 0xfe, 0xfe, 0xfe, 0xfc, 0x00, 
	0x00, 0x3c, 0x3e, 0x7e, 0x7e, 0x7e, 0x7e, 0x7e, 0x7e, 0x7e, 0x7e, 0x7e, 0x3e, 0x1c, 0x00, 0x00, 
	0x00, 0x00, 0x00, 0x00, 0x00, 0x00, 0x00, 0x00, 0x00, 0x0f, 0x1f, 0x3f, 0x3f, 0x3f, 0x1f, 0x00, 
	0x00, 0x1f, 0x3f, 0x3f, 0x3f, 0x1e, 0x0c, 0x00, 0x00, 0x00, 0x00, 0x00, 0x00, 0x00, 0x00, 0x00
};
// 'slack-hash', 32x32px
const unsigned char fab_32x32_fa_slack_hash [] PROGMEM = {
	0x00, 0x00, 0x00, 0x00, 0x00, 0x80, 0xc0, 0xe0, 0xc0, 0xc0, 0x00, 0x00, 0x00, 0x00, 0x00, 0x10, 
	0xfc, 0xfc, 0xfc, 0xf8, 0xe0, 0xc0, 0xc0, 0xc0, 0xe0, 0xc0, 0x80, 0x00, 0x00, 0x00, 0x00, 0x00, 
	0x00, 0x00, 0xe0, 0xf0, 0xf0, 0xf1, 0xff, 0xff, 0xff, 0xff, 0xfe, 0xfc, 0xbe, 0x3e, 0x1e, 0x1f, 
	0x1f, 0x1f, 0x3f, 0xff, 0xff, 0xff, 0xff, 0xc3, 0x03, 0x03, 0x01, 0x80, 0x80, 0x00, 0x00, 0x00, 
	0x00, 0x00, 0x00, 0x01, 0x01, 0x80, 0xc0, 0xc0, 0xc3, 0xff, 0xff, 0xff, 0xff, 0xfc, 0xf0, 0xf8, 
	0xf8, 0x78, 0x7c, 0x7d, 0x3f, 0x7f, 0xff, 0xff, 0xff, 0xff, 0x8f, 0x0f, 0x0f, 0x07, 0x00, 0x00, 
	0x00, 0x00, 0x00, 0x00, 0x00, 0x01, 0x03, 0x07, 0x03, 0x03, 0x03, 0x07, 0x1f, 0x3f, 0x3f, 0x3f, 
	0x08, 0x00, 0x00, 0x00, 0x00, 0x00, 0x03, 0x03, 0x07, 0x03, 0x01, 0x00, 0x00, 0x00, 0x00, 0x00
};
// 'slideshare', 32x32px
const unsigned char fab_32x32_fa_slideshare [] PROGMEM = {
	0x00, 0x00, 0xfe, 0xff, 0x03, 0x03, 0x03, 0x03, 0x03, 0x03, 0x03, 0x03, 0x03, 0x03, 0x03, 0x03, 
	0x03, 0x03, 0x03, 0x03, 0x03, 0x03, 0x03, 0x03, 0x03, 0x03, 0x03, 0x03, 0x0f, 0xfe, 0x00, 0x00, 
	0x80, 0x80, 0xff, 0xff, 0x00, 0x00, 0x00, 0x00, 0x78, 0xfc, 0xfc, 0xfc, 0xfc, 0xfc, 0xf8, 0x30, 
	0x00, 0x78, 0xfc, 0xfc, 0xfc, 0xfc, 0xfc, 0xf8, 0x20, 0x00, 0x00, 0x00, 0x00, 0xff, 0x80, 0x80, 
	0x00, 0x01, 0x03, 0x07, 0x0e, 0x0e, 0x1c, 0xfc, 0xfc, 0xfc, 0xfd, 0xfd, 0xfd, 0xfc, 0xfc, 0xf8, 
	0xf8, 0xfc, 0xfc, 0xfd, 0xfd, 0xfd, 0xfc, 0xfc, 0xfc, 0x1c, 0x0e, 0x0e, 0x07, 0x03, 0x01, 0x00, 
	0x00, 0x00, 0x00, 0x00, 0x00, 0x00, 0x01, 0x1f, 0x3f, 0x7f, 0xff, 0xff, 0xff, 0xff, 0x7f, 0x1f, 
	0x1f, 0x7f, 0xff, 0xff, 0xff, 0xff, 0x7f, 0x3f, 0x1f, 0x01, 0x00, 0x00, 0x00, 0x00, 0x00, 0x00
};
// 'snapchat', 32x32px
const unsigned char fab_32x32_fa_snapchat [] PROGMEM = {
	0x00, 0x00, 0x00, 0x80, 0xc0, 0xe0, 0xf0, 0xf8, 0xf8, 0xfc, 0xfc, 0xfe, 0x7e, 0x7e, 0x3e, 0x3f, 
	0x3f, 0x3f, 0x3e, 0x7e, 0x7e, 0xfe, 0xfc, 0xfc, 0xf8, 0xf8, 0xf0, 0xe0, 0xc0, 0x80, 0x00, 0x00, 
	0x00, 0xf0, 0xfe, 0xff, 0xff, 0xff, 0xff, 0xff, 0xbf, 0x3f, 0x3f, 0x01, 0x00, 0x00, 0x00, 0x00, 
	0x00, 0x00, 0x00, 0x00, 0x00, 0x01, 0x3f, 0x3f, 0xbf, 0xff, 0xff, 0xff, 0xff, 0xff, 0xfe, 0xf0, 
	0x00, 0x0f, 0x7f, 0xff, 0xff, 0xff, 0xdf, 0x9f, 0x8f, 0x07, 0x00, 0x00, 0x00, 0x00, 0x00, 0x00, 
	0x00, 0x00, 0x00, 0x00, 0x00, 0x00, 0x00, 0x07, 0x8f, 0x9f, 0xdf, 0xff, 0xff, 0xff, 0x7f, 0x0f, 
	0x00, 0x00, 0x00, 0x01, 0x03, 0x07, 0x0f, 0x1f, 0x1f, 0x3f, 0x3f, 0x7f, 0x7f, 0x7e, 0x7e, 0xfc, 
	0xfc, 0xfc, 0x7e, 0x7e, 0x7f, 0x7f, 0x3f, 0x3f, 0x1f, 0x1f, 0x0f, 0x07, 0x03, 0x01, 0x00, 0x00
};
// 'snapchat-ghost', 32x32px
const unsigned char fab_32x32_fa_snapchat_ghost [] PROGMEM = {
	0x00, 0x00, 0x00, 0x00, 0x00, 0x00, 0x00, 0x80, 0xe0, 0xf8, 0xf8, 0xfc, 0xfc, 0xfe, 0xfe, 0xfe, 
	0xfe, 0xfe, 0xfe, 0xfe, 0xfc, 0xf8, 0xf8, 0xe0, 0x80, 0x00, 0x00, 0x00, 0x00, 0x00, 0x00, 0x00, 
	0x00, 0x00, 0x00, 0x40, 0xe0, 0xe0, 0xe0, 0xff, 0xff, 0xff, 0xff, 0xff, 0xff, 0xff, 0xff, 0xff, 
	0xff, 0xff, 0xff, 0xff, 0xff, 0xff, 0xff, 0xff, 0xff, 0xe0, 0xe0, 0xe0, 0x40, 0x00, 0x00, 0x00, 
	0x00, 0x80, 0x80, 0xc0, 0xe0, 0xf0, 0xf8, 0xff, 0xff, 0xff, 0xff, 0xff, 0xff, 0xff, 0xff, 0xff, 
	0xff, 0xff, 0xff, 0xff, 0xff, 0xff, 0xff, 0xff, 0xff, 0xf8, 0xf0, 0xe0, 0xc0, 0x80, 0x80, 0x00, 
	0x01, 0x03, 0x03, 0x03, 0x07, 0x0f, 0x0f, 0x0f, 0x0f, 0x0f, 0x1f, 0x1f, 0x3f, 0x7f, 0x7f, 0x7f, 
	0x7f, 0x7f, 0x7f, 0x3f, 0x1f, 0x1f, 0x0f, 0x0f, 0x0f, 0x0f, 0x0f, 0x07, 0x03, 0x03, 0x03, 0x01
};
// 'snapchat-square', 32x32px
const unsigned char fab_32x32_fa_snapchat_square [] PROGMEM = {
	0x00, 0x00, 0xf8, 0xfc, 0xfc, 0xfc, 0xfc, 0xfc, 0xfc, 0xfc, 0xfc, 0xfc, 0x7c, 0x7c, 0x3c, 0x3c, 
	0x3c, 0x3c, 0x7c, 0x7c, 0xfc, 0xfc, 0xfc, 0xfc, 0xfc, 0xfc, 0xfc, 0xfc, 0xfc, 0xf8, 0x00, 0x00, 
	0x00, 0x00, 0xff, 0xff, 0xff, 0xff, 0xff, 0xff, 0x3f, 0x3f, 0x03, 0x00, 0x00, 0x00, 0x00, 0x00, 
	0x00, 0x00, 0x00, 0x00, 0x00, 0x03, 0x3f, 0x3f, 0xff, 0xff, 0xff, 0xff, 0xff, 0xff, 0x00, 0x00, 
	0x00, 0x00, 0xff, 0xff, 0xff, 0xff, 0xdf, 0x8f, 0x0f, 0x03, 0x00, 0x00, 0x00, 0x00, 0x00, 0x00, 
	0x00, 0x00, 0x00, 0x00, 0x00, 0x00, 0x03, 0x0f, 0x8f, 0xdf, 0xff, 0xff, 0xff, 0xff, 0x00, 0x00, 
	0x00, 0x00, 0x1f, 0x3f, 0x3f, 0x3f, 0x3f, 0x3f, 0x3f, 0x3f, 0x3f, 0x3f, 0x3e, 0x3e, 0x3c, 0x3c, 
	0x3c, 0x3c, 0x3e, 0x3e, 0x3f, 0x3f, 0x3f, 0x3f, 0x3f, 0x3f, 0x3f, 0x3f, 0x3f, 0x1f, 0x00, 0x00
};
// 'soundcloud', 32x32px
const unsigned char fab_32x32_fa_soundcloud [] PROGMEM = {
	0x00, 0x00, 0x00, 0x00, 0x00, 0x00, 0x00, 0x00, 0x00, 0x00, 0x00, 0x00, 0x00, 0x00, 0x00, 0x00, 
	0x00, 0x00, 0x00, 0x00, 0x00, 0x00, 0x00, 0x00, 0x00, 0x00, 0x00, 0x00, 0x00, 0x00, 0x00, 0x00, 
	0x00, 0x00, 0x00, 0x00, 0x00, 0x00, 0x80, 0xc0, 0xc0, 0xf0, 0xf0, 0xf0, 0xf0, 0xf0, 0xf8, 0xfc, 
	0xfc, 0xfe, 0xfe, 0xfe, 0xfe, 0xfe, 0xfc, 0xfc, 0xf8, 0xf0, 0x80, 0x80, 0x80, 0x80, 0x00, 0x00, 
	0x0c, 0x1c, 0x1e, 0x1e, 0x3e, 0x3e, 0x3f, 0x3f, 0x3f, 0x3f, 0x7f, 0x7f, 0x7f, 0x7f, 0x7f, 0x7f, 
	0x7f, 0x7f, 0x7f, 0x7f, 0x7f, 0x7f, 0x7f, 0x7f, 0x7f, 0x7f, 0x7f, 0x7f, 0x7f, 0x7f, 0x3f, 0x1e, 
	0x00, 0x00, 0x00, 0x00, 0x00, 0x00, 0x00, 0x00, 0x00, 0x00, 0x00, 0x00, 0x00, 0x00, 0x00, 0x00, 
	0x00, 0x00, 0x00, 0x00, 0x00, 0x00, 0x00, 0x00, 0x00, 0x00, 0x00, 0x00, 0x00, 0x00, 0x00, 0x00
};
// 'sourcetree', 32x32px
const unsigned char fab_32x32_fa_sourcetree [] PROGMEM = {
	0x00, 0x00, 0x00, 0x00, 0x80, 0xe0, 0xf0, 0xf8, 0xfc, 0xfc, 0xfe, 0xfe, 0xff, 0xff, 0xff, 0xff, 
	0xff, 0xff, 0xff, 0xff, 0xfe, 0xfe, 0xfc, 0xfc, 0xf8, 0xf0, 0xe0, 0x80, 0x00, 0x00, 0x00, 0x00, 
	0x00, 0x00, 0x00, 0x7c, 0xff, 0xff, 0xff, 0xff, 0xff, 0xff, 0xff, 0xff, 0x83, 0x01, 0x01, 0x01, 
	0x01, 0x01, 0x01, 0x83, 0xff, 0xff, 0xff, 0xff, 0xff, 0xff, 0xff, 0xff, 0x7c, 0x00, 0x00, 0x00, 
	0x00, 0x00, 0x00, 0x00, 0x03, 0x0f, 0x1f, 0x3f, 0x7f, 0xff, 0xff, 0xff, 0xff, 0xff, 0xfe, 0xfe, 
	0xfe, 0xfe, 0xff, 0xff, 0xff, 0xff, 0xff, 0x7f, 0x3f, 0x1f, 0x0f, 0x03, 0x00, 0x00, 0x00, 0x00, 
	0x00, 0x00, 0x00, 0x00, 0x00, 0x00, 0x00, 0x00, 0x00, 0x00, 0x00, 0x01, 0xff, 0xff, 0xff, 0xff, 
	0xff, 0xff, 0xff, 0xff, 0x01, 0x00, 0x00, 0x00, 0x00, 0x00, 0x00, 0x00, 0x00, 0x00, 0x00, 0x00
};
// 'speakap', 32x32px
const unsigned char fab_32x32_fa_speakap [] PROGMEM = {
	0x00, 0x00, 0x00, 0x00, 0x00, 0x80, 0xc0, 0xe0, 0xf0, 0xf0, 0xf8, 0xf8, 0xfc, 0xfc, 0x7c, 0x7c, 
	0x7c, 0x7c, 0x7c, 0x7c, 0xf8, 0xf8, 0xf0, 0xf0, 0xe0, 0xc0, 0x80, 0x00, 0x00, 0x00, 0x00, 0x00, 
	0x00, 0x00, 0x80, 0xfc, 0xff, 0xff, 0xff, 0xff, 0xff, 0xff, 0xff, 0xc3, 0x81, 0x00, 0x00, 0x1c, 
	0x3c, 0x3c, 0x38, 0x78, 0xfc, 0xff, 0xff, 0xff, 0xff, 0xff, 0xff, 0xff, 0xfc, 0xc0, 0x00, 0x00, 
	0x00, 0x00, 0x00, 0x1f, 0x7f, 0xff, 0xff, 0xff, 0xff, 0xff, 0xff, 0xcf, 0x87, 0x8f, 0x8f, 0x8e, 
	0x8e, 0x8e, 0x80, 0xc0, 0xe0, 0xfb, 0xff, 0xff, 0xff, 0xff, 0xff, 0x7f, 0x1f, 0x01, 0x00, 0x00, 
	0x00, 0x00, 0x00, 0x00, 0x00, 0x00, 0x01, 0x03, 0x07, 0x07, 0x0f, 0x0f, 0x1f, 0x1f, 0x1f, 0x3f, 
	0x3f, 0x3f, 0x3f, 0x3f, 0x3f, 0x3f, 0x3f, 0x3f, 0x3f, 0x19, 0x18, 0x10, 0x00, 0x00, 0x00, 0x00
};
// 'speaker-deck', 32x32px
const unsigned char fab_32x32_fa_speaker_deck [] PROGMEM = {
	0x00, 0x00, 0x80, 0x80, 0xc0, 0xc0, 0xc0, 0xc0, 0xc0, 0xc0, 0xc0, 0xc0, 0xc0, 0xc0, 0xc0, 0xc0, 
	0x80, 0x00, 0x00, 0xc0, 0xc0, 0xc0, 0xc0, 0xc0, 0xc0, 0xc0, 0xc0, 0xc0, 0xc0, 0x80, 0x80, 0x00, 
	0x7c, 0xff, 0xff, 0xff, 0xff, 0xe7, 0xe7, 0xe7, 0xe7, 0xe7, 0xe7, 0xe7, 0xe7, 0xe7, 0xc7, 0xc7, 
	0xc3, 0x80, 0x00, 0x07, 0x07, 0x07, 0x07, 0x07, 0x07, 0x07, 0x07, 0xff, 0xff, 0xff, 0xff, 0xfe, 
	0xc0, 0xe0, 0xe1, 0xe3, 0xe3, 0xe3, 0xe7, 0xe7, 0xe7, 0xe7, 0xe7, 0xe7, 0xe7, 0xe7, 0xff, 0xff, 
	0xff, 0xff, 0x7f, 0x08, 0x00, 0xc0, 0xe0, 0xe0, 0xe0, 0xe0, 0xe0, 0xff, 0xff, 0xff, 0xff, 0x7f, 
	0x01, 0x03, 0x03, 0x03, 0x03, 0x03, 0x03, 0x03, 0x03, 0x03, 0x03, 0x03, 0x03, 0x03, 0x03, 0x03, 
	0x01, 0x00, 0x00, 0x02, 0x03, 0x03, 0x03, 0x03, 0x03, 0x03, 0x03, 0x03, 0x03, 0x01, 0x01, 0x00
};
// 'spotify', 32x32px
const unsigned char fab_32x32_fa_spotify [] PROGMEM = {
	0x00, 0x00, 0x00, 0x80, 0xc0, 0xe0, 0xf0, 0xf8, 0xf8, 0xfc, 0xfc, 0xfe, 0xfe, 0xfe, 0xfe, 0xff, 
	0xff, 0xff, 0xfe, 0xfe, 0xfe, 0xfe, 0xfc, 0xfc, 0xf8, 0xf8, 0xf0, 0xe0, 0xc0, 0x80, 0x00, 0x00, 
	0x00, 0xf0, 0xfe, 0xff, 0xff, 0xff, 0xf3, 0x71, 0x71, 0x31, 0x31, 0x31, 0x31, 0x31, 0x31, 0x31, 
	0x31, 0x31, 0x31, 0x71, 0x71, 0x71, 0xe3, 0xe3, 0xc3, 0xc7, 0xc7, 0xcf, 0xff, 0xff, 0xfe, 0xf0, 
	0x00, 0x0f, 0x7f, 0xff, 0xff, 0xff, 0xff, 0xfe, 0xce, 0xe6, 0xe6, 0xe6, 0xe7, 0xe7, 0xe7, 0xe7, 
	0xe6, 0xe6, 0xce, 0xce, 0xce, 0x9c, 0x9c, 0xb8, 0xf9, 0xff, 0xff, 0xff, 0xff, 0xff, 0x7f, 0x0f, 
	0x00, 0x00, 0x00, 0x01, 0x03, 0x07, 0x0f, 0x1f, 0x1f, 0x3f, 0x3f, 0x7f, 0x7f, 0x7f, 0x7f, 0xff, 
	0xff, 0xff, 0x7f, 0x7f, 0x7f, 0x7f, 0x3f, 0x3f, 0x1f, 0x1f, 0x0f, 0x07, 0x03, 0x01, 0x00, 0x00
};
// 'squarespace', 32x32px
const unsigned char fab_32x32_fa_squarespace [] PROGMEM = {
	0x00, 0x00, 0x00, 0x00, 0x00, 0x00, 0x80, 0xc0, 0xe0, 0xf0, 0x78, 0x38, 0x98, 0xc0, 0xe0, 0xe0, 
	0xf0, 0x70, 0x78, 0x38, 0x78, 0x70, 0xf0, 0x60, 0x00, 0x00, 0x00, 0x00, 0x00, 0x00, 0x00, 0x00, 
	0xe0, 0xf0, 0xf8, 0x7c, 0x1e, 0xcf, 0xe7, 0xf3, 0xf9, 0x7c, 0x3e, 0x9f, 0xcf, 0xe7, 0xf3, 0x79, 
	0x3c, 0x1e, 0x8f, 0xc7, 0xe2, 0xf0, 0x78, 0x3c, 0x9c, 0x9c, 0x9c, 0x3c, 0x7c, 0xf8, 0xf0, 0xe0, 
	0x07, 0x0f, 0x1f, 0x3e, 0x3c, 0x39, 0x39, 0x39, 0x3c, 0x1e, 0x0f, 0x47, 0xe3, 0xf1, 0x78, 0x3c, 
	0x9e, 0xcf, 0xe7, 0xf3, 0xf9, 0x7c, 0x3e, 0x9f, 0xcf, 0xe7, 0xf3, 0x78, 0x3e, 0x1f, 0x0f, 0x07, 
	0x00, 0x00, 0x00, 0x00, 0x00, 0x00, 0x00, 0x00, 0x06, 0x0f, 0x0e, 0x1e, 0x1c, 0x1e, 0x0e, 0x0f, 
	0x07, 0x07, 0x03, 0x19, 0x1c, 0x1e, 0x0f, 0x07, 0x03, 0x01, 0x00, 0x00, 0x00, 0x00, 0x00, 0x00
};
// 'stack-exchange', 32x32px
const unsigned char fab_32x32_fa_stack_exchange [] PROGMEM = {
	0x00, 0x00, 0x00, 0xbc, 0xbe, 0xbf, 0xbf, 0xbf, 0xbf, 0xbf, 0xbf, 0xbf, 0xbf, 0xbf, 0xbf, 0xbf, 
	0xbf, 0xbf, 0xbf, 0xbf, 0xbf, 0xbf, 0xbf, 0xbf, 0xbf, 0xbf, 0xbf, 0xbe, 0xbc, 0x00, 0x00, 0x00, 
	0x00, 0x00, 0x00, 0xcf, 0xdf, 0xcf, 0xcf, 0xcf, 0xcf, 0xcf, 0xcf, 0xcf, 0xcf, 0xcf, 0xcf, 0xcf, 
	0xcf, 0xcf, 0xcf, 0xcf, 0xcf, 0xcf, 0xcf, 0xcf, 0xcf, 0xcf, 0xcf, 0xdf, 0xcf, 0x00, 0x00, 0x00, 
	0x00, 0x00, 0x00, 0xe7, 0xe7, 0xe7, 0xe7, 0xe7, 0xe7, 0xe7, 0xe7, 0xe7, 0xe7, 0xe7, 0xe7, 0xe7, 
	0xe7, 0xe7, 0xe7, 0xe7, 0xe7, 0xe7, 0xe7, 0xe7, 0xe7, 0xe7, 0xe7, 0xe7, 0xe7, 0x00, 0x00, 0x00, 
	0x00, 0x00, 0x00, 0x00, 0x01, 0x03, 0x03, 0x03, 0x03, 0x03, 0x03, 0x03, 0x03, 0x03, 0x03, 0x03, 
	0x03, 0x03, 0x7f, 0x7f, 0x3f, 0x1f, 0x0f, 0x07, 0x03, 0x03, 0x03, 0x01, 0x00, 0x00, 0x00, 0x00
};
// 'stack-overflow', 32x32px
const unsigned char fab_32x32_fa_stack_overflow [] PROGMEM = {
	0x00, 0x00, 0x00, 0x00, 0x00, 0x00, 0x00, 0x00, 0x00, 0x00, 0x00, 0x00, 0x00, 0x00, 0x80, 0xc0, 
	0x80, 0x80, 0x00, 0x18, 0x3c, 0xf8, 0xe0, 0xc0, 0x80, 0x00, 0x00, 0x00, 0x00, 0x00, 0x00, 0x00, 
	0x00, 0x00, 0x00, 0x00, 0x00, 0x00, 0x00, 0x00, 0x00, 0x00, 0x00, 0x30, 0x38, 0x70, 0x70, 0xe1, 
	0xe3, 0xc7, 0xcf, 0x8e, 0x9c, 0x38, 0x71, 0xf3, 0x6f, 0x1e, 0x1c, 0x08, 0x00, 0x00, 0x00, 0x00, 
	0x00, 0x00, 0x00, 0x00, 0xf0, 0xf0, 0xf0, 0x00, 0x00, 0x80, 0xce, 0xce, 0xce, 0xcc, 0xcc, 0xdc, 
	0xdc, 0x9d, 0x99, 0x99, 0xfb, 0xbb, 0x03, 0x00, 0xf0, 0xf0, 0xf0, 0x00, 0x00, 0x00, 0x00, 0x00, 
	0x00, 0x00, 0x00, 0x00, 0x3f, 0x3f, 0x3f, 0x38, 0x38, 0x39, 0x39, 0x39, 0x39, 0x39, 0x39, 0x39, 
	0x39, 0x39, 0x39, 0x39, 0x39, 0x39, 0x38, 0x38, 0x3f, 0x3f, 0x3f, 0x00, 0x00, 0x00, 0x00, 0x00
};
// 'stackpath', 32x32px
const unsigned char fab_32x32_fa_stackpath [] PROGMEM = {
	0x00, 0x00, 0xfc, 0xfc, 0xfc, 0xfc, 0xfc, 0xfc, 0xfc, 0xfc, 0xfc, 0xfc, 0xfc, 0xfc, 0xfc, 0xfc, 
	0xfc, 0xfc, 0xfc, 0xfc, 0xfc, 0xfc, 0xfc, 0xfc, 0xfc, 0xfc, 0xfc, 0xfc, 0xfc, 0xfc, 0x00, 0x00, 
	0x00, 0x00, 0xff, 0xff, 0xff, 0x9f, 0x0f, 0x6f, 0x6f, 0xcf, 0xcf, 0xff, 0xff, 0x0f, 0x0f, 0xef, 
	0xef, 0x0f, 0x1f, 0xff, 0x7f, 0x1f, 0x8f, 0xff, 0x3f, 0x0f, 0xcf, 0xff, 0xff, 0xff, 0x00, 0x00, 
	0x00, 0x00, 0xff, 0xff, 0xff, 0xfb, 0xf3, 0xf6, 0xf6, 0xf0, 0xf0, 0xff, 0xff, 0xf0, 0xf0, 0xfe, 
	0xfe, 0xfe, 0xff, 0xf3, 0xf0, 0xfc, 0xff, 0xf1, 0xf8, 0xfe, 0xff, 0xff, 0xff, 0xff, 0x00, 0x00, 
	0x00, 0x00, 0x3f, 0x3f, 0x3f, 0x3f, 0x3f, 0x3f, 0x3f, 0x3f, 0x3f, 0x3f, 0x3f, 0x3f, 0x3f, 0x3f, 
	0x3f, 0x3f, 0x3f, 0x3f, 0x3f, 0x3f, 0x3f, 0x3f, 0x3f, 0x3f, 0x3f, 0x3f, 0x3f, 0x3f, 0x00, 0x00
};
// 'staylinked', 32x32px
const unsigned char fab_32x32_fa_staylinked [] PROGMEM = {
	0x00, 0x00, 0x00, 0x00, 0x00, 0x00, 0x80, 0xc0, 0xe0, 0xe0, 0xf0, 0xf8, 0xfc, 0x7c, 0x3e, 0x3f, 
	0x7f, 0xfe, 0xfc, 0xf8, 0xf0, 0xe0, 0xc0, 0x80, 0x00, 0x00, 0x00, 0x00, 0x00, 0x00, 0x00, 0x00, 
	0x00, 0x00, 0x0c, 0x1e, 0x1e, 0x3f, 0x7f, 0xff, 0xff, 0xf3, 0xe1, 0xcd, 0x9c, 0x3e, 0x7f, 0x7f, 
	0xfe, 0xfc, 0xf9, 0xf3, 0xe7, 0xcf, 0xdf, 0xbf, 0x7f, 0xfe, 0xfc, 0xf8, 0x70, 0x20, 0x00, 0x00, 
	0x00, 0x00, 0x08, 0x1c, 0x3e, 0x7e, 0xfe, 0xfc, 0xf9, 0xf3, 0xe7, 0xcf, 0x9f, 0x3f, 0x7e, 0xfe, 
	0xfe, 0x7c, 0x79, 0x33, 0x87, 0xcf, 0xff, 0xff, 0xff, 0xfe, 0xfc, 0x78, 0x30, 0x00, 0x00, 0x00, 
	0x00, 0x00, 0x00, 0x00, 0x00, 0x00, 0x00, 0x01, 0x03, 0x07, 0x07, 0x0f, 0x1f, 0x3f, 0x7e, 0xfc, 
	0xfc, 0x7e, 0x3f, 0x3f, 0x1f, 0x0f, 0x07, 0x03, 0x01, 0x01, 0x00, 0x00, 0x00, 0x00, 0x00, 0x00
};
// 'steam', 32x32px
const unsigned char fab_32x32_fa_steam [] PROGMEM = {
	0x00, 0x00, 0x00, 0x80, 0xc0, 0xe0, 0xf0, 0xf8, 0xf8, 0xfc, 0xfc, 0xfe, 0xfe, 0xfe, 0xfe, 0xff, 
	0xff, 0xff, 0x7e, 0x7e, 0x3e, 0x3e, 0x3c, 0x7c, 0x78, 0xf8, 0xf0, 0xe0, 0xc0, 0x80, 0x00, 0x00, 
	0x00, 0x70, 0x7e, 0xff, 0xff, 0xff, 0xff, 0xff, 0xff, 0xff, 0xff, 0xff, 0xff, 0x7f, 0x3f, 0x0f, 
	0x01, 0x00, 0x3c, 0x42, 0x81, 0x81, 0x81, 0x42, 0x7e, 0x00, 0x81, 0xff, 0xff, 0xff, 0xfe, 0xf0, 
	0x00, 0x00, 0x60, 0xe0, 0xe0, 0xc1, 0xc1, 0x81, 0x03, 0x03, 0x03, 0x01, 0x09, 0x88, 0xf0, 0x00, 
	0xe0, 0xe0, 0xf0, 0xf8, 0xfc, 0xfc, 0xfc, 0xfe, 0xfe, 0xff, 0xff, 0xff, 0xff, 0xff, 0x7f, 0x0f, 
	0x00, 0x00, 0x00, 0x01, 0x03, 0x07, 0x0f, 0x1f, 0x1e, 0x3e, 0x3d, 0x7d, 0x7d, 0x7d, 0x7e, 0xff, 
	0xff, 0xff, 0x7f, 0x7f, 0x7f, 0x7f, 0x3f, 0x3f, 0x1f, 0x1f, 0x0f, 0x07, 0x03, 0x01, 0x00, 0x00
};
// 'steam-square', 32x32px
const unsigned char fab_32x32_fa_steam_square [] PROGMEM = {
	0x00, 0x00, 0xf8, 0xfc, 0xfc, 0xfc, 0xfc, 0xfc, 0xfc, 0xfc, 0xfc, 0xfc, 0xfc, 0xfc, 0xfc, 0xfc, 
	0xfc, 0xfc, 0x7c, 0x7c, 0x7c, 0x7c, 0x7c, 0xfc, 0xfc, 0xfc, 0xfc, 0xfc, 0xfc, 0xf8, 0x00, 0x00, 
	0x00, 0x00, 0x7f, 0xff, 0xff, 0xff, 0xff, 0xff, 0xff, 0xff, 0xff, 0xff, 0xff, 0x7f, 0x3f, 0x07, 
	0x01, 0x38, 0x46, 0x82, 0x82, 0x82, 0x42, 0x7c, 0x00, 0x83, 0xff, 0xff, 0xff, 0xff, 0x00, 0x00, 
	0x00, 0x00, 0xf0, 0xe0, 0xe0, 0xe1, 0xc1, 0xc1, 0x03, 0x03, 0x83, 0x01, 0x84, 0xd8, 0x70, 0x80, 
	0xe0, 0xf0, 0xf8, 0xfc, 0xfc, 0xfc, 0xfe, 0xfe, 0xff, 0xff, 0xff, 0xff, 0xff, 0xff, 0x00, 0x00, 
	0x00, 0x00, 0x1f, 0x3f, 0x3f, 0x3f, 0x3f, 0x3f, 0x3f, 0x3e, 0x3e, 0x3d, 0x3e, 0x3e, 0x3f, 0x3f, 
	0x3f, 0x3f, 0x3f, 0x3f, 0x3f, 0x3f, 0x3f, 0x3f, 0x3f, 0x3f, 0x3f, 0x3f, 0x3f, 0x1f, 0x00, 0x00
};
// 'steam-symbol', 32x32px
const unsigned char fab_32x32_fa_steam_symbol [] PROGMEM = {
	0x00, 0x00, 0x00, 0x00, 0x00, 0x00, 0x00, 0x00, 0x00, 0x00, 0x00, 0x00, 0x00, 0x00, 0x00, 0x00, 
	0x00, 0xc0, 0xe0, 0xe0, 0x70, 0x70, 0xb0, 0xb0, 0x70, 0x70, 0xe0, 0xc0, 0x80, 0x00, 0x00, 0x00, 
	0x00, 0x00, 0x00, 0x00, 0x00, 0x00, 0x00, 0x00, 0x00, 0x00, 0x00, 0x00, 0x00, 0xc0, 0xe0, 0xf8, 
	0xff, 0xff, 0xe1, 0xde, 0xbf, 0x7f, 0x7f, 0x7f, 0x7f, 0xbf, 0xcc, 0xf3, 0xff, 0x3f, 0x00, 0x00, 
	0x00, 0x00, 0x7f, 0x7f, 0x7e, 0xfe, 0xfe, 0xfc, 0xfc, 0xfc, 0xfe, 0xfe, 0xf7, 0x4f, 0x3f, 0xff, 
	0x7f, 0x3f, 0x1f, 0x1f, 0x0f, 0x07, 0x07, 0x03, 0x03, 0x03, 0x01, 0x01, 0x00, 0x00, 0x00, 0x00, 
	0x00, 0x00, 0x00, 0x00, 0x00, 0x00, 0x03, 0x07, 0x0d, 0x0d, 0x0b, 0x0d, 0x0d, 0x06, 0x07, 0x01, 
	0x00, 0x00, 0x00, 0x00, 0x00, 0x00, 0x00, 0x00, 0x00, 0x00, 0x00, 0x00, 0x00, 0x00, 0x00, 0x00
};
// 'sticker-mule', 32x32px
const unsigned char fab_32x32_fa_sticker_mule [] PROGMEM = {
	0x00, 0x00, 0x00, 0x00, 0x00, 0x00, 0x00, 0x00, 0x00, 0x00, 0x00, 0x00, 0x00, 0x00, 0x00, 0x00, 
	0x00, 0x00, 0x00, 0x80, 0xc0, 0xe0, 0xe0, 0xf0, 0xf0, 0xf8, 0xf8, 0xf8, 0xf8, 0xf8, 0x00, 0x00, 
	0xf8, 0xfc, 0xfe, 0xfe, 0xff, 0xff, 0xfe, 0xfe, 0xfe, 0xfe, 0xfe, 0xfc, 0xfc, 0xfc, 0xfc, 0xfe, 
	0xfe, 0xff, 0xff, 0xff, 0xff, 0xff, 0xff, 0x3f, 0x1f, 0x0f, 0x07, 0x07, 0x07, 0x0f, 0x1f, 0x1c, 
	0x07, 0xff, 0xff, 0xff, 0x1f, 0x07, 0x03, 0x01, 0x03, 0x07, 0x07, 0x07, 0x07, 0x07, 0x07, 0x07, 
	0x07, 0xff, 0xff, 0xff, 0x0f, 0x01, 0x00, 0x00, 0x00, 0x00, 0x00, 0x00, 0x00, 0x00, 0x00, 0x00, 
	0x00, 0x0f, 0x1f, 0x3f, 0x18, 0x10, 0x00, 0x00, 0x00, 0x00, 0x00, 0x00, 0x00, 0x00, 0x00, 0x00, 
	0x00, 0x3f, 0x3f, 0x38, 0x00, 0x00, 0x00, 0x00, 0x00, 0x00, 0x00, 0x00, 0x00, 0x00, 0x00, 0x00
};
// 'strava', 32x32px
const unsigned char fab_32x32_fa_strava [] PROGMEM = {
	0x00, 0x00, 0x00, 0x00, 0x00, 0x00, 0x00, 0x00, 0x00, 0x00, 0xc0, 0xe0, 0xf8, 0xfe, 0xfe, 0xf8, 
	0xe0, 0x80, 0x00, 0x00, 0x00, 0x00, 0x00, 0x00, 0x00, 0x00, 0x00, 0x00, 0x00, 0x00, 0x00, 0x00, 
	0x00, 0x00, 0x00, 0x00, 0x00, 0x00, 0xc0, 0xf0, 0xfc, 0xff, 0xff, 0xff, 0x3f, 0x0f, 0x0f, 0x3f, 
	0xff, 0xff, 0xfe, 0xf8, 0xe0, 0x80, 0x00, 0x00, 0x00, 0x00, 0x00, 0x00, 0x00, 0x00, 0x00, 0x00, 
	0x00, 0x00, 0x00, 0x00, 0x00, 0x03, 0x03, 0x03, 0x03, 0x03, 0x01, 0x00, 0x00, 0x00, 0x0c, 0x3c, 
	0xfc, 0xff, 0xf3, 0xc3, 0x83, 0xc3, 0xf2, 0xfc, 0xfc, 0x3c, 0x0c, 0x00, 0x00, 0x00, 0x00, 0x00, 
	0x00, 0x00, 0x00, 0x00, 0x00, 0x00, 0x00, 0x00, 0x00, 0x00, 0x00, 0x00, 0x00, 0x00, 0x00, 0x00, 
	0x00, 0x03, 0x0f, 0x3f, 0xff, 0x3f, 0x0f, 0x03, 0x00, 0x00, 0x00, 0x00, 0x00, 0x00, 0x00, 0x00
};
// 'stripe', 32x32px
const unsigned char fab_32x32_fa_stripe [] PROGMEM = {
	0x00, 0x00, 0x00, 0x00, 0x00, 0x00, 0x00, 0x00, 0x00, 0x00, 0x00, 0x00, 0x00, 0x00, 0x00, 0x00, 
	0x00, 0x00, 0x00, 0x00, 0x00, 0x00, 0x00, 0x00, 0x00, 0x00, 0x00, 0x00, 0x00, 0x00, 0x00, 0x00, 
	0xe0, 0xf0, 0xf0, 0xb0, 0x30, 0x00, 0xf8, 0xfc, 0x70, 0x30, 0x00, 0xf0, 0xf0, 0x70, 0x30, 0xf4, 
	0xf6, 0x00, 0xf0, 0xf0, 0x70, 0x30, 0x70, 0xe0, 0xc0, 0x80, 0xe0, 0xf0, 0xb0, 0xb0, 0xe0, 0xc0, 
	0x0c, 0x0d, 0x0d, 0x0f, 0x0f, 0x06, 0x07, 0x0f, 0x0c, 0x0c, 0x00, 0x0f, 0x0f, 0x00, 0x00, 0x0f, 
	0x0f, 0x00, 0x3f, 0x3f, 0x0c, 0x0c, 0x0e, 0x0f, 0x07, 0x03, 0x07, 0x0f, 0x0d, 0x0d, 0x0d, 0x05, 
	0x00, 0x00, 0x00, 0x00, 0x00, 0x00, 0x00, 0x00, 0x00, 0x00, 0x00, 0x00, 0x00, 0x00, 0x00, 0x00, 
	0x00, 0x00, 0x00, 0x00, 0x00, 0x00, 0x00, 0x00, 0x00, 0x00, 0x00, 0x00, 0x00, 0x00, 0x00, 0x00
};
// 'stripe-s', 32x32px
const unsigned char fab_32x32_fa_stripe_s [] PROGMEM = {
	0x00, 0x00, 0x00, 0x00, 0x00, 0xc0, 0xf0, 0xf8, 0xfc, 0xfc, 0xfe, 0xfe, 0xff, 0xff, 0xff, 0xff, 
	0xff, 0xff, 0xff, 0xff, 0xff, 0xff, 0xfe, 0xfe, 0xfe, 0xfc, 0x00, 0x00, 0x00, 0x00, 0x00, 0x00, 
	0x00, 0x00, 0x00, 0x00, 0x00, 0x3f, 0x7f, 0xff, 0xff, 0xff, 0xff, 0xff, 0xff, 0xff, 0xf8, 0xf0, 
	0xf0, 0xf0, 0xe0, 0xe0, 0xe0, 0xc0, 0xc1, 0x81, 0x03, 0x01, 0x00, 0x00, 0x00, 0x00, 0x00, 0x00, 
	0x00, 0x00, 0x00, 0x00, 0x00, 0xc0, 0x80, 0x80, 0x81, 0x03, 0x03, 0x07, 0x07, 0x07, 0x0f, 0x0f, 
	0x1f, 0x1f, 0xff, 0xff, 0xff, 0xff, 0xff, 0xff, 0xff, 0xfe, 0xfc, 0x00, 0x00, 0x00, 0x00, 0x00, 
	0x00, 0x00, 0x00, 0x00, 0x00, 0x3f, 0x7f, 0x7f, 0x7f, 0xff, 0xff, 0xff, 0xfe, 0xfe, 0xfe, 0xfe, 
	0xfe, 0xff, 0xff, 0xff, 0x7f, 0x7f, 0x3f, 0x3f, 0x1f, 0x0f, 0x03, 0x00, 0x00, 0x00, 0x00, 0x00
};
// 'studiovinari', 32x32px
const unsigned char fab_32x32_fa_studiovinari [] PROGMEM = {
	0x00, 0x00, 0x40, 0x42, 0xc6, 0xcc, 0xdc, 0xf8, 0xf8, 0xf0, 0xf0, 0xe6, 0xfc, 0xfc, 0xf8, 0xd8, 
	0xb0, 0xe0, 0xe0, 0xc0, 0xc0, 0xc0, 0x80, 0x00, 0x00, 0x00, 0xc0, 0xc0, 0xc0, 0x80, 0x00, 0x00, 
	0x00, 0x00, 0x00, 0x00, 0x00, 0x01, 0x03, 0x03, 0x47, 0x4f, 0x7f, 0xff, 0xff, 0xff, 0xff, 0xff, 
	0xff, 0xff, 0xff, 0xff, 0xff, 0xff, 0xff, 0xff, 0xfe, 0xfe, 0xff, 0xff, 0xff, 0xff, 0x01, 0x00, 
	0x00, 0x00, 0x00, 0x00, 0x00, 0x00, 0x00, 0x00, 0x00, 0x00, 0x00, 0x00, 0x00, 0x00, 0x00, 0x01, 
	0x01, 0x03, 0x03, 0x03, 0x03, 0x83, 0xc1, 0xf1, 0xff, 0xff, 0x3f, 0x0f, 0x07, 0x01, 0x00, 0x00, 
	0x00, 0x00, 0x00, 0x00, 0x00, 0x00, 0x00, 0x00, 0x00, 0x00, 0x00, 0x40, 0x38, 0x18, 0x18, 0x08, 
	0x64, 0x34, 0x16, 0x1f, 0x0f, 0x0f, 0x07, 0x03, 0x01, 0x00, 0x00, 0x00, 0x00, 0x00, 0x00, 0x00
};
// 'stumbleupon', 32x32px
const unsigned char fab_32x32_fa_stumbleupon [] PROGMEM = {
	0x00, 0x00, 0x00, 0x00, 0x00, 0x00, 0x00, 0x00, 0x00, 0x00, 0xc0, 0xe0, 0xe0, 0xf0, 0xf0, 0xf0, 
	0xf0, 0xf0, 0xe0, 0xe0, 0xc0, 0x80, 0x00, 0x00, 0x00, 0x00, 0x00, 0x00, 0x00, 0x00, 0x00, 0x00, 
	0x00, 0x00, 0x00, 0x00, 0x00, 0x00, 0x00, 0x00, 0x00, 0xff, 0xff, 0xff, 0xff, 0xff, 0x03, 0x01, 
	0x03, 0x1f, 0x3f, 0x3f, 0x3f, 0x1f, 0x1e, 0x00, 0x00, 0x00, 0x00, 0x00, 0x00, 0x00, 0x00, 0x00, 
	0xfe, 0xfe, 0xfe, 0xfe, 0xfe, 0xe0, 0xc0, 0xc0, 0xc0, 0xff, 0xff, 0xff, 0xff, 0xff, 0x00, 0x00, 
	0x00, 0x3e, 0xfe, 0xfe, 0xfe, 0xfe, 0xfe, 0xc0, 0x80, 0xc0, 0xfe, 0xfe, 0xfe, 0xfe, 0xfe, 0x1e, 
	0x00, 0x01, 0x03, 0x07, 0x0f, 0x0f, 0x0f, 0x0f, 0x0f, 0x0f, 0x07, 0x03, 0x01, 0x00, 0x00, 0x00, 
	0x00, 0x00, 0x01, 0x03, 0x07, 0x07, 0x0f, 0x0f, 0x0f, 0x0f, 0x0f, 0x07, 0x07, 0x03, 0x01, 0x00
};
// 'stumbleupon-circle', 32x32px
const unsigned char fab_32x32_fa_stumbleupon_circle [] PROGMEM = {
	0x00, 0x00, 0x00, 0x00, 0x80, 0xc0, 0xe0, 0xf0, 0xf8, 0xfc, 0xfc, 0xfe, 0xfe, 0xfe, 0xfe, 0xff, 
	0xff, 0xff, 0xff, 0xfe, 0xfe, 0xfe, 0xfe, 0xfc, 0xfc, 0xf8, 0xf0, 0xe0, 0xc0, 0x80, 0x00, 0x00, 
	0x00, 0xc0, 0xfc, 0xff, 0xff, 0xff, 0xff, 0xff, 0xff, 0xff, 0xff, 0xff, 0x0f, 0x03, 0x01, 0x00, 
	0xf0, 0xf0, 0xc0, 0xc1, 0xc3, 0xcf, 0xff, 0xff, 0xff, 0xff, 0xff, 0xff, 0xff, 0xff, 0xff, 0xfc, 
	0x00, 0x03, 0x3f, 0xff, 0xff, 0xff, 0xff, 0xc0, 0x80, 0x01, 0x0f, 0x0f, 0x00, 0x80, 0x80, 0xe0, 
	0xff, 0xff, 0xe1, 0x81, 0x81, 0x01, 0x0f, 0x0f, 0x01, 0x80, 0xc0, 0xff, 0xff, 0xff, 0xff, 0x3f, 
	0x00, 0x00, 0x00, 0x00, 0x01, 0x03, 0x07, 0x0f, 0x1f, 0x3f, 0x3f, 0x7f, 0x7f, 0x7f, 0x7f, 0xff, 
	0xff, 0xff, 0xff, 0x7f, 0x7f, 0x7f, 0x7f, 0x3f, 0x3f, 0x1f, 0x0f, 0x07, 0x03, 0x01, 0x00, 0x00
};
// 'superpowers', 32x32px
const unsigned char fab_32x32_fa_superpowers [] PROGMEM = {
	0x00, 0x00, 0x00, 0x00, 0x00, 0x00, 0x00, 0x80, 0xc0, 0xc0, 0xe0, 0xe0, 0xf0, 0x70, 0x70, 0x70, 
	0x70, 0x70, 0x78, 0xf8, 0xf8, 0xf8, 0xf8, 0xf8, 0xf8, 0x78, 0x3c, 0x1c, 0x0c, 0x00, 0x00, 0x00, 
	0x00, 0x00, 0x00, 0x00, 0xf0, 0xfc, 0xff, 0x1f, 0x07, 0x03, 0x01, 0x00, 0x00, 0x00, 0x00, 0x00, 
	0x00, 0x00, 0x00, 0x00, 0x00, 0x01, 0x03, 0x07, 0x1f, 0xff, 0xfc, 0xf0, 0x00, 0x00, 0x00, 0x00, 
	0x00, 0x00, 0x00, 0x00, 0x0f, 0x3f, 0xff, 0xf8, 0xe0, 0xc0, 0x80, 0x00, 0x00, 0x00, 0x00, 0x00, 
	0x00, 0x00, 0x00, 0x00, 0x00, 0x80, 0xc0, 0xe0, 0xf8, 0xff, 0x3f, 0x0f, 0x00, 0x00, 0x00, 0x00, 
	0x00, 0x00, 0x00, 0x30, 0x38, 0x3c, 0x1e, 0x1f, 0x1f, 0x1f, 0x1f, 0x1f, 0x1f, 0x1e, 0x0e, 0x0e, 
	0x0e, 0x0e, 0x0e, 0x0f, 0x07, 0x07, 0x03, 0x03, 0x01, 0x00, 0x00, 0x00, 0x00, 0x00, 0x00, 0x00
};
// 'supple', 32x32px
const unsigned char fab_32x32_fa_supple [] PROGMEM = {
	0x00, 0x00, 0x00, 0x00, 0x00, 0x00, 0x00, 0x00, 0x00, 0x00, 0x00, 0x00, 0x00, 0x00, 0x00, 0x00, 
	0x00, 0x00, 0x00, 0x00, 0x00, 0x00, 0x00, 0x00, 0x00, 0x00, 0x00, 0x00, 0x00, 0x00, 0x00, 0x00, 
	0xf0, 0xf8, 0xbc, 0x0c, 0x06, 0x02, 0x62, 0xa1, 0x01, 0xe1, 0x00, 0xe0, 0x00, 0xe0, 0xa0, 0x60, 
	0x20, 0xe0, 0xa0, 0x60, 0xe0, 0x00, 0x00, 0x20, 0xe0, 0x20, 0x00, 0x00, 0x10, 0x60, 0xe0, 0x80, 
	0x00, 0x01, 0x01, 0x02, 0x00, 0x00, 0x01, 0x01, 0x00, 0x01, 0x01, 0x01, 0x00, 0x01, 0x00, 0x00, 
	0x00, 0x01, 0x00, 0x00, 0x01, 0x01, 0x21, 0x21, 0x21, 0x31, 0x10, 0x18, 0x0c, 0x0f, 0x07, 0x03, 
	0x00, 0x00, 0x00, 0x00, 0x00, 0x00, 0x00, 0x00, 0x00, 0x00, 0x00, 0x00, 0x00, 0x00, 0x00, 0x00, 
	0x00, 0x00, 0x00, 0x00, 0x00, 0x00, 0x00, 0x00, 0x00, 0x00, 0x00, 0x00, 0x00, 0x00, 0x00, 0x00
};
// 'suse', 32x32px
const unsigned char fab_32x32_fa_suse [] PROGMEM = {
	0x00, 0x00, 0x00, 0x00, 0x00, 0x00, 0x00, 0x00, 0x00, 0x00, 0x00, 0x00, 0x00, 0x00, 0x00, 0x00, 
	0x00, 0x00, 0x00, 0x00, 0x00, 0x00, 0x00, 0x00, 0x00, 0x00, 0x00, 0x00, 0x00, 0x00, 0x00, 0x00, 
	0x00, 0x80, 0xe0, 0xf0, 0xf0, 0x78, 0x7c, 0xfc, 0xfe, 0xfe, 0xfe, 0xff, 0xff, 0xff, 0xff, 0xff, 
	0xff, 0xff, 0xff, 0xff, 0xff, 0xfe, 0xfe, 0xfe, 0xff, 0xff, 0xbe, 0xbe, 0xfe, 0xfc, 0xfc, 0x30, 
	0x1f, 0x3f, 0x73, 0xe0, 0xde, 0xd2, 0xd2, 0xc6, 0x7c, 0x39, 0x03, 0x07, 0x1f, 0x1f, 0x07, 0x03, 
	0x01, 0x01, 0x03, 0x07, 0x1f, 0x1f, 0x11, 0x01, 0x01, 0x01, 0x01, 0x01, 0x01, 0x01, 0x00, 0x00, 
	0x00, 0x00, 0x00, 0x00, 0x00, 0x00, 0x00, 0x00, 0x00, 0x00, 0x00, 0x00, 0x00, 0x00, 0x00, 0x00, 
	0x00, 0x00, 0x00, 0x00, 0x00, 0x00, 0x00, 0x00, 0x00, 0x00, 0x00, 0x00, 0x00, 0x00, 0x00, 0x00
};
// 'swift', 32x32px
const unsigned char fab_32x32_fa_swift [] PROGMEM = {
	0x00, 0x00, 0xc0, 0xf0, 0xf8, 0xf8, 0xfc, 0xfc, 0xfc, 0xfc, 0xfc, 0xfc, 0xfc, 0xfc, 0xfc, 0xfc, 
	0xfc, 0xfc, 0xfc, 0x7c, 0xfc, 0xfc, 0xfc, 0xfc, 0xfc, 0xfc, 0xf8, 0xf8, 0xf0, 0xc0, 0x00, 0x00, 
	0x00, 0x00, 0xff, 0xff, 0xff, 0xff, 0xff, 0xff, 0xff, 0xf7, 0xef, 0x9f, 0x17, 0x2f, 0x0f, 0x1f, 
	0x3f, 0x7f, 0x7f, 0xfe, 0x00, 0x01, 0x07, 0x0f, 0xff, 0xff, 0xff, 0xff, 0xff, 0xff, 0x00, 0x00, 
	0x00, 0x00, 0xff, 0xff, 0xff, 0xff, 0xf7, 0xef, 0xcf, 0x8f, 0x9f, 0x1f, 0x1f, 0x1e, 0x1c, 0x0c, 
	0x00, 0x00, 0x00, 0x00, 0x00, 0x80, 0x80, 0x80, 0x8f, 0x3f, 0xff, 0xff, 0xff, 0xff, 0x00, 0x00, 
	0x00, 0x00, 0x03, 0x0f, 0x1f, 0x1f, 0x3f, 0x3f, 0x3f, 0x3f, 0x3f, 0x3f, 0x3f, 0x3f, 0x3e, 0x3e, 
	0x3e, 0x3e, 0x3e, 0x3f, 0x3f, 0x3f, 0x3f, 0x3f, 0x3f, 0x3f, 0x1f, 0x1f, 0x0f, 0x03, 0x00, 0x00
};
// 'symfony', 32x32px
const unsigned char fab_32x32_fa_symfony [] PROGMEM = {
	0x00, 0x00, 0x00, 0x80, 0xc0, 0xe0, 0xf0, 0xf8, 0xfc, 0xfc, 0xfe, 0xfe, 0xfe, 0xfe, 0xff, 0xff, 
	0xff, 0xff, 0xfe, 0xfe, 0x7e, 0xfe, 0xfc, 0x3c, 0x78, 0xf0, 0xe0, 0xc0, 0x80, 0x00, 0x00, 0x00, 
	0xc0, 0xfc, 0xff, 0xff, 0xff, 0xff, 0xff, 0xff, 0x9f, 0x07, 0x07, 0x3b, 0x7f, 0xff, 0xff, 0xef, 
	0x0f, 0x03, 0x01, 0xf8, 0xff, 0xff, 0xc7, 0xee, 0xfe, 0xff, 0xff, 0xff, 0xff, 0xff, 0xfc, 0xc0, 
	0x03, 0x3f, 0xff, 0xff, 0xff, 0xff, 0xf8, 0xf1, 0xff, 0xff, 0xf4, 0xf0, 0xf8, 0xff, 0x1f, 0x00, 
	0x80, 0xe0, 0xfe, 0xff, 0xff, 0xff, 0xff, 0xff, 0xff, 0xff, 0xff, 0xff, 0xff, 0xff, 0x3f, 0x03, 
	0x00, 0x00, 0x00, 0x01, 0x03, 0x07, 0x0f, 0x1f, 0x3d, 0x38, 0x78, 0x7f, 0x7b, 0x7c, 0xfe, 0xff, 
	0xff, 0xff, 0x7f, 0x7f, 0x7f, 0x7f, 0x3f, 0x3f, 0x1f, 0x0f, 0x07, 0x03, 0x01, 0x00, 0x00, 0x00
};
// 'teamspeak', 32x32px
const unsigned char fab_32x32_fa_teamspeak [] PROGMEM = {
	0x00, 0x00, 0x00, 0x00, 0xc0, 0xf0, 0x78, 0x38, 0x1c, 0x1e, 0x0e, 0x0e, 0x07, 0x07, 0x07, 0x07, 
	0x07, 0x07, 0x07, 0x07, 0x0e, 0x0e, 0x1e, 0x1c, 0x38, 0x78, 0xf0, 0xc0, 0x00, 0x00, 0x00, 0x00, 
	0xc0, 0xe0, 0xfc, 0xff, 0x07, 0x01, 0x00, 0x00, 0x80, 0x00, 0x00, 0x00, 0x00, 0x00, 0x00, 0x00, 
	0x00, 0x00, 0x00, 0x00, 0x00, 0x00, 0x00, 0x00, 0x00, 0x00, 0x01, 0x0f, 0xff, 0xfc, 0xe0, 0xc0, 
	0x0f, 0x1f, 0x1f, 0x1f, 0x00, 0x00, 0x0e, 0x3f, 0x7f, 0x7f, 0x7f, 0x7e, 0x7c, 0x78, 0x70, 0x00, 
	0x00, 0x20, 0x70, 0x78, 0x78, 0xf8, 0xfc, 0x7c, 0x7c, 0x18, 0x00, 0x80, 0x1f, 0x1f, 0x1f, 0x0f, 
	0x00, 0x00, 0x00, 0x00, 0x00, 0x00, 0x00, 0x00, 0x00, 0x00, 0x00, 0x00, 0x00, 0x00, 0x80, 0x80, 
	0x80, 0x80, 0xc0, 0xc0, 0xc0, 0xc0, 0xe0, 0x70, 0x70, 0x78, 0x3e, 0x1f, 0x07, 0x00, 0x00, 0x00
};
// 'telegram', 32x32px
const unsigned char fab_32x32_fa_telegram [] PROGMEM = {
	0x00, 0x00, 0x00, 0x80, 0xc0, 0xe0, 0xf0, 0xf8, 0xf8, 0xfc, 0xfc, 0xfe, 0xfe, 0xfe, 0xfe, 0xff, 
	0xff, 0xff, 0xfe, 0xfe, 0xfe, 0xfe, 0xfc, 0xfc, 0xf8, 0xf8, 0xf0, 0xe0, 0xc0, 0x80, 0x00, 0x00, 
	0x00, 0xf0, 0xfe, 0xff, 0xff, 0xff, 0xff, 0xff, 0xff, 0x7f, 0x7f, 0x3f, 0x3f, 0x3f, 0x1f, 0x1f, 
	0x8f, 0xcf, 0x4f, 0x27, 0x07, 0x07, 0x03, 0xc3, 0xff, 0xff, 0xff, 0xff, 0xff, 0xff, 0xfe, 0xf0, 
	0x00, 0x0f, 0x7f, 0xff, 0xff, 0xff, 0xff, 0xff, 0xfe, 0xfe, 0xfc, 0xfc, 0xfc, 0xfe, 0x87, 0xc3, 
	0xe1, 0xc0, 0xc0, 0x80, 0x00, 0x80, 0xf8, 0xff, 0xff, 0xff, 0xff, 0xff, 0xff, 0xff, 0x7f, 0x0f, 
	0x00, 0x00, 0x00, 0x01, 0x03, 0x07, 0x0f, 0x1f, 0x1f, 0x3f, 0x3f, 0x7f, 0x7f, 0x7f, 0x7f, 0xff, 
	0xff, 0xff, 0x7f, 0x7f, 0x7f, 0x7f, 0x3f, 0x3f, 0x1f, 0x1f, 0x0f, 0x07, 0x03, 0x01, 0x00, 0x00
};
// 'telegram-plane', 32x32px
const unsigned char fab_32x32_fa_telegram_plane [] PROGMEM = {
	0x00, 0x00, 0x00, 0x00, 0x00, 0x00, 0x00, 0x00, 0x00, 0x00, 0x00, 0x00, 0x00, 0x00, 0x00, 0x00, 
	0x00, 0x00, 0x00, 0x80, 0x80, 0x80, 0xc0, 0xc0, 0xc0, 0xe0, 0xe0, 0xf0, 0xf0, 0xf0, 0x00, 0x00, 
	0x00, 0x00, 0xc0, 0xc0, 0xe0, 0xe0, 0xf0, 0xf0, 0xf0, 0xf8, 0xf8, 0xf8, 0xfc, 0x7c, 0x7e, 0x3e, 
	0x1e, 0x9f, 0xcf, 0xc7, 0xe7, 0xf3, 0xfb, 0xfd, 0xff, 0xff, 0xff, 0xff, 0x1f, 0x01, 0x00, 0x00, 
	0x00, 0x00, 0x00, 0x00, 0x00, 0x01, 0x01, 0x01, 0x03, 0x03, 0x01, 0x00, 0x00, 0xf8, 0xfc, 0xfe, 
	0x7f, 0x7f, 0xff, 0xff, 0xff, 0xff, 0xff, 0xff, 0xff, 0xff, 0x3f, 0x03, 0x00, 0x00, 0x00, 0x00, 
	0x00, 0x00, 0x00, 0x00, 0x00, 0x00, 0x00, 0x00, 0x00, 0x00, 0x00, 0x00, 0x00, 0x03, 0x01, 0x00, 
	0x00, 0x00, 0x00, 0x00, 0x01, 0x03, 0x07, 0x07, 0x07, 0x07, 0x00, 0x00, 0x00, 0x00, 0x00, 0x00
};
// 'tencent-weibo', 32x32px
const unsigned char fab_32x32_fa_tencent_weibo [] PROGMEM = {
	0x00, 0x00, 0x00, 0x00, 0x00, 0x00, 0xc0, 0xf0, 0x38, 0x1c, 0x0c, 0x06, 0x07, 0x03, 0x83, 0x83, 
	0x83, 0x83, 0x03, 0x06, 0x06, 0x0c, 0x1c, 0x38, 0xf0, 0xc0, 0x00, 0x00, 0x00, 0x00, 0x00, 0x00, 
	0x00, 0x00, 0x00, 0x00, 0x00, 0x00, 0x7f, 0xff, 0x00, 0x00, 0x80, 0xe0, 0x70, 0x3f, 0x1f, 0x3f, 
	0x3f, 0x1f, 0x1f, 0x06, 0x00, 0x00, 0x00, 0xc0, 0xff, 0x7f, 0x00, 0x00, 0x00, 0x00, 0x00, 0x00, 
	0x00, 0x00, 0x00, 0x00, 0x00, 0x00, 0x00, 0xe0, 0xfc, 0x1f, 0x07, 0x01, 0x00, 0x08, 0x18, 0x18, 
	0x18, 0x18, 0x18, 0x0c, 0x0c, 0x06, 0x07, 0x03, 0x00, 0x00, 0x00, 0x00, 0x00, 0x00, 0x00, 0x00, 
	0x00, 0x00, 0x00, 0x00, 0x00, 0x00, 0x10, 0xff, 0x47, 0x00, 0x00, 0x00, 0x00, 0x00, 0x00, 0x00, 
	0x00, 0x00, 0x00, 0x00, 0x00, 0x00, 0x00, 0x00, 0x00, 0x00, 0x00, 0x00, 0x00, 0x00, 0x00, 0x00
};
// 'themeco', 32x32px
const unsigned char fab_32x32_fa_themeco [] PROGMEM = {
	0x00, 0x00, 0x00, 0x80, 0xc0, 0xc0, 0xe0, 0xe0, 0xf0, 0xf8, 0xf8, 0xfc, 0xfc, 0xfe, 0xfe, 0xff, 
	0xff, 0xfe, 0xfe, 0xfc, 0xfc, 0xf8, 0xf0, 0xf0, 0xe0, 0xe0, 0xc0, 0xc0, 0x80, 0x00, 0x00, 0x00, 
	0x00, 0x00, 0xff, 0xff, 0xff, 0xff, 0xff, 0x1f, 0xdf, 0xdf, 0xdf, 0x3f, 0xff, 0x1f, 0xdf, 0xdf, 
	0xdf, 0x3f, 0xff, 0x3f, 0x9f, 0xdf, 0xdf, 0x9f, 0x3f, 0xff, 0xff, 0xff, 0xff, 0xff, 0x00, 0x00, 
	0x00, 0x00, 0xff, 0xff, 0xff, 0xff, 0xff, 0xf8, 0xfc, 0xff, 0xfe, 0xfe, 0xff, 0xf8, 0xfe, 0xfe, 
	0xf8, 0xfa, 0xff, 0xfc, 0xfb, 0xfb, 0xfb, 0xfb, 0xfc, 0xff, 0xff, 0xff, 0xff, 0xff, 0x00, 0x00, 
	0x00, 0x00, 0x00, 0x01, 0x03, 0x03, 0x07, 0x07, 0x0f, 0x0f, 0x1f, 0x3f, 0x3f, 0x7f, 0x7f, 0xff, 
	0xff, 0x7f, 0x7f, 0x3f, 0x3f, 0x1f, 0x0f, 0x0f, 0x07, 0x07, 0x03, 0x03, 0x01, 0x00, 0x00, 0x00
};
// 'themeisle', 32x32px
const unsigned char fab_32x32_fa_themeisle [] PROGMEM = {
	0x00, 0x00, 0x00, 0x00, 0x00, 0x00, 0x00, 0x00, 0x80, 0xe0, 0xf0, 0xf8, 0x88, 0x74, 0x7c, 0xfe, 
	0x7e, 0x3e, 0x3e, 0x1e, 0x1f, 0x1f, 0x1f, 0x3f, 0x30, 0x60, 0x80, 0x00, 0x00, 0x00, 0x00, 0x00, 
	0xc0, 0xf8, 0xfc, 0xfe, 0xff, 0x1f, 0x7f, 0xff, 0xff, 0xff, 0xff, 0xff, 0xff, 0xff, 0x07, 0x63, 
	0x80, 0x00, 0x00, 0x00, 0x00, 0x00, 0x00, 0x00, 0x00, 0x00, 0xc1, 0xfe, 0xfc, 0xfc, 0xf8, 0xf0, 
	0x1f, 0x7f, 0xff, 0xff, 0xff, 0xe0, 0x80, 0x03, 0x0f, 0x1f, 0x3f, 0x7f, 0x7f, 0xff, 0xff, 0xfc, 
	0xf8, 0xf0, 0xf0, 0xf0, 0x70, 0x70, 0x38, 0x3d, 0x1e, 0xc6, 0xff, 0xff, 0xff, 0xff, 0x7f, 0x0f, 
	0x00, 0x08, 0x18, 0x79, 0x7f, 0x7f, 0x7f, 0x7e, 0x3c, 0x78, 0x84, 0x84, 0xf8, 0x84, 0x84, 0xf8, 
	0x84, 0x84, 0xc8, 0x84, 0x84, 0x08, 0x0c, 0x0e, 0x07, 0x07, 0x03, 0x01, 0x01, 0x00, 0x00, 0x00
};
// 'the-red-yeti', 32x32px
const unsigned char fab_32x32_fa_the_red_yeti [] PROGMEM = {
	0x00, 0x00, 0x00, 0x00, 0x00, 0x00, 0x00, 0x10, 0x04, 0x04, 0x92, 0x90, 0x10, 0x90, 0x38, 0x20, 
	0xc0, 0xc0, 0xc0, 0x80, 0x80, 0x80, 0x00, 0x40, 0x00, 0x00, 0x00, 0x00, 0x00, 0x00, 0x00, 0x00, 
	0x00, 0x00, 0x40, 0x30, 0x38, 0x23, 0x20, 0x00, 0x40, 0x19, 0x18, 0x38, 0x38, 0x00, 0x20, 0x00, 
	0x00, 0x7f, 0x7f, 0x7f, 0xff, 0xff, 0x1f, 0x04, 0x00, 0x01, 0x01, 0x04, 0x08, 0x19, 0x80, 0x00, 
	0x04, 0x04, 0xf0, 0xc0, 0x00, 0x00, 0x00, 0x00, 0x00, 0x80, 0x01, 0x02, 0x06, 0x04, 0x00, 0x08, 
	0x00, 0x10, 0x10, 0x02, 0x07, 0x00, 0x00, 0x80, 0x80, 0xc0, 0xe0, 0xf0, 0xf8, 0x0c, 0x03, 0x00, 
	0x00, 0x00, 0x00, 0x03, 0x06, 0x0c, 0x1c, 0x3c, 0x28, 0x61, 0x40, 0xc0, 0x80, 0x80, 0x80, 0x88, 
	0x80, 0x81, 0x82, 0x86, 0x03, 0x00, 0x00, 0x3f, 0x1f, 0x0f, 0x07, 0x03, 0x00, 0x00, 0x00, 0x00
};
// 'think-peaks', 32x32px
const unsigned char fab_32x32_fa_think_peaks [] PROGMEM = {
	0x00, 0x00, 0x00, 0x00, 0x00, 0x00, 0x00, 0x00, 0x00, 0x00, 0x00, 0x80, 0xe0, 0x78, 0x3c, 0x70, 
	0xe0, 0x80, 0x00, 0x00, 0x00, 0x00, 0x00, 0x00, 0x00, 0x00, 0x00, 0x00, 0x00, 0x00, 0x00, 0x00, 
	0x00, 0x00, 0x00, 0x00, 0x00, 0x00, 0x80, 0xc0, 0x70, 0x1c, 0xce, 0xe3, 0x38, 0x1e, 0x0f, 0x1c, 
	0x39, 0xe3, 0x8e, 0x38, 0x70, 0xc0, 0x00, 0x00, 0x00, 0x00, 0x00, 0x00, 0x00, 0x00, 0x00, 0x00, 
	0x00, 0x00, 0xc0, 0xf0, 0x38, 0x0e, 0x27, 0x31, 0x1c, 0x07, 0x03, 0x00, 0x00, 0x00, 0x00, 0x00, 
	0x00, 0x00, 0x03, 0x0f, 0x1c, 0x71, 0xe7, 0x8e, 0x38, 0xe0, 0x70, 0x3c, 0x0e, 0x03, 0x00, 0x00, 
	0x00, 0x00, 0x00, 0x00, 0x00, 0x00, 0x00, 0x00, 0x00, 0x00, 0x00, 0x00, 0x00, 0x00, 0x00, 0x00, 
	0x00, 0x00, 0x00, 0x00, 0x00, 0x00, 0x01, 0x03, 0x0e, 0x3c, 0x30, 0x00, 0x00, 0x00, 0x00, 0x00
};
// 'tiktok', 32x32px
const unsigned char fab_32x32_fa_tiktok [] PROGMEM = {
	0x00, 0x00, 0x00, 0x00, 0x00, 0x00, 0x00, 0x00, 0x00, 0x00, 0x00, 0x00, 0x00, 0x00, 0x00, 0x00, 
	0x00, 0xff, 0xff, 0xff, 0xff, 0xff, 0xfe, 0xf0, 0xe0, 0xc0, 0x80, 0x80, 0x80, 0x00, 0x00, 0x00, 
	0x00, 0x00, 0x00, 0x00, 0x80, 0xc0, 0xe0, 0xe0, 0xf0, 0xf0, 0xf0, 0xf0, 0xf0, 0xf0, 0x00, 0x00, 
	0x00, 0xff, 0xff, 0xff, 0xff, 0xff, 0x07, 0x07, 0x0f, 0x0f, 0x1f, 0x1f, 0x1f, 0x1f, 0x00, 0x00, 
	0x00, 0x00, 0xfc, 0xff, 0xff, 0xff, 0xff, 0xff, 0x07, 0x03, 0x03, 0x01, 0x01, 0x01, 0x00, 0x00, 
	0x80, 0xff, 0xff, 0xff, 0xff, 0xff, 0x00, 0x00, 0x00, 0x00, 0x00, 0x00, 0x00, 0x00, 0x00, 0x00, 
	0x00, 0x00, 0x01, 0x07, 0x1f, 0x3f, 0x3f, 0x7f, 0x7e, 0xfc, 0xfc, 0xfc, 0xfc, 0xfc, 0xfc, 0xfe, 
	0x7f, 0x7f, 0x3f, 0x1f, 0x0f, 0x03, 0x00, 0x00, 0x00, 0x00, 0x00, 0x00, 0x00, 0x00, 0x00, 0x00
};
// 'trade-federation', 32x32px
const unsigned char fab_32x32_fa_trade_federation [] PROGMEM = {
	0x00, 0x00, 0x00, 0x00, 0xc0, 0xe0, 0x70, 0x38, 0x18, 0x9c, 0x0c, 0x0e, 0x06, 0x06, 0x86, 0x87, 
	0x87, 0x87, 0x86, 0x86, 0x86, 0x8e, 0x8c, 0x9c, 0x98, 0xf8, 0xf0, 0xe0, 0xc0, 0x00, 0x00, 0x00, 
	0x00, 0xf0, 0xfe, 0x1f, 0x13, 0x71, 0xd0, 0xd0, 0x90, 0x90, 0x92, 0x93, 0x90, 0x90, 0x9f, 0x00, 
	0x9c, 0x9e, 0x94, 0x96, 0x96, 0xf6, 0xf6, 0x06, 0x14, 0x37, 0x07, 0x01, 0x03, 0x1f, 0xfe, 0xf0, 
	0x00, 0x0f, 0x7f, 0xf8, 0xc0, 0x00, 0x00, 0x00, 0x00, 0x00, 0x00, 0x02, 0x02, 0x07, 0xff, 0x00, 
	0xff, 0xff, 0x00, 0x00, 0x00, 0x00, 0x00, 0x00, 0x00, 0x00, 0x00, 0x80, 0xc0, 0xf8, 0x7f, 0x0f, 
	0x00, 0x00, 0x00, 0x01, 0x03, 0x07, 0x0e, 0x1c, 0x18, 0x38, 0x30, 0x70, 0x60, 0x60, 0xef, 0xe8, 
	0xef, 0xef, 0xe0, 0x60, 0x60, 0x70, 0x30, 0x38, 0x18, 0x1c, 0x0e, 0x07, 0x03, 0x01, 0x00, 0x00
};
// 'trello', 32x32px
const unsigned char fab_32x32_fa_trello [] PROGMEM = {
	0x00, 0x00, 0xf0, 0xf8, 0xfc, 0xfc, 0x3c, 0x3c, 0x3c, 0x3c, 0x3c, 0x3c, 0x3c, 0x3c, 0xfc, 0xfc, 
	0xfc, 0xfc, 0x3c, 0x3c, 0x3c, 0x3c, 0x3c, 0x3c, 0x3c, 0x3c, 0xfc, 0xfc, 0xf8, 0xf0, 0x00, 0x00, 
	0x00, 0x00, 0xff, 0xff, 0xff, 0xff, 0x00, 0x00, 0x00, 0x00, 0x00, 0x00, 0x00, 0x00, 0xff, 0xff, 
	0xff, 0xff, 0x00, 0x00, 0x00, 0x00, 0x00, 0x00, 0x00, 0x00, 0xff, 0xff, 0xff, 0xff, 0x00, 0x00, 
	0x00, 0x00, 0xff, 0xff, 0xff, 0xff, 0x00, 0x00, 0x00, 0x00, 0x00, 0x00, 0x00, 0x00, 0xff, 0xff, 
	0xff, 0xff, 0xfe, 0xfc, 0xfc, 0xfc, 0xfc, 0xfc, 0xfc, 0xfc, 0xff, 0xff, 0xff, 0xff, 0x00, 0x00, 
	0x00, 0x00, 0x0f, 0x1f, 0x3f, 0x3f, 0x3f, 0x3e, 0x3e, 0x3e, 0x3e, 0x3e, 0x3e, 0x3e, 0x3f, 0x3f, 
	0x3f, 0x3f, 0x3f, 0x3f, 0x3f, 0x3f, 0x3f, 0x3f, 0x3f, 0x3f, 0x3f, 0x3f, 0x1f, 0x0f, 0x00, 0x00
};
// 'tumblr', 32x32px
const unsigned char fab_32x32_fa_tumblr [] PROGMEM = {
	0x00, 0x00, 0x00, 0x00, 0x00, 0x00, 0x00, 0x00, 0x00, 0x80, 0xc0, 0xe0, 0xfe, 0xff, 0xff, 0xff, 
	0xff, 0xff, 0xff, 0x00, 0x00, 0x00, 0x00, 0x00, 0x00, 0x00, 0x00, 0x00, 0x00, 0x00, 0x00, 0x00, 
	0x00, 0x00, 0x00, 0x00, 0x00, 0x00, 0x3e, 0x3f, 0x3f, 0x3f, 0xff, 0xff, 0xff, 0xff, 0xff, 0xff, 
	0xff, 0xff, 0xff, 0x3f, 0x3f, 0x3f, 0x3f, 0x3f, 0x00, 0x00, 0x00, 0x00, 0x00, 0x00, 0x00, 0x00, 
	0x00, 0x00, 0x00, 0x00, 0x00, 0x00, 0x00, 0x00, 0x00, 0x00, 0xff, 0xff, 0xff, 0xff, 0xff, 0xff, 
	0xff, 0xff, 0xff, 0x00, 0x00, 0x00, 0x00, 0x00, 0x00, 0x00, 0x00, 0x00, 0x00, 0x00, 0x00, 0x00, 
	0x00, 0x00, 0x00, 0x00, 0x00, 0x00, 0x00, 0x00, 0x00, 0x00, 0x03, 0x0f, 0x3f, 0x3f, 0x7f, 0xff, 
	0xff, 0xff, 0xff, 0xfe, 0xfe, 0xfe, 0xfe, 0x7e, 0x7c, 0x20, 0x00, 0x00, 0x00, 0x00, 0x00, 0x00
};
// 'tumblr-square', 32x32px
const unsigned char fab_32x32_fa_tumblr_square [] PROGMEM = {
	0x00, 0x00, 0xf8, 0xfc, 0xfc, 0xfc, 0xfc, 0xfc, 0xfc, 0xfc, 0xfc, 0xfc, 0xfc, 0xfc, 0x3c, 0x3c, 
	0x3c, 0x7c, 0xfc, 0xfc, 0xfc, 0xfc, 0xfc, 0xfc, 0xfc, 0xfc, 0xfc, 0xfc, 0xfc, 0xf8, 0x00, 0x00, 
	0x00, 0x00, 0xff, 0xff, 0xff, 0xff, 0xff, 0xff, 0xff, 0xff, 0x87, 0x87, 0x03, 0x00, 0x00, 0x00, 
	0x00, 0x00, 0x87, 0x87, 0x87, 0xff, 0xff, 0xff, 0xff, 0xff, 0xff, 0xff, 0xff, 0xff, 0x00, 0x00, 
	0x00, 0x00, 0xff, 0xff, 0xff, 0xff, 0xff, 0xff, 0xff, 0xff, 0xff, 0xff, 0xc0, 0x00, 0x00, 0x00, 
	0x00, 0x00, 0x3f, 0x3f, 0x3f, 0x7f, 0xff, 0xff, 0xff, 0xff, 0xff, 0xff, 0xff, 0xff, 0x00, 0x00, 
	0x00, 0x00, 0x1f, 0x3f, 0x3f, 0x3f, 0x3f, 0x3f, 0x3f, 0x3f, 0x3f, 0x3f, 0x3f, 0x3f, 0x3e, 0x3c, 
	0x3c, 0x3c, 0x3c, 0x3c, 0x3c, 0x3e, 0x3f, 0x3f, 0x3f, 0x3f, 0x3f, 0x3f, 0x3f, 0x1f, 0x00, 0x00
};
// 'twitch', 32x32px
const unsigned char fab_32x32_fa_twitch [] PROGMEM = {
	0x00, 0xc0, 0xe0, 0xf0, 0xf8, 0xfc, 0xfe, 0xff, 0xff, 0x03, 0x03, 0x03, 0x03, 0x03, 0x03, 0x83, 
	0xc3, 0x83, 0x03, 0x03, 0x03, 0x03, 0x83, 0xc3, 0x83, 0x03, 0x03, 0x03, 0xff, 0xff, 0xff, 0x00, 
	0x00, 0xff, 0xff, 0xff, 0xff, 0xff, 0xff, 0xff, 0xff, 0x00, 0x00, 0x00, 0x00, 0x00, 0x00, 0x1f, 
	0x1f, 0x1f, 0x00, 0x00, 0x00, 0x00, 0x1f, 0x1f, 0x1f, 0x00, 0x00, 0x80, 0xff, 0xff, 0x7f, 0x00, 
	0x00, 0xff, 0xff, 0xff, 0xff, 0xff, 0xff, 0xff, 0xff, 0xf8, 0xf8, 0xf8, 0xf8, 0xf8, 0x80, 0xc0, 
	0xe0, 0xf0, 0xf8, 0xf8, 0xf8, 0xf8, 0xf8, 0x78, 0x3c, 0x1e, 0x0f, 0x07, 0x03, 0x01, 0x00, 0x00, 
	0x00, 0x01, 0x03, 0x03, 0x03, 0x03, 0x03, 0x03, 0x07, 0x7f, 0x3f, 0x1f, 0x1f, 0x0f, 0x07, 0x03, 
	0x03, 0x03, 0x03, 0x03, 0x03, 0x01, 0x00, 0x00, 0x00, 0x00, 0x00, 0x00, 0x00, 0x00, 0x00, 0x00
};
// 'twitter', 32x32px
const unsigned char fab_32x32_fa_twitter [] PROGMEM = {
	0x00, 0xc0, 0xe0, 0xc0, 0xc0, 0x80, 0x00, 0x00, 0x00, 0x00, 0x00, 0x00, 0x00, 0x00, 0x00, 0x00, 
	0xc0, 0xe0, 0xf0, 0xf0, 0xf8, 0xf8, 0xf8, 0xf8, 0xf8, 0xf0, 0xe0, 0xe0, 0xe0, 0xb0, 0x90, 0x00, 
	0x00, 0x21, 0xe7, 0xff, 0xff, 0xff, 0xff, 0xfe, 0xfe, 0xfc, 0xfc, 0xfc, 0xf8, 0xf8, 0xf8, 0xf8, 
	0xff, 0xff, 0xff, 0xff, 0xff, 0xff, 0xff, 0xff, 0xff, 0xff, 0xff, 0xff, 0x1f, 0x01, 0x00, 0x00, 
	0x00, 0x00, 0x00, 0x01, 0x1b, 0x3f, 0x3f, 0x7f, 0x7f, 0xff, 0xff, 0xff, 0xff, 0xff, 0xff, 0xff, 
	0xff, 0xff, 0xff, 0xff, 0xff, 0xff, 0xff, 0x7f, 0x3f, 0x1f, 0x07, 0x01, 0x00, 0x00, 0x00, 0x00, 
	0x00, 0x04, 0x04, 0x0c, 0x0c, 0x0e, 0x1e, 0x1e, 0x1f, 0x1f, 0x1f, 0x1f, 0x1f, 0x1f, 0x1f, 0x0f, 
	0x0f, 0x0f, 0x07, 0x07, 0x03, 0x01, 0x00, 0x00, 0x00, 0x00, 0x00, 0x00, 0x00, 0x00, 0x00, 0x00
};
// 'twitter-square', 32x32px
const unsigned char fab_32x32_fa_twitter_square [] PROGMEM = {
	0x00, 0x00, 0xf8, 0xfc, 0xfc, 0xfc, 0xfc, 0xfc, 0xfc, 0xfc, 0xfc, 0xfc, 0xfc, 0xfc, 0xfc, 0xfc, 
	0xfc, 0xfc, 0xfc, 0xfc, 0xfc, 0xfc, 0xfc, 0xfc, 0xfc, 0xfc, 0xfc, 0xfc, 0xfc, 0xf8, 0x00, 0x00, 
	0x00, 0x00, 0xff, 0xff, 0xff, 0xff, 0xff, 0x21, 0x03, 0x07, 0x07, 0x0f, 0x0f, 0x1f, 0x1f, 0x1f, 
	0x03, 0x01, 0x00, 0x00, 0x00, 0x00, 0x01, 0x81, 0xf9, 0xff, 0xff, 0xff, 0xff, 0xff, 0x00, 0x00, 
	0x00, 0x00, 0xff, 0xff, 0xff, 0xff, 0xff, 0xbf, 0xbe, 0x30, 0x30, 0x00, 0x00, 0x00, 0x00, 0x00, 
	0x80, 0x80, 0xc0, 0xc0, 0xe0, 0xf0, 0xfc, 0xff, 0xff, 0xff, 0xff, 0xff, 0xff, 0xff, 0x00, 0x00, 
	0x00, 0x00, 0x1f, 0x3f, 0x3f, 0x3f, 0x3f, 0x3f, 0x3f, 0x3f, 0x3f, 0x3f, 0x3f, 0x3f, 0x3f, 0x3f, 
	0x3f, 0x3f, 0x3f, 0x3f, 0x3f, 0x3f, 0x3f, 0x3f, 0x3f, 0x3f, 0x3f, 0x3f, 0x3f, 0x1f, 0x00, 0x00
};
// 'typo3', 32x32px
const unsigned char fab_32x32_fa_typo3 [] PROGMEM = {
	0x00, 0x00, 0x00, 0xc0, 0xe0, 0xe0, 0xf0, 0xf0, 0xf0, 0xf8, 0xf8, 0xf8, 0xf8, 0x80, 0x00, 0x00, 
	0x00, 0x00, 0x78, 0xfc, 0xfc, 0xfc, 0xfc, 0xfc, 0xfc, 0xfc, 0xf8, 0xf8, 0xf8, 0x60, 0x00, 0x00, 
	0x00, 0x00, 0x07, 0x7f, 0xff, 0xff, 0xff, 0xff, 0xff, 0xff, 0xff, 0xff, 0xff, 0xff, 0xfc, 0xe0, 
	0x80, 0x00, 0x00, 0x03, 0x1f, 0x3f, 0xff, 0xff, 0xff, 0xff, 0x7f, 0x1f, 0x07, 0x00, 0x00, 0x00, 
	0x00, 0x00, 0x00, 0x00, 0x03, 0x0f, 0x3f, 0xff, 0xff, 0xff, 0xff, 0xff, 0xff, 0xff, 0xff, 0xff, 
	0xff, 0xfe, 0xf8, 0xf0, 0xe0, 0xe0, 0x00, 0x00, 0x01, 0x00, 0x00, 0x00, 0x00, 0x00, 0x00, 0x00, 
	0x00, 0x00, 0x00, 0x00, 0x00, 0x00, 0x00, 0x00, 0x03, 0x07, 0x0f, 0x1f, 0x3f, 0x3f, 0x3f, 0x3f, 
	0x1f, 0x0f, 0x07, 0x03, 0x01, 0x00, 0x00, 0x00, 0x00, 0x00, 0x00, 0x00, 0x00, 0x00, 0x00, 0x00
};
// 'uber', 32x32px
const unsigned char fab_32x32_fa_uber [] PROGMEM = {
	0x00, 0x00, 0xf8, 0xfc, 0xfc, 0xfc, 0xfc, 0xfc, 0xfc, 0xfc, 0xfc, 0xfc, 0xfc, 0xfc, 0xfc, 0xfc, 
	0xfc, 0xfc, 0xfc, 0xfc, 0xfc, 0xfc, 0xfc, 0xfc, 0xfc, 0xfc, 0xfc, 0xfc, 0xfc, 0xf8, 0x00, 0x00, 
	0x00, 0x00, 0xff, 0xff, 0xff, 0xff, 0xff, 0xff, 0x8f, 0x87, 0x83, 0x81, 0x80, 0xc0, 0xe0, 0xe0, 
	0xe0, 0xe0, 0xc0, 0x00, 0x01, 0x03, 0x07, 0x0f, 0xff, 0xff, 0xff, 0xff, 0xff, 0xff, 0x00, 0x00, 
	0x00, 0x00, 0xff, 0xff, 0xff, 0xff, 0xff, 0xff, 0xf1, 0xe1, 0xc1, 0x81, 0x01, 0x03, 0x07, 0x07, 
	0x07, 0x07, 0x03, 0x00, 0x80, 0xc0, 0xe0, 0xf0, 0xff, 0xff, 0xff, 0xff, 0xff, 0xff, 0x00, 0x00, 
	0x00, 0x00, 0x1f, 0x3f, 0x3f, 0x3f, 0x3f, 0x3f, 0x3f, 0x3f, 0x3f, 0x3f, 0x3f, 0x3f, 0x3f, 0x3f, 
	0x3f, 0x3f, 0x3f, 0x3f, 0x3f, 0x3f, 0x3f, 0x3f, 0x3f, 0x3f, 0x3f, 0x3f, 0x3f, 0x1f, 0x00, 0x00
};
// 'ubuntu', 32x32px
const unsigned char fab_32x32_fa_ubuntu [] PROGMEM = {
	0x00, 0x00, 0x00, 0x80, 0xc0, 0xe0, 0xf0, 0xf8, 0xf8, 0xfc, 0xfc, 0xfe, 0xfe, 0xfe, 0xfe, 0xff, 
	0xff, 0xff, 0xfe, 0xfe, 0x3e, 0x1e, 0x3c, 0xfc, 0xf8, 0xf8, 0xf0, 0xe0, 0xc0, 0x80, 0x00, 0x00, 
	0x00, 0xf0, 0xfe, 0xff, 0xff, 0x3f, 0x3f, 0x3f, 0xdf, 0x07, 0x03, 0xe1, 0xf3, 0xfc, 0xf8, 0xfc, 
	0xfc, 0xfc, 0xf8, 0xf9, 0xf2, 0xe2, 0x82, 0x87, 0x9f, 0xff, 0xff, 0xff, 0xff, 0xff, 0xfe, 0xf0, 
	0x00, 0x0f, 0x7f, 0xff, 0xff, 0xfc, 0xfc, 0xfc, 0xfb, 0xe0, 0xc0, 0x87, 0xcf, 0x3f, 0x1f, 0x3f, 
	0x3f, 0x3f, 0x1f, 0x9f, 0x4f, 0x47, 0x41, 0xe1, 0xf9, 0xff, 0xff, 0xff, 0xff, 0xff, 0x7f, 0x0f, 
	0x00, 0x00, 0x00, 0x01, 0x03, 0x07, 0x0f, 0x1f, 0x1f, 0x3f, 0x3f, 0x7f, 0x7f, 0x7f, 0x7f, 0xff, 
	0xff, 0xff, 0x7f, 0x7f, 0x7c, 0x78, 0x3c, 0x3f, 0x1f, 0x1f, 0x0f, 0x07, 0x03, 0x01, 0x00, 0x00
};
// 'uikit', 32x32px
const unsigned char fab_32x32_fa_uikit [] PROGMEM = {
	0x00, 0x00, 0x00, 0x00, 0x00, 0x00, 0x00, 0x00, 0x00, 0x00, 0x00, 0x08, 0x1c, 0x1e, 0x3e, 0x3f, 
	0x3f, 0x1e, 0x9e, 0x8c, 0xc8, 0xc0, 0xe0, 0xe0, 0xe0, 0xc0, 0xc0, 0x80, 0x80, 0x00, 0x00, 0x00, 
	0x00, 0x00, 0xf8, 0xf8, 0xf0, 0xf0, 0xe0, 0xc0, 0x00, 0x00, 0x00, 0x00, 0x00, 0x00, 0x00, 0x00, 
	0x00, 0x00, 0x00, 0x01, 0x01, 0x03, 0x03, 0x07, 0xff, 0xff, 0xff, 0xff, 0xff, 0xff, 0x00, 0x00, 
	0x00, 0x00, 0xff, 0xff, 0xff, 0xff, 0xff, 0xff, 0xe0, 0xc0, 0xc0, 0x80, 0x00, 0x00, 0x00, 0x00, 
	0x00, 0x00, 0x00, 0x80, 0x80, 0xc0, 0xc0, 0xe0, 0xff, 0xff, 0xff, 0xff, 0xff, 0xff, 0x00, 0x00, 
	0x00, 0x00, 0x00, 0x01, 0x03, 0x03, 0x07, 0x07, 0x0f, 0x0f, 0x1f, 0x3f, 0x3f, 0x7f, 0x7e, 0xfe, 
	0xfe, 0x7f, 0x3f, 0x3f, 0x1f, 0x1f, 0x0f, 0x0f, 0x07, 0x03, 0x03, 0x01, 0x01, 0x00, 0x00, 0x00
};
// 'umbraco', 32x32px
const unsigned char fab_32x32_fa_umbraco [] PROGMEM = {
	0x00, 0x00, 0x00, 0x80, 0xe0, 0xe0, 0xf0, 0xf8, 0xfc, 0xfc, 0xfe, 0xfe, 0xfe, 0xfe, 0xff, 0xff, 
	0xff, 0xff, 0xfe, 0xfe, 0xfe, 0xfe, 0xfc, 0xfc, 0xf8, 0xf0, 0xe0, 0xe0, 0x80, 0x00, 0x00, 0x00, 
	0xc0, 0xfc, 0xff, 0xff, 0xff, 0xff, 0xff, 0x07, 0x03, 0x03, 0xff, 0xff, 0xff, 0xff, 0xff, 0xff, 
	0xff, 0xff, 0xff, 0xff, 0xff, 0xff, 0x03, 0x03, 0x03, 0xff, 0xff, 0xff, 0xff, 0xff, 0xfc, 0xc0, 
	0x03, 0x3f, 0xff, 0xff, 0xff, 0xff, 0xff, 0xf0, 0xc0, 0x80, 0x8f, 0x1f, 0x1f, 0x1f, 0x1f, 0x1f, 
	0x1f, 0x1f, 0x1f, 0x1f, 0x1f, 0x8f, 0x80, 0xc0, 0xf0, 0xff, 0xff, 0xff, 0xff, 0xff, 0x3f, 0x03, 
	0x00, 0x00, 0x00, 0x01, 0x03, 0x07, 0x0f, 0x1f, 0x3f, 0x3f, 0x7f, 0x7f, 0x7f, 0x7f, 0xff, 0xff, 
	0xff, 0xff, 0x7f, 0x7f, 0x7f, 0x7f, 0x3f, 0x3f, 0x1f, 0x0f, 0x07, 0x07, 0x01, 0x00, 0x00, 0x00
};
// 'uncharted', 32x32px
const unsigned char fab_32x32_fa_uncharted [] PROGMEM = {
	0x00, 0x00, 0x00, 0x80, 0xc0, 0xc0, 0xe0, 0xf0, 0x70, 0x38, 0x30, 0x00, 0x00, 0x00, 0x00, 0x00, 
	0x00, 0x00, 0x08, 0x1c, 0x1c, 0x00, 0x20, 0x70, 0x70, 0x00, 0x80, 0x80, 0x80, 0x00, 0x00, 0x00, 
	0x00, 0x00, 0x00, 0xff, 0xff, 0x07, 0x07, 0x0f, 0x0e, 0x1c, 0x1c, 0x38, 0x38, 0x10, 0x00, 0xc0, 
	0xc0, 0x00, 0x10, 0x38, 0x38, 0x00, 0x04, 0x0e, 0x0e, 0x00, 0x11, 0x39, 0x39, 0x00, 0x00, 0x00, 
	0x00, 0x00, 0x00, 0x00, 0x00, 0x00, 0x00, 0x00, 0x00, 0x00, 0x00, 0x00, 0x00, 0x00, 0x00, 0xfc, 
	0xfc, 0x00, 0x00, 0x00, 0x00, 0x00, 0x00, 0x00, 0x00, 0x00, 0x02, 0x07, 0x03, 0x00, 0x00, 0x00, 
	0x00, 0x00, 0x00, 0x00, 0x00, 0x00, 0x00, 0x00, 0x00, 0x03, 0x07, 0x0f, 0x0e, 0x1c, 0x1c, 0x3f, 
	0x3f, 0x1c, 0x1c, 0x0e, 0x0f, 0x07, 0x03, 0x00, 0x00, 0x00, 0x00, 0x00, 0x00, 0x00, 0x00, 0x00
};
// 'uniregistry', 32x32px
const unsigned char fab_32x32_fa_uniregistry [] PROGMEM = {
	0x00, 0x00, 0x00, 0x00, 0x00, 0x00, 0x00, 0x00, 0x00, 0x00, 0x00, 0x00, 0x00, 0x00, 0x00, 0x00, 
	0x00, 0x00, 0x00, 0x00, 0x00, 0x00, 0x00, 0x00, 0x00, 0x00, 0x00, 0x00, 0x00, 0x00, 0x00, 0x00, 
	0x00, 0x00, 0x00, 0x00, 0xa0, 0xa0, 0xa0, 0xa0, 0xa0, 0xa0, 0x00, 0x00, 0x00, 0x00, 0x00, 0x00, 
	0x00, 0x00, 0x00, 0x00, 0x00, 0x00, 0xa0, 0xa0, 0xa0, 0xa0, 0xa0, 0xa0, 0x00, 0x00, 0x00, 0x00, 
	0x00, 0x00, 0x00, 0x00, 0x1a, 0x7a, 0xfa, 0xfa, 0xfa, 0xfa, 0xf0, 0xe0, 0xc0, 0x00, 0x00, 0x00, 
	0x00, 0x00, 0x00, 0xc0, 0xe0, 0xf0, 0xfa, 0xfa, 0xfa, 0xfa, 0x7a, 0x1a, 0x00, 0x00, 0x00, 0x00, 
	0x00, 0x00, 0x00, 0x00, 0x00, 0x00, 0x01, 0x07, 0x07, 0x0f, 0x1f, 0x1f, 0x3f, 0x3f, 0x3f, 0x3f, 
	0x3f, 0x3f, 0x3f, 0x3f, 0x1f, 0x1f, 0x0f, 0x07, 0x03, 0x01, 0x00, 0x00, 0x00, 0x00, 0x00, 0x00
};
// 'unity', 32x32px
const unsigned char fab_32x32_fa_unity [] PROGMEM = {
	0x00, 0x00, 0x00, 0x00, 0x00, 0x00, 0x00, 0x00, 0x00, 0x00, 0x00, 0x00, 0x00, 0xc0, 0xe0, 0xe0, 
	0xe0, 0xe0, 0x70, 0x70, 0xf0, 0xf0, 0xf8, 0xf8, 0xf8, 0xe0, 0x00, 0x00, 0x00, 0x00, 0x00, 0x00, 
	0x00, 0x80, 0xc0, 0xe0, 0xf0, 0xf8, 0xf8, 0xbc, 0x9e, 0x8f, 0x87, 0x83, 0x81, 0x81, 0x80, 0x80, 
	0xc0, 0xf0, 0xfc, 0x3e, 0x1f, 0x07, 0x01, 0x01, 0x1f, 0xff, 0x7e, 0x30, 0x00, 0x00, 0x00, 0x00, 
	0x00, 0x01, 0x03, 0x07, 0x0f, 0x1f, 0x1f, 0x3d, 0x79, 0xf1, 0xe1, 0xc1, 0x81, 0x81, 0x01, 0x01, 
	0x03, 0x0f, 0x3f, 0x7c, 0xf8, 0xe0, 0x80, 0x80, 0xf8, 0xff, 0x7e, 0x0c, 0x00, 0x00, 0x00, 0x00, 
	0x00, 0x00, 0x00, 0x00, 0x00, 0x00, 0x00, 0x00, 0x00, 0x00, 0x00, 0x00, 0x00, 0x03, 0x07, 0x07, 
	0x07, 0x07, 0x0e, 0x0e, 0x0f, 0x0f, 0x1f, 0x1f, 0x1f, 0x07, 0x00, 0x00, 0x00, 0x00, 0x00, 0x00
};
// 'unsplash', 32x32px
const unsigned char fab_32x32_fa_unsplash [] PROGMEM = {
	0x00, 0x00, 0x00, 0x00, 0x00, 0x00, 0x00, 0x00, 0x00, 0x00, 0x00, 0xfc, 0xfc, 0xfc, 0xfc, 0xfc, 
	0xfc, 0xfc, 0xfc, 0xfc, 0xfc, 0x00, 0x00, 0x00, 0x00, 0x00, 0x00, 0x00, 0x00, 0x00, 0x00, 0x00, 
	0x00, 0x00, 0xc0, 0xc0, 0xc0, 0xc0, 0xc0, 0xc0, 0xc0, 0xc0, 0x80, 0x03, 0x03, 0x03, 0x03, 0x03, 
	0x03, 0x03, 0x03, 0x03, 0x03, 0x80, 0xc0, 0xc0, 0xc0, 0xc0, 0xc0, 0xc0, 0xc0, 0xc0, 0x00, 0x00, 
	0x00, 0x00, 0xff, 0xff, 0xff, 0xff, 0xff, 0xff, 0xff, 0xff, 0xff, 0xc0, 0xc0, 0xc0, 0xc0, 0xc0, 
	0xc0, 0xc0, 0xc0, 0xc0, 0xc0, 0xff, 0xff, 0xff, 0xff, 0xff, 0xff, 0xff, 0xff, 0xff, 0x00, 0x00, 
	0x00, 0x00, 0x3f, 0x3f, 0x3f, 0x3f, 0x3f, 0x3f, 0x3f, 0x3f, 0x3f, 0x3f, 0x3f, 0x3f, 0x3f, 0x3f, 
	0x3f, 0x3f, 0x3f, 0x3f, 0x3f, 0x3f, 0x3f, 0x3f, 0x3f, 0x3f, 0x3f, 0x3f, 0x3f, 0x3f, 0x00, 0x00
};
// 'untappd', 32x32px
const unsigned char fab_32x32_fa_untappd [] PROGMEM = {
	0x00, 0x00, 0x00, 0x00, 0x00, 0x00, 0x00, 0x00, 0x00, 0x00, 0x00, 0x10, 0x78, 0x78, 0x20, 0x80, 
	0xc0, 0xe0, 0xf8, 0x78, 0x10, 0x00, 0x00, 0x00, 0x00, 0x00, 0x00, 0x00, 0x00, 0x00, 0x00, 0x00, 
	0x00, 0x00, 0x00, 0x00, 0x00, 0x00, 0x00, 0xc0, 0xe0, 0xf0, 0xf8, 0xf8, 0xfc, 0xfe, 0xff, 0xff, 
	0x1f, 0xe7, 0xf9, 0xfc, 0xf8, 0xf8, 0xf0, 0xe0, 0xc0, 0x00, 0x00, 0x00, 0x00, 0x00, 0x00, 0x00, 
	0x00, 0x80, 0xe0, 0xf0, 0xf8, 0xfe, 0xff, 0xff, 0xff, 0xff, 0xff, 0x3f, 0x1f, 0x07, 0x03, 0x00, 
	0x00, 0x03, 0x07, 0x1f, 0x3f, 0xff, 0xff, 0xff, 0xff, 0xff, 0xfe, 0xf8, 0xf0, 0xe0, 0x80, 0x00, 
	0x00, 0x07, 0x0f, 0x0f, 0x1f, 0x1f, 0x1f, 0x0f, 0x07, 0x01, 0x00, 0x00, 0x00, 0x00, 0x00, 0x00, 
	0x00, 0x00, 0x00, 0x00, 0x00, 0x00, 0x01, 0x07, 0x0f, 0x1f, 0x1f, 0x1f, 0x0f, 0x0f, 0x07, 0x00
};
// 'ups', 32x32px
const unsigned char fab_32x32_fa_ups [] PROGMEM = {
	0x00, 0x00, 0x00, 0x00, 0xe0, 0xf0, 0xf0, 0xf8, 0xf8, 0xf8, 0x78, 0x7c, 0x3c, 0x3c, 0x3c, 0x1c, 
	0x1c, 0x1c, 0x1c, 0x1c, 0x1c, 0x18, 0x18, 0x18, 0x18, 0x10, 0x10, 0xe0, 0x00, 0x00, 0x00, 0x00, 
	0x00, 0x00, 0x00, 0x00, 0xff, 0x07, 0xf3, 0xf9, 0x00, 0x00, 0xf0, 0xf8, 0x00, 0x00, 0xf8, 0xf8, 
	0x18, 0x38, 0xf0, 0xe0, 0x60, 0xf0, 0xf8, 0x98, 0x18, 0x00, 0x00, 0xff, 0x00, 0x00, 0x00, 0x00, 
	0x00, 0x00, 0x00, 0x00, 0x1f, 0x70, 0x87, 0x0f, 0x1c, 0x18, 0x1f, 0x1f, 0x00, 0xe0, 0xff, 0xff, 
	0x18, 0x1c, 0x0f, 0x07, 0x00, 0x18, 0x19, 0x1b, 0x1f, 0x86, 0x70, 0x1f, 0x00, 0x00, 0x00, 0x00, 
	0x00, 0x00, 0x00, 0x00, 0x00, 0x00, 0x01, 0x03, 0x02, 0x04, 0x0c, 0x08, 0x18, 0x10, 0x11, 0x21, 
	0x20, 0x10, 0x10, 0x08, 0x08, 0x0c, 0x04, 0x02, 0x03, 0x01, 0x00, 0x00, 0x00, 0x00, 0x00, 0x00
};
// 'usb', 32x32px
const unsigned char fab_32x32_fa_usb [] PROGMEM = {
	0x00, 0x00, 0x00, 0x00, 0x00, 0x00, 0x00, 0x00, 0x00, 0x00, 0x00, 0x00, 0x00, 0x00, 0x00, 0x00, 
	0x80, 0xc0, 0xc0, 0xc0, 0x80, 0x00, 0x00, 0x00, 0x00, 0x00, 0x00, 0x00, 0x00, 0x00, 0x00, 0x00, 
	0xc0, 0xe0, 0xe0, 0xf0, 0xf0, 0xe0, 0xc0, 0x80, 0x80, 0xc0, 0xf0, 0xfc, 0x9e, 0x87, 0x83, 0x83, 
	0x83, 0x87, 0x87, 0x87, 0x87, 0x80, 0x80, 0x80, 0x80, 0x80, 0x80, 0xe0, 0xc0, 0xc0, 0x80, 0x80, 
	0x03, 0x07, 0x07, 0x0f, 0x0f, 0x07, 0x03, 0x01, 0x01, 0x01, 0x01, 0x01, 0x01, 0x03, 0x1f, 0x3d, 
	0xf1, 0xc1, 0xc1, 0xc1, 0xe1, 0xe1, 0xe1, 0xe1, 0xe1, 0x01, 0x01, 0x07, 0x03, 0x03, 0x01, 0x01, 
	0x00, 0x00, 0x00, 0x00, 0x00, 0x00, 0x00, 0x00, 0x00, 0x00, 0x00, 0x00, 0x00, 0x00, 0x00, 0x00, 
	0x00, 0x00, 0x00, 0x01, 0x03, 0x03, 0x03, 0x03, 0x03, 0x00, 0x00, 0x00, 0x00, 0x00, 0x00, 0x00
};
// 'usps', 32x32px
const unsigned char fab_32x32_fa_usps [] PROGMEM = {
	0x00, 0x00, 0x00, 0x00, 0x00, 0x00, 0x00, 0x00, 0x80, 0x80, 0x80, 0x80, 0x80, 0x80, 0x80, 0x80, 
	0x80, 0x80, 0x80, 0x80, 0x80, 0x80, 0x80, 0x80, 0x80, 0x80, 0x80, 0x80, 0x80, 0x80, 0x00, 0x00, 
	0x00, 0x00, 0x00, 0x80, 0xf0, 0xf8, 0xf8, 0xf8, 0xf8, 0xf8, 0xf8, 0xf9, 0xf9, 0x19, 0x19, 0x19, 
	0x1b, 0x1b, 0x1b, 0x9b, 0x93, 0x97, 0x97, 0x1f, 0x1f, 0x3f, 0xff, 0xff, 0xff, 0x0f, 0x00, 0x00, 
	0x00, 0x00, 0xf0, 0xff, 0x7f, 0x7f, 0xbf, 0xbf, 0x9f, 0xdf, 0xcf, 0xcf, 0xe7, 0xe7, 0xf2, 0xf2, 
	0xf2, 0xf9, 0xf9, 0xfc, 0xfc, 0xfc, 0xfe, 0xfe, 0xff, 0xff, 0xff, 0x1f, 0x01, 0x00, 0x00, 0x00, 
	0x00, 0x00, 0x00, 0x00, 0x00, 0x01, 0x01, 0x01, 0x01, 0x01, 0x01, 0x01, 0x01, 0x01, 0x01, 0x01, 
	0x01, 0x01, 0x01, 0x01, 0x01, 0x01, 0x01, 0x01, 0x01, 0x01, 0x01, 0x00, 0x00, 0x00, 0x00, 0x00
};
// 'ussunnah', 32x32px
const unsigned char fab_32x32_fa_ussunnah [] PROGMEM = {
	0x00, 0x00, 0x00, 0x00, 0x00, 0x00, 0x00, 0x00, 0xc0, 0xc0, 0xe0, 0x60, 0x60, 0x30, 0x20, 0x30, 
	0x30, 0x20, 0x30, 0x60, 0x60, 0xe0, 0xc0, 0xc0, 0x00, 0x00, 0x00, 0x00, 0x00, 0x00, 0x00, 0x00, 
	0x00, 0x00, 0x00, 0x80, 0xf0, 0x3c, 0x0f, 0xe3, 0xf9, 0x7c, 0xfe, 0xfe, 0xff, 0xff, 0xff, 0xff, 
	0xff, 0xff, 0xff, 0xff, 0xce, 0xfe, 0xfc, 0xf9, 0xe3, 0x0f, 0x3c, 0xf0, 0x80, 0x00, 0x00, 0x00, 
	0x00, 0x00, 0x00, 0x07, 0x3f, 0xf0, 0x83, 0x1f, 0x79, 0xf0, 0xf1, 0xf7, 0xf7, 0xf1, 0xf7, 0xf3, 
	0xf3, 0xf1, 0xf3, 0xf7, 0xf3, 0xff, 0xfb, 0x7f, 0x1f, 0x83, 0xf0, 0x3f, 0x07, 0x00, 0x00, 0x00, 
	0x00, 0x00, 0x00, 0x00, 0x00, 0x00, 0x01, 0x07, 0x06, 0x0c, 0x19, 0x1b, 0x1b, 0x13, 0x33, 0x37, 
	0x37, 0x33, 0x13, 0x1b, 0x19, 0x19, 0x0c, 0x06, 0x07, 0x01, 0x00, 0x00, 0x00, 0x00, 0x00, 0x00
};
// 'vaadin', 32x32px
const unsigned char fab_32x32_fa_vaadin [] PROGMEM = {
	0x00, 0x00, 0xfc, 0xfc, 0xf8, 0xe0, 0xe0, 0xe0, 0xe0, 0xe0, 0xe0, 0xe0, 0xe0, 0xc0, 0xc0, 0x80, 
	0x80, 0xc0, 0xc0, 0xe0, 0xe0, 0xe0, 0xe0, 0xe0, 0xe0, 0xe0, 0xe0, 0xf8, 0xfc, 0xfc, 0x00, 0x00, 
	0x00, 0x00, 0x00, 0x01, 0x01, 0x03, 0x03, 0x03, 0x83, 0xc3, 0xc3, 0x83, 0x03, 0x03, 0x07, 0x1f, 
	0x1f, 0x07, 0x03, 0x03, 0x83, 0xc3, 0xc3, 0x83, 0x03, 0x03, 0x03, 0x01, 0x01, 0x00, 0x00, 0x00, 
	0x00, 0x00, 0x00, 0x00, 0x00, 0x00, 0x00, 0x00, 0x01, 0x07, 0x1f, 0x7f, 0xff, 0xfc, 0xf0, 0xc0, 
	0xc0, 0xf0, 0xfc, 0xff, 0x7f, 0x1f, 0x07, 0x01, 0x00, 0x00, 0x00, 0x00, 0x00, 0x00, 0x00, 0x00, 
	0x00, 0x00, 0x00, 0x00, 0x00, 0x00, 0x00, 0x00, 0x00, 0x00, 0x00, 0x00, 0x00, 0x03, 0x0f, 0x0f, 
	0x0f, 0x0f, 0x03, 0x00, 0x00, 0x00, 0x00, 0x00, 0x00, 0x00, 0x00, 0x00, 0x00, 0x00, 0x00, 0x00
};
// 'viacoin', 32x32px
const unsigned char fab_32x32_fa_viacoin [] PROGMEM = {
	0x00, 0x00, 0x00, 0x00, 0x04, 0x3c, 0xfc, 0xfc, 0xf8, 0xe0, 0x00, 0x00, 0x00, 0x00, 0x00, 0x00, 
	0x00, 0x00, 0x00, 0x00, 0x00, 0x00, 0xe0, 0xf8, 0xfc, 0xfc, 0x3c, 0x04, 0x00, 0x00, 0x00, 0x00, 
	0x00, 0x00, 0x00, 0x00, 0xce, 0xce, 0xce, 0xcf, 0xdf, 0xff, 0xff, 0xfc, 0xe0, 0xc0, 0xc0, 0xc0, 
	0xc0, 0xc0, 0xc0, 0xe0, 0xfc, 0xff, 0xff, 0xdf, 0xcf, 0xce, 0xce, 0xce, 0x00, 0x00, 0x00, 0x00, 
	0x00, 0x00, 0x00, 0x00, 0x01, 0x01, 0x01, 0x01, 0x01, 0x01, 0x01, 0x0f, 0x3f, 0xff, 0xff, 0xf1, 
	0xf1, 0xff, 0xff, 0x3f, 0x0f, 0x01, 0x01, 0x01, 0x01, 0x01, 0x01, 0x01, 0x00, 0x00, 0x00, 0x00, 
	0x00, 0x00, 0x00, 0x00, 0x00, 0x00, 0x00, 0x00, 0x00, 0x00, 0x00, 0x00, 0x00, 0x00, 0x07, 0x1f, 
	0x1f, 0x07, 0x00, 0x00, 0x00, 0x00, 0x00, 0x00, 0x00, 0x00, 0x00, 0x00, 0x00, 0x00, 0x00, 0x00
};
// 'viadeo', 32x32px
const unsigned char fab_32x32_fa_viadeo [] PROGMEM = {
	0x00, 0x00, 0x00, 0x00, 0x00, 0x00, 0x00, 0x00, 0x00, 0x00, 0x00, 0x00, 0x00, 0x00, 0x00, 0x00, 
	0x04, 0x18, 0x40, 0x00, 0xc0, 0xe0, 0xe0, 0xf0, 0xf0, 0xf0, 0xf8, 0xfc, 0xfe, 0xf0, 0x00, 0x00, 
	0x00, 0x00, 0x00, 0x80, 0xe0, 0xf0, 0xf8, 0x38, 0x3c, 0x1c, 0x0e, 0x0e, 0x0e, 0x0e, 0x0e, 0x0e, 
	0x0e, 0x00, 0x00, 0xf3, 0x07, 0x07, 0x1f, 0x3f, 0x3f, 0x3f, 0x1f, 0x1f, 0x07, 0x01, 0x00, 0x00, 
	0x00, 0x00, 0x7c, 0xff, 0xff, 0x83, 0x00, 0x00, 0x00, 0x00, 0x00, 0x00, 0x00, 0x00, 0x00, 0x00, 
	0x00, 0x80, 0xf0, 0x3f, 0x01, 0x80, 0xfe, 0xff, 0x7c, 0x00, 0x00, 0x00, 0x00, 0x00, 0x00, 0x00, 
	0x00, 0x00, 0x00, 0x03, 0x07, 0x1f, 0x3e, 0x38, 0x70, 0x70, 0xe0, 0xe0, 0xe0, 0xf0, 0xf0, 0xec, 
	0xe6, 0x73, 0x70, 0x38, 0x3c, 0x1f, 0x0f, 0x03, 0x00, 0x00, 0x00, 0x00, 0x00, 0x00, 0x00, 0x00
};
// 'viadeo-square', 32x32px
const unsigned char fab_32x32_fa_viadeo_square [] PROGMEM = {
	0x00, 0x00, 0xf8, 0xfc, 0xfc, 0xfc, 0xfc, 0xfc, 0xfc, 0xfc, 0xfc, 0xfc, 0xfc, 0xfc, 0xfc, 0xfc, 
	0xfc, 0xfc, 0xfc, 0xfc, 0xfc, 0xfc, 0xfc, 0x7c, 0xfc, 0xfc, 0xfc, 0xfc, 0xfc, 0xf8, 0x00, 0x00, 
	0x00, 0x00, 0xff, 0xff, 0xff, 0xff, 0xff, 0xff, 0x7f, 0x3f, 0x9f, 0xcf, 0xcf, 0xef, 0xef, 0xef, 
	0xef, 0xff, 0x67, 0xe1, 0xc1, 0x80, 0xc0, 0xe0, 0xf9, 0xff, 0xff, 0xff, 0xff, 0xff, 0x00, 0x00, 
	0x00, 0x00, 0xff, 0xff, 0xff, 0xff, 0xff, 0xf3, 0x80, 0x1e, 0x7f, 0x7f, 0xff, 0xff, 0xff, 0xff, 
	0xff, 0x67, 0x38, 0x1f, 0xc0, 0xff, 0xff, 0xff, 0xff, 0xff, 0xff, 0xff, 0xff, 0xff, 0x00, 0x00, 
	0x00, 0x00, 0x1f, 0x3f, 0x3f, 0x3f, 0x3f, 0x3f, 0x3f, 0x3f, 0x3e, 0x3e, 0x3c, 0x3c, 0x3c, 0x3c, 
	0x3c, 0x3e, 0x3e, 0x3f, 0x3f, 0x3f, 0x3f, 0x3f, 0x3f, 0x3f, 0x3f, 0x3f, 0x3f, 0x1f, 0x00, 0x00
};
// 'viber', 32x32px
const unsigned char fab_32x32_fa_viber [] PROGMEM = {
	0x00, 0x00, 0xe0, 0xf0, 0x78, 0x1c, 0x0c, 0x0e, 0x06, 0x86, 0x87, 0x87, 0x03, 0x03, 0x03, 0x03, 
	0x43, 0x43, 0x43, 0x47, 0x87, 0x07, 0x06, 0x06, 0x0e, 0x0c, 0x1c, 0x78, 0xf0, 0xe0, 0x00, 0x00, 
	0x00, 0xff, 0xff, 0x03, 0x00, 0x00, 0x00, 0x00, 0x0f, 0x3f, 0xff, 0xff, 0xce, 0x00, 0x00, 0x00, 
	0x01, 0x05, 0x05, 0x1a, 0x04, 0x39, 0x06, 0x38, 0x00, 0x00, 0x00, 0x00, 0x03, 0xff, 0xff, 0x00, 
	0x00, 0x1f, 0x7f, 0xf8, 0xc0, 0x80, 0x00, 0x00, 0x00, 0x00, 0x00, 0x01, 0x03, 0x07, 0x0e, 0x0c, 
	0x1c, 0x3c, 0x3e, 0x3e, 0x7e, 0x7c, 0x3c, 0x00, 0x00, 0x00, 0x80, 0xe0, 0xfc, 0x7f, 0x1f, 0x00, 
	0x00, 0x00, 0x00, 0x00, 0x01, 0x03, 0x07, 0x07, 0xfe, 0x80, 0xc0, 0x20, 0x10, 0x0c, 0x0c, 0x0c, 
	0x0c, 0x0c, 0x0c, 0x0c, 0x0e, 0x0e, 0x0e, 0x06, 0x07, 0x07, 0x03, 0x01, 0x00, 0x00, 0x00, 0x00
};
// 'vimeo', 32x32px
const unsigned char fab_32x32_fa_vimeo [] PROGMEM = {
	0x00, 0x00, 0xf8, 0xfc, 0xfc, 0xfc, 0xfc, 0xfc, 0xfc, 0xfc, 0xfc, 0xfc, 0xfc, 0xfc, 0xfc, 0xfc, 
	0xfc, 0xfc, 0xfc, 0xfc, 0xfc, 0x7c, 0x7c, 0x7c, 0xfc, 0xfc, 0xfc, 0xfc, 0xfc, 0xf8, 0x00, 0x00, 
	0x00, 0x00, 0xff, 0xff, 0xff, 0xff, 0xe7, 0xf3, 0xe1, 0xc0, 0x00, 0x00, 0x00, 0x01, 0x1f, 0xff, 
	0xff, 0xf7, 0xf1, 0x70, 0x00, 0x00, 0x00, 0x00, 0x80, 0xf3, 0xff, 0xff, 0xff, 0xff, 0x00, 0x00, 
	0x00, 0x00, 0xff, 0xff, 0xff, 0xff, 0xff, 0xff, 0xff, 0xff, 0xfc, 0xe0, 0x80, 0x00, 0x00, 0x01, 
	0x03, 0x83, 0x80, 0xc0, 0xf0, 0xf8, 0xfc, 0xff, 0xff, 0xff, 0xff, 0xff, 0xff, 0xff, 0x00, 0x00, 
	0x00, 0x00, 0x1f, 0x3f, 0x3f, 0x3f, 0x3f, 0x3f, 0x3f, 0x3f, 0x3f, 0x3f, 0x3f, 0x3f, 0x3e, 0x3e, 
	0x3f, 0x3f, 0x3f, 0x3f, 0x3f, 0x3f, 0x3f, 0x3f, 0x3f, 0x3f, 0x3f, 0x3f, 0x3f, 0x1f, 0x00, 0x00
};
// 'vimeo-square', 32x32px
const unsigned char fab_32x32_fa_vimeo_square [] PROGMEM = {
	0x00, 0x00, 0xf8, 0xfc, 0xfc, 0xfc, 0xfc, 0xfc, 0xfc, 0xfc, 0xfc, 0xfc, 0xfc, 0xfc, 0xfc, 0xfc, 
	0xfc, 0xfc, 0xfc, 0xfc, 0xfc, 0xfc, 0x7c, 0x7c, 0xfc, 0xfc, 0xfc, 0xfc, 0xfc, 0xf8, 0x00, 0x00, 
	0x00, 0x00, 0xff, 0xff, 0xff, 0xff, 0xef, 0xe7, 0xf3, 0xe1, 0x00, 0x00, 0x00, 0x00, 0x03, 0x7f, 
	0xff, 0xff, 0xf3, 0xf1, 0x00, 0x00, 0x00, 0x00, 0x80, 0xe1, 0xff, 0xff, 0xff, 0xff, 0x00, 0x00, 
	0x00, 0x00, 0xff, 0xff, 0xff, 0xff, 0xff, 0xff, 0xff, 0xff, 0xff, 0xf8, 0xc0, 0x00, 0x00, 0x00, 
	0x03, 0x03, 0x81, 0xc0, 0xe0, 0xf0, 0xfc, 0xfe, 0xff, 0xff, 0xff, 0xff, 0xff, 0xff, 0x00, 0x00, 
	0x00, 0x00, 0x1f, 0x3f, 0x3f, 0x3f, 0x3f, 0x3f, 0x3f, 0x3f, 0x3f, 0x3f, 0x3f, 0x3f, 0x3f, 0x3e, 
	0x3f, 0x3f, 0x3f, 0x3f, 0x3f, 0x3f, 0x3f, 0x3f, 0x3f, 0x3f, 0x3f, 0x3f, 0x3f, 0x1f, 0x00, 0x00
};
// 'vimeo-v', 32x32px
const unsigned char fab_32x32_fa_vimeo_v [] PROGMEM = {
	0x00, 0x00, 0x00, 0x00, 0x00, 0x80, 0xc0, 0xc0, 0xe0, 0xe0, 0xf0, 0xf0, 0xe0, 0xc0, 0x00, 0x00, 
	0x00, 0x00, 0x00, 0x80, 0xc0, 0xe0, 0xe0, 0xf0, 0xf0, 0xf0, 0xf0, 0xf0, 0xe0, 0xc0, 0x00, 0x00, 
	0x00, 0x00, 0x04, 0x0e, 0x07, 0x07, 0x0f, 0x1f, 0xff, 0xff, 0xff, 0xff, 0xff, 0xff, 0xfc, 0x80, 
	0x00, 0x00, 0x02, 0x03, 0x03, 0xc7, 0xff, 0xff, 0xff, 0xff, 0xff, 0xff, 0x3f, 0x0f, 0x00, 0x00, 
	0x00, 0x00, 0x00, 0x00, 0x00, 0x00, 0x00, 0x00, 0x01, 0x0f, 0xff, 0xff, 0xff, 0xff, 0xff, 0xff, 
	0xf8, 0xf8, 0xf8, 0xfc, 0xff, 0xff, 0x7f, 0x3f, 0x1f, 0x07, 0x03, 0x00, 0x00, 0x00, 0x00, 0x00, 
	0x00, 0x00, 0x00, 0x00, 0x00, 0x00, 0x00, 0x00, 0x00, 0x00, 0x00, 0x03, 0x07, 0x0f, 0x0f, 0x0f, 
	0x0f, 0x07, 0x07, 0x03, 0x01, 0x00, 0x00, 0x00, 0x00, 0x00, 0x00, 0x00, 0x00, 0x00, 0x00, 0x00
};
// 'vine', 32x32px
const unsigned char fab_32x32_fa_vine [] PROGMEM = {
	0x00, 0x00, 0x00, 0x00, 0xc0, 0xc0, 0xc0, 0xc0, 0x80, 0x00, 0x00, 0x00, 0x00, 0x00, 0x00, 0x00, 
	0xe0, 0xf0, 0xf8, 0xf8, 0x7c, 0x7c, 0x7c, 0xfc, 0xf8, 0xf8, 0xf0, 0xc0, 0x00, 0x00, 0x00, 0x00, 
	0x00, 0x00, 0x00, 0x00, 0x03, 0x3f, 0xff, 0xff, 0xff, 0xf8, 0x80, 0x00, 0x00, 0x00, 0x00, 0x00, 
	0x3f, 0xff, 0xff, 0xff, 0xe0, 0xc0, 0x80, 0x1d, 0x3f, 0x3f, 0x3f, 0x1f, 0x00, 0x00, 0x00, 0x00, 
	0x00, 0x00, 0x00, 0x00, 0x00, 0x00, 0x03, 0x0f, 0x3f, 0xff, 0xff, 0xfc, 0xf0, 0xc0, 0x80, 0x00, 
	0x00, 0x80, 0xc1, 0xf3, 0xff, 0xff, 0x7f, 0x3f, 0x0f, 0x0f, 0x07, 0x07, 0x00, 0x00, 0x00, 0x00, 
	0x00, 0x00, 0x00, 0x00, 0x00, 0x00, 0x00, 0x00, 0x00, 0x00, 0x03, 0x07, 0x0f, 0x1f, 0x1f, 0x3e, 
	0x3e, 0x1f, 0x0f, 0x07, 0x03, 0x01, 0x00, 0x00, 0x00, 0x00, 0x00, 0x00, 0x00, 0x00, 0x00, 0x00
};
// 'vk', 32x32px
const unsigned char fab_32x32_fa_vk [] PROGMEM = {
	0x00, 0x80, 0x80, 0x80, 0x80, 0x80, 0x00, 0x00, 0x00, 0x00, 0x00, 0x00, 0x80, 0x80, 0x80, 0x80, 
	0x80, 0x80, 0x00, 0x00, 0x00, 0x00, 0x00, 0x00, 0x00, 0x80, 0x80, 0x80, 0x80, 0x80, 0x00, 0x00, 
	0x00, 0x03, 0x1f, 0x7f, 0xff, 0xff, 0xff, 0xfc, 0xf0, 0xc0, 0x80, 0x00, 0x03, 0xff, 0xff, 0xff, 
	0xff, 0xff, 0xff, 0x00, 0x80, 0xc0, 0xf0, 0xfc, 0xff, 0xff, 0x7f, 0x3f, 0x0f, 0x03, 0x00, 0x00, 
	0x00, 0x00, 0x00, 0x00, 0x00, 0x03, 0x07, 0x1f, 0x3f, 0x3f, 0x7f, 0xfe, 0xfe, 0xff, 0xff, 0xff, 
	0xff, 0xff, 0xff, 0x0f, 0x0f, 0x1f, 0x3f, 0x7f, 0xff, 0xff, 0xfc, 0xf8, 0xf0, 0xe0, 0x80, 0x00, 
	0x00, 0x00, 0x00, 0x00, 0x00, 0x00, 0x00, 0x00, 0x00, 0x00, 0x00, 0x00, 0x00, 0x00, 0x01, 0x01, 
	0x01, 0x01, 0x00, 0x00, 0x00, 0x00, 0x00, 0x00, 0x00, 0x00, 0x01, 0x01, 0x01, 0x01, 0x01, 0x00
};
// 'vnv', 32x32px
const unsigned char fab_32x32_fa_vnv [] PROGMEM = {
	0x00, 0x00, 0x00, 0x00, 0x00, 0x00, 0x00, 0x00, 0x00, 0x00, 0x00, 0x00, 0x00, 0x00, 0x00, 0x00, 
	0x00, 0x00, 0x00, 0x00, 0x00, 0x00, 0x00, 0x00, 0x00, 0x00, 0x00, 0x00, 0x00, 0x00, 0x00, 0x00, 
	0x60, 0xe0, 0xe0, 0xc0, 0x00, 0x00, 0x00, 0x00, 0x80, 0xe0, 0xe0, 0x60, 0x80, 0xe0, 0xe0, 0xe0, 
	0xe0, 0xe0, 0xe0, 0x80, 0x60, 0xe0, 0xe0, 0x80, 0x00, 0x00, 0x00, 0x00, 0xc0, 0xe0, 0xe0, 0x60, 
	0x00, 0x01, 0x07, 0x0f, 0x1f, 0x1c, 0x1c, 0x1e, 0x0f, 0x07, 0x19, 0x1e, 0x1f, 0x07, 0x01, 0x00, 
	0x00, 0x01, 0x07, 0x1f, 0x1e, 0x19, 0x07, 0x0f, 0x1e, 0x1c, 0x1c, 0x1f, 0x0f, 0x07, 0x01, 0x00, 
	0x00, 0x00, 0x00, 0x00, 0x00, 0x00, 0x00, 0x00, 0x00, 0x00, 0x00, 0x00, 0x00, 0x00, 0x00, 0x00, 
	0x00, 0x00, 0x00, 0x00, 0x00, 0x00, 0x00, 0x00, 0x00, 0x00, 0x00, 0x00, 0x00, 0x00, 0x00, 0x00
};
// 'vuejs', 32x32px
const unsigned char fab_32x32_fa_vuejs [] PROGMEM = {
	0x00, 0x00, 0x10, 0x70, 0xf0, 0xf0, 0x30, 0x30, 0x30, 0x70, 0xf0, 0xf0, 0xf0, 0xe0, 0x80, 0x00, 
	0x00, 0x80, 0xc0, 0xf0, 0xf0, 0xf0, 0x70, 0x30, 0x30, 0x30, 0xf0, 0xf0, 0x70, 0x10, 0x00, 0x00, 
	0x00, 0x00, 0x00, 0x00, 0x00, 0x03, 0x0f, 0x3e, 0x78, 0xe0, 0x81, 0x07, 0x0f, 0x3f, 0xff, 0xfe, 
	0xfe, 0xff, 0x3f, 0x0f, 0x07, 0x81, 0xe0, 0x78, 0x3e, 0x0f, 0x03, 0x00, 0x00, 0x00, 0x00, 0x00, 
	0x00, 0x00, 0x00, 0x00, 0x00, 0x00, 0x00, 0x00, 0x00, 0x01, 0x07, 0x0f, 0x3c, 0xf0, 0xe0, 0x83, 
	0x83, 0xe0, 0xf0, 0x3c, 0x0f, 0x07, 0x01, 0x00, 0x00, 0x00, 0x00, 0x00, 0x00, 0x00, 0x00, 0x00, 
	0x00, 0x00, 0x00, 0x00, 0x00, 0x00, 0x00, 0x00, 0x00, 0x00, 0x00, 0x00, 0x00, 0x00, 0x03, 0x07, 
	0x07, 0x03, 0x00, 0x00, 0x00, 0x00, 0x00, 0x00, 0x00, 0x00, 0x00, 0x00, 0x00, 0x00, 0x00, 0x00
};
// 'watchman-monitoring', 32x32px
const unsigned char fab_32x32_fa_watchman_monitoring [] PROGMEM = {
	0x00, 0x00, 0x00, 0x00, 0xc0, 0x60, 0x30, 0x10, 0x18, 0x8c, 0x8c, 0xc4, 0xc6, 0x86, 0x02, 0x02, 
	0x02, 0x02, 0x06, 0x06, 0x04, 0x0c, 0x0c, 0x98, 0x90, 0xb0, 0xe0, 0xc0, 0x00, 0x00, 0x00, 0x00, 
	0x00, 0xf0, 0x3e, 0x0f, 0x0f, 0x0f, 0x06, 0x06, 0x16, 0xff, 0xff, 0xff, 0xff, 0xff, 0x3f, 0x06, 
	0x06, 0x06, 0x07, 0x0f, 0x0f, 0x0f, 0x0f, 0x0f, 0x0f, 0x0f, 0x1f, 0x1f, 0x1f, 0x3e, 0xf0, 0x00, 
	0x00, 0x0f, 0x7c, 0xe0, 0x80, 0x00, 0x00, 0x00, 0xf0, 0xff, 0xff, 0xff, 0xff, 0xff, 0xff, 0x80, 
	0x00, 0x00, 0x00, 0x00, 0x00, 0x00, 0x00, 0x00, 0x00, 0x00, 0x00, 0x80, 0xe0, 0x7c, 0x0f, 0x00, 
	0x00, 0x00, 0x00, 0x00, 0x03, 0x06, 0x0c, 0x0c, 0x1f, 0x3f, 0x3f, 0x3f, 0x7f, 0x7f, 0x7f, 0x7f, 
	0x60, 0x40, 0x60, 0x60, 0x20, 0x30, 0x30, 0x18, 0x08, 0x0c, 0x06, 0x03, 0x00, 0x00, 0x00, 0x00
};
// 'waze', 32x32px
const unsigned char fab_32x32_fa_waze [] PROGMEM = {
	0x00, 0x00, 0x00, 0x00, 0x00, 0x00, 0x00, 0xc0, 0xc0, 0x60, 0x30, 0x10, 0x18, 0x18, 0x0c, 0x0c, 
	0x0c, 0x0c, 0x0c, 0x0c, 0x0c, 0x0c, 0x18, 0x18, 0x30, 0x30, 0x60, 0xc0, 0x80, 0x00, 0x00, 0x00, 
	0x00, 0x00, 0x00, 0x00, 0xc0, 0xfe, 0x0f, 0x01, 0x00, 0x00, 0x00, 0x00, 0x00, 0x9c, 0x1c, 0x18, 
	0x00, 0x00, 0x00, 0x00, 0x18, 0x1c, 0x9c, 0x00, 0x00, 0x00, 0x00, 0x00, 0x03, 0x0f, 0xfc, 0xe0, 
	0x10, 0x38, 0x78, 0xcc, 0x8f, 0x83, 0x00, 0x00, 0x00, 0x00, 0x00, 0x00, 0x00, 0x03, 0x06, 0x0c, 
	0x0c, 0x0c, 0x0c, 0x0c, 0x0c, 0x06, 0x03, 0x01, 0x00, 0x80, 0xc0, 0xe0, 0x70, 0x1e, 0x07, 0x00, 
	0x00, 0x00, 0x00, 0x00, 0x01, 0x01, 0x03, 0x1f, 0x3f, 0x3f, 0x3f, 0x3f, 0x1e, 0x06, 0x06, 0x06, 
	0x06, 0x06, 0x0e, 0x1f, 0x3f, 0x3f, 0x3f, 0x1f, 0x07, 0x01, 0x00, 0x00, 0x00, 0x00, 0x00, 0x00
};
// 'weebly', 32x32px
const unsigned char fab_32x32_fa_weebly [] PROGMEM = {
	0x80, 0xc0, 0xe0, 0xf0, 0xf0, 0x70, 0xf0, 0xf0, 0xe0, 0xc0, 0x80, 0xc0, 0xe0, 0xe0, 0xf0, 0x70, 
	0x70, 0xf0, 0xe0, 0xe0, 0xc0, 0x80, 0xc0, 0xe0, 0xf0, 0xf0, 0x70, 0xf0, 0xf0, 0xe0, 0xc0, 0x80, 
	0x0f, 0x7f, 0xff, 0xfd, 0xe0, 0x00, 0x00, 0x00, 0x07, 0x3f, 0xff, 0xff, 0x1f, 0x03, 0x00, 0x00, 
	0x00, 0x00, 0x03, 0x1f, 0xff, 0xff, 0x3f, 0x07, 0x00, 0x00, 0x00, 0xe0, 0xfd, 0xff, 0x7f, 0x0f, 
	0x00, 0x00, 0x01, 0x0f, 0x7f, 0xff, 0xfc, 0xe0, 0x80, 0x00, 0x01, 0x00, 0x00, 0xc0, 0xf8, 0xff, 
	0xff, 0xf8, 0xc0, 0x00, 0x00, 0x01, 0x00, 0x80, 0xe0, 0xfc, 0xff, 0x7f, 0x0f, 0x01, 0x00, 0x00, 
	0x00, 0x00, 0x00, 0x00, 0x00, 0x01, 0x03, 0x07, 0x0f, 0x0f, 0x0e, 0x0f, 0x0f, 0x07, 0x07, 0x01, 
	0x01, 0x07, 0x07, 0x0f, 0x0e, 0x0e, 0x0f, 0x0f, 0x07, 0x03, 0x01, 0x00, 0x00, 0x00, 0x00, 0x00
};
// 'weibo', 32x32px
const unsigned char fab_32x32_fa_weibo [] PROGMEM = {
	0x00, 0x00, 0x00, 0x00, 0x00, 0x00, 0x00, 0x00, 0x80, 0x80, 0xc0, 0xc0, 0xc0, 0xc0, 0xc0, 0x80, 
	0x00, 0x00, 0x00, 0x00, 0x00, 0x0c, 0x9c, 0xdc, 0xdc, 0x9c, 0x18, 0x38, 0x70, 0xf0, 0xc0, 0x80, 
	0x00, 0xc0, 0xe0, 0xf0, 0xf8, 0xfc, 0x7e, 0x7f, 0x3f, 0x3f, 0x3f, 0x3f, 0x1f, 0x1f, 0x1f, 0x3f, 
	0x3c, 0x3c, 0x3c, 0x7e, 0xfe, 0xfe, 0xfc, 0xfd, 0x81, 0x8f, 0x0f, 0x0e, 0x00, 0x1f, 0x3f, 0x1f, 
	0x3f, 0x7f, 0xff, 0xc7, 0x81, 0x00, 0x00, 0x78, 0xfc, 0x8e, 0x8f, 0xcf, 0xff, 0xf7, 0xff, 0x7e, 
	0x3c, 0x00, 0x00, 0x00, 0x80, 0xc1, 0xff, 0xff, 0xff, 0xff, 0x7f, 0x1e, 0x00, 0x00, 0x00, 0x00, 
	0x00, 0x00, 0x00, 0x01, 0x03, 0x03, 0x06, 0x06, 0x04, 0x0c, 0x0d, 0x0d, 0x0d, 0x0d, 0x0c, 0x0c, 
	0x0e, 0x0e, 0x07, 0x07, 0x07, 0x03, 0x03, 0x01, 0x01, 0x00, 0x00, 0x00, 0x00, 0x00, 0x00, 0x00
};
// 'weixin', 32x32px
const unsigned char fab_32x32_fa_weixin [] PROGMEM = {
	0x00, 0x00, 0x00, 0x80, 0xc0, 0xe0, 0xe0, 0xf0, 0xf0, 0xf0, 0xf0, 0xf0, 0xf0, 0xf0, 0xf0, 0xf0, 
	0xe0, 0xe0, 0xc0, 0xc0, 0x80, 0x00, 0x00, 0x00, 0x00, 0x00, 0x00, 0x00, 0x00, 0x00, 0x00, 0x00, 
	0x00, 0xfe, 0xff, 0xff, 0xff, 0xff, 0xff, 0xf8, 0xf8, 0xff, 0xff, 0xff, 0xff, 0xff, 0xbd, 0xd8, 
	0xfd, 0xef, 0xff, 0xff, 0xff, 0xfe, 0xf0, 0xf0, 0xf0, 0xf0, 0xe0, 0xe0, 0xc0, 0x80, 0x00, 0x00, 
	0x00, 0x00, 0x03, 0x07, 0x6f, 0x3f, 0x3f, 0x3f, 0x3f, 0x3f, 0x3f, 0x3f, 0x07, 0x3f, 0xff, 0xff, 
	0xff, 0xff, 0xfc, 0xfc, 0xff, 0xff, 0xff, 0xff, 0xfc, 0xfc, 0xff, 0xff, 0xff, 0xff, 0x3f, 0x00, 
	0x00, 0x00, 0x00, 0x00, 0x00, 0x00, 0x00, 0x00, 0x00, 0x00, 0x00, 0x00, 0x00, 0x00, 0x00, 0x01, 
	0x03, 0x03, 0x07, 0x07, 0x07, 0x07, 0x07, 0x07, 0x07, 0x07, 0x07, 0x0f, 0x01, 0x00, 0x00, 0x00
};
// 'whatsapp', 32x32px
const unsigned char fab_32x32_fa_whatsapp [] PROGMEM = {
	0x00, 0x00, 0x00, 0x00, 0x00, 0x80, 0xc0, 0xe0, 0x70, 0x30, 0x38, 0x18, 0x1c, 0x1c, 0x0c, 0x0c, 
	0x0c, 0x0c, 0x1c, 0x1c, 0x18, 0x38, 0x30, 0x70, 0xe0, 0xc0, 0x80, 0x00, 0x00, 0x00, 0x00, 0x00, 
	0x00, 0x00, 0xf0, 0xfc, 0xff, 0x07, 0x01, 0x00, 0x00, 0x78, 0xfc, 0xfe, 0xfc, 0x10, 0x00, 0x00, 
	0x00, 0x00, 0x00, 0x00, 0x00, 0x00, 0x00, 0x00, 0x00, 0x01, 0x07, 0x3f, 0xfc, 0xf0, 0x00, 0x00, 
	0x00, 0x00, 0x0f, 0x3f, 0xff, 0xe0, 0x00, 0x00, 0x00, 0x00, 0x01, 0x03, 0x07, 0x0f, 0x1e, 0x1c, 
	0x38, 0x38, 0x38, 0x7c, 0x3c, 0x3c, 0x18, 0x00, 0x00, 0xc0, 0xe0, 0xfe, 0x3f, 0x0f, 0x00, 0x00, 
	0x00, 0x00, 0x30, 0x3f, 0x1f, 0x1f, 0x1c, 0x1c, 0x0c, 0x0c, 0x1c, 0x1c, 0x18, 0x38, 0x38, 0x38, 
	0x38, 0x38, 0x38, 0x18, 0x1c, 0x1c, 0x0e, 0x0e, 0x07, 0x03, 0x01, 0x00, 0x00, 0x00, 0x00, 0x00
};
// 'whatsapp-square', 32x32px
const unsigned char fab_32x32_fa_whatsapp_square [] PROGMEM = {
	0x00, 0x00, 0xf8, 0xfc, 0xfc, 0xfc, 0xfc, 0xfc, 0xfc, 0xfc, 0xfc, 0x7c, 0x7c, 0x3c, 0x3c, 0x3c, 
	0x3c, 0x3c, 0x3c, 0x7c, 0x7c, 0xfc, 0xfc, 0xfc, 0xfc, 0xfc, 0xfc, 0xfc, 0xfc, 0xf8, 0x00, 0x00, 
	0x00, 0x00, 0xff, 0xff, 0xff, 0xff, 0x1f, 0x07, 0xf3, 0xf9, 0xfc, 0x8e, 0x07, 0x0f, 0xff, 0xff, 
	0xff, 0xff, 0xff, 0xff, 0xfe, 0xfc, 0xf9, 0xf3, 0x07, 0x1f, 0xff, 0xff, 0xff, 0xff, 0x00, 0x00, 
	0x00, 0x00, 0xff, 0xff, 0xff, 0xff, 0xf8, 0x00, 0x07, 0x7f, 0x7f, 0x7f, 0x7e, 0xfc, 0xf9, 0xf3, 
	0xf3, 0xf3, 0xe1, 0x73, 0x73, 0x3f, 0x9f, 0xcf, 0xe0, 0xf8, 0xff, 0xff, 0xff, 0xff, 0x00, 0x00, 
	0x00, 0x00, 0x1f, 0x3f, 0x3f, 0x3f, 0x3c, 0x3c, 0x3e, 0x3e, 0x3e, 0x3e, 0x3e, 0x3e, 0x3c, 0x3c, 
	0x3c, 0x3c, 0x3e, 0x3e, 0x3e, 0x3f, 0x3f, 0x3f, 0x3f, 0x3f, 0x3f, 0x3f, 0x3f, 0x1f, 0x00, 0x00
};
// 'whmcs', 32x32px
const unsigned char fab_32x32_fa_whmcs [] PROGMEM = {
	0x00, 0x00, 0x00, 0x00, 0x00, 0x00, 0x00, 0x00, 0x70, 0xf0, 0xf8, 0xf0, 0xe0, 0xe0, 0xf8, 0xfc, 
	0x7c, 0xf8, 0xf8, 0xf8, 0x78, 0x38, 0x3c, 0x38, 0x30, 0x78, 0xf8, 0xe0, 0x60, 0x00, 0x00, 0x00, 
	0x00, 0x00, 0xc0, 0xc0, 0xc7, 0xff, 0xff, 0xfe, 0xff, 0x7f, 0x0f, 0x07, 0x03, 0x03, 0x01, 0x03, 
	0x13, 0x1f, 0x7f, 0xf8, 0x70, 0xe0, 0xe0, 0xe0, 0xf0, 0xf8, 0xff, 0xdf, 0xf7, 0x82, 0x00, 0x00, 
	0x00, 0x00, 0x01, 0x03, 0xe3, 0xff, 0xff, 0x7f, 0xff, 0xfe, 0xf8, 0xe0, 0xe0, 0xc0, 0xc0, 0xc0, 
	0xc0, 0xc0, 0xc0, 0xe0, 0xe0, 0xf8, 0xfd, 0xff, 0x7f, 0xff, 0xff, 0xe3, 0x03, 0x01, 0x00, 0x00, 
	0x00, 0x00, 0x00, 0x00, 0x00, 0x00, 0x00, 0x00, 0x0e, 0x0f, 0x0f, 0x07, 0x07, 0x07, 0x1f, 0x3f, 
	0x3f, 0x1f, 0x07, 0x07, 0x07, 0x0f, 0x0f, 0x0e, 0x00, 0x00, 0x00, 0x00, 0x00, 0x00, 0x00, 0x00
};
// 'wikipedia-w', 32x32px
const unsigned char fab_32x32_fa_wikipedia_w [] PROGMEM = {
	0x20, 0x60, 0xe0, 0xe0, 0xe0, 0xe0, 0x60, 0x00, 0x00, 0x00, 0x20, 0x60, 0xe0, 0xc0, 0xc0, 0x40, 
	0x00, 0x00, 0x00, 0x40, 0xc0, 0xe0, 0x60, 0x20, 0x00, 0x00, 0x20, 0x60, 0xc0, 0xc0, 0x40, 0x00, 
	0x00, 0x00, 0x00, 0x01, 0x0f, 0x3f, 0xfe, 0xf0, 0xc0, 0x00, 0x00, 0x00, 0x00, 0x03, 0x0f, 0x3f, 
	0xfc, 0xf0, 0xf8, 0x0e, 0x03, 0x00, 0x00, 0x00, 0x00, 0xe0, 0x78, 0x0e, 0x03, 0x00, 0x00, 0x00, 
	0x00, 0x00, 0x00, 0x00, 0x00, 0x00, 0x00, 0x07, 0x1f, 0x7f, 0xf8, 0xe0, 0xc0, 0x70, 0x1c, 0x07, 
	0x01, 0x07, 0x1f, 0xfe, 0xf8, 0xe0, 0xf0, 0x3c, 0x07, 0x01, 0x00, 0x00, 0x00, 0x00, 0x00, 0x00, 
	0x00, 0x00, 0x00, 0x00, 0x00, 0x00, 0x00, 0x00, 0x00, 0x00, 0x03, 0x03, 0x01, 0x00, 0x00, 0x00, 
	0x00, 0x00, 0x00, 0x00, 0x03, 0x03, 0x00, 0x00, 0x00, 0x00, 0x00, 0x00, 0x00, 0x00, 0x00, 0x00
};
// 'windows', 32x32px
const unsigned char fab_32x32_fa_windows [] PROGMEM = {
	0x00, 0x00, 0xc0, 0xc0, 0xe0, 0xe0, 0xe0, 0xe0, 0xe0, 0xe0, 0xe0, 0xe0, 0xf0, 0x00, 0x00, 0xf0, 
	0xf0, 0xf0, 0xf0, 0xf8, 0xf8, 0xf8, 0xf8, 0xf8, 0xf8, 0xf8, 0xfc, 0xfc, 0xfc, 0xfc, 0x00, 0x00, 
	0x00, 0x00, 0x7f, 0x7f, 0x7f, 0x7f, 0x7f, 0x7f, 0x7f, 0x7f, 0x7f, 0x7f, 0x7f, 0x00, 0x00, 0x7f, 
	0x7f, 0x7f, 0x7f, 0x7f, 0x7f, 0x7f, 0x7f, 0x7f, 0x7f, 0x7f, 0x7f, 0x7f, 0x7f, 0x7f, 0x00, 0x00, 
	0x00, 0x00, 0xfe, 0xfe, 0xfe, 0xfe, 0xfe, 0xfe, 0xfe, 0xfe, 0xfe, 0xfe, 0xfe, 0x00, 0x00, 0xfe, 
	0xfe, 0xfe, 0xfe, 0xfe, 0xfe, 0xfe, 0xfe, 0xfe, 0xfe, 0xfe, 0xfe, 0xfe, 0xfe, 0xfe, 0x00, 0x00, 
	0x00, 0x00, 0x03, 0x03, 0x07, 0x07, 0x07, 0x07, 0x07, 0x07, 0x07, 0x07, 0x0f, 0x00, 0x00, 0x0f, 
	0x0f, 0x0f, 0x0f, 0x1f, 0x1f, 0x1f, 0x1f, 0x1f, 0x1f, 0x1f, 0x3f, 0x3f, 0x3f, 0x3f, 0x00, 0x00
};
// 'wix', 32x32px
const unsigned char fab_32x32_fa_wix [] PROGMEM = {
	0x00, 0x00, 0x00, 0x00, 0x00, 0x00, 0x00, 0x00, 0x00, 0x00, 0x00, 0x00, 0x00, 0x00, 0x00, 0x00, 
	0x00, 0x00, 0x00, 0x00, 0x00, 0x00, 0x00, 0x00, 0x00, 0x00, 0x00, 0x00, 0x00, 0x00, 0x00, 0x00, 
	0x0c, 0xfc, 0xf8, 0xc0, 0x00, 0xc0, 0xf8, 0x7c, 0x1c, 0xf8, 0xf0, 0x00, 0x00, 0xe0, 0xfc, 0x3c, 
	0x00, 0xc8, 0xfc, 0xf4, 0x00, 0x04, 0x1c, 0x3c, 0xf0, 0xe0, 0xc0, 0xe0, 0x78, 0x3c, 0x0c, 0x04, 
	0x00, 0x00, 0x07, 0x3f, 0x3e, 0x3f, 0x07, 0x00, 0x00, 0x01, 0x1f, 0x3f, 0x3e, 0x3f, 0x03, 0x00, 
	0x00, 0x3f, 0x3f, 0x1f, 0x00, 0x20, 0x38, 0x3c, 0x0f, 0x07, 0x03, 0x07, 0x1e, 0x3c, 0x30, 0x20, 
	0x00, 0x00, 0x00, 0x00, 0x00, 0x00, 0x00, 0x00, 0x00, 0x00, 0x00, 0x00, 0x00, 0x00, 0x00, 0x00, 
	0x00, 0x00, 0x00, 0x00, 0x00, 0x00, 0x00, 0x00, 0x00, 0x00, 0x00, 0x00, 0x00, 0x00, 0x00, 0x00
};
// 'wizards-of-the-coast', 32x32px
const unsigned char fab_32x32_fa_wizards_of_the_coast [] PROGMEM = {
	0x00, 0x00, 0x00, 0x00, 0x00, 0x00, 0x00, 0x00, 0x00, 0x00, 0x00, 0x80, 0x80, 0x80, 0xc0, 0xc0, 
	0xc0, 0x80, 0x80, 0x80, 0x80, 0x80, 0x80, 0x00, 0x00, 0x00, 0x00, 0x00, 0x00, 0x00, 0x00, 0x00, 
	0x00, 0xc0, 0xe0, 0xf0, 0xf8, 0x98, 0x3c, 0x7c, 0xce, 0x0e, 0x1e, 0x7b, 0x43, 0xc7, 0x27, 0xff, 
	0xfb, 0x0f, 0xff, 0x3f, 0x4f, 0x1f, 0xff, 0x9f, 0xff, 0xbe, 0x3e, 0x9c, 0xf8, 0xf0, 0xc0, 0x80, 
	0x00, 0x00, 0x00, 0x01, 0x03, 0x07, 0x0f, 0x1e, 0x7c, 0xf8, 0xfb, 0xfe, 0x7c, 0x7f, 0x7e, 0x3f, 
	0x3f, 0x1f, 0x1f, 0x0f, 0x0f, 0x0f, 0x0f, 0x0f, 0x0f, 0x0f, 0x1e, 0x3f, 0x3f, 0x0f, 0x03, 0x03, 
	0x00, 0x00, 0x00, 0x00, 0x00, 0x00, 0x00, 0x00, 0x00, 0x01, 0x01, 0x00, 0x00, 0x00, 0x00, 0x00, 
	0x00, 0x00, 0x00, 0x00, 0x00, 0x00, 0x00, 0x00, 0x00, 0x00, 0x00, 0x00, 0x00, 0x00, 0x00, 0x00
};
// 'wodu', 32x32px
const unsigned char fab_32x32_fa_wodu [] PROGMEM = {
	0x00, 0x00, 0x00, 0x00, 0x00, 0x00, 0x00, 0x00, 0x00, 0x00, 0x00, 0x00, 0x00, 0x00, 0x00, 0x00, 
	0x00, 0x00, 0x00, 0x00, 0x00, 0x00, 0x00, 0x00, 0x00, 0x00, 0x00, 0x00, 0x00, 0x00, 0x00, 0x00, 
	0x30, 0xf0, 0xc0, 0x00, 0xf0, 0xf0, 0xf0, 0x00, 0x80, 0xf0, 0xf0, 0xc0, 0xc0, 0x40, 0xc0, 0xc0, 
	0x00, 0x80, 0xc0, 0x40, 0x40, 0xc0, 0xf0, 0xc0, 0xc0, 0x80, 0x00, 0x00, 0xc0, 0xc0, 0x00, 0x00, 
	0x00, 0x01, 0x0f, 0x0f, 0x07, 0x00, 0x03, 0x0f, 0x0f, 0x03, 0x03, 0x0f, 0x0c, 0x08, 0x08, 0x0f, 
	0x07, 0x07, 0x0f, 0x08, 0x08, 0x0c, 0x0f, 0x07, 0x0f, 0x0f, 0x08, 0x08, 0x0f, 0x0f, 0x0c, 0x0c, 
	0x00, 0x00, 0x00, 0x00, 0x00, 0x00, 0x00, 0x00, 0x00, 0x00, 0x00, 0x00, 0x00, 0x00, 0x00, 0x00, 
	0x00, 0x00, 0x00, 0x00, 0x00, 0x00, 0x00, 0x00, 0x00, 0x00, 0x00, 0x00, 0x00, 0x00, 0x00, 0x00
};
// 'wolf-pack-battalion', 32x32px
const unsigned char fab_32x32_fa_wolf_pack_battalion [] PROGMEM = {
	0x00, 0x00, 0x00, 0x00, 0x00, 0x3c, 0xff, 0x7e, 0x1c, 0xf8, 0xf0, 0x80, 0x00, 0x00, 0x00, 0x00, 
	0x00, 0x00, 0x00, 0x00, 0x80, 0xf0, 0xf8, 0x1c, 0x3e, 0xff, 0x3c, 0x00, 0x00, 0x00, 0x00, 0x00, 
	0x00, 0x00, 0x10, 0xf8, 0xdc, 0x6c, 0x6c, 0x0e, 0xff, 0xff, 0xff, 0x7f, 0xfc, 0xfc, 0xf8, 0xc0, 
	0xc0, 0xf8, 0xfc, 0xfc, 0x7f, 0xff, 0xff, 0xff, 0x8e, 0x6c, 0x6c, 0xdc, 0xf8, 0x10, 0x00, 0x00, 
	0x00, 0x00, 0x00, 0x00, 0x1f, 0x16, 0x77, 0x79, 0x83, 0x27, 0x0f, 0x3f, 0xfe, 0xff, 0xfd, 0x01, 
	0x01, 0xf9, 0xff, 0xfe, 0x3f, 0x0f, 0x27, 0x83, 0x79, 0x77, 0x16, 0x1f, 0x00, 0x00, 0x00, 0x00, 
	0x00, 0x00, 0x00, 0x00, 0x00, 0x00, 0x00, 0x00, 0x00, 0x00, 0x00, 0x00, 0x07, 0x7f, 0x3f, 0x20, 
	0x20, 0x3f, 0xff, 0x0f, 0x00, 0x00, 0x00, 0x00, 0x00, 0x00, 0x00, 0x00, 0x00, 0x00, 0x00, 0x00
};
// 'wordpress', 32x32px
const unsigned char fab_32x32_fa_wordpress [] PROGMEM = {
	0x00, 0x00, 0x00, 0x80, 0x40, 0x20, 0x90, 0xc8, 0xe4, 0xf4, 0xf2, 0xfa, 0xfa, 0xf8, 0xf9, 0xf9, 
	0xf9, 0xf9, 0xf8, 0xfa, 0xfa, 0xf2, 0xf4, 0x64, 0x08, 0x10, 0x20, 0x40, 0x80, 0x00, 0x00, 0x00, 
	0xc0, 0x1c, 0x03, 0xf0, 0xf0, 0x81, 0x01, 0x01, 0x0d, 0x7f, 0xff, 0xff, 0xfd, 0xfd, 0xf1, 0x81, 
	0x01, 0x01, 0x0d, 0x7f, 0xff, 0xff, 0xff, 0xf8, 0xe0, 0x00, 0x00, 0xe0, 0xf8, 0x03, 0x1c, 0xc0, 
	0x03, 0x38, 0xc0, 0x1f, 0x7f, 0xff, 0xfc, 0xf0, 0x80, 0x00, 0x03, 0x1f, 0x7f, 0x3f, 0xc7, 0xf8, 
	0xfc, 0xe0, 0x80, 0x00, 0x03, 0x1f, 0x7f, 0x1f, 0xc3, 0xf8, 0xff, 0x7f, 0x1f, 0xc0, 0x38, 0x03, 
	0x00, 0x00, 0x00, 0x01, 0x02, 0x04, 0x09, 0x13, 0x27, 0x2c, 0x40, 0x40, 0x50, 0x1e, 0x9f, 0x9f, 
	0x9f, 0x9f, 0x1f, 0x5c, 0x40, 0x40, 0x20, 0x26, 0x13, 0x09, 0x04, 0x02, 0x01, 0x00, 0x00, 0x00
};
// 'wordpress-simple', 32x32px
const unsigned char fab_32x32_fa_wordpress_simple [] PROGMEM = {
	0x00, 0x00, 0x00, 0x80, 0xc0, 0x60, 0x30, 0x18, 0x0c, 0x0c, 0x06, 0x06, 0x06, 0x02, 0x03, 0x03, 
	0x03, 0x03, 0x02, 0x06, 0x06, 0x06, 0x0c, 0x8c, 0xd8, 0xf0, 0xe0, 0xc0, 0x80, 0x00, 0x00, 0x00, 
	0xc0, 0xfc, 0x1f, 0x07, 0x3f, 0xff, 0xff, 0xff, 0xf1, 0x80, 0x00, 0x00, 0x01, 0x03, 0x1f, 0xff, 
	0xff, 0xff, 0xfb, 0xc1, 0x00, 0x00, 0x00, 0x03, 0x0f, 0xff, 0xff, 0x7f, 0x07, 0x1f, 0xfc, 0xc0, 
	0x03, 0x3f, 0xf8, 0xc0, 0x00, 0x01, 0x07, 0x3f, 0xff, 0xff, 0xfc, 0xe0, 0x80, 0xe0, 0x3c, 0x0f, 
	0x03, 0x1f, 0xff, 0xff, 0xfe, 0xf0, 0x80, 0x80, 0xf8, 0x1f, 0x03, 0x00, 0xc0, 0xf8, 0x3f, 0x03, 
	0x00, 0x00, 0x00, 0x01, 0x03, 0x06, 0x0c, 0x18, 0x31, 0x3f, 0x7f, 0x7f, 0x6f, 0x41, 0xc0, 0xc0, 
	0xc0, 0xc0, 0x40, 0x63, 0x7f, 0x7f, 0x3f, 0x3f, 0x18, 0x0c, 0x06, 0x03, 0x01, 0x00, 0x00, 0x00
};
// 'wpbeginner', 32x32px
const unsigned char fab_32x32_fa_wpbeginner [] PROGMEM = {
	0x00, 0x00, 0x00, 0x00, 0x80, 0xc0, 0xe0, 0xf0, 0xf0, 0xf8, 0xf8, 0xf8, 0xfc, 0xfc, 0xfc, 0xfc, 
	0xfc, 0xfc, 0xfc, 0xfc, 0xf8, 0xf8, 0xf8, 0xf0, 0xf0, 0xe0, 0xc0, 0x80, 0x00, 0x00, 0x00, 0x00, 
	0x00, 0xe0, 0xfc, 0xff, 0xff, 0xff, 0xff, 0xff, 0x87, 0x87, 0xff, 0xff, 0x87, 0x87, 0x87, 0x87, 
	0x87, 0x87, 0x87, 0x87, 0x87, 0x87, 0xff, 0xff, 0xff, 0xff, 0xff, 0xff, 0xff, 0xfc, 0xe0, 0x00, 
	0x00, 0x00, 0xe7, 0xff, 0xff, 0xff, 0xff, 0xff, 0xff, 0xff, 0xf9, 0xf3, 0xf3, 0xf7, 0xe7, 0xe7, 
	0xe7, 0xef, 0xe7, 0xe7, 0xe7, 0xff, 0xff, 0xff, 0xff, 0xff, 0xff, 0xff, 0xff, 0xe7, 0x00, 0x00, 
	0x00, 0x00, 0x07, 0x0f, 0x1f, 0x1f, 0x3f, 0x3f, 0x3f, 0x3f, 0x3f, 0x3f, 0x1f, 0x1f, 0x0f, 0x07, 
	0x07, 0x0f, 0x1f, 0x1f, 0x3f, 0x3f, 0x3f, 0x3f, 0x3f, 0x3f, 0x1f, 0x1f, 0x0f, 0x07, 0x00, 0x00
};
// 'wpexplorer', 32x32px
const unsigned char fab_32x32_fa_wpexplorer [] PROGMEM = {
	0x00, 0x00, 0x80, 0xc0, 0xe0, 0x70, 0x38, 0x1c, 0x0c, 0x0e, 0x06, 0x06, 0x03, 0x03, 0x03, 0x03, 
	0x03, 0x03, 0x03, 0x03, 0x06, 0x06, 0x0e, 0x0c, 0x1c, 0x38, 0x70, 0xe0, 0xc0, 0x80, 0x00, 0x00, 
	0xf0, 0xfe, 0x0f, 0x03, 0x00, 0x00, 0x00, 0x00, 0x38, 0x3e, 0x3f, 0x7f, 0x7e, 0x7e, 0x1c, 0xe0, 
	0xf8, 0xf0, 0xf0, 0x70, 0x80, 0xc0, 0xc0, 0x80, 0x00, 0x00, 0x00, 0x00, 0x03, 0x0f, 0xfe, 0xf0, 
	0x0f, 0x7f, 0xf0, 0xc0, 0x00, 0x00, 0x00, 0x00, 0x00, 0x00, 0x00, 0x00, 0x80, 0x60, 0x19, 0x06, 
	0x06, 0x1f, 0x61, 0x80, 0x03, 0x03, 0x03, 0x03, 0x00, 0x00, 0x00, 0x00, 0xc0, 0xf0, 0x7f, 0x0f, 
	0x00, 0x00, 0x01, 0x03, 0x07, 0x0e, 0x1c, 0x38, 0x30, 0x70, 0x60, 0x60, 0xc0, 0xc0, 0xc0, 0xc0, 
	0xc0, 0xc0, 0xc0, 0xc0, 0x60, 0x60, 0x70, 0x30, 0x38, 0x1c, 0x0e, 0x07, 0x03, 0x01, 0x00, 0x00
};
// 'wpforms', 32x32px
const unsigned char fab_32x32_fa_wpforms [] PROGMEM = {
	0x00, 0x00, 0xf8, 0xfc, 0x1c, 0x1c, 0x1c, 0x3c, 0x7c, 0x6c, 0xcc, 0x8c, 0x8c, 0xcc, 0x7c, 0x3c, 
	0x3c, 0x7c, 0xcc, 0x8c, 0x8c, 0xcc, 0x6c, 0x7c, 0x3c, 0x1c, 0x1c, 0x1c, 0xfc, 0xf8, 0x00, 0x00, 
	0x00, 0x00, 0xff, 0xff, 0x00, 0x00, 0x00, 0x30, 0x30, 0x30, 0x30, 0x01, 0x01, 0x30, 0x30, 0x30, 
	0x30, 0x30, 0x30, 0x31, 0x31, 0x30, 0x30, 0x30, 0x30, 0x00, 0x00, 0x00, 0xff, 0xff, 0x00, 0x00, 
	0x00, 0x00, 0xff, 0xff, 0x00, 0x00, 0x00, 0x07, 0x07, 0x07, 0x07, 0x00, 0x00, 0x07, 0x07, 0x07, 
	0x07, 0x07, 0x07, 0x67, 0x67, 0x67, 0x67, 0x67, 0x67, 0x00, 0x00, 0x00, 0xff, 0xff, 0x00, 0x00, 
	0x00, 0x00, 0x1f, 0x3f, 0x38, 0x30, 0x30, 0x30, 0x30, 0x30, 0x30, 0x30, 0x30, 0x30, 0x30, 0x30, 
	0x30, 0x30, 0x30, 0x30, 0x30, 0x30, 0x30, 0x30, 0x30, 0x30, 0x30, 0x38, 0x3f, 0x1f, 0x00, 0x00
};
// 'wpressr', 32x32px
const unsigned char fab_32x32_fa_wpressr [] PROGMEM = {
	0x00, 0x00, 0x00, 0x80, 0xc0, 0xe0, 0xf0, 0xf8, 0xf8, 0xfc, 0xfc, 0xfe, 0xfe, 0xfe, 0xfe, 0xff, 
	0xff, 0xff, 0xfe, 0xfe, 0xfe, 0xfe, 0xfc, 0xfc, 0xf8, 0xf8, 0xf0, 0xe0, 0xc0, 0x80, 0x00, 0x00, 
	0x00, 0xf0, 0xfe, 0xff, 0xff, 0xff, 0xff, 0x3f, 0x07, 0x03, 0x83, 0x63, 0x7f, 0x7f, 0x7f, 0xff, 
	0x3f, 0x2f, 0x23, 0x23, 0x23, 0x23, 0x03, 0x03, 0x03, 0xc3, 0xf3, 0xff, 0xff, 0xff, 0xfe, 0xf0, 
	0x00, 0x0f, 0x7f, 0xff, 0xff, 0xe3, 0xc0, 0xc0, 0xc0, 0xc6, 0xc1, 0xc0, 0xc0, 0xc0, 0xc7, 0x80, 
	0xc0, 0xf0, 0xfc, 0xfe, 0xfe, 0xfe, 0xfe, 0xfe, 0xff, 0xff, 0xff, 0xff, 0xff, 0xff, 0x7f, 0x0f, 
	0x00, 0x00, 0x00, 0x01, 0x03, 0x07, 0x0f, 0x1f, 0x1f, 0x3f, 0x3f, 0x7f, 0x7f, 0x7f, 0x7f, 0xff, 
	0xff, 0xff, 0x7f, 0x7f, 0x7f, 0x7f, 0x3f, 0x3f, 0x1f, 0x1f, 0x0f, 0x07, 0x03, 0x01, 0x00, 0x00
};
// 'xbox', 32x32px
const unsigned char fab_32x32_fa_xbox [] PROGMEM = {
	0x00, 0x00, 0x00, 0x80, 0xc0, 0xe0, 0xe0, 0xe0, 0xc0, 0x84, 0x06, 0x06, 0x06, 0x0e, 0x0f, 0x1f, 
	0x1f, 0x0f, 0x0e, 0x06, 0x06, 0x06, 0x84, 0xc0, 0xc0, 0xe0, 0xe0, 0xe0, 0x80, 0x00, 0x00, 0x00, 
	0x80, 0xf8, 0xff, 0xff, 0xff, 0xff, 0xff, 0x7f, 0x1f, 0x0f, 0x07, 0x00, 0x00, 0x80, 0xc0, 0xe0, 
	0xe0, 0xc0, 0x80, 0x00, 0x00, 0x07, 0x0f, 0x1f, 0x7f, 0xff, 0xff, 0xff, 0xff, 0xff, 0xfc, 0xc0, 
	0x01, 0x1f, 0xff, 0xff, 0x1f, 0x07, 0x81, 0xc0, 0xf0, 0xf8, 0xfc, 0xfe, 0xff, 0xff, 0xff, 0xff, 
	0xff, 0xff, 0xff, 0xff, 0xfe, 0xfc, 0xf8, 0xf0, 0xc0, 0x81, 0x03, 0x0f, 0xff, 0xff, 0x3f, 0x03, 
	0x00, 0x00, 0x00, 0x00, 0x00, 0x04, 0x0f, 0x1f, 0x3f, 0x3f, 0x7f, 0x7f, 0x7f, 0x7f, 0xff, 0xff, 
	0xff, 0xff, 0x7f, 0x7f, 0x7f, 0x7f, 0x3f, 0x3f, 0x1f, 0x0f, 0x06, 0x00, 0x00, 0x00, 0x00, 0x00
};
// 'xing', 32x32px
const unsigned char fab_32x32_fa_xing [] PROGMEM = {
	0x00, 0x00, 0x00, 0x00, 0x00, 0x00, 0x80, 0x80, 0x80, 0x80, 0x00, 0x00, 0x00, 0x00, 0x00, 0x00, 
	0x00, 0x00, 0x00, 0x80, 0xc0, 0xf0, 0xfc, 0xfc, 0xfc, 0x7c, 0x1c, 0x0c, 0x00, 0x00, 0x00, 0x00, 
	0x00, 0x00, 0x00, 0x00, 0x00, 0x00, 0x03, 0x8f, 0xff, 0xff, 0xff, 0xff, 0xfc, 0x30, 0x00, 0xc0, 
	0xe0, 0xf8, 0xfe, 0xff, 0xff, 0x3f, 0x0f, 0x07, 0x01, 0x00, 0x00, 0x00, 0x00, 0x00, 0x00, 0x00, 
	0x00, 0x00, 0x00, 0x00, 0x30, 0x3c, 0x3f, 0x3f, 0x3f, 0x1f, 0x0f, 0x03, 0x00, 0x04, 0x1f, 0x7f, 
	0xff, 0xff, 0xff, 0xf3, 0xc0, 0x80, 0x00, 0x00, 0x00, 0x00, 0x00, 0x00, 0x00, 0x00, 0x00, 0x00, 
	0x00, 0x00, 0x00, 0x00, 0x00, 0x00, 0x00, 0x00, 0x00, 0x00, 0x00, 0x00, 0x00, 0x00, 0x00, 0x00, 
	0x01, 0x07, 0x1f, 0x3f, 0x3f, 0x3f, 0x3e, 0x38, 0x20, 0x00, 0x00, 0x00, 0x00, 0x00, 0x00, 0x00
};
// 'xing-square', 32x32px
const unsigned char fab_32x32_fa_xing_square [] PROGMEM = {
	0x00, 0x00, 0xf8, 0xfc, 0xfc, 0xfc, 0xfc, 0xfc, 0xfc, 0xfc, 0xfc, 0xfc, 0xfc, 0xfc, 0xfc, 0xfc, 
	0xfc, 0xfc, 0xfc, 0xfc, 0x7c, 0x3c, 0x3c, 0x3c, 0xfc, 0xfc, 0xfc, 0xfc, 0xfc, 0xf8, 0x00, 0x00, 
	0x00, 0x00, 0xff, 0xff, 0xff, 0xff, 0xff, 0xff, 0xff, 0xf3, 0x03, 0x03, 0x03, 0x0f, 0xff, 0x7f, 
	0x3f, 0x0f, 0x03, 0x80, 0xc0, 0xf0, 0xfc, 0xff, 0xff, 0xff, 0xff, 0xff, 0xff, 0xff, 0x00, 0x00, 
	0x00, 0x00, 0xff, 0xff, 0xff, 0xff, 0xff, 0xff, 0xf3, 0xf0, 0xf0, 0xf8, 0xfc, 0xff, 0xf9, 0xe0, 
	0xc0, 0x00, 0x06, 0x1f, 0x3f, 0xff, 0xff, 0xff, 0xff, 0xff, 0xff, 0xff, 0xff, 0xff, 0x00, 0x00, 
	0x00, 0x00, 0x1f, 0x3f, 0x3f, 0x3f, 0x3f, 0x3f, 0x3f, 0x3f, 0x3f, 0x3f, 0x3f, 0x3f, 0x3f, 0x3f, 
	0x3f, 0x3f, 0x3c, 0x3c, 0x3c, 0x3c, 0x3f, 0x3f, 0x3f, 0x3f, 0x3f, 0x3f, 0x3f, 0x1f, 0x00, 0x00
};
// 'yahoo', 32x32px
const unsigned char fab_32x32_fa_yahoo [] PROGMEM = {
	0x00, 0x00, 0x00, 0x00, 0x00, 0x00, 0x00, 0x00, 0x00, 0x00, 0x00, 0x00, 0x00, 0x00, 0x00, 0x00, 
	0x00, 0x00, 0x00, 0x00, 0x00, 0x00, 0x80, 0xe0, 0xfc, 0xfc, 0xfc, 0xfc, 0xfc, 0x3c, 0x0c, 0x00, 
	0x00, 0x02, 0x1e, 0x7e, 0xfe, 0xfe, 0xfe, 0xfc, 0xe0, 0x80, 0x00, 0x80, 0xf0, 0xfc, 0xfe, 0xfe, 
	0xfe, 0x7e, 0x0e, 0xc2, 0xf0, 0xfe, 0xff, 0xff, 0xff, 0xff, 0x1f, 0x07, 0x01, 0x00, 0x00, 0x00, 
	0x00, 0x00, 0x00, 0x00, 0x01, 0x0f, 0x3f, 0xff, 0xff, 0xff, 0xfe, 0xff, 0xff, 0xff, 0x3f, 0x07, 
	0x01, 0x78, 0xfc, 0xfe, 0xfe, 0xfe, 0xfc, 0x78, 0x00, 0x00, 0x00, 0x00, 0x00, 0x00, 0x00, 0x00, 
	0x00, 0x00, 0x00, 0x00, 0x00, 0x20, 0x38, 0x3f, 0x3f, 0x3f, 0x3f, 0x1f, 0x07, 0x00, 0x00, 0x00, 
	0x00, 0x00, 0x00, 0x00, 0x01, 0x00, 0x00, 0x00, 0x00, 0x00, 0x00, 0x00, 0x00, 0x00, 0x00, 0x00
};
// 'yammer', 32x32px
const unsigned char fab_32x32_fa_yammer [] PROGMEM = {
	0x00, 0x00, 0xf0, 0xf0, 0xf0, 0xc0, 0x00, 0x00, 0x00, 0x00, 0x00, 0x00, 0x00, 0x00, 0xc0, 0xf0, 
	0xf0, 0x20, 0x00, 0x00, 0x00, 0x00, 0x00, 0x00, 0x80, 0x80, 0x80, 0x00, 0x00, 0x00, 0x00, 0x00, 
	0x00, 0x00, 0x00, 0x03, 0x0f, 0x7f, 0xfe, 0xf0, 0xc0, 0x00, 0x00, 0xc0, 0xf8, 0xff, 0x3f, 0x07, 
	0x01, 0x00, 0x00, 0x18, 0x0c, 0x0e, 0x06, 0x87, 0x87, 0x83, 0x81, 0x80, 0x80, 0x80, 0x00, 0x00, 
	0x00, 0x00, 0x00, 0x00, 0x00, 0x00, 0x01, 0x8f, 0xff, 0xfe, 0xff, 0x1f, 0x07, 0x00, 0x00, 0x00, 
	0x00, 0x00, 0x10, 0x30, 0x30, 0x61, 0xe1, 0xc1, 0xc1, 0x83, 0x83, 0x03, 0x03, 0x01, 0x00, 0x00, 
	0x00, 0x00, 0x04, 0x0e, 0x0e, 0x0e, 0x0e, 0x07, 0x07, 0x03, 0x00, 0x00, 0x00, 0x00, 0x00, 0x00, 
	0x00, 0x00, 0x00, 0x00, 0x00, 0x00, 0x00, 0x01, 0x01, 0x03, 0x01, 0x00, 0x00, 0x00, 0x00, 0x00
};
// 'yandex', 32x32px
const unsigned char fab_32x32_fa_yandex [] PROGMEM = {
	0x00, 0x00, 0x00, 0x00, 0x00, 0x00, 0x00, 0x00, 0x00, 0x00, 0xe0, 0xf8, 0xfc, 0x7e, 0x1e, 0x0f, 
	0x07, 0x07, 0x07, 0x07, 0xff, 0xff, 0xff, 0xff, 0x00, 0x00, 0x00, 0x00, 0x00, 0x00, 0x00, 0x00, 
	0x00, 0x00, 0x00, 0x00, 0x00, 0x00, 0x00, 0x00, 0x00, 0x0f, 0x7f, 0xff, 0xff, 0xe0, 0x80, 0x00, 
	0x00, 0x00, 0x00, 0x00, 0xff, 0xff, 0xff, 0xff, 0x00, 0x00, 0x00, 0x00, 0x00, 0x00, 0x00, 0x00, 
	0x00, 0x00, 0x00, 0x00, 0x00, 0x00, 0x00, 0x00, 0x00, 0x00, 0x00, 0x01, 0xc3, 0xf7, 0xff, 0xff, 
	0x3f, 0x0e, 0x0e, 0x0e, 0xff, 0xff, 0xff, 0xff, 0x00, 0x00, 0x00, 0x00, 0x00, 0x00, 0x00, 0x00, 
	0x00, 0x00, 0x00, 0x00, 0x00, 0x00, 0x00, 0x00, 0x80, 0xe0, 0xf8, 0xfe, 0x7f, 0x1f, 0x07, 0x01, 
	0x00, 0x00, 0x00, 0x00, 0xff, 0xff, 0xff, 0xff, 0x00, 0x00, 0x00, 0x00, 0x00, 0x00, 0x00, 0x00
};
// 'yandex-international', 32x32px
const unsigned char fab_32x32_fa_yandex_international [] PROGMEM = {
	0x00, 0x00, 0x00, 0x00, 0x00, 0x00, 0x00, 0x08, 0x78, 0xf8, 0xf8, 0xe0, 0x00, 0x00, 0x00, 0x00, 
	0x00, 0x00, 0x00, 0xc0, 0xf8, 0xff, 0x7f, 0x0f, 0x01, 0x00, 0x00, 0x00, 0x00, 0x00, 0x00, 0x00, 
	0x00, 0x00, 0x00, 0x00, 0x00, 0x00, 0x00, 0x00, 0x00, 0x01, 0x0f, 0x7f, 0xff, 0xf8, 0xc0, 0x00, 
	0x80, 0xf0, 0xfe, 0xff, 0x1f, 0x03, 0x00, 0x00, 0x00, 0x00, 0x00, 0x00, 0x00, 0x00, 0x00, 0x00, 
	0x00, 0x00, 0x00, 0x00, 0x00, 0x00, 0x00, 0x00, 0x00, 0x00, 0x00, 0x00, 0x01, 0x0f, 0xff, 0xff, 
	0xff, 0x1f, 0x03, 0x00, 0x00, 0x00, 0x00, 0x00, 0x00, 0x00, 0x00, 0x00, 0x00, 0x00, 0x00, 0x00, 
	0x00, 0x00, 0x00, 0x00, 0x00, 0x00, 0x00, 0x00, 0x00, 0x00, 0x00, 0x00, 0x00, 0x00, 0xff, 0xff, 
	0xff, 0x00, 0x00, 0x00, 0x00, 0x00, 0x00, 0x00, 0x00, 0x00, 0x00, 0x00, 0x00, 0x00, 0x00, 0x00
};
// 'yarn', 32x32px
const unsigned char fab_32x32_fa_yarn [] PROGMEM = {
	0x00, 0x00, 0x00, 0x80, 0xc0, 0xe0, 0xf0, 0xf8, 0xf8, 0xfc, 0xfc, 0xfe, 0xfe, 0xfe, 0xfe, 0xff, 
	0x3f, 0xbf, 0x7e, 0x7e, 0xfe, 0xfe, 0xfc, 0xfc, 0xf8, 0xf8, 0xf0, 0xe0, 0xc0, 0x80, 0x00, 0x00, 
	0x00, 0xf0, 0xfe, 0xff, 0xff, 0xff, 0xff, 0xff, 0xff, 0xff, 0x7f, 0x83, 0xfd, 0xfd, 0xfe, 0xfe, 
	0xff, 0xff, 0xff, 0x3e, 0xc0, 0xff, 0xff, 0xff, 0xff, 0xff, 0xff, 0xff, 0xff, 0xff, 0xfe, 0xf0, 
	0x00, 0x0f, 0x7f, 0xff, 0xff, 0xff, 0xff, 0xff, 0x8f, 0x71, 0xff, 0xff, 0xff, 0xff, 0xff, 0xff, 
	0xff, 0xff, 0xff, 0xfe, 0xc3, 0xcf, 0x6f, 0xef, 0xb7, 0xb7, 0xcf, 0xff, 0xff, 0xff, 0x7f, 0x0f, 
	0x00, 0x00, 0x00, 0x01, 0x03, 0x07, 0x0f, 0x1f, 0x1f, 0x3e, 0x3d, 0x7d, 0x7d, 0x7d, 0x7d, 0xfd, 
	0xfd, 0xfd, 0x7d, 0x7e, 0x7e, 0x7e, 0x3f, 0x3f, 0x1f, 0x1f, 0x0f, 0x07, 0x03, 0x01, 0x00, 0x00
};
// 'y-combinator', 32x32px
const unsigned char fab_32x32_fa_y_combinator [] PROGMEM = {
	0x00, 0x00, 0xfc, 0xfc, 0xfc, 0xfc, 0xfc, 0xfc, 0xfc, 0xfc, 0xfc, 0xfc, 0xfc, 0xfc, 0xfc, 0xfc, 
	0xfc, 0xfc, 0xfc, 0xfc, 0xfc, 0xfc, 0xfc, 0xfc, 0xfc, 0xfc, 0xfc, 0xfc, 0xfc, 0xfc, 0x00, 0x00, 
	0x00, 0x00, 0xff, 0xff, 0xff, 0xff, 0xff, 0xff, 0xff, 0xff, 0xff, 0xf9, 0xe1, 0x87, 0x1f, 0x7f, 
	0x7f, 0x1f, 0x87, 0xe1, 0xf9, 0xff, 0xff, 0xff, 0xff, 0xff, 0xff, 0xff, 0xff, 0xff, 0x00, 0x00, 
	0x00, 0x00, 0xff, 0xff, 0xff, 0xff, 0xff, 0xff, 0xff, 0xff, 0xff, 0xff, 0xff, 0xff, 0xfe, 0x00, 
	0x00, 0xff, 0xff, 0xff, 0xff, 0xff, 0xff, 0xff, 0xff, 0xff, 0xff, 0xff, 0xff, 0xff, 0x00, 0x00, 
	0x00, 0x00, 0x3f, 0x3f, 0x3f, 0x3f, 0x3f, 0x3f, 0x3f, 0x3f, 0x3f, 0x3f, 0x3f, 0x3f, 0x3f, 0x3f, 
	0x3f, 0x3f, 0x3f, 0x3f, 0x3f, 0x3f, 0x3f, 0x3f, 0x3f, 0x3f, 0x3f, 0x3f, 0x3f, 0x3f, 0x00, 0x00
};
// 'yelp', 32x32px
const unsigned char fab_32x32_fa_yelp [] PROGMEM = {
	0x00, 0x00, 0x00, 0x00, 0x00, 0x00, 0x00, 0x0c, 0x3c, 0xfe, 0xfe, 0xff, 0xff, 0xff, 0xff, 0xff, 
	0x00, 0x00, 0x00, 0x00, 0x00, 0x00, 0x00, 0x00, 0x00, 0x00, 0x00, 0x00, 0x00, 0x00, 0x00, 0x00, 
	0x00, 0x00, 0x00, 0x00, 0x00, 0x80, 0x80, 0x80, 0x00, 0x00, 0x03, 0x07, 0x1f, 0x7f, 0xff, 0xff, 
	0x00, 0x00, 0x00, 0x80, 0xc0, 0xf0, 0xf8, 0xfc, 0xfc, 0xf8, 0xe0, 0xc0, 0x00, 0x00, 0x00, 0x00, 
	0x00, 0x00, 0x00, 0x00, 0x3f, 0x3f, 0x3f, 0x3f, 0x3f, 0x3f, 0x1e, 0x1e, 0x1c, 0x88, 0xc0, 0xc0, 
	0x00, 0x00, 0x42, 0xe7, 0xe7, 0xe3, 0xc3, 0xc3, 0xc3, 0x81, 0x81, 0x00, 0x00, 0x00, 0x00, 0x00, 
	0x00, 0x00, 0x00, 0x00, 0x00, 0x00, 0x00, 0x00, 0x00, 0x38, 0x7c, 0x7e, 0xff, 0xff, 0xff, 0xff, 
	0x00, 0x00, 0x00, 0x01, 0x03, 0x0f, 0x1f, 0x3f, 0x1f, 0x0f, 0x07, 0x03, 0x00, 0x00, 0x00, 0x00
};
// 'yoast', 32x32px
const unsigned char fab_32x32_fa_yoast [] PROGMEM = {
	0x00, 0x00, 0x00, 0xc0, 0x40, 0x60, 0x20, 0x20, 0x20, 0x20, 0x20, 0x20, 0x20, 0x20, 0x20, 0x20, 
	0x20, 0x20, 0x20, 0x00, 0xe0, 0xf8, 0xfe, 0xfe, 0x3e, 0x06, 0x60, 0x40, 0xc0, 0x00, 0x00, 0x00, 
	0x00, 0x00, 0xff, 0x01, 0x00, 0x00, 0x00, 0x00, 0x00, 0x06, 0x3e, 0xfe, 0xfe, 0xf0, 0x80, 0x00, 
	0x00, 0xe0, 0xf8, 0xff, 0xff, 0x3f, 0x07, 0x00, 0x00, 0x00, 0x00, 0x00, 0x01, 0xff, 0x00, 0x00, 
	0x00, 0x00, 0xff, 0x00, 0x00, 0x00, 0x00, 0x00, 0x00, 0x00, 0x00, 0x00, 0x07, 0x1f, 0xff, 0xfc, 
	0xff, 0xff, 0x3f, 0x07, 0x00, 0x00, 0x00, 0x00, 0x00, 0x00, 0x00, 0x00, 0x00, 0xff, 0x00, 0x00, 
	0x00, 0x00, 0x03, 0x06, 0x0c, 0x08, 0x18, 0x18, 0x00, 0x00, 0x78, 0x78, 0x3c, 0x3f, 0x1f, 0x0f, 
	0x03, 0x10, 0x18, 0x18, 0x18, 0x18, 0x18, 0x18, 0x18, 0x18, 0x18, 0x18, 0x18, 0x1f, 0x00, 0x00
};
// 'youtube', 32x32px
const unsigned char fab_32x32_fa_youtube [] PROGMEM = {
	0x00, 0x00, 0x80, 0xc0, 0xc0, 0xc0, 0xc0, 0xc0, 0xc0, 0xc0, 0xc0, 0xc0, 0xe0, 0xe0, 0xe0, 0xe0, 
	0xe0, 0xe0, 0xe0, 0xe0, 0xc0, 0xc0, 0xc0, 0xc0, 0xc0, 0xc0, 0xc0, 0xc0, 0xc0, 0x80, 0x00, 0x00, 
	0x00, 0xfe, 0xff, 0xff, 0xff, 0xff, 0xff, 0xff, 0xff, 0xff, 0xff, 0xff, 0xff, 0x0f, 0x1f, 0x1f, 
	0x3f, 0x3f, 0x7f, 0x7f, 0xff, 0xff, 0xff, 0xff, 0xff, 0xff, 0xff, 0xff, 0xff, 0xff, 0xfe, 0x00, 
	0x00, 0x7f, 0xff, 0xff, 0xff, 0xff, 0xff, 0xff, 0xff, 0xff, 0xff, 0xff, 0xff, 0xf0, 0xf0, 0xf8, 
	0xfc, 0xfc, 0xfe, 0xfe, 0xff, 0xff, 0xff, 0xff, 0xff, 0xff, 0xff, 0xff, 0xff, 0xff, 0x7f, 0x00, 
	0x00, 0x00, 0x01, 0x03, 0x03, 0x03, 0x03, 0x03, 0x03, 0x03, 0x03, 0x03, 0x07, 0x07, 0x07, 0x07, 
	0x07, 0x07, 0x07, 0x07, 0x03, 0x03, 0x03, 0x03, 0x03, 0x03, 0x03, 0x03, 0x03, 0x01, 0x00, 0x00
};
// 'youtube-square', 32x32px
const unsigned char fab_32x32_fa_youtube_square [] PROGMEM = {
	0x00, 0x00, 0xf8, 0xfc, 0xfc, 0xfc, 0xfc, 0xfc, 0xfc, 0xfc, 0xfc, 0xfc, 0xfc, 0xfc, 0xfc, 0xfc, 
	0xfc, 0xfc, 0xfc, 0xfc, 0xfc, 0xfc, 0xfc, 0xfc, 0xfc, 0xfc, 0xfc, 0xfc, 0xfc, 0xf8, 0x00, 0x00, 
	0x00, 0x00, 0xff, 0xff, 0xff, 0x03, 0x01, 0x00, 0x00, 0x00, 0x00, 0x00, 0x00, 0x00, 0xe0, 0xc0, 
	0xc0, 0x80, 0x80, 0x00, 0x00, 0x00, 0x00, 0x00, 0x00, 0x01, 0x03, 0xff, 0xff, 0xff, 0x00, 0x00, 
	0x00, 0x00, 0xff, 0xff, 0xff, 0xc0, 0x80, 0x00, 0x00, 0x00, 0x00, 0x00, 0x00, 0x00, 0x07, 0x03, 
	0x03, 0x01, 0x01, 0x00, 0x00, 0x00, 0x00, 0x00, 0x00, 0x80, 0xc0, 0xff, 0xff, 0xff, 0x00, 0x00, 
	0x00, 0x00, 0x1f, 0x3f, 0x3f, 0x3f, 0x3f, 0x3f, 0x3f, 0x3f, 0x3f, 0x3f, 0x3f, 0x3f, 0x3f, 0x3f, 
	0x3f, 0x3f, 0x3f, 0x3f, 0x3f, 0x3f, 0x3f, 0x3f, 0x3f, 0x3f, 0x3f, 0x3f, 0x3f, 0x1f, 0x00, 0x00
};
// 'zhihu', 32x32px
const unsigned char fab_32x32_fa_zhihu [] PROGMEM = {
	0x00, 0x00, 0x00, 0x00, 0x00, 0x00, 0x00, 0x00, 0x00, 0x00, 0x00, 0x00, 0x00, 0x00, 0x00, 0x00, 
	0x00, 0x00, 0x00, 0x00, 0x00, 0x00, 0x00, 0x00, 0x00, 0x00, 0x00, 0x00, 0x00, 0x00, 0x00, 0x00, 
	0x00, 0x1c, 0x0e, 0x88, 0xf8, 0x88, 0x08, 0x00, 0xf8, 0xfc, 0x0c, 0x0c, 0x0c, 0xfc, 0xf8, 0x00, 
	0x00, 0x00, 0x00, 0x04, 0x24, 0x44, 0x04, 0x04, 0xfc, 0x8c, 0x04, 0x46, 0x66, 0x36, 0x06, 0x00, 
	0x01, 0x41, 0x71, 0x1f, 0x0f, 0x19, 0x31, 0x01, 0x1f, 0x3f, 0x60, 0x20, 0x30, 0x3f, 0x1f, 0x00, 
	0x00, 0x00, 0x01, 0x01, 0x01, 0x41, 0x41, 0x41, 0x7f, 0x03, 0x01, 0x01, 0x01, 0x01, 0x01, 0x01, 
	0x00, 0x00, 0x00, 0x00, 0x00, 0x00, 0x00, 0x00, 0x00, 0x00, 0x00, 0x00, 0x00, 0x00, 0x00, 0x00, 
	0x00, 0x00, 0x00, 0x00, 0x00, 0x00, 0x00, 0x00, 0x00, 0x00, 0x00, 0x00, 0x00, 0x00, 0x00, 0x00
};

// Array of all bitmaps for convenience. (Total bytes used to store images in PROGMEM = 65808)
const int fab_32x32_fa_all_LEN = 457;
const unsigned char* fab_32x32_fa_all[457] = {
	fab_32x32_fa_500px,
	fab_32x32_fa_accessible_icon,
	fab_32x32_fa_accusoft,
	fab_32x32_fa_acquisitions_incorporated,
	fab_32x32_fa_adn,
	fab_32x32_fa_adversal,
	fab_32x32_fa_affiliatetheme,
	fab_32x32_fa_airbnb,
	fab_32x32_fa_algolia,
	fab_32x32_fa_alipay,
	fab_32x32_fa_amazon,
	fab_32x32_fa_amazon_pay,
	fab_32x32_fa_amilia,
	fab_32x32_fa_android,
	fab_32x32_fa_angellist,
	fab_32x32_fa_angrycreative,
	fab_32x32_fa_angular,
	fab_32x32_fa_app_store,
	fab_32x32_fa_app_store_ios,
	fab_32x32_fa_apper,
	fab_32x32_fa_apple,
	fab_32x32_fa_apple_pay,
	fab_32x32_fa_artstation,
	fab_32x32_fa_asymmetrik,
	fab_32x32_fa_atlassian,
	fab_32x32_fa_audible,
	fab_32x32_fa_autoprefixer,
	fab_32x32_fa_avianex,
	fab_32x32_fa_aviato,
	fab_32x32_fa_aws,
	fab_32x32_fa_bandcamp,
	fab_32x32_fa_battle_net,
	fab_32x32_fa_behance,
	fab_32x32_fa_behance_square,
	fab_32x32_fa_bimobject,
	fab_32x32_fa_bitbucket,
	fab_32x32_fa_bitcoin,
	fab_32x32_fa_bity,
	fab_32x32_fa_black_tie,
	fab_32x32_fa_blackberry,
	fab_32x32_fa_blogger,
	fab_32x32_fa_blogger_b,
	fab_32x32_fa_bluetooth,
	fab_32x32_fa_bluetooth_b,
	fab_32x32_fa_bootstrap,
	fab_32x32_fa_btc,
	fab_32x32_fa_buffer,
	fab_32x32_fa_buromobelexperte,
	fab_32x32_fa_buy_n_large,
	fab_32x32_fa_buysellads,
	fab_32x32_fa_canadian_maple_leaf,
	fab_32x32_fa_cc_amazon_pay,
	fab_32x32_fa_cc_amex,
	fab_32x32_fa_cc_apple_pay,
	fab_32x32_fa_cc_diners_club,
	fab_32x32_fa_cc_discover,
	fab_32x32_fa_cc_jcb,
	fab_32x32_fa_cc_mastercard,
	fab_32x32_fa_cc_paypal,
	fab_32x32_fa_cc_stripe,
	fab_32x32_fa_cc_visa,
	fab_32x32_fa_centercode,
	fab_32x32_fa_centos,
	fab_32x32_fa_chrome,
	fab_32x32_fa_chromecast,
	fab_32x32_fa_cloudflare,
	fab_32x32_fa_cloudscale,
	fab_32x32_fa_cloudsmith,
	fab_32x32_fa_cloudversify,
	fab_32x32_fa_codepen,
	fab_32x32_fa_codiepie,
	fab_32x32_fa_confluence,
	fab_32x32_fa_connectdevelop,
	fab_32x32_fa_contao,
	fab_32x32_fa_cotton_bureau,
	fab_32x32_fa_cpanel,
	fab_32x32_fa_creative_commons,
	fab_32x32_fa_creative_commons_by,
	fab_32x32_fa_creative_commons_nc,
	fab_32x32_fa_creative_commons_nc_eu,
	fab_32x32_fa_creative_commons_nc_jp,
	fab_32x32_fa_creative_commons_nd,
	fab_32x32_fa_creative_commons_pd,
	fab_32x32_fa_creative_commons_pd_alt,
	fab_32x32_fa_creative_commons_remix,
	fab_32x32_fa_creative_commons_sa,
	fab_32x32_fa_creative_commons_sampling,
	fab_32x32_fa_creative_commons_sampling_plus,
	fab_32x32_fa_creative_commons_share,
	fab_32x32_fa_creative_commons_zero,
	fab_32x32_fa_critical_role,
	fab_32x32_fa_css3,
	fab_32x32_fa_css3_alt,
	fab_32x32_fa_cuttlefish,
	fab_32x32_fa_d_and_d,
	fab_32x32_fa_d_and_d_beyond,
	fab_32x32_fa_dailymotion,
	fab_32x32_fa_dashcube,
	fab_32x32_fa_deezer,
	fab_32x32_fa_delicious,
	fab_32x32_fa_deploydog,
	fab_32x32_fa_deskpro,
	fab_32x32_fa_dev,
	fab_32x32_fa_deviantart,
	fab_32x32_fa_dhl,
	fab_32x32_fa_diaspora,
	fab_32x32_fa_digg,
	fab_32x32_fa_digital_ocean,
	fab_32x32_fa_discord,
	fab_32x32_fa_discourse,
	fab_32x32_fa_dochub,
	fab_32x32_fa_docker,
	fab_32x32_fa_draft2digital,
	fab_32x32_fa_dribbble,
	fab_32x32_fa_dribbble_square,
	fab_32x32_fa_dropbox,
	fab_32x32_fa_drupal,
	fab_32x32_fa_dyalog,
	fab_32x32_fa_earlybirds,
	fab_32x32_fa_ebay,
	fab_32x32_fa_edge,
	fab_32x32_fa_edge_legacy,
	fab_32x32_fa_elementor,
	fab_32x32_fa_ello,
	fab_32x32_fa_ember,
	fab_32x32_fa_empire,
	fab_32x32_fa_envira,
	fab_32x32_fa_erlang,
	fab_32x32_fa_ethereum,
	fab_32x32_fa_etsy,
	fab_32x32_fa_evernote,
	fab_32x32_fa_expeditedssl,
	fab_32x32_fa_facebook,
	fab_32x32_fa_facebook_f,
	fab_32x32_fa_facebook_messenger,
	fab_32x32_fa_facebook_square,
	fab_32x32_fa_fantasy_flight_games,
	fab_32x32_fa_fedex,
	fab_32x32_fa_fedora,
	fab_32x32_fa_figma,
	fab_32x32_fa_firefox,
	fab_32x32_fa_firefox_browser,
	fab_32x32_fa_first_order,
	fab_32x32_fa_first_order_alt,
	fab_32x32_fa_firstdraft,
	fab_32x32_fa_flickr,
	fab_32x32_fa_flipboard,
	fab_32x32_fa_fly,
	fab_32x32_fa_font_awesome,
	fab_32x32_fa_font_awesome_alt,
	fab_32x32_fa_font_awesome_flag,
	fab_32x32_fa_font_awesome_logo_full,
	fab_32x32_fa_fonticons,
	fab_32x32_fa_fonticons_fi,
	fab_32x32_fa_fort_awesome,
	fab_32x32_fa_fort_awesome_alt,
	fab_32x32_fa_forumbee,
	fab_32x32_fa_foursquare,
	fab_32x32_fa_free_code_camp,
	fab_32x32_fa_freebsd,
	fab_32x32_fa_fulcrum,
	fab_32x32_fa_galactic_republic,
	fab_32x32_fa_galactic_senate,
	fab_32x32_fa_get_pocket,
	fab_32x32_fa_gg,
	fab_32x32_fa_gg_circle,
	fab_32x32_fa_git,
	fab_32x32_fa_git_alt,
	fab_32x32_fa_git_square,
	fab_32x32_fa_github,
	fab_32x32_fa_github_alt,
	fab_32x32_fa_github_square,
	fab_32x32_fa_gitkraken,
	fab_32x32_fa_gitlab,
	fab_32x32_fa_gitter,
	fab_32x32_fa_glide,
	fab_32x32_fa_glide_g,
	fab_32x32_fa_gofore,
	fab_32x32_fa_goodreads,
	fab_32x32_fa_goodreads_g,
	fab_32x32_fa_google,
	fab_32x32_fa_google_drive,
	fab_32x32_fa_google_pay,
	fab_32x32_fa_google_play,
	fab_32x32_fa_google_plus,
	fab_32x32_fa_google_plus_g,
	fab_32x32_fa_google_plus_square,
	fab_32x32_fa_google_wallet,
	fab_32x32_fa_gratipay,
	fab_32x32_fa_grav,
	fab_32x32_fa_gripfire,
	fab_32x32_fa_grunt,
	fab_32x32_fa_guilded,
	fab_32x32_fa_gulp,
	fab_32x32_fa_hacker_news,
	fab_32x32_fa_hacker_news_square,
	fab_32x32_fa_hackerrank,
	fab_32x32_fa_hips,
	fab_32x32_fa_hire_a_helper,
	fab_32x32_fa_hive,
	fab_32x32_fa_hooli,
	fab_32x32_fa_hornbill,
	fab_32x32_fa_hotjar,
	fab_32x32_fa_houzz,
	fab_32x32_fa_html5,
	fab_32x32_fa_hubspot,
	fab_32x32_fa_ideal,
	fab_32x32_fa_imdb,
	fab_32x32_fa_innosoft,
	fab_32x32_fa_instagram,
	fab_32x32_fa_instagram_square,
	fab_32x32_fa_instalod,
	fab_32x32_fa_intercom,
	fab_32x32_fa_internet_explorer,
	fab_32x32_fa_invision,
	fab_32x32_fa_ioxhost,
	fab_32x32_fa_itch_io,
	fab_32x32_fa_itunes,
	fab_32x32_fa_itunes_note,
	fab_32x32_fa_java,
	fab_32x32_fa_jedi_order,
	fab_32x32_fa_jenkins,
	fab_32x32_fa_jira,
	fab_32x32_fa_joget,
	fab_32x32_fa_joomla,
	fab_32x32_fa_js,
	fab_32x32_fa_js_square,
	fab_32x32_fa_jsfiddle,
	fab_32x32_fa_kaggle,
	fab_32x32_fa_keybase,
	fab_32x32_fa_keycdn,
	fab_32x32_fa_kickstarter,
	fab_32x32_fa_kickstarter_k,
	fab_32x32_fa_korvue,
	fab_32x32_fa_laravel,
	fab_32x32_fa_lastfm,
	fab_32x32_fa_lastfm_square,
	fab_32x32_fa_leanpub,
	fab_32x32_fa_less,
	fab_32x32_fa_line,
	fab_32x32_fa_linkedin,
	fab_32x32_fa_linkedin_in,
	fab_32x32_fa_linode,
	fab_32x32_fa_linux,
	fab_32x32_fa_lyft,
	fab_32x32_fa_magento,
	fab_32x32_fa_mailchimp,
	fab_32x32_fa_mandalorian,
	fab_32x32_fa_markdown,
	fab_32x32_fa_mastodon,
	fab_32x32_fa_maxcdn,
	fab_32x32_fa_mdb,
	fab_32x32_fa_medapps,
	fab_32x32_fa_medium,
	fab_32x32_fa_medium_m,
	fab_32x32_fa_medrt,
	fab_32x32_fa_meetup,
	fab_32x32_fa_megaport,
	fab_32x32_fa_mendeley,
	fab_32x32_fa_microblog,
	fab_32x32_fa_microsoft,
	fab_32x32_fa_mix,
	fab_32x32_fa_mixcloud,
	fab_32x32_fa_mixer,
	fab_32x32_fa_mizuni,
	fab_32x32_fa_modx,
	fab_32x32_fa_monero,
	fab_32x32_fa_napster,
	fab_32x32_fa_neos,
	fab_32x32_fa_nimblr,
	fab_32x32_fa_node,
	fab_32x32_fa_node_js,
	fab_32x32_fa_npm,
	fab_32x32_fa_ns8,
	fab_32x32_fa_nutritionix,
	fab_32x32_fa_octopus_deploy,
	fab_32x32_fa_odnoklassniki,
	fab_32x32_fa_odnoklassniki_square,
	fab_32x32_fa_old_republic,
	fab_32x32_fa_opencart,
	fab_32x32_fa_openid,
	fab_32x32_fa_opera,
	fab_32x32_fa_optin_monster,
	fab_32x32_fa_orcid,
	fab_32x32_fa_osi,
	fab_32x32_fa_page4,
	fab_32x32_fa_pagelines,
	fab_32x32_fa_palfed,
	fab_32x32_fa_patreon,
	fab_32x32_fa_paypal,
	fab_32x32_fa_penny_arcade,
	fab_32x32_fa_perbyte,
	fab_32x32_fa_periscope,
	fab_32x32_fa_phabricator,
	fab_32x32_fa_phoenix_framework,
	fab_32x32_fa_phoenix_squadron,
	fab_32x32_fa_php,
	fab_32x32_fa_pied_piper,
	fab_32x32_fa_pied_piper_alt,
	fab_32x32_fa_pied_piper_hat,
	fab_32x32_fa_pied_piper_pp,
	fab_32x32_fa_pied_piper_square,
	fab_32x32_fa_pinterest,
	fab_32x32_fa_pinterest_p,
	fab_32x32_fa_pinterest_square,
	fab_32x32_fa_playstation,
	fab_32x32_fa_product_hunt,
	fab_32x32_fa_pushed,
	fab_32x32_fa_python,
	fab_32x32_fa_qq,
	fab_32x32_fa_quinscape,
	fab_32x32_fa_quora,
	fab_32x32_fa_r_project,
	fab_32x32_fa_raspberry_pi,
	fab_32x32_fa_ravelry,
	fab_32x32_fa_react,
	fab_32x32_fa_reacteurope,
	fab_32x32_fa_readme,
	fab_32x32_fa_rebel,
	fab_32x32_fa_red_river,
	fab_32x32_fa_reddit,
	fab_32x32_fa_reddit_alien,
	fab_32x32_fa_reddit_square,
	fab_32x32_fa_redhat,
	fab_32x32_fa_renren,
	fab_32x32_fa_replyd,
	fab_32x32_fa_researchgate,
	fab_32x32_fa_resolving,
	fab_32x32_fa_rev,
	fab_32x32_fa_rocketchat,
	fab_32x32_fa_rockrms,
	fab_32x32_fa_rust,
	fab_32x32_fa_safari,
	fab_32x32_fa_salesforce,
	fab_32x32_fa_sass,
	fab_32x32_fa_schlix,
	fab_32x32_fa_scribd,
	fab_32x32_fa_searchengin,
	fab_32x32_fa_sellcast,
	fab_32x32_fa_sellsy,
	fab_32x32_fa_servicestack,
	fab_32x32_fa_shirtsinbulk,
	fab_32x32_fa_shopify,
	fab_32x32_fa_shopware,
	fab_32x32_fa_simplybuilt,
	fab_32x32_fa_sistrix,
	fab_32x32_fa_sith,
	fab_32x32_fa_sketch,
	fab_32x32_fa_skyatlas,
	fab_32x32_fa_skype,
	fab_32x32_fa_slack,
	fab_32x32_fa_slack_hash,
	fab_32x32_fa_slideshare,
	fab_32x32_fa_snapchat,
	fab_32x32_fa_snapchat_ghost,
	fab_32x32_fa_snapchat_square,
	fab_32x32_fa_soundcloud,
	fab_32x32_fa_sourcetree,
	fab_32x32_fa_speakap,
	fab_32x32_fa_speaker_deck,
	fab_32x32_fa_spotify,
	fab_32x32_fa_squarespace,
	fab_32x32_fa_stack_exchange,
	fab_32x32_fa_stack_overflow,
	fab_32x32_fa_stackpath,
	fab_32x32_fa_staylinked,
	fab_32x32_fa_steam,
	fab_32x32_fa_steam_square,
	fab_32x32_fa_steam_symbol,
	fab_32x32_fa_sticker_mule,
	fab_32x32_fa_strava,
	fab_32x32_fa_stripe,
	fab_32x32_fa_stripe_s,
	fab_32x32_fa_studiovinari,
	fab_32x32_fa_stumbleupon,
	fab_32x32_fa_stumbleupon_circle,
	fab_32x32_fa_superpowers,
	fab_32x32_fa_supple,
	fab_32x32_fa_suse,
	fab_32x32_fa_swift,
	fab_32x32_fa_symfony,
	fab_32x32_fa_teamspeak,
	fab_32x32_fa_telegram,
	fab_32x32_fa_telegram_plane,
	fab_32x32_fa_tencent_weibo,
	fab_32x32_fa_the_red_yeti,
	fab_32x32_fa_themeco,
	fab_32x32_fa_themeisle,
	fab_32x32_fa_think_peaks,
	fab_32x32_fa_tiktok,
	fab_32x32_fa_trade_federation,
	fab_32x32_fa_trello,
	fab_32x32_fa_tumblr,
	fab_32x32_fa_tumblr_square,
	fab_32x32_fa_twitch,
	fab_32x32_fa_twitter,
	fab_32x32_fa_twitter_square,
	fab_32x32_fa_typo3,
	fab_32x32_fa_uber,
	fab_32x32_fa_ubuntu,
	fab_32x32_fa_uikit,
	fab_32x32_fa_umbraco,
	fab_32x32_fa_uncharted,
	fab_32x32_fa_uniregistry,
	fab_32x32_fa_unity,
	fab_32x32_fa_unsplash,
	fab_32x32_fa_untappd,
	fab_32x32_fa_ups,
	fab_32x32_fa_usb,
	fab_32x32_fa_usps,
	fab_32x32_fa_ussunnah,
	fab_32x32_fa_vaadin,
	fab_32x32_fa_viacoin,
	fab_32x32_fa_viadeo,
	fab_32x32_fa_viadeo_square,
	fab_32x32_fa_viber,
	fab_32x32_fa_vimeo,
	fab_32x32_fa_vimeo_square,
	fab_32x32_fa_vimeo_v,
	fab_32x32_fa_vine,
	fab_32x32_fa_vk,
	fab_32x32_fa_vnv,
	fab_32x32_fa_vuejs,
	fab_32x32_fa_watchman_monitoring,
	fab_32x32_fa_waze,
	fab_32x32_fa_weebly,
	fab_32x32_fa_weibo,
	fab_32x32_fa_weixin,
	fab_32x32_fa_whatsapp,
	fab_32x32_fa_whatsapp_square,
	fab_32x32_fa_whmcs,
	fab_32x32_fa_wikipedia_w,
	fab_32x32_fa_windows,
	fab_32x32_fa_wix,
	fab_32x32_fa_wizards_of_the_coast,
	fab_32x32_fa_wodu,
	fab_32x32_fa_wolf_pack_battalion,
	fab_32x32_fa_wordpress,
	fab_32x32_fa_wordpress_simple,
	fab_32x32_fa_wpbeginner,
	fab_32x32_fa_wpexplorer,
	fab_32x32_fa_wpforms,
	fab_32x32_fa_wpressr,
	fab_32x32_fa_xbox,
	fab_32x32_fa_xing,
	fab_32x32_fa_xing_square,
	fab_32x32_fa_y_combinator,
	fab_32x32_fa_yahoo,
	fab_32x32_fa_yammer,
	fab_32x32_fa_yandex,
	fab_32x32_fa_yandex_international,
	fab_32x32_fa_yarn,
	fab_32x32_fa_yelp,
	fab_32x32_fa_yoast,
	fab_32x32_fa_youtube,
	fab_32x32_fa_youtube_square,
	fab_32x32_fa_zhihu
};
