// '500px', 16x16px
const unsigned char fab_16x16_fa_500px [] PROGMEM = {
	0x00, 0x00, 0x00, 0x00, 0x7f, 0x21, 0x91, 0x55, 0x55, 0x55, 0xd5, 0xb5, 0x68, 0x80, 0x00, 0x00, 
	0x00, 0x00, 0x0c, 0x18, 0x24, 0x5c, 0x5f, 0xa0, 0xab, 0xab, 0xa4, 0x53, 0x48, 0x27, 0x00, 0x00
};
// 'accessible-icon', 16x16px
const unsigned char fab_16x16_fa_accessible_icon [] PROGMEM = {
	0x00, 0x00, 0x00, 0x00, 0x9c, 0xcc, 0xc6, 0xf6, 0xfc, 0xfc, 0xf8, 0x9f, 0x87, 0x82, 0x00, 0x00, 
	0x00, 0x00, 0x3e, 0x7e, 0xe1, 0xc0, 0xc0, 0xc0, 0xc1, 0x33, 0x3f, 0x0d, 0x3f, 0x1f, 0x00, 0x00
};
// 'accusoft', 16x16px
const unsigned char fab_16x16_fa_accusoft [] PROGMEM = {
	0x00, 0x00, 0x00, 0x00, 0x00, 0x00, 0x88, 0x38, 0x78, 0xf8, 0xf0, 0xe0, 0xc0, 0x80, 0x00, 0x00, 
	0x00, 0x10, 0x18, 0x0c, 0x0e, 0x0f, 0x1f, 0x1d, 0x1c, 0x1c, 0x19, 0x37, 0x3f, 0x1f, 0x1f, 0x04
};
// 'acquisitions-incorporated', 16x16px
const unsigned char fab_16x16_fa_acquisitions_incorporated [] PROGMEM = {
	0x00, 0x00, 0x00, 0x03, 0x03, 0xc3, 0xf3, 0x1f, 0x1f, 0xf3, 0x83, 0x03, 0x03, 0x00, 0x00, 0x00, 
	0x00, 0x00, 0x00, 0xc4, 0xc6, 0xc7, 0xc1, 0xff, 0xff, 0xc1, 0xc7, 0xc6, 0xc4, 0x00, 0x00, 0x00
};
// 'adn', 16x16px
const unsigned char fab_16x16_fa_adn [] PROGMEM = {
	0xe0, 0xf8, 0xfc, 0xfc, 0xfe, 0x7e, 0xbf, 0xcf, 0xcf, 0xbf, 0x7e, 0xfe, 0xfc, 0xfc, 0xf8, 0xe0, 
	0x07, 0x1f, 0x3f, 0x3f, 0x7d, 0x7e, 0xfe, 0xff, 0xff, 0xfe, 0x7e, 0x7d, 0x3f, 0x3f, 0x1f, 0x07
};
// 'adversal', 16x16px
const unsigned char fab_16x16_fa_adversal [] PROGMEM = {
	0xfe, 0xfe, 0x3e, 0x9e, 0x9e, 0x9e, 0x3e, 0xfe, 0xfe, 0x3e, 0x9e, 0x9e, 0x9e, 0x06, 0x06, 0xfe, 
	0x7f, 0x73, 0x61, 0x64, 0x64, 0x74, 0x60, 0x77, 0x7c, 0x70, 0x67, 0x67, 0x67, 0x60, 0x70, 0x7f
};
// 'affiliatetheme', 16x16px
const unsigned char fab_16x16_fa_affiliatetheme [] PROGMEM = {
	0x80, 0xe0, 0xf0, 0xf8, 0xfc, 0x7c, 0x08, 0x00, 0x00, 0x00, 0x00, 0x00, 0x00, 0x00, 0x00, 0xc0, 
	0x03, 0x03, 0x1b, 0x39, 0x3c, 0x7e, 0x7e, 0x7c, 0x7c, 0x78, 0x3c, 0x3c, 0x1e, 0x1e, 0x07, 0x03
};
// 'airbnb', 16x16px
const unsigned char fab_16x16_fa_airbnb [] PROGMEM = {
	0x00, 0x00, 0x00, 0x80, 0x60, 0x18, 0x84, 0x42, 0x42, 0x84, 0x18, 0x60, 0x80, 0x00, 0x00, 0x00, 
	0x00, 0x18, 0x3e, 0x41, 0x40, 0x40, 0x27, 0x38, 0x38, 0x27, 0x40, 0x40, 0x41, 0x3e, 0x18, 0x00
};
// 'algolia', 16x16px
const unsigned char fab_16x16_fa_algolia [] PROGMEM = {
	0x00, 0xfc, 0xfe, 0xfe, 0x5e, 0x1e, 0xde, 0xc6, 0x06, 0x1e, 0x9e, 0x3e, 0xfe, 0xfe, 0xfc, 0x00, 
	0x00, 0x3f, 0x7f, 0x7f, 0x7c, 0x79, 0x77, 0x77, 0x77, 0x77, 0x73, 0x78, 0x7f, 0x7f, 0x3f, 0x00
};
// 'alipay', 16x16px
const unsigned char fab_16x16_fa_alipay [] PROGMEM = {
	0x00, 0xfc, 0xfe, 0xfe, 0xfe, 0xfe, 0xfe, 0xc6, 0xc6, 0xbe, 0x3e, 0xfe, 0xfe, 0xfe, 0xfc, 0x00, 
	0x00, 0x3f, 0x7f, 0x7e, 0x7e, 0x6e, 0x76, 0x72, 0x78, 0x7c, 0x7c, 0x79, 0x7b, 0x73, 0x33, 0x00
};
// 'amazon', 16x16px
const unsigned char fab_16x16_fa_amazon [] PROGMEM = {
	0x00, 0x00, 0x00, 0x00, 0x88, 0xcc, 0xee, 0x66, 0x66, 0xfe, 0xfc, 0xf8, 0x00, 0x00, 0x00, 0x00, 
	0x00, 0x00, 0x10, 0x20, 0x27, 0x67, 0x4f, 0x44, 0x46, 0x47, 0x67, 0x27, 0x20, 0x00, 0x10, 0x00
};
// 'amazon-pay', 16x16px
const unsigned char fab_16x16_fa_amazon_pay [] PROGMEM = {
	0x00, 0x00, 0xf0, 0x90, 0x80, 0x70, 0x00, 0xc0, 0x00, 0xf0, 0x00, 0x60, 0xc0, 0x30, 0x00, 0x00, 
	0x00, 0x00, 0x09, 0x08, 0x10, 0x10, 0x10, 0x10, 0x10, 0x10, 0x10, 0x10, 0x00, 0x08, 0x04, 0x04
};
// 'amilia', 16x16px
const unsigned char fab_16x16_fa_amilia [] PROGMEM = {
	0x00, 0x00, 0x00, 0x1c, 0x0c, 0x8e, 0x8e, 0x86, 0x86, 0x8e, 0xfe, 0xfe, 0xfc, 0xf8, 0xf0, 0x00, 
	0x00, 0x0c, 0x3f, 0x7f, 0x7f, 0x7f, 0x73, 0x61, 0x31, 0x31, 0x7f, 0x7f, 0x7f, 0x7f, 0x3f, 0x00
};
// 'android', 16x16px
const unsigned char fab_16x16_fa_android [] PROGMEM = {
	0x00, 0x00, 0xc0, 0xc8, 0xe0, 0xe0, 0xf0, 0xf0, 0xf0, 0xf0, 0xe0, 0xe0, 0xc8, 0xc0, 0x00, 0x00, 
	0x06, 0x0f, 0x0f, 0x0f, 0x0e, 0x0f, 0x0f, 0x0f, 0x0f, 0x0f, 0x0f, 0x0e, 0x0f, 0x0f, 0x0f, 0x06
};
// 'angellist', 16x16px
const unsigned char fab_16x16_fa_angellist [] PROGMEM = {
	0x00, 0x00, 0x00, 0x00, 0x82, 0xff, 0xe3, 0x5c, 0x70, 0x70, 0x4c, 0xf3, 0x9f, 0x00, 0x00, 0x00, 
	0x00, 0x00, 0x08, 0x3e, 0x73, 0xf4, 0x99, 0x9f, 0xbe, 0x86, 0x42, 0x60, 0x1f, 0x06, 0x00, 0x00
};
// 'angrycreative', 16x16px
const unsigned char fab_16x16_fa_angrycreative [] PROGMEM = {
	0x00, 0x00, 0x80, 0xc0, 0x80, 0xc0, 0xc0, 0xc0, 0xe0, 0xe0, 0xe0, 0xe0, 0x60, 0x60, 0x00, 0x00, 
	0x0c, 0x0a, 0x0b, 0x0f, 0x0f, 0x0f, 0x0d, 0x06, 0x07, 0x07, 0x03, 0x03, 0x06, 0x06, 0x07, 0x07
};
// 'angular', 16x16px
const unsigned char fab_16x16_fa_angular [] PROGMEM = {
	0x00, 0x00, 0xf8, 0xf8, 0xfc, 0xfc, 0x3c, 0x8e, 0x8e, 0x3c, 0xfc, 0xfc, 0xf8, 0xf8, 0x00, 0x00, 
	0x00, 0x00, 0x0f, 0x1f, 0x13, 0x38, 0x3c, 0x7c, 0x7c, 0x3c, 0x38, 0x13, 0x1f, 0x0f, 0x00, 0x00
};
// 'apper', 16x16px
const unsigned char fab_16x16_fa_apper [] PROGMEM = {
	0x80, 0x80, 0x80, 0x80, 0x80, 0x80, 0x80, 0x80, 0x80, 0x80, 0x80, 0x80, 0x80, 0x80, 0x80, 0x80, 
	0x03, 0x03, 0x03, 0x07, 0x03, 0x03, 0x01, 0x07, 0x02, 0x03, 0x01, 0x03, 0x03, 0x01, 0x01, 0x00
};
// 'apple', 16x16px
const unsigned char fab_16x16_fa_apple [] PROGMEM = {
	0x00, 0x00, 0xc0, 0xe0, 0xe0, 0xf0, 0xe0, 0xe0, 0xe8, 0xfc, 0xf6, 0xf0, 0x60, 0x00, 0x00, 0x00, 
	0x00, 0x00, 0x07, 0x1f, 0x3f, 0x7f, 0x7f, 0x7f, 0x3f, 0x7f, 0x7f, 0x7f, 0x3c, 0x08, 0x00, 0x00
};
// 'apple-pay', 16x16px
const unsigned char fab_16x16_fa_apple_pay [] PROGMEM = {
	0x80, 0x80, 0xc0, 0x80, 0x00, 0x00, 0x40, 0x00, 0xc0, 0x00, 0x80, 0x80, 0x00, 0x80, 0x00, 0x80, 
	0x03, 0x03, 0x03, 0x03, 0x00, 0x00, 0x01, 0x01, 0x00, 0x02, 0x00, 0x03, 0x00, 0x09, 0x06, 0x00
};
// 'app-store', 16x16px
const unsigned char fab_16x16_fa_app_store [] PROGMEM = {
	0xc0, 0x30, 0x08, 0x04, 0x02, 0x02, 0xc1, 0x79, 0x79, 0xc1, 0x02, 0x02, 0x04, 0x08, 0x30, 0xc0, 
	0x03, 0x0c, 0x10, 0x22, 0x4e, 0x43, 0x83, 0x82, 0x82, 0x83, 0x47, 0x4e, 0x22, 0x10, 0x0c, 0x03
};
// 'app-store-ios', 16x16px
const unsigned char fab_16x16_fa_app_store_ios [] PROGMEM = {
	0x00, 0xfe, 0xfe, 0xfe, 0xfe, 0xfe, 0x7e, 0x0e, 0x8e, 0x7e, 0xfe, 0xfe, 0xfe, 0xfe, 0xfe, 0x00, 
	0x00, 0x7f, 0x7f, 0x7d, 0x71, 0x79, 0x7c, 0x7d, 0x7d, 0x7c, 0x79, 0x71, 0x7d, 0x7f, 0x7f, 0x00
};
// 'artstation', 16x16px
const unsigned char fab_16x16_fa_artstation [] PROGMEM = {
	0x00, 0x00, 0x00, 0xc0, 0xf0, 0xf0, 0xc0, 0x06, 0x1e, 0x7e, 0xfc, 0xf0, 0xe0, 0x80, 0x00, 0x00, 
	0x10, 0x30, 0x73, 0x73, 0x73, 0x73, 0x73, 0x73, 0x70, 0x70, 0x60, 0x03, 0x0f, 0x3f, 0x3e, 0x1c
};
// 'asymmetrik', 16x16px
const unsigned char fab_16x16_fa_asymmetrik [] PROGMEM = {
	0x00, 0x00, 0x00, 0x00, 0x00, 0x00, 0x80, 0xe0, 0xf0, 0xe0, 0x80, 0x00, 0x00, 0x00, 0x10, 0xe0, 
	0x00, 0x06, 0x18, 0x38, 0x1c, 0x1f, 0x07, 0x31, 0x38, 0x31, 0x0f, 0x0f, 0x1c, 0x3a, 0x01, 0x00
};
// 'atlassian', 16x16px
const unsigned char fab_16x16_fa_atlassian [] PROGMEM = {
	0x00, 0x00, 0x00, 0x00, 0x80, 0x00, 0xf8, 0xff, 0xff, 0xfc, 0xf0, 0xc0, 0x00, 0x00, 0x00, 0x00, 
	0xc0, 0xf0, 0xfc, 0xff, 0xff, 0xff, 0xff, 0x0f, 0x3f, 0xff, 0xff, 0xff, 0xff, 0xfc, 0xf0, 0xc0
};
// 'audible', 16x16px
const unsigned char fab_16x16_fa_audible [] PROGMEM = {
	0x80, 0x00, 0x00, 0x00, 0x00, 0x10, 0x50, 0x58, 0x58, 0x50, 0xd0, 0xb0, 0x60, 0x40, 0x00, 0x80, 
	0x01, 0x01, 0x02, 0x06, 0x04, 0x08, 0x18, 0x11, 0x11, 0x1a, 0x08, 0x05, 0x06, 0x02, 0x01, 0x01
};
// 'autoprefixer', 16x16px
const unsigned char fab_16x16_fa_autoprefixer [] PROGMEM = {
	0x00, 0x00, 0x00, 0x00, 0x00, 0x00, 0x80, 0xf0, 0xf0, 0x80, 0x00, 0x00, 0x00, 0x00, 0x00, 0x00, 
	0x08, 0x08, 0x08, 0x08, 0x70, 0x7c, 0x1f, 0x19, 0x19, 0x1f, 0x7c, 0x60, 0x08, 0x08, 0x08, 0x08
};
// 'avianex', 16x16px
const unsigned char fab_16x16_fa_avianex [] PROGMEM = {
	0x00, 0xe0, 0xfc, 0xfe, 0xfe, 0xce, 0x9e, 0x3e, 0x3e, 0x3e, 0xbe, 0xfe, 0xfe, 0xfe, 0xfe, 0x3e, 
	0x7c, 0x7f, 0x7f, 0x7f, 0x7f, 0x79, 0x71, 0x7e, 0x7c, 0x7c, 0x79, 0x73, 0x7f, 0x3f, 0x07, 0x00
};
// 'aviato', 16x16px
const unsigned char fab_16x16_fa_aviato [] PROGMEM = {
	0x00, 0x80, 0x00, 0x00, 0x00, 0x00, 0x00, 0x00, 0x80, 0x00, 0x00, 0x00, 0x00, 0x00, 0x00, 0x00, 
	0x00, 0x00, 0x00, 0x00, 0x00, 0x00, 0x00, 0x00, 0x06, 0x02, 0x00, 0x00, 0x00, 0x00, 0x00, 0x00
};
// 'aws', 16x16px
const unsigned char fab_16x16_fa_aws [] PROGMEM = {
	0x00, 0xc0, 0x00, 0xf0, 0xe0, 0x30, 0xc0, 0xe0, 0x30, 0xc0, 0x70, 0x00, 0x30, 0x40, 0xc0, 0x00, 
	0x00, 0x00, 0x09, 0x18, 0x10, 0x10, 0x10, 0x10, 0x10, 0x10, 0x10, 0x10, 0x00, 0x09, 0x00, 0x0c
};
// 'bandcamp', 16x16px
const unsigned char fab_16x16_fa_bandcamp [] PROGMEM = {
	0xc0, 0xf0, 0xf8, 0xfc, 0xfe, 0x7e, 0x3f, 0x3f, 0x3f, 0x3f, 0x3e, 0xbe, 0xfc, 0xf8, 0xf0, 0xc0, 
	0x03, 0x0f, 0x1f, 0x3f, 0x7d, 0x7c, 0xfc, 0xfc, 0xfc, 0xfc, 0x7e, 0x7f, 0x3f, 0x1f, 0x0f, 0x03
};
// 'battle-net', 16x16px
const unsigned char fab_16x16_fa_battle_net [] PROGMEM = {
	0x00, 0x00, 0x00, 0x30, 0xfc, 0x3c, 0xff, 0x03, 0x22, 0x2c, 0x48, 0xc0, 0xf0, 0xb0, 0xe0, 0x00, 
	0x00, 0x00, 0x00, 0x1e, 0x19, 0x18, 0x3d, 0x2c, 0x3c, 0x12, 0x09, 0x04, 0x04, 0x04, 0x07, 0x03
};
// 'behance', 16x16px
const unsigned char fab_16x16_fa_behance [] PROGMEM = {
	0xf8, 0xf8, 0x98, 0x98, 0x98, 0xd8, 0xf8, 0x70, 0x00, 0x80, 0xc0, 0x50, 0x50, 0x50, 0xc0, 0x80, 
	0x1f, 0x1f, 0x19, 0x18, 0x18, 0x19, 0x0f, 0x0f, 0x00, 0x07, 0x0f, 0x1b, 0x1b, 0x1b, 0x0b, 0x0b
};
// 'behance-square', 16x16px
const unsigned char fab_16x16_fa_behance_square [] PROGMEM = {
	0x00, 0xfe, 0xfe, 0x1e, 0x5e, 0x5e, 0x1e, 0xbe, 0xfe, 0x7e, 0xbe, 0x7e, 0x7e, 0xfe, 0xfe, 0x00, 
	0x00, 0x7f, 0x7f, 0x78, 0x78, 0x7b, 0x7a, 0x7c, 0x7e, 0x78, 0x7a, 0x7a, 0x7e, 0x7f, 0x7f, 0x00
};
// 'bimobject', 16x16px
const unsigned char fab_16x16_fa_bimobject [] PROGMEM = {
	0x00, 0xfe, 0xfe, 0xfe, 0x0e, 0x0e, 0xbe, 0x9e, 0x9e, 0x9e, 0x3e, 0x3e, 0xfe, 0xfe, 0xfe, 0x00, 
	0x00, 0x7f, 0x7f, 0x7f, 0x78, 0x78, 0x7b, 0x73, 0x73, 0x73, 0x78, 0x78, 0x7f, 0x7f, 0x7f, 0x00
};
// 'bitbucket', 16x16px
const unsigned char fab_16x16_fa_bitbucket [] PROGMEM = {
	0x0e, 0xfe, 0xfe, 0xfe, 0xfe, 0xfe, 0x3e, 0x3e, 0x3e, 0x3e, 0xfe, 0xfe, 0xfe, 0xfe, 0xfe, 0x0e, 
	0x00, 0x03, 0x7f, 0x7f, 0x7f, 0x7f, 0x7c, 0x7c, 0x7c, 0x7c, 0x7f, 0x7f, 0x7f, 0x7f, 0x03, 0x00
};
// 'bitcoin', 16x16px
const unsigned char fab_16x16_fa_bitcoin [] PROGMEM = {
	0xc0, 0xf0, 0xf8, 0xfc, 0xfe, 0xfe, 0x0f, 0x0f, 0x4f, 0x4f, 0x1e, 0xfe, 0xfc, 0xf8, 0xf0, 0xc0, 
	0x03, 0x0f, 0x1f, 0x3f, 0x7f, 0x79, 0xf0, 0xf3, 0xfb, 0xf8, 0x78, 0x7f, 0x3f, 0x1f, 0x0f, 0x03
};
// 'bity', 16x16px
const unsigned char fab_16x16_fa_bity [] PROGMEM = {
	0xc0, 0x00, 0x00, 0x06, 0xf2, 0x81, 0x01, 0x01, 0x01, 0x01, 0x81, 0xf2, 0x06, 0x04, 0x00, 0xc0, 
	0x07, 0x0c, 0x10, 0x20, 0x40, 0x41, 0x01, 0x09, 0x09, 0x01, 0x41, 0x40, 0x20, 0x10, 0x0c, 0x07
};
// 'blackberry', 16x16px
const unsigned char fab_16x16_fa_blackberry [] PROGMEM = {
	0x80, 0x98, 0x9c, 0x9c, 0x18, 0x00, 0x80, 0x9c, 0x9c, 0x9c, 0x08, 0x00, 0xe0, 0xe0, 0xe0, 0x60, 
	0x01, 0x01, 0x01, 0x01, 0x00, 0x38, 0x39, 0x39, 0x19, 0x01, 0x00, 0x0e, 0x0e, 0x0e, 0x0e, 0x00
};
// 'black-tie', 16x16px
const unsigned char fab_16x16_fa_black_tie [] PROGMEM = {
	0x00, 0xfe, 0xfe, 0xfe, 0xfe, 0xfe, 0x66, 0x06, 0x06, 0x66, 0xfe, 0xfe, 0xfe, 0xfe, 0xfe, 0x00, 
	0x00, 0x7f, 0x7f, 0x7f, 0x7f, 0x7b, 0x70, 0x60, 0x60, 0x70, 0x7b, 0x7f, 0x7f, 0x7f, 0x7f, 0x00
};
// 'blogger', 16x16px
const unsigned char fab_16x16_fa_blogger [] PROGMEM = {
	0x00, 0xfc, 0xfe, 0xfe, 0x1e, 0x0e, 0x4e, 0x4e, 0x0e, 0x0e, 0x1e, 0x7e, 0xfe, 0xfe, 0xfc, 0x00, 
	0x00, 0x3f, 0x7f, 0x7f, 0x78, 0x70, 0x72, 0x72, 0x72, 0x72, 0x70, 0x78, 0x7f, 0x7f, 0x3f, 0x00
};
// 'blogger-b', 16x16px
const unsigned char fab_16x16_fa_blogger_b [] PROGMEM = {
	0x00, 0xf8, 0xfc, 0xfe, 0xfe, 0xde, 0xde, 0xde, 0xde, 0xfe, 0xfc, 0xf8, 0xe0, 0xc0, 0xc0, 0x00, 
	0x00, 0x1f, 0x3f, 0x7f, 0x7f, 0x7b, 0x7b, 0x7b, 0x7b, 0x7b, 0x7b, 0x7f, 0x7f, 0x3f, 0x1f, 0x00
};
// 'bluetooth', 16x16px
const unsigned char fab_16x16_fa_bluetooth [] PROGMEM = {
	0x00, 0x00, 0xf0, 0xfc, 0xfe, 0xdf, 0xbf, 0x3f, 0x03, 0x27, 0xcf, 0xfe, 0xfc, 0xf0, 0x00, 0x00, 
	0x00, 0x00, 0x0f, 0x3f, 0x7f, 0xfb, 0xf9, 0xfc, 0xc0, 0xe5, 0xf3, 0x7f, 0x3f, 0x0f, 0x00, 0x00
};
// 'bluetooth-b', 16x16px
const unsigned char fab_16x16_fa_bluetooth_b [] PROGMEM = {
	0x00, 0x00, 0x00, 0x00, 0x10, 0x30, 0x60, 0xfe, 0xfe, 0xcc, 0x78, 0x30, 0x00, 0x00, 0x00, 0x00, 
	0x00, 0x00, 0x00, 0x00, 0x08, 0x0c, 0x06, 0x3f, 0x7f, 0x37, 0x1c, 0x08, 0x00, 0x00, 0x00, 0x00
};
// 'bootstrap', 16x16px
const unsigned char fab_16x16_fa_bootstrap [] PROGMEM = {
	0x80, 0xc0, 0xfc, 0xfc, 0xfc, 0xfc, 0x1c, 0xdc, 0x5c, 0x1c, 0xfc, 0xfc, 0xfc, 0xfc, 0xc0, 0x80, 
	0x01, 0x03, 0x3f, 0x3f, 0x3f, 0x3f, 0x38, 0x3b, 0x3b, 0x38, 0x3d, 0x3f, 0x3f, 0x3f, 0x03, 0x01
};
// 'btc', 16x16px
const unsigned char fab_16x16_fa_btc [] PROGMEM = {
	0x00, 0x00, 0x0c, 0x0c, 0xfc, 0xff, 0xff, 0x8c, 0x8f, 0x9c, 0xf8, 0xf8, 0x70, 0x00, 0x00, 0x00, 
	0x00, 0x00, 0x30, 0x30, 0x3f, 0xff, 0xff, 0x31, 0xf1, 0x31, 0x3b, 0x3f, 0x1f, 0x0e, 0x00, 0x00
};
// 'buffer', 16x16px
const unsigned char fab_16x16_fa_buffer [] PROGMEM = {
	0x00, 0x00, 0x98, 0x98, 0x98, 0x3c, 0x3c, 0x7e, 0x7e, 0x3c, 0x3c, 0x98, 0x98, 0x98, 0x00, 0x00, 
	0x00, 0x00, 0x08, 0x19, 0x19, 0x33, 0x33, 0x66, 0x66, 0x33, 0x33, 0x19, 0x19, 0x08, 0x00, 0x00
};
// 'buromobelexperte', 16x16px
const unsigned char fab_16x16_fa_buromobelexperte [] PROGMEM = {
	0x00, 0x00, 0x00, 0x00, 0x00, 0x00, 0x00, 0x00, 0x00, 0x00, 0x00, 0x00, 0x00, 0x00, 0x00, 0x00, 
	0x00, 0x00, 0x00, 0x00, 0x00, 0x00, 0x00, 0x00, 0x00, 0x00, 0x00, 0x78, 0x78, 0x78, 0x78, 0x00
};
// 'buy-n-large', 16x16px
const unsigned char fab_16x16_fa_buy_n_large [] PROGMEM = {
	0xc0, 0xe0, 0xf0, 0x18, 0x08, 0x0c, 0x4c, 0x8c, 0x4c, 0x4c, 0x0c, 0x0c, 0xc8, 0xf0, 0xe0, 0xc0, 
	0x03, 0x07, 0x01, 0x10, 0x10, 0x33, 0x30, 0x39, 0x3a, 0x32, 0x33, 0x11, 0x11, 0x01, 0x07, 0x03
};
// 'buysellads', 16x16px
const unsigned char fab_16x16_fa_buysellads [] PROGMEM = {
	0x00, 0xfe, 0xfe, 0xfe, 0xfe, 0x1e, 0x06, 0xc6, 0xc6, 0x06, 0x1e, 0xfe, 0xfe, 0xfe, 0xfe, 0x00, 
	0x00, 0x7f, 0x7f, 0x77, 0x60, 0x60, 0x70, 0x7b, 0x7f, 0x7c, 0x60, 0x60, 0x77, 0x7f, 0x7f, 0x00
};
// 'canadian-maple-leaf', 16x16px
const unsigned char fab_16x16_fa_canadian_maple_leaf [] PROGMEM = {
	0x00, 0xe0, 0xe0, 0xe0, 0xc0, 0xdc, 0xfc, 0xfe, 0xfe, 0xfc, 0xdc, 0xc0, 0xe0, 0xe0, 0xe0, 0x00, 
	0x00, 0x01, 0x03, 0x07, 0x1f, 0x0f, 0x0f, 0x0f, 0x0f, 0x0f, 0x0f, 0x1f, 0x07, 0x03, 0x01, 0x00
};
// 'cc-amazon-pay', 16x16px
const unsigned char fab_16x16_fa_cc_amazon_pay [] PROGMEM = {
	0xfc, 0xfc, 0xfc, 0x2c, 0xfc, 0xac, 0xfc, 0xbc, 0xfc, 0x8c, 0xfc, 0xbc, 0xbc, 0xfc, 0xfc, 0xfc, 
	0x3f, 0x3f, 0x3f, 0x3f, 0x37, 0x37, 0x37, 0x37, 0x37, 0x37, 0x37, 0x36, 0x3f, 0x3f, 0x3d, 0x3f
};
// 'cc-amex', 16x16px
const unsigned char fab_16x16_fa_cc_amex [] PROGMEM = {
	0xfc, 0xfc, 0xfc, 0xfc, 0xfc, 0xfc, 0xfc, 0xfc, 0xfc, 0xfc, 0xfc, 0xfc, 0xfc, 0xfc, 0xfc, 0xfc, 
	0x3f, 0x3f, 0x3f, 0x3f, 0x3f, 0x3f, 0x3f, 0x3f, 0x3f, 0x3f, 0x3f, 0x3f, 0x3d, 0x3f, 0x3f, 0x3f
};
// 'cc-apple-pay', 16x16px
const unsigned char fab_16x16_fa_cc_apple_pay [] PROGMEM = {
	0xfc, 0xfc, 0x7c, 0x3c, 0x7c, 0xfc, 0xfc, 0xfc, 0xfc, 0xfc, 0xfc, 0xfc, 0xfc, 0xfc, 0xfc, 0xfc, 
	0x3f, 0x3f, 0x3e, 0x3e, 0x3e, 0x3f, 0x3f, 0x3f, 0x3f, 0x3f, 0x3f, 0x3f, 0x3f, 0x3f, 0x3f, 0x3f
};
// 'cc-diners-club', 16x16px
const unsigned char fab_16x16_fa_cc_diners_club [] PROGMEM = {
	0xfc, 0xfc, 0xfc, 0xfc, 0x3c, 0x3c, 0xfc, 0xfc, 0x34, 0x74, 0xe4, 0x84, 0x0c, 0x1c, 0x7c, 0xfc, 
	0x3f, 0x3f, 0x3f, 0x3f, 0x3c, 0x3c, 0x3f, 0x3f, 0x2c, 0x2e, 0x27, 0x21, 0x30, 0x38, 0x3e, 0x3f
};
// 'cc-discover', 16x16px
const unsigned char fab_16x16_fa_cc_discover [] PROGMEM = {
	0xfc, 0xfc, 0xfc, 0xfc, 0xfc, 0xfc, 0xfc, 0x3c, 0x3c, 0xbc, 0xfc, 0xfc, 0xbc, 0xbc, 0xfc, 0xfc, 
	0x3f, 0x3f, 0x3f, 0x3f, 0x3f, 0x3f, 0x3f, 0x2f, 0x2f, 0x2f, 0x27, 0x27, 0x23, 0x23, 0x21, 0x3f
};
// 'cc-jcb', 16x16px
const unsigned char fab_16x16_fa_cc_jcb [] PROGMEM = {
	0xfc, 0xfc, 0xfc, 0x7c, 0x3c, 0x7c, 0x7c, 0xbc, 0xfc, 0xfc, 0x7c, 0x3c, 0xfc, 0x3c, 0x7c, 0xfc, 
	0x3f, 0x3f, 0x3f, 0x3c, 0x3e, 0x3e, 0x3e, 0x3d, 0x3f, 0x3f, 0x3e, 0x3c, 0x3f, 0x3c, 0x3c, 0x3f
};
// 'cc-mastercard', 16x16px
const unsigned char fab_16x16_fa_cc_mastercard [] PROGMEM = {
	0xfc, 0xfc, 0x1c, 0x0c, 0x04, 0x04, 0x04, 0x0c, 0x0c, 0x04, 0x04, 0x04, 0x0c, 0x1c, 0xfc, 0xfc, 
	0x3f, 0x3f, 0x3e, 0x3c, 0x38, 0x38, 0x38, 0x3c, 0x3c, 0x38, 0x38, 0x38, 0x3c, 0x3e, 0x3f, 0x3f
};
// 'cc-paypal', 16x16px
const unsigned char fab_16x16_fa_cc_paypal [] PROGMEM = {
	0xfc, 0x7c, 0x3c, 0x7c, 0x7c, 0x7c, 0xfc, 0xfc, 0xfc, 0x3c, 0x3c, 0x7c, 0x7c, 0x7c, 0x7c, 0xfc, 
	0x3f, 0x3e, 0x3f, 0x3f, 0x3e, 0x3e, 0x3f, 0x3e, 0x3f, 0x3e, 0x3f, 0x3e, 0x3e, 0x3e, 0x3e, 0x3f
};
// 'cc-stripe', 16x16px
const unsigned char fab_16x16_fa_cc_stripe [] PROGMEM = {
	0xfc, 0x7c, 0x3c, 0x3c, 0x3c, 0xfc, 0x3c, 0xbc, 0x7c, 0x3c, 0xbc, 0x7c, 0x7c, 0x3c, 0x7c, 0xfc, 
	0x3f, 0x3d, 0x3c, 0x3e, 0x3c, 0x3f, 0x3e, 0x3f, 0x3c, 0x38, 0x3d, 0x3e, 0x3e, 0x3c, 0x3f, 0x3f
};
// 'cc-visa', 16x16px
const unsigned char fab_16x16_fa_cc_visa [] PROGMEM = {
	0xfc, 0xfc, 0x3c, 0x7c, 0x7c, 0xbc, 0x3c, 0xfc, 0x3c, 0x3c, 0xfc, 0xfc, 0x3c, 0x3c, 0xfc, 0xfc, 
	0x3f, 0x3f, 0x3f, 0x3c, 0x3e, 0x3f, 0x3c, 0x3f, 0x3d, 0x3c, 0x3c, 0x3c, 0x3e, 0x3c, 0x3f, 0x3f
};
// 'centercode', 16x16px
const unsigned char fab_16x16_fa_centercode [] PROGMEM = {
	0xc0, 0xf0, 0xf8, 0xfc, 0x1e, 0x06, 0x87, 0xcf, 0xcf, 0x9f, 0x1e, 0x3e, 0x7c, 0xf8, 0xf0, 0xc0, 
	0x03, 0x0f, 0x1f, 0x3f, 0x70, 0x40, 0xc1, 0xe3, 0xe3, 0xe3, 0x70, 0x78, 0x38, 0x1f, 0x0f, 0x03
};
// 'centos', 16x16px
const unsigned char fab_16x16_fa_centos [] PROGMEM = {
	0x00, 0x80, 0x80, 0xf8, 0xf8, 0xf8, 0xf8, 0x7e, 0x7e, 0xf8, 0xf8, 0xf8, 0xf8, 0x80, 0x80, 0x00, 
	0x00, 0x01, 0x01, 0x1f, 0x1f, 0x1f, 0x1f, 0x7e, 0x7e, 0x1f, 0x1f, 0x1f, 0x1f, 0x01, 0x01, 0x00
};
// 'chrome', 16x16px
const unsigned char fab_16x16_fa_chrome [] PROGMEM = {
	0xe0, 0xf0, 0xcc, 0x3c, 0x3e, 0x9e, 0xdf, 0xef, 0xef, 0xcf, 0x8e, 0x0e, 0xec, 0xec, 0xe8, 0xe0, 
	0x07, 0x1f, 0x3f, 0x3f, 0x7c, 0x79, 0xfb, 0x37, 0xc7, 0xe3, 0x79, 0x7c, 0x3f, 0x3f, 0x1f, 0x07
};
// 'chromecast', 16x16px
const unsigned char fab_16x16_fa_chromecast [] PROGMEM = {
	0x00, 0x9c, 0x84, 0x84, 0x04, 0x04, 0x04, 0x04, 0x04, 0x04, 0x04, 0x04, 0x04, 0x04, 0xfc, 0x00, 
	0x00, 0x36, 0x04, 0x0d, 0x39, 0x07, 0x1c, 0x38, 0x00, 0x20, 0x20, 0x20, 0x20, 0x20, 0x3f, 0x00
};
// 'cloudflare', 16x16px
const unsigned char fab_16x16_fa_cloudflare [] PROGMEM = {
	0x00, 0x00, 0x00, 0x80, 0x80, 0xc0, 0xe0, 0xe0, 0xf0, 0xe0, 0xe0, 0xc0, 0x00, 0x00, 0x00, 0x00, 
	0x0c, 0x0e, 0x0f, 0x0f, 0x0f, 0x0f, 0x0f, 0x0f, 0x0f, 0x0f, 0x0f, 0x01, 0x0d, 0x0f, 0x0f, 0x0e
};
// 'cloudscale', 16x16px
const unsigned char fab_16x16_fa_cloudscale [] PROGMEM = {
	0x00, 0xe0, 0xf0, 0x38, 0x0c, 0x2e, 0x36, 0x36, 0xf6, 0x76, 0x2e, 0x1c, 0x38, 0xf0, 0xe0, 0x00, 
	0x00, 0x07, 0x0f, 0x1c, 0x30, 0x70, 0x60, 0x60, 0x60, 0x60, 0x70, 0x30, 0x1c, 0x0f, 0x07, 0x00
};
// 'cloudsmith', 16x16px
const unsigned char fab_16x16_fa_cloudsmith [] PROGMEM = {
	0x00, 0x00, 0x00, 0xc0, 0xc0, 0xe0, 0xe0, 0xf0, 0x7e, 0x3f, 0x3f, 0x1f, 0x0e, 0x00, 0x00, 0x00, 
	0x00, 0x00, 0x00, 0x03, 0x03, 0x03, 0x03, 0x03, 0x70, 0xf8, 0xfc, 0xf8, 0x78, 0x00, 0x00, 0x00
};
// 'cloudversify', 16x16px
const unsigned char fab_16x16_fa_cloudversify [] PROGMEM = {
	0x20, 0x00, 0x60, 0x40, 0x00, 0x80, 0xc0, 0x70, 0x70, 0x10, 0x10, 0x30, 0x20, 0xc0, 0xc0, 0x80, 
	0x01, 0x00, 0x01, 0x03, 0x06, 0x0c, 0x08, 0x18, 0x10, 0x10, 0x18, 0x18, 0x18, 0x08, 0x0f, 0x07
};
// 'codepen', 16x16px
const unsigned char fab_16x16_fa_codepen [] PROGMEM = {
	0xe0, 0xf0, 0xd8, 0x98, 0x8c, 0xc6, 0x46, 0x7f, 0x7f, 0x46, 0xc6, 0x8c, 0x98, 0xd8, 0xf0, 0xe0, 
	0x07, 0x0f, 0x1b, 0x19, 0x31, 0x63, 0x62, 0xfe, 0xfe, 0x62, 0x63, 0x31, 0x19, 0x1b, 0x0f, 0x07
};
// 'codiepie', 16x16px
const unsigned char fab_16x16_fa_codiepie [] PROGMEM = {
	0x00, 0xe0, 0x18, 0x0c, 0xc4, 0xe2, 0xf2, 0xf1, 0xf9, 0xf9, 0xf1, 0x72, 0x62, 0xe4, 0xd8, 0x10, 
	0x00, 0x07, 0x18, 0x30, 0x23, 0x47, 0x4f, 0x8f, 0x9f, 0x9f, 0x8f, 0x4e, 0x46, 0x27, 0x1c, 0x08
};
// 'confluence', 16x16px
const unsigned char fab_16x16_fa_confluence [] PROGMEM = {
	0x00, 0x18, 0x3e, 0x3e, 0x7e, 0x7c, 0xfc, 0xf8, 0xf8, 0xf8, 0xfc, 0xfe, 0x7f, 0x3e, 0x1c, 0x0c, 
	0x30, 0x38, 0x7c, 0xfe, 0x7f, 0x3f, 0x1f, 0x1f, 0x1f, 0x3f, 0x3e, 0x7e, 0x7c, 0x7c, 0x18, 0x00
};
// 'connectdevelop', 16x16px
const unsigned char fab_16x16_fa_connectdevelop [] PROGMEM = {
	0x00, 0x40, 0x20, 0x18, 0x04, 0x00, 0x00, 0x00, 0x00, 0x00, 0x04, 0x06, 0x08, 0x30, 0x40, 0x00, 
	0x00, 0x02, 0x0c, 0x10, 0x60, 0x00, 0x00, 0x00, 0x00, 0x00, 0x00, 0x20, 0x18, 0x0c, 0x02, 0x00
};
// 'contao', 16x16px
const unsigned char fab_16x16_fa_contao [] PROGMEM = {
	0xfe, 0x06, 0x00, 0x00, 0x00, 0xf0, 0xf8, 0xf8, 0xf8, 0xf0, 0xf0, 0xf0, 0xf0, 0xfe, 0xfe, 0xfe, 
	0x7f, 0x7c, 0x60, 0x00, 0x00, 0x00, 0x0f, 0x1f, 0x1f, 0x1f, 0x0f, 0x07, 0x03, 0x03, 0x63, 0x7f
};
// 'cotton-bureau', 16x16px
const unsigned char fab_16x16_fa_cotton_bureau [] PROGMEM = {
	0xc0, 0x18, 0x84, 0x62, 0x22, 0xe1, 0x31, 0x49, 0xc9, 0x31, 0xf1, 0x22, 0x22, 0xc4, 0x18, 0x00, 
	0x03, 0x18, 0x21, 0x46, 0x44, 0x84, 0x85, 0x8f, 0xfb, 0x87, 0x85, 0x44, 0x44, 0x23, 0x18, 0x00
};
// 'creative-commons', 16x16px
const unsigned char fab_16x16_fa_creative_commons [] PROGMEM = {
	0xe0, 0xf8, 0x1c, 0x84, 0xc6, 0x42, 0x43, 0x43, 0x83, 0xc3, 0x42, 0x46, 0x04, 0x1c, 0x78, 0xe0, 
	0x07, 0x1f, 0x38, 0x21, 0x63, 0x42, 0xc2, 0xc2, 0xc1, 0xc3, 0x42, 0x62, 0x20, 0x38, 0x1e, 0x07
};
// 'cpanel', 16x16px
const unsigned char fab_16x16_fa_cpanel [] PROGMEM = {
	0x00, 0x80, 0x80, 0x80, 0x80, 0x80, 0x80, 0x80, 0x00, 0x80, 0x00, 0x00, 0x80, 0x80, 0x00, 0x80, 
	0x03, 0x02, 0x03, 0x01, 0x01, 0x03, 0x03, 0x03, 0x03, 0x01, 0x03, 0x03, 0x03, 0x03, 0x03, 0x01
};
// 'creative-commons-by', 16x16px
const unsigned char fab_16x16_fa_creative_commons_by [] PROGMEM = {
	0xe0, 0xf8, 0x1c, 0x04, 0x06, 0x02, 0xc3, 0xfb, 0xfb, 0xc3, 0x02, 0x06, 0x04, 0x1c, 0xf8, 0xe0, 
	0x07, 0x1e, 0x38, 0x20, 0x60, 0x40, 0xc1, 0xdf, 0xdf, 0xc1, 0x40, 0x60, 0x20, 0x38, 0x1f, 0x07
};
// 'creative-commons-nc', 16x16px
const unsigned char fab_16x16_fa_creative_commons_nc [] PROGMEM = {
	0xe0, 0x78, 0x3c, 0x64, 0x66, 0xc2, 0xe3, 0xf3, 0xb3, 0x23, 0x02, 0x06, 0x04, 0x1c, 0x78, 0xe0, 
	0x07, 0x1e, 0x38, 0x20, 0x60, 0x40, 0xc4, 0xcc, 0xcd, 0xc7, 0x43, 0x63, 0x26, 0x3e, 0x1e, 0x07
};
// 'creative-commons-nc-eu', 16x16px
const unsigned char fab_16x16_fa_creative_commons_nc_eu [] PROGMEM = {
	0xe0, 0x78, 0x3c, 0x64, 0xe6, 0xe2, 0xf3, 0xb3, 0x93, 0x93, 0x12, 0x06, 0x04, 0x1c, 0xf8, 0xe0, 
	0x07, 0x1e, 0x38, 0x20, 0x63, 0x47, 0xcf, 0xcd, 0xc9, 0xc9, 0x4b, 0x63, 0x26, 0x3e, 0x1e, 0x07
};
// 'creative-commons-nc-jp', 16x16px
const unsigned char fab_16x16_fa_creative_commons_nc_jp [] PROGMEM = {
	0xe0, 0x78, 0x3c, 0x64, 0x66, 0xf2, 0xe3, 0x83, 0x83, 0xe3, 0x72, 0x06, 0x04, 0x1c, 0x78, 0xe0, 
	0x07, 0x1e, 0x38, 0x20, 0x60, 0x45, 0xc5, 0xdf, 0xdf, 0xc7, 0x47, 0x66, 0x26, 0x3e, 0x1e, 0x07
};
// 'creative-commons-nd', 16x16px
const unsigned char fab_16x16_fa_creative_commons_nd [] PROGMEM = {
	0xe0, 0xf8, 0x1c, 0x04, 0x06, 0x42, 0xc3, 0xc3, 0xc3, 0xc3, 0x42, 0x06, 0x04, 0x1c, 0xf8, 0xe0, 
	0x07, 0x1e, 0x38, 0x20, 0x60, 0x42, 0xc2, 0xc2, 0xc2, 0xc2, 0x42, 0x60, 0x20, 0x38, 0x1f, 0x07
};
// 'creative-commons-pd', 16x16px
const unsigned char fab_16x16_fa_creative_commons_pd [] PROGMEM = {
	0xe0, 0xf8, 0x3c, 0x6c, 0xe6, 0xe2, 0xf3, 0xf3, 0xb3, 0x33, 0x02, 0x06, 0x0c, 0x1c, 0xf8, 0xe0, 
	0x07, 0x1f, 0x38, 0x30, 0x61, 0x47, 0xcf, 0xcc, 0xcd, 0xcd, 0x43, 0x63, 0x36, 0x3e, 0x1f, 0x07
};
// 'creative-commons-pd-alt', 16x16px
const unsigned char fab_16x16_fa_creative_commons_pd_alt [] PROGMEM = {
	0xe0, 0xf8, 0x1c, 0x04, 0xc6, 0xc2, 0x43, 0xc3, 0xc3, 0xc3, 0x42, 0xc6, 0x04, 0x1c, 0xf8, 0xe0, 
	0x07, 0x1e, 0x38, 0x20, 0x63, 0x43, 0xc1, 0xc0, 0xc1, 0xc3, 0x42, 0x63, 0x20, 0x38, 0x1f, 0x07
};
// 'creative-commons-remix', 16x16px
const unsigned char fab_16x16_fa_creative_commons_remix [] PROGMEM = {
	0xe0, 0x78, 0x1c, 0x84, 0xc6, 0xf2, 0xf3, 0xf3, 0xf3, 0xe3, 0xe2, 0xc6, 0x04, 0x1c, 0x78, 0xe0, 
	0x07, 0x1e, 0x38, 0x23, 0x63, 0x43, 0xc3, 0xc2, 0xc0, 0xc1, 0x45, 0x66, 0x21, 0x38, 0x1e, 0x07
};
// 'creative-commons-sa', 16x16px
const unsigned char fab_16x16_fa_creative_commons_sa [] PROGMEM = {
	0xe0, 0xf8, 0x1c, 0x04, 0xc6, 0xe2, 0x73, 0x33, 0x33, 0x33, 0xe2, 0xc6, 0x04, 0x1c, 0xf8, 0xe0, 
	0x07, 0x1e, 0x38, 0x20, 0x60, 0x46, 0xcc, 0xc8, 0xc8, 0xcc, 0x47, 0x63, 0x20, 0x38, 0x1f, 0x07
};
// 'creative-commons-sampling', 16x16px
const unsigned char fab_16x16_fa_creative_commons_sampling [] PROGMEM = {
	0xe0, 0x78, 0x1c, 0x04, 0x06, 0x82, 0xe3, 0xf3, 0xf3, 0xe3, 0xc2, 0x06, 0x04, 0x1c, 0x78, 0xe0, 
	0x07, 0x1e, 0x38, 0x21, 0x61, 0x47, 0xcf, 0xcf, 0xcf, 0xcf, 0x43, 0x61, 0x21, 0x38, 0x1e, 0x07
};
// 'creative-commons-sampling-plus', 16x16px
const unsigned char fab_16x16_fa_creative_commons_sampling_plus [] PROGMEM = {
	0xe0, 0x78, 0x1c, 0x04, 0x86, 0xc2, 0xf3, 0xf3, 0xf3, 0xe3, 0xc2, 0x06, 0x04, 0x1c, 0x78, 0xe0, 
	0x07, 0x1e, 0x38, 0x21, 0x61, 0x47, 0xcf, 0xcf, 0xcf, 0xcf, 0x43, 0x61, 0x21, 0x38, 0x1e, 0x07
};
// 'creative-commons-share', 16x16px
const unsigned char fab_16x16_fa_creative_commons_share [] PROGMEM = {
	0xe0, 0xf8, 0x1c, 0x04, 0xf6, 0x12, 0xd3, 0x53, 0x73, 0x73, 0x42, 0xc6, 0x04, 0x1c, 0xf8, 0xe0, 
	0x07, 0x1e, 0x38, 0x20, 0x63, 0x42, 0xcf, 0xc8, 0xc8, 0xc8, 0x48, 0x6f, 0x20, 0x38, 0x1f, 0x07
};
// 'creative-commons-zero', 16x16px
const unsigned char fab_16x16_fa_creative_commons_zero [] PROGMEM = {
	0xe0, 0xf8, 0x1c, 0x04, 0x06, 0xe2, 0xf3, 0x93, 0xf3, 0xf3, 0xe2, 0x06, 0x04, 0x1c, 0xf8, 0xe0, 
	0x07, 0x1e, 0x38, 0x20, 0x60, 0x47, 0xcf, 0xcf, 0xc8, 0xcf, 0x47, 0x60, 0x20, 0x38, 0x1f, 0x07
};
// 'critical-role', 16x16px
const unsigned char fab_16x16_fa_critical_role [] PROGMEM = {
	0x00, 0x70, 0x00, 0x00, 0x00, 0x40, 0x00, 0x61, 0x61, 0x40, 0x00, 0x00, 0x40, 0x00, 0x10, 0x00, 
	0x00, 0x0c, 0x10, 0x00, 0x00, 0x00, 0x00, 0x1e, 0x3e, 0x00, 0x00, 0x00, 0x00, 0x10, 0x0c, 0x00
};
// 'css3', 16x16px
const unsigned char fab_16x16_fa_css3 [] PROGMEM = {
	0x00, 0xe0, 0xee, 0xee, 0xee, 0xee, 0xee, 0xee, 0xee, 0xee, 0xee, 0xee, 0xfe, 0xfe, 0x0e, 0x00, 
	0x1c, 0x1c, 0x3c, 0x38, 0x38, 0x70, 0x70, 0x30, 0x30, 0x38, 0x18, 0x1f, 0x1f, 0x03, 0x00, 0x00
};
// 'css3-alt', 16x16px
const unsigned char fab_16x16_fa_css3_alt [] PROGMEM = {
	0x00, 0x00, 0xfe, 0xfe, 0xee, 0x26, 0x26, 0x06, 0x0e, 0x0e, 0x66, 0xee, 0xfe, 0xfe, 0x00, 0x00, 
	0x00, 0x00, 0x00, 0x1f, 0x3f, 0x39, 0x73, 0x73, 0x73, 0x73, 0x38, 0x3f, 0x1f, 0x00, 0x00, 0x00
};
// 'cuttlefish', 16x16px
const unsigned char fab_16x16_fa_cuttlefish [] PROGMEM = {
	0x00, 0xe0, 0xf8, 0xfc, 0xfc, 0xfe, 0x3e, 0x1f, 0x1f, 0x1f, 0x1f, 0x3e, 0x1e, 0x0c, 0x00, 0x00, 
	0x00, 0x07, 0x1f, 0x3f, 0x3f, 0x7f, 0x7c, 0xf8, 0xf8, 0xf8, 0xf8, 0x7c, 0x78, 0x30, 0x00, 0x00
};
// 'dailymotion', 16x16px
const unsigned char fab_16x16_fa_dailymotion [] PROGMEM = {
	0x00, 0xfe, 0xfe, 0xfe, 0xfe, 0xfe, 0xfe, 0x7e, 0x7e, 0x7e, 0x7e, 0x1e, 0x1e, 0xfe, 0xfe, 0x00, 
	0x00, 0x7f, 0x7f, 0x7f, 0x7f, 0x7f, 0x7d, 0x70, 0x66, 0x67, 0x76, 0x60, 0x70, 0x7f, 0x7f, 0x00
};
// 'd-and-d', 16x16px
const unsigned char fab_16x16_fa_d_and_d [] PROGMEM = {
	0x00, 0x00, 0xc8, 0xfc, 0xf6, 0xf2, 0xfe, 0xfc, 0x00, 0x00, 0x80, 0xc0, 0x40, 0x40, 0x00, 0x00, 
	0x00, 0x1f, 0x3f, 0x7f, 0x71, 0x61, 0x30, 0x3f, 0x1e, 0x3f, 0x39, 0x78, 0x70, 0x78, 0x18, 0x00
};
// 'd-and-d-beyond', 16x16px
const unsigned char fab_16x16_fa_d_and_d_beyond [] PROGMEM = {
	0x00, 0x00, 0x00, 0x00, 0x00, 0x00, 0xc0, 0xc0, 0xc0, 0xc0, 0x00, 0x00, 0x00, 0x00, 0x00, 0x00, 
	0x06, 0x06, 0x06, 0x06, 0x00, 0x02, 0x06, 0x02, 0x05, 0x06, 0x06, 0x02, 0x06, 0x06, 0x04, 0x06
};
// 'dashcube', 16x16px
const unsigned char fab_16x16_fa_dashcube [] PROGMEM = {
	0x00, 0x00, 0xf0, 0xf8, 0xf8, 0x78, 0x78, 0x78, 0x78, 0x78, 0x78, 0xf8, 0xfc, 0xfe, 0x00, 0x00, 
	0x00, 0x00, 0x7f, 0xff, 0xff, 0xe0, 0xe0, 0xe0, 0xe0, 0xe0, 0xe0, 0xef, 0xff, 0x7f, 0x00, 0x00
};
// 'deezer', 16x16px
const unsigned char fab_16x16_fa_deezer [] PROGMEM = {
	0x00, 0x00, 0x00, 0x00, 0xc0, 0xc0, 0xc0, 0x40, 0x00, 0x00, 0x00, 0x00, 0x00, 0xd8, 0xd8, 0xd8, 
	0x18, 0x18, 0x18, 0x10, 0x1a, 0x1b, 0x1b, 0x12, 0x12, 0x1b, 0x1b, 0x1a, 0x12, 0x1b, 0x1b, 0x1b
};
// 'delicious', 16x16px
const unsigned char fab_16x16_fa_delicious [] PROGMEM = {
	0x00, 0xfe, 0x02, 0x02, 0x02, 0x02, 0x02, 0x02, 0xfe, 0xfe, 0xfe, 0xfe, 0xfe, 0xfe, 0xfe, 0x00, 
	0x00, 0x7f, 0x7f, 0x7f, 0x7f, 0x7f, 0x7f, 0x7f, 0x40, 0x40, 0x40, 0x40, 0x40, 0x40, 0x7f, 0x00
};
// 'deploydog', 16x16px
const unsigned char fab_16x16_fa_deploydog [] PROGMEM = {
	0xf8, 0x04, 0x04, 0x84, 0x84, 0x84, 0xf4, 0xe4, 0x04, 0x84, 0x84, 0x84, 0xf4, 0xe4, 0x04, 0xf8, 
	0x1f, 0x20, 0x23, 0x27, 0x2c, 0x2d, 0x2f, 0x27, 0x23, 0x27, 0x2d, 0x2d, 0x2f, 0x27, 0x20, 0x1f
};
// 'deskpro', 16x16px
const unsigned char fab_16x16_fa_deskpro [] PROGMEM = {
	0x00, 0xff, 0xff, 0xff, 0xff, 0xfe, 0xff, 0xff, 0xff, 0xdf, 0xff, 0xfe, 0x00, 0x00, 0x00, 0x00, 
	0x00, 0x01, 0x03, 0x07, 0x07, 0x07, 0x07, 0x03, 0x87, 0x83, 0xed, 0x7d, 0x04, 0x04, 0x04, 0x00
};
// 'dev', 16x16px
const unsigned char fab_16x16_fa_dev [] PROGMEM = {
	0x00, 0xfe, 0xfe, 0x1e, 0x9e, 0x3e, 0x3e, 0x1e, 0xfe, 0xfe, 0x3e, 0xfe, 0x3e, 0xfe, 0xfe, 0x00, 
	0x00, 0x7f, 0x7f, 0x78, 0x79, 0x7c, 0x7c, 0x78, 0x7f, 0x7f, 0x7e, 0x7c, 0x7e, 0x7f, 0x7f, 0x00
};
// 'deviantart', 16x16px
const unsigned char fab_16x16_fa_deviantart [] PROGMEM = {
	0x00, 0x00, 0x00, 0x78, 0x78, 0x78, 0xf8, 0xf8, 0xfc, 0xff, 0xff, 0x3f, 0x0f, 0x00, 0x00, 0x00, 
	0x00, 0x00, 0x00, 0xf0, 0xfc, 0xff, 0x7f, 0x1f, 0x1f, 0x1f, 0x1e, 0x1e, 0x1e, 0x00, 0x00, 0x00
};
// 'dhl', 16x16px
const unsigned char fab_16x16_fa_dhl [] PROGMEM = {
	0x00, 0x00, 0x00, 0x80, 0x80, 0x80, 0x00, 0x00, 0x80, 0x00, 0x80, 0x00, 0x80, 0x00, 0x00, 0x00, 
	0x00, 0x00, 0x00, 0x03, 0x03, 0x01, 0x01, 0x01, 0x01, 0x01, 0x01, 0x03, 0x03, 0x00, 0x00, 0x00
};
// 'diaspora', 16x16px
const unsigned char fab_16x16_fa_diaspora [] PROGMEM = {
	0x00, 0xe0, 0xf0, 0xe0, 0xe0, 0xe0, 0xfe, 0xfe, 0xfe, 0xfe, 0xc0, 0xe0, 0xe0, 0xe0, 0xe0, 0x00, 
	0x00, 0x00, 0x00, 0x38, 0x3d, 0x3f, 0x1f, 0x0f, 0x0f, 0x1f, 0x7f, 0x3d, 0x31, 0x00, 0x00, 0x00
};
// 'digg', 16x16px
const unsigned char fab_16x16_fa_digg [] PROGMEM = {
	0xe0, 0xe0, 0x60, 0xf8, 0x00, 0xf8, 0xc0, 0xe0, 0xe0, 0x60, 0xe0, 0xc0, 0xe0, 0x60, 0xe0, 0xe0, 
	0x07, 0x07, 0x06, 0x07, 0x00, 0x07, 0x03, 0x17, 0x17, 0x1e, 0x1f, 0x03, 0x17, 0x16, 0x1f, 0x1f
};
// 'digital-ocean', 16x16px
const unsigned char fab_16x16_fa_digital_ocean [] PROGMEM = {
	0xc0, 0xf0, 0xf8, 0x7c, 0x1e, 0x0e, 0x0f, 0x07, 0x07, 0x0f, 0x0e, 0x1e, 0x7c, 0xfc, 0xf0, 0xc0, 
	0x00, 0x18, 0x18, 0x60, 0x60, 0x1c, 0x1c, 0x1c, 0xe0, 0xf0, 0x70, 0x78, 0x3e, 0x1f, 0x0f, 0x03
};
// 'discord', 16x16px
const unsigned char fab_16x16_fa_discord [] PROGMEM = {
	0x00, 0xc0, 0xf0, 0xf8, 0xf8, 0xf8, 0xf8, 0xf8, 0xf8, 0xf8, 0xf8, 0xf8, 0xf8, 0xf0, 0xc0, 0x00, 
	0x00, 0x1f, 0x1f, 0x3f, 0x3c, 0x1c, 0x1c, 0x1f, 0x1f, 0x1c, 0x1c, 0x3c, 0x3f, 0x1f, 0x1f, 0x00
};
// 'discourse', 16x16px
const unsigned char fab_16x16_fa_discourse [] PROGMEM = {
	0x00, 0xe0, 0xf0, 0xf8, 0x3c, 0x1e, 0x0e, 0x0e, 0x0e, 0x0e, 0x1e, 0x3c, 0xf8, 0xf0, 0xe0, 0x00, 
	0x00, 0x7f, 0x7f, 0x7f, 0x70, 0x70, 0x70, 0x70, 0x70, 0x70, 0x78, 0x3c, 0x1f, 0x0f, 0x07, 0x00
};
// 'dochub', 16x16px
const unsigned char fab_16x16_fa_dochub [] PROGMEM = {
	0x00, 0x00, 0xff, 0xff, 0xff, 0x07, 0x07, 0x07, 0x07, 0x00, 0x1e, 0x9c, 0xd8, 0xd0, 0xc0, 0x00, 
	0x00, 0x00, 0xff, 0xff, 0xff, 0xe0, 0xe0, 0xe0, 0xe0, 0xe0, 0xf0, 0x7f, 0x7f, 0x3f, 0x07, 0x00
};
// 'docker', 16x16px
const unsigned char fab_16x16_fa_docker [] PROGMEM = {
	0x00, 0x80, 0x80, 0xe0, 0xe0, 0xe0, 0xe0, 0xf8, 0xf8, 0x80, 0x80, 0x00, 0xe0, 0xc0, 0x80, 0x80, 
	0x0f, 0x1f, 0x3f, 0x3f, 0x3f, 0x3f, 0x3f, 0x3f, 0x3f, 0x1f, 0x1f, 0x0f, 0x07, 0x01, 0x01, 0x00
};
// 'draft2digital', 16x16px
const unsigned char fab_16x16_fa_draft2digital [] PROGMEM = {
	0x00, 0x00, 0x00, 0x78, 0x5c, 0x36, 0x82, 0xc6, 0x3e, 0x02, 0x04, 0xcc, 0x30, 0x00, 0x00, 0x00, 
	0x00, 0x00, 0x18, 0x1c, 0x16, 0x13, 0x11, 0x18, 0x1c, 0x16, 0x13, 0x38, 0x3c, 0x38, 0x10, 0x10
};
// 'dribbble', 16x16px
const unsigned char fab_16x16_fa_dribbble [] PROGMEM = {
	0xc0, 0xf0, 0x88, 0x84, 0xc2, 0xc6, 0x4f, 0x79, 0xe1, 0xe3, 0x22, 0x12, 0x1c, 0x08, 0xf0, 0xc0, 
	0x03, 0x0e, 0x10, 0x30, 0x48, 0x44, 0xc6, 0x83, 0x81, 0xc3, 0x7f, 0x71, 0x21, 0x11, 0x0f, 0x03
};
// 'dribbble-square', 16x16px
const unsigned char fab_16x16_fa_dribbble_square [] PROGMEM = {
	0x00, 0xfe, 0xfe, 0x3e, 0x7e, 0x7e, 0x66, 0x96, 0x36, 0xb6, 0xce, 0xce, 0x3e, 0xfe, 0xfe, 0x00, 
	0x00, 0x7f, 0x7f, 0x7c, 0x73, 0x73, 0x6d, 0x6e, 0x6e, 0x68, 0x77, 0x7f, 0x7c, 0x7f, 0x7f, 0x00
};
// 'dropbox', 16x16px
const unsigned char fab_16x16_fa_dropbox [] PROGMEM = {
	0x08, 0x18, 0x9c, 0xfe, 0xfe, 0x9c, 0x18, 0x08, 0x08, 0x18, 0x9c, 0xfe, 0xfe, 0x9c, 0x18, 0x08, 
	0x00, 0x03, 0x07, 0x07, 0x17, 0x1f, 0x3b, 0x7c, 0x7c, 0x3b, 0x1f, 0x17, 0x07, 0x07, 0x03, 0x00
};
// 'drupal', 16x16px
const unsigned char fab_16x16_fa_drupal [] PROGMEM = {
	0x00, 0x00, 0x80, 0xe0, 0xf0, 0xf8, 0xf8, 0xfc, 0xfc, 0xf8, 0xf8, 0xf0, 0xe0, 0x80, 0x00, 0x00, 
	0x00, 0x00, 0x07, 0x1f, 0x3f, 0x23, 0x61, 0x71, 0x73, 0x7b, 0x3f, 0x33, 0x03, 0x03, 0x00, 0x00
};
// 'dyalog', 16x16px
const unsigned char fab_16x16_fa_dyalog [] PROGMEM = {
	0x00, 0x00, 0x1e, 0x1e, 0x06, 0x06, 0x06, 0x06, 0x06, 0x06, 0x0c, 0x1c, 0x38, 0xf0, 0xe0, 0x00, 
	0x00, 0x00, 0x60, 0x60, 0x60, 0x60, 0x60, 0x60, 0x60, 0x60, 0x30, 0x38, 0x1c, 0x0f, 0x07, 0x00
};
// 'earlybirds', 16x16px
const unsigned char fab_16x16_fa_earlybirds [] PROGMEM = {
	0x00, 0x00, 0x30, 0xf8, 0x88, 0x8a, 0x8c, 0xfe, 0xbe, 0xfe, 0x8c, 0x8c, 0x88, 0xf8, 0x10, 0x00, 
	0x00, 0x06, 0x03, 0x07, 0x1f, 0x7f, 0x7f, 0xff, 0xff, 0xff, 0x7f, 0x3f, 0x1f, 0x27, 0x23, 0x02
};
// 'ebay', 16x16px
const unsigned char fab_16x16_fa_ebay [] PROGMEM = {
	0x80, 0x00, 0x00, 0x80, 0xc0, 0x00, 0x00, 0x80, 0x00, 0x00, 0x00, 0x80, 0x80, 0x00, 0x00, 0x80, 
	0x03, 0x01, 0x00, 0x03, 0x03, 0x00, 0x00, 0x03, 0x03, 0x01, 0x01, 0x03, 0x01, 0x06, 0x03, 0x00
};
// 'edge', 16x16px
const unsigned char fab_16x16_fa_edge [] PROGMEM = {
	0xc0, 0xf0, 0xf8, 0xfc, 0xfe, 0xfe, 0x7f, 0x3f, 0x3f, 0x7f, 0xfe, 0xfe, 0xfe, 0xfc, 0xf8, 0xe0, 
	0x03, 0x0f, 0x1f, 0x3f, 0x7f, 0x7f, 0xfc, 0xf8, 0xf0, 0xf2, 0x73, 0x77, 0x37, 0x13, 0x03, 0x00
};
// 'edge-legacy', 16x16px
const unsigned char fab_16x16_fa_edge_legacy [] PROGMEM = {
	0x00, 0x20, 0x18, 0xdc, 0xee, 0xee, 0xc7, 0xc7, 0xc7, 0xcf, 0xde, 0xfe, 0xfc, 0xf8, 0xf0, 0x00, 
	0x00, 0x00, 0x00, 0x1f, 0x3f, 0x7f, 0x71, 0xf1, 0xf1, 0xf1, 0xf1, 0xf1, 0x71, 0x71, 0x01, 0x00
};
// 'elementor', 16x16px
const unsigned char fab_16x16_fa_elementor [] PROGMEM = {
	0x00, 0xfe, 0xfe, 0xfe, 0xfe, 0x1e, 0xfe, 0xfe, 0x5e, 0x5e, 0x5e, 0xfe, 0xfe, 0xfe, 0xfe, 0x00, 
	0x00, 0x7f, 0x7f, 0x7f, 0x7f, 0x78, 0x7f, 0x7f, 0x7a, 0x7a, 0x7a, 0x7f, 0x7f, 0x7f, 0x7f, 0x00
};
// 'ello', 16x16px
const unsigned char fab_16x16_fa_ello [] PROGMEM = {
	0xe0, 0xf8, 0xfc, 0xfc, 0xfe, 0xfe, 0xff, 0xff, 0xff, 0xff, 0xfe, 0xfe, 0xfc, 0xfc, 0xf8, 0xe0, 
	0x07, 0x1f, 0x3f, 0x3f, 0x7b, 0x77, 0xf7, 0xef, 0xef, 0xf7, 0x77, 0x7b, 0x3f, 0x3f, 0x1f, 0x07
};
// 'ember', 16x16px
const unsigned char fab_16x16_fa_ember [] PROGMEM = {
	0x00, 0x80, 0x80, 0x80, 0x80, 0x80, 0x80, 0x80, 0xf0, 0x80, 0x00, 0x80, 0x00, 0x80, 0x80, 0x00, 
	0x01, 0x03, 0x02, 0x03, 0x03, 0x03, 0x03, 0x03, 0x02, 0x03, 0x03, 0x03, 0x02, 0x03, 0x01, 0x00
};
// 'empire', 16x16px
const unsigned char fab_16x16_fa_empire [] PROGMEM = {
	0xc0, 0xf0, 0x08, 0x0c, 0x6e, 0x46, 0xc2, 0xf1, 0xf1, 0xc2, 0x46, 0x6e, 0x0c, 0x08, 0xf0, 0xc0, 
	0x03, 0x0f, 0x10, 0x30, 0x76, 0x62, 0x43, 0x8f, 0x8f, 0x43, 0x62, 0x76, 0x30, 0x10, 0x0f, 0x03
};
// 'envira', 16x16px
const unsigned char fab_16x16_fa_envira [] PROGMEM = {
	0x00, 0x06, 0x7e, 0xfe, 0xfe, 0xee, 0x9c, 0x3c, 0xfc, 0xf8, 0xf0, 0xe0, 0x80, 0x00, 0x00, 0x00, 
	0x00, 0x00, 0x00, 0x03, 0x07, 0x0f, 0x0f, 0x1e, 0x1c, 0x1b, 0x1f, 0x1f, 0x1f, 0x00, 0x00, 0x00
};
// 'erlang', 16x16px
const unsigned char fab_16x16_fa_erlang [] PROGMEM = {
	0xf8, 0x08, 0x00, 0x00, 0x00, 0x00, 0x30, 0x30, 0x30, 0x30, 0x00, 0x00, 0x00, 0x00, 0x18, 0xf8, 
	0x3f, 0x30, 0x00, 0x00, 0x00, 0x00, 0x0f, 0x1f, 0x1f, 0x1f, 0x1f, 0x0f, 0x07, 0x07, 0x07, 0x3f
};
// 'ethereum', 16x16px
const unsigned char fab_16x16_fa_ethereum [] PROGMEM = {
	0x00, 0x00, 0x00, 0x00, 0xc0, 0xf0, 0xf8, 0xfe, 0xfe, 0xf8, 0xf0, 0xc0, 0x00, 0x00, 0x00, 0x00, 
	0x00, 0x00, 0x00, 0x00, 0x05, 0x0f, 0x3b, 0x77, 0x77, 0x3b, 0x0f, 0x05, 0x00, 0x00, 0x00, 0x00
};
// 'etsy', 16x16px
const unsigned char fab_16x16_fa_etsy [] PROGMEM = {
	0x00, 0x00, 0x02, 0x02, 0xfe, 0xfe, 0x82, 0x02, 0x82, 0x82, 0xc2, 0x06, 0x1e, 0x00, 0x00, 0x00, 
	0x00, 0x00, 0x40, 0x40, 0x7f, 0x7f, 0x41, 0x40, 0x41, 0x41, 0x43, 0x40, 0x60, 0x78, 0x00, 0x00
};
// 'evernote', 16x16px
const unsigned char fab_16x16_fa_evernote [] PROGMEM = {
	0x00, 0x00, 0xe0, 0xf0, 0xf8, 0xfc, 0xfe, 0xfe, 0xfe, 0xfc, 0xfc, 0xfc, 0xf8, 0xf0, 0x00, 0x00, 
	0x00, 0x00, 0x01, 0x03, 0x07, 0x07, 0x07, 0x07, 0x33, 0x7b, 0x47, 0x6f, 0x3f, 0x1f, 0x00, 0x00
};
// 'expeditedssl', 16x16px
const unsigned char fab_16x16_fa_expeditedssl [] PROGMEM = {
	0xe0, 0xf0, 0xf8, 0xfc, 0x7e, 0x0e, 0x77, 0x77, 0x77, 0x77, 0x0e, 0x7e, 0xfc, 0xf8, 0xf0, 0xe0, 
	0x07, 0x0f, 0x1f, 0x3f, 0x70, 0x70, 0xf0, 0xf7, 0xf7, 0xf0, 0x70, 0x70, 0x30, 0x1f, 0x0f, 0x07
};
// 'facebook', 16x16px
const unsigned char fab_16x16_fa_facebook [] PROGMEM = {
	0xc0, 0xf0, 0xf8, 0xfc, 0xfe, 0xfe, 0xff, 0x0f, 0x0f, 0xc7, 0xe6, 0xfe, 0xfc, 0xf8, 0xf0, 0xc0, 
	0x03, 0x0f, 0x1f, 0x3f, 0x7f, 0x7c, 0xfc, 0x00, 0x00, 0xfc, 0x7c, 0x7f, 0x3f, 0x1f, 0x0f, 0x03
};
// 'facebook-f', 16x16px
const unsigned char fab_16x16_fa_facebook_f [] PROGMEM = {
	0x00, 0x00, 0x00, 0x00, 0xc0, 0xc0, 0xfc, 0xfe, 0xff, 0xcf, 0xc7, 0xc7, 0x00, 0x00, 0x00, 0x00, 
	0x00, 0x00, 0x00, 0x00, 0x01, 0x01, 0xff, 0xff, 0xff, 0x01, 0x01, 0x01, 0x00, 0x00, 0x00, 0x00
};
// 'facebook-messenger', 16x16px
const unsigned char fab_16x16_fa_facebook_messenger [] PROGMEM = {
	0xe0, 0xf0, 0xfc, 0xfc, 0xfe, 0x7e, 0x3f, 0x3f, 0x7f, 0x7f, 0x7e, 0x3e, 0xfc, 0xfc, 0xf0, 0xe0, 
	0x03, 0x0f, 0x1f, 0xff, 0x7c, 0x7e, 0x7e, 0x7e, 0x7c, 0x7c, 0x7e, 0x7f, 0x3f, 0x1f, 0x0f, 0x03
};
// 'facebook-square', 16x16px
const unsigned char fab_16x16_fa_facebook_square [] PROGMEM = {
	0x00, 0xfe, 0xfe, 0xfe, 0xfe, 0xfe, 0xfe, 0x0e, 0x0e, 0xc6, 0xe6, 0xfe, 0xfe, 0xfe, 0xfe, 0x00, 
	0x00, 0x7f, 0x7f, 0x7f, 0x7f, 0x7c, 0x7c, 0x00, 0x00, 0x7c, 0x7c, 0x7f, 0x7f, 0x7f, 0x7f, 0x00
};
// 'fantasy-flight-games', 16x16px
const unsigned char fab_16x16_fa_fantasy_flight_games [] PROGMEM = {
	0x00, 0x80, 0xc0, 0x60, 0x30, 0x18, 0x0c, 0x4e, 0xce, 0xcc, 0x98, 0x70, 0x60, 0xc0, 0x80, 0x00, 
	0x00, 0x01, 0x03, 0x06, 0x0e, 0x19, 0x33, 0x73, 0x72, 0x30, 0x18, 0x0c, 0x06, 0x03, 0x01, 0x00
};
// 'fedex', 16x16px
const unsigned char fab_16x16_fa_fedex [] PROGMEM = {
	0xc0, 0xc0, 0x40, 0x00, 0x00, 0x00, 0x00, 0x00, 0xc0, 0x00, 0x00, 0x00, 0x00, 0x00, 0x00, 0x00, 
	0x07, 0x01, 0x03, 0x07, 0x07, 0x03, 0x07, 0x05, 0x07, 0x00, 0x00, 0x00, 0x00, 0x00, 0x00, 0x00
};
// 'fedora', 16x16px
const unsigned char fab_16x16_fa_fedora [] PROGMEM = {
	0x00, 0xe0, 0xf0, 0xf8, 0xfc, 0xfe, 0xfe, 0x0e, 0x66, 0xf6, 0xf6, 0x7c, 0x08, 0xf0, 0xe0, 0x00, 
	0x00, 0x7f, 0x61, 0x6c, 0x5e, 0x5e, 0x4e, 0x60, 0x7c, 0x7e, 0x7e, 0x3e, 0x1f, 0x0f, 0x07, 0x00
};
// 'figma', 16x16px
const unsigned char fab_16x16_fa_figma [] PROGMEM = {
	0x00, 0x00, 0x8c, 0xfe, 0x21, 0x21, 0x21, 0xff, 0xff, 0x21, 0x21, 0x21, 0xfe, 0x8c, 0x00, 0x00, 
	0x00, 0x00, 0x31, 0x7f, 0x84, 0x84, 0x84, 0x7f, 0x1f, 0x04, 0x04, 0x04, 0x03, 0x01, 0x00, 0x00
};
// 'firefox', 16x16px
const unsigned char fab_16x16_fa_firefox [] PROGMEM = {
	0xc0, 0xf0, 0xf0, 0xf8, 0xfc, 0xdc, 0xcc, 0x05, 0x01, 0x01, 0x02, 0x06, 0x0c, 0xf8, 0xf0, 0xc0, 
	0x03, 0x0f, 0x1f, 0x3f, 0x7f, 0x7f, 0xff, 0xfe, 0xfc, 0xfc, 0x7c, 0x7e, 0x3f, 0x1f, 0x0f, 0x03
};
// 'firefox-browser', 16x16px
const unsigned char fab_16x16_fa_firefox_browser [] PROGMEM = {
	0x80, 0xf0, 0xf8, 0xf0, 0xf0, 0xe0, 0xc0, 0x40, 0x0c, 0x1e, 0x7f, 0xfc, 0xf8, 0xf0, 0xf0, 0xc0, 
	0x03, 0x0f, 0x1f, 0x3f, 0x7f, 0x78, 0xf8, 0xf0, 0xf0, 0xf8, 0x7c, 0x7f, 0x3f, 0x1f, 0x0f, 0x03
};
// 'firstdraft', 16x16px
const unsigned char fab_16x16_fa_firstdraft [] PROGMEM = {
	0x00, 0x00, 0xff, 0xff, 0xff, 0xff, 0xff, 0xff, 0xff, 0xff, 0x0f, 0xef, 0x2f, 0xaf, 0x00, 0x00, 
	0x00, 0x00, 0x2f, 0x2f, 0xaf, 0xaf, 0xa0, 0xbe, 0x82, 0xfa, 0x0a, 0xeb, 0x28, 0x2f, 0x00, 0x00
};
// 'first-order', 16x16px
const unsigned char fab_16x16_fa_first_order [] PROGMEM = {
	0x00, 0xf0, 0xf8, 0xf8, 0xfc, 0xfc, 0xfe, 0xff, 0xff, 0xfe, 0xfc, 0xfc, 0xf8, 0xf8, 0xf0, 0x00, 
	0x00, 0x0f, 0x1f, 0x1f, 0x3f, 0x3f, 0x7f, 0xff, 0xff, 0x7f, 0x3f, 0x3f, 0x1f, 0x1f, 0x0f, 0x00
};
// 'first-order-alt', 16x16px
const unsigned char fab_16x16_fa_first_order_alt [] PROGMEM = {
	0x00, 0x00, 0xe0, 0xf0, 0xf8, 0xfc, 0xfc, 0xfc, 0xfc, 0xfc, 0xfc, 0xf8, 0xf0, 0xe0, 0x00, 0x00, 
	0x00, 0x00, 0x07, 0x0f, 0x1f, 0x3f, 0x3f, 0x3f, 0x3f, 0x3f, 0x3f, 0x1f, 0x0f, 0x07, 0x00, 0x00
};
// 'flickr', 16x16px
const unsigned char fab_16x16_fa_flickr [] PROGMEM = {
	0x00, 0xfe, 0xfe, 0xfe, 0x3e, 0x3e, 0x3e, 0xfe, 0xfe, 0x3e, 0x3e, 0x3e, 0xfe, 0xfe, 0xfe, 0x00, 
	0x00, 0x7f, 0x7f, 0x7f, 0x7c, 0x7c, 0x7c, 0x7f, 0x7f, 0x7c, 0x7c, 0x7c, 0x7f, 0x7f, 0x7f, 0x00
};
// 'flipboard', 16x16px
const unsigned char fab_16x16_fa_flipboard [] PROGMEM = {
	0x00, 0xfe, 0xfe, 0xfe, 0x0e, 0x0e, 0x0e, 0x0e, 0x0e, 0x8e, 0x8e, 0x8e, 0xfe, 0xfe, 0xfe, 0x00, 
	0x00, 0x7f, 0x7f, 0x7f, 0x70, 0x70, 0x70, 0x7e, 0x7e, 0x7f, 0x7f, 0x7f, 0x7f, 0x7f, 0x7f, 0x00
};
// 'fly', 16x16px
const unsigned char fab_16x16_fa_fly [] PROGMEM = {
	0x00, 0x00, 0x00, 0x7c, 0xfe, 0xff, 0x03, 0x01, 0xff, 0xff, 0x39, 0x82, 0x7c, 0x00, 0x00, 0x00, 
	0x00, 0x00, 0x00, 0x00, 0x01, 0x03, 0x07, 0xcc, 0xcf, 0x07, 0x02, 0x01, 0x00, 0x00, 0x00, 0x00
};
// 'font-awesome', 16x16px
const unsigned char fab_16x16_fa_font_awesome [] PROGMEM = {
	0x00, 0xfe, 0xfe, 0xfe, 0x3e, 0x1e, 0xde, 0xde, 0xde, 0xde, 0x1e, 0x3e, 0xfe, 0xfe, 0xfe, 0x00, 
	0x00, 0x7f, 0x7f, 0x7f, 0x78, 0x7a, 0x7f, 0x7d, 0x7d, 0x7d, 0x7c, 0x7e, 0x7f, 0x7f, 0x7f, 0x00
};
// 'font-awesome-alt', 16x16px
const unsigned char fab_16x16_fa_font_awesome_alt [] PROGMEM = {
	0x00, 0xfe, 0x02, 0x02, 0xe2, 0xe2, 0x22, 0x22, 0x22, 0x22, 0xe2, 0xc2, 0x02, 0x02, 0xfe, 0x00, 
	0x00, 0x7f, 0x40, 0x40, 0x47, 0x47, 0x40, 0x42, 0x42, 0x42, 0x43, 0x41, 0x40, 0x40, 0x7f, 0x00
};
// 'font-awesome-flag', 16x16px
const unsigned char fab_16x16_fa_font_awesome_flag [] PROGMEM = {
	0x00, 0xfe, 0xfe, 0x0c, 0x0c, 0x0c, 0x0e, 0x0c, 0x0c, 0x0c, 0x0c, 0x0c, 0x0c, 0xfc, 0xfc, 0x00, 
	0x00, 0x7f, 0x7f, 0x00, 0x00, 0x0c, 0x0c, 0x0c, 0x0c, 0x18, 0x18, 0x18, 0x18, 0x1f, 0x0f, 0x00
};
// 'font-awesome-logo-full', 16x16px
const unsigned char fab_16x16_fa_font_awesome_logo_full [] PROGMEM = {
	0x00, 0x00, 0x00, 0x00, 0x00, 0x00, 0x00, 0x00, 0x00, 0x00, 0x00, 0x00, 0x00, 0x00, 0x00, 0x00, 
	0x00, 0x00, 0x00, 0x00, 0x00, 0x00, 0x00, 0x00, 0x00, 0x00, 0x00, 0x00, 0x00, 0x00, 0x00, 0x00
};
// 'fonticons', 16x16px
const unsigned char fab_16x16_fa_fonticons [] PROGMEM = {
	0x00, 0xfe, 0xfe, 0xfe, 0x3e, 0x1e, 0x4e, 0x4e, 0xde, 0x7e, 0x46, 0x4e, 0xfe, 0xfe, 0xfe, 0x00, 
	0x00, 0x7f, 0x7f, 0x7f, 0x66, 0x60, 0x6e, 0x7f, 0x7f, 0x6f, 0x60, 0x60, 0x7f, 0x7f, 0x7f, 0x00
};
// 'fonticons-fi', 16x16px
const unsigned char fab_16x16_fa_fonticons_fi [] PROGMEM = {
	0x00, 0x00, 0x80, 0xe0, 0xf0, 0xf8, 0x98, 0x98, 0x10, 0x00, 0xb8, 0xbc, 0xbc, 0x08, 0x00, 0x00, 
	0x00, 0x00, 0x41, 0x7f, 0x7f, 0x7f, 0x41, 0x41, 0x00, 0x00, 0x41, 0x7f, 0x7f, 0x40, 0x00, 0x00
};
// 'fort-awesome', 16x16px
const unsigned char fab_16x16_fa_fort_awesome [] PROGMEM = {
	0x00, 0x00, 0x00, 0xe0, 0xe0, 0x60, 0xe0, 0xe0, 0xe7, 0xe6, 0x66, 0xe0, 0xe0, 0x00, 0x00, 0x00, 
	0xfc, 0xfe, 0xfc, 0xff, 0xff, 0xfe, 0x0f, 0x07, 0x07, 0x0f, 0xfe, 0xff, 0xff, 0xfc, 0xfe, 0xfc
};
// 'fort-awesome-alt', 16x16px
const unsigned char fab_16x16_fa_fort_awesome_alt [] PROGMEM = {
	0xc0, 0xf0, 0xf8, 0xfc, 0x3e, 0x3e, 0x3f, 0x3f, 0x27, 0x27, 0x3e, 0x3e, 0xfc, 0xf8, 0xf0, 0xc0, 
	0x03, 0x0f, 0x13, 0x23, 0x40, 0x00, 0xc1, 0xf8, 0xf8, 0xc1, 0x00, 0x40, 0x23, 0x13, 0x0f, 0x03
};
// 'forumbee', 16x16px
const unsigned char fab_16x16_fa_forumbee [] PROGMEM = {
	0x00, 0xe0, 0x70, 0x38, 0x1c, 0xcc, 0xe6, 0x62, 0x30, 0x38, 0x98, 0x9c, 0xc8, 0xc0, 0x40, 0x00, 
	0x00, 0x01, 0x08, 0x1e, 0x0f, 0x03, 0x70, 0x3c, 0x0e, 0x47, 0x63, 0x31, 0x38, 0x7c, 0x66, 0x00
};
// 'foursquare', 16x16px
const unsigned char fab_16x16_fa_foursquare [] PROGMEM = {
	0x00, 0x00, 0xff, 0xff, 0x03, 0x03, 0x03, 0x23, 0x23, 0x23, 0x23, 0xf3, 0xff, 0x1f, 0x00, 0x00, 
	0x00, 0x00, 0xff, 0xff, 0x70, 0x38, 0x1c, 0x0e, 0x06, 0x06, 0x06, 0x07, 0x01, 0x00, 0x00, 0x00
};
// 'freebsd', 16x16px
const unsigned char fab_16x16_fa_freebsd [] PROGMEM = {
	0x00, 0x8e, 0xfe, 0xfc, 0xfc, 0xfc, 0xfc, 0xfe, 0xfe, 0xfc, 0xfc, 0xfc, 0xfc, 0xfe, 0xce, 0x00, 
	0x00, 0x03, 0x0f, 0x1f, 0x3f, 0x3f, 0x7f, 0x7f, 0x7f, 0x7f, 0x3f, 0x3f, 0x1f, 0x0f, 0x07, 0x00
};
// 'free-code-camp', 16x16px
const unsigned char fab_16x16_fa_free_code_camp [] PROGMEM = {
	0xe0, 0x10, 0x08, 0x00, 0x00, 0x00, 0xc0, 0xf0, 0xf0, 0x80, 0x00, 0x00, 0x00, 0x08, 0x10, 0xe0, 
	0x07, 0x08, 0x10, 0x00, 0x00, 0x07, 0x03, 0x00, 0x03, 0x07, 0x07, 0x00, 0x00, 0x10, 0x08, 0x07
};
// 'fulcrum', 16x16px
const unsigned char fab_16x16_fa_fulcrum [] PROGMEM = {
	0x00, 0x00, 0x00, 0x00, 0x30, 0x30, 0x80, 0x00, 0x00, 0x80, 0x30, 0x30, 0x00, 0x00, 0x00, 0x00, 
	0x00, 0x00, 0x00, 0x00, 0x00, 0x00, 0x01, 0x00, 0x00, 0x01, 0x00, 0x00, 0x00, 0x00, 0x00, 0x00
};
// 'galactic-republic', 16x16px
const unsigned char fab_16x16_fa_galactic_republic [] PROGMEM = {
	0xe0, 0x70, 0x30, 0x00, 0x86, 0xa6, 0xc3, 0xf1, 0xf1, 0xc3, 0xa6, 0x86, 0x00, 0x30, 0x70, 0xe0, 
	0x07, 0x0e, 0x0c, 0x00, 0x61, 0x65, 0xc3, 0x8f, 0x8f, 0xc3, 0x65, 0x61, 0x00, 0x0c, 0x0e, 0x07
};
// 'galactic-senate', 16x16px
const unsigned char fab_16x16_fa_galactic_senate [] PROGMEM = {
	0x00, 0x00, 0x00, 0x00, 0x00, 0x80, 0xc0, 0xf8, 0xf8, 0xc0, 0x80, 0x00, 0x00, 0x00, 0x00, 0x00, 
	0x08, 0x0c, 0x0c, 0x0e, 0x0f, 0x1f, 0x3e, 0x79, 0x79, 0x3e, 0x1f, 0x0f, 0x0e, 0x0c, 0x0c, 0x08
};
// 'get-pocket', 16x16px
const unsigned char fab_16x16_fa_get_pocket [] PROGMEM = {
	0x00, 0xfc, 0xfc, 0xfc, 0x3c, 0x3c, 0x7c, 0xfc, 0xfc, 0x7c, 0x3c, 0x3c, 0xfc, 0xfc, 0xfc, 0x00, 
	0x00, 0x03, 0x0f, 0x1f, 0x3f, 0x3e, 0x3c, 0x3c, 0x3c, 0x3c, 0x3e, 0x3f, 0x1f, 0x0f, 0x03, 0x00
};
// 'gg', 16x16px
const unsigned char fab_16x16_fa_gg [] PROGMEM = {
	0x80, 0xc0, 0x60, 0x30, 0x18, 0x88, 0x08, 0x20, 0x70, 0xd8, 0x88, 0x18, 0x30, 0x60, 0xc0, 0x80, 
	0x01, 0x03, 0x06, 0x0c, 0x18, 0x11, 0x1b, 0x0e, 0x04, 0x10, 0x11, 0x18, 0x0c, 0x06, 0x03, 0x01
};
// 'gg-circle', 16x16px
const unsigned char fab_16x16_fa_gg_circle [] PROGMEM = {
	0xc0, 0xf0, 0xf8, 0x7c, 0x3e, 0x9e, 0xcf, 0xff, 0x1f, 0x4f, 0xde, 0xbe, 0x7c, 0xfc, 0xf0, 0xc0, 
	0x03, 0x0f, 0x1f, 0x3e, 0x7c, 0x79, 0xf2, 0xf8, 0xff, 0xf3, 0x79, 0x7c, 0x3e, 0x3f, 0x0f, 0x03
};
// 'git', 16x16px
const unsigned char fab_16x16_fa_git [] PROGMEM = {
	0xc0, 0xe0, 0x20, 0x20, 0xe0, 0xe0, 0x20, 0x20, 0xec, 0xec, 0x00, 0x20, 0xf8, 0xf8, 0x20, 0x20, 
	0x3d, 0x3f, 0x2f, 0x2f, 0x3d, 0x39, 0x18, 0x00, 0x07, 0x07, 0x04, 0x00, 0x07, 0x07, 0x04, 0x04
};
// 'git-alt', 16x16px
const unsigned char fab_16x16_fa_git_alt [] PROGMEM = {
	0x00, 0x80, 0xc0, 0xe0, 0xf0, 0xf8, 0xf4, 0xce, 0x8e, 0xbc, 0x78, 0x70, 0xe0, 0xc0, 0x80, 0x00, 
	0x00, 0x01, 0x03, 0x07, 0x0f, 0x1f, 0x3f, 0x73, 0x71, 0x3f, 0x1e, 0x0e, 0x07, 0x03, 0x01, 0x00
};
// 'github', 16x16px
const unsigned char fab_16x16_fa_github [] PROGMEM = {
	0xe0, 0xf8, 0xfc, 0x3e, 0x0e, 0x0e, 0x0f, 0x0f, 0x0f, 0x0f, 0x0e, 0x0e, 0x3c, 0xfc, 0xf8, 0xe0, 
	0x07, 0x0f, 0x3f, 0x3c, 0x6c, 0x68, 0x00, 0x00, 0x00, 0x00, 0x78, 0x7c, 0x3c, 0x3f, 0x1f, 0x07
};
// 'github-alt', 16x16px
const unsigned char fab_16x16_fa_github_alt [] PROGMEM = {
	0x00, 0xc0, 0xfc, 0xfc, 0xfc, 0xf8, 0xf8, 0xf8, 0xf8, 0xf8, 0xf8, 0xf8, 0xfc, 0xfc, 0xfc, 0xc0, 
	0x00, 0x0f, 0x1f, 0x11, 0x20, 0x2e, 0x06, 0x00, 0x00, 0x00, 0x06, 0x2e, 0x24, 0x11, 0x1f, 0x0f
};
// 'github-square', 16x16px
const unsigned char fab_16x16_fa_github_square [] PROGMEM = {
	0x00, 0xfe, 0xfe, 0x3e, 0x0e, 0xee, 0xe6, 0xc6, 0xc6, 0xe6, 0xee, 0x0e, 0x3e, 0xfe, 0xfe, 0x00, 
	0x00, 0x7f, 0x7f, 0x7c, 0x70, 0x63, 0x6b, 0x7f, 0x7f, 0x63, 0x63, 0x70, 0x7c, 0x7f, 0x7f, 0x00
};
// 'gitkraken', 16x16px
const unsigned char fab_16x16_fa_gitkraken [] PROGMEM = {
	0xe0, 0xe0, 0x18, 0x04, 0x22, 0xf8, 0xfc, 0xfe, 0xfe, 0xfc, 0xf8, 0x22, 0x04, 0x18, 0xe0, 0xe0, 
	0x01, 0x07, 0x0e, 0x18, 0x30, 0x30, 0x5f, 0x7f, 0x7f, 0x5f, 0x30, 0x30, 0x18, 0x0e, 0x07, 0x01
};
// 'gitlab', 16x16px
const unsigned char fab_16x16_fa_gitlab [] PROGMEM = {
	0x80, 0xb0, 0x3e, 0x3e, 0x30, 0xc0, 0xc0, 0xc0, 0xc0, 0xc0, 0xc0, 0x30, 0x3e, 0x3e, 0xb0, 0x80, 
	0x03, 0x07, 0x07, 0x0c, 0x18, 0x30, 0x27, 0x7f, 0x7f, 0x27, 0x30, 0x18, 0x0c, 0x07, 0x07, 0x03
};
// 'git-square', 16x16px
const unsigned char fab_16x16_fa_git_square [] PROGMEM = {
	0x00, 0xfe, 0xfe, 0x7e, 0xbe, 0xbe, 0x3e, 0xfe, 0x2e, 0xfe, 0x3e, 0x1e, 0xfe, 0xfe, 0xfe, 0x00, 
	0x00, 0x7f, 0x7f, 0x70, 0x70, 0x70, 0x73, 0x7f, 0x7c, 0x7f, 0x7e, 0x7c, 0x7f, 0x7f, 0x7f, 0x00
};
// 'gitter', 16x16px
const unsigned char fab_16x16_fa_gitter [] PROGMEM = {
	0x00, 0x00, 0xff, 0xff, 0x00, 0x00, 0xfc, 0x00, 0x00, 0xfc, 0x00, 0x00, 0xfc, 0xf8, 0x00, 0x00, 
	0x00, 0x00, 0x03, 0x03, 0x00, 0x00, 0xff, 0x00, 0x00, 0xff, 0x00, 0x00, 0x03, 0x03, 0x00, 0x00
};
// 'glide', 16x16px
const unsigned char fab_16x16_fa_glide [] PROGMEM = {
	0x00, 0xfe, 0xfe, 0xfe, 0xfe, 0x1e, 0x0e, 0xe6, 0x76, 0x06, 0x7e, 0x7e, 0xfe, 0xfe, 0xfe, 0x00, 
	0x00, 0x7f, 0x7f, 0x7f, 0x7f, 0x63, 0x6a, 0x64, 0x70, 0x7c, 0x7e, 0x7f, 0x7f, 0x7f, 0x7f, 0x00
};
// 'glide-g', 16x16px
const unsigned char fab_16x16_fa_glide_g [] PROGMEM = {
	0x00, 0x00, 0xf0, 0xfc, 0xfe, 0x0f, 0x03, 0x83, 0xff, 0xff, 0xfe, 0x80, 0x80, 0x80, 0x80, 0x00, 
	0x00, 0x00, 0x70, 0xf9, 0xdb, 0xc3, 0xf7, 0x7f, 0x3f, 0x07, 0x01, 0x01, 0x01, 0x01, 0x01, 0x00
};
// 'gofore', 16x16px
const unsigned char fab_16x16_fa_gofore [] PROGMEM = {
	0x00, 0x00, 0xe0, 0xf0, 0xf8, 0x3c, 0x1e, 0x0e, 0x0e, 0xce, 0xce, 0xde, 0x9c, 0x8c, 0x00, 0x00, 
	0x00, 0x00, 0x07, 0x0f, 0x1f, 0x3c, 0x78, 0x70, 0x70, 0x71, 0x71, 0x79, 0x3d, 0x3f, 0x1b, 0x00
};
// 'goodreads', 16x16px
const unsigned char fab_16x16_fa_goodreads [] PROGMEM = {
	0x00, 0xfe, 0xfe, 0xfe, 0xfe, 0x0e, 0xf6, 0xf6, 0xf6, 0xf6, 0x06, 0xfe, 0xfe, 0xfe, 0xfe, 0x00, 
	0x00, 0x7f, 0x7f, 0x7f, 0x7f, 0x76, 0x6d, 0x7d, 0x7d, 0x6d, 0x70, 0x7f, 0x7f, 0x7f, 0x7f, 0x00
};
// 'goodreads-g', 16x16px
const unsigned char fab_16x16_fa_goodreads_g [] PROGMEM = {
	0x00, 0x00, 0x00, 0xf8, 0x8e, 0x02, 0x03, 0x01, 0x01, 0x03, 0x02, 0x8e, 0xff, 0x00, 0x00, 0x00, 
	0x00, 0x00, 0x00, 0x01, 0x63, 0xc6, 0x84, 0x84, 0x84, 0x84, 0xc6, 0x73, 0x3f, 0x00, 0x00, 0x00
};
// 'google', 16x16px
const unsigned char fab_16x16_fa_google [] PROGMEM = {
	0x00, 0xe0, 0xf8, 0xfc, 0x3e, 0x0e, 0x0f, 0x07, 0x07, 0x87, 0x8f, 0x8e, 0x8e, 0x80, 0x80, 0x80, 
	0x00, 0x07, 0x1f, 0x3f, 0x7c, 0x70, 0xf0, 0xe0, 0xe0, 0xe3, 0xe3, 0x73, 0x7b, 0x3f, 0x1f, 0x07
};
// 'google-drive', 16x16px
const unsigned char fab_16x16_fa_google_drive [] PROGMEM = {
	0x00, 0x00, 0xc0, 0xf0, 0xf8, 0xf8, 0xe6, 0x1e, 0x3e, 0xfe, 0xfe, 0xf8, 0xf0, 0xc0, 0x00, 0x00, 
	0x0c, 0x1f, 0x3f, 0x1f, 0x4f, 0x73, 0x78, 0x78, 0x78, 0x78, 0x7b, 0x7f, 0x7f, 0x7f, 0x1f, 0x08
};
// 'google-pay', 16x16px
const unsigned char fab_16x16_fa_google_pay [] PROGMEM = {
	0xc0, 0x40, 0x20, 0xa0, 0x80, 0x00, 0x00, 0xc0, 0x00, 0xc0, 0x00, 0x80, 0x00, 0x00, 0x00, 0x80, 
	0x03, 0x02, 0x04, 0x07, 0x03, 0x00, 0x00, 0x01, 0x00, 0x00, 0x02, 0x01, 0x03, 0x00, 0x02, 0x00
};
// 'google-play', 16x16px
const unsigned char fab_16x16_fa_google_play [] PROGMEM = {
	0x00, 0xff, 0xfe, 0xfc, 0xf8, 0xf4, 0xec, 0xd8, 0xb8, 0x70, 0x60, 0xa0, 0xc0, 0xc0, 0x80, 0x00, 
	0x00, 0xff, 0x7f, 0x3f, 0x1f, 0x2f, 0x37, 0x1b, 0x1d, 0x0e, 0x06, 0x05, 0x03, 0x03, 0x01, 0x00
};
// 'google-plus', 16x16px
const unsigned char fab_16x16_fa_google_plus [] PROGMEM = {
	0xc0, 0xf0, 0x38, 0x9c, 0xce, 0xce, 0x4f, 0x5f, 0x7f, 0xff, 0xfe, 0x7e, 0x3c, 0x78, 0xf0, 0xc0, 
	0x03, 0x0f, 0x1c, 0x39, 0x73, 0x73, 0xf2, 0xfa, 0xf8, 0xff, 0x7f, 0x7e, 0x3c, 0x1e, 0x0f, 0x03
};
// 'google-plus-g', 16x16px
const unsigned char fab_16x16_fa_google_plus_g [] PROGMEM = {
	0x80, 0xe0, 0x70, 0x30, 0x30, 0x10, 0x30, 0x30, 0x00, 0x00, 0x00, 0x00, 0x00, 0x80, 0x00, 0x00, 
	0x03, 0x0f, 0x1c, 0x18, 0x18, 0x11, 0x19, 0x1f, 0x0f, 0x03, 0x00, 0x00, 0x03, 0x07, 0x03, 0x01
};
// 'google-plus-square', 16x16px
const unsigned char fab_16x16_fa_google_plus_square [] PROGMEM = {
	0x00, 0xfe, 0xfe, 0x3e, 0x9e, 0xde, 0xde, 0xde, 0xfe, 0xfe, 0xfe, 0x7e, 0xfe, 0xfe, 0xfe, 0x00, 
	0x00, 0x7f, 0x7f, 0x7c, 0x79, 0x7b, 0x7b, 0x78, 0x7c, 0x7f, 0x7f, 0x7e, 0x7e, 0x7f, 0x7f, 0x00
};
// 'google-wallet', 16x16px
const unsigned char fab_16x16_fa_google_wallet [] PROGMEM = {
	0x00, 0x00, 0xc0, 0xc0, 0xc0, 0x80, 0xf0, 0xf8, 0xf8, 0xf0, 0xe2, 0xfe, 0xfe, 0xfe, 0xf0, 0x00, 
	0x00, 0x00, 0x01, 0x07, 0x0f, 0x1f, 0x1f, 0x0f, 0x03, 0x07, 0x7f, 0x7f, 0x7f, 0x7f, 0x0f, 0x00
};
// 'gratipay', 16x16px
const unsigned char fab_16x16_fa_gratipay [] PROGMEM = {
	0xe0, 0xf8, 0xfc, 0xfc, 0xbe, 0x1e, 0x1f, 0x3f, 0x3f, 0x1f, 0x1e, 0x1e, 0xfc, 0xfc, 0xf8, 0xe0, 
	0x07, 0x1f, 0x3f, 0x3f, 0x7f, 0x7e, 0xfc, 0xf8, 0xf8, 0xfc, 0x7e, 0x7f, 0x3f, 0x3f, 0x1f, 0x07
};
// 'grav', 16x16px
const unsigned char fab_16x16_fa_grav [] PROGMEM = {
	0xc0, 0xf0, 0xf8, 0xfc, 0xfe, 0x7e, 0x3f, 0x1f, 0x43, 0x3f, 0x3e, 0x36, 0xfc, 0xf8, 0xf0, 0xc0, 
	0x03, 0x0f, 0x1f, 0x3f, 0x7c, 0x4e, 0xe2, 0xf8, 0xfc, 0xfe, 0x7f, 0x7e, 0x3e, 0x1f, 0x0f, 0x03
};
// 'gripfire', 16x16px
const unsigned char fab_16x16_fa_gripfire [] PROGMEM = {
	0x00, 0x00, 0x00, 0x80, 0xe0, 0xf0, 0x78, 0x3e, 0x9c, 0xe0, 0xe0, 0x80, 0x00, 0x00, 0x00, 0x00, 
	0x00, 0x00, 0x00, 0x07, 0x0f, 0x1f, 0x38, 0x23, 0x03, 0x1d, 0x1f, 0x07, 0x00, 0x00, 0x00, 0x00
};
// 'grunt', 16x16px
const unsigned char fab_16x16_fa_grunt [] PROGMEM = {
	0x00, 0x00, 0xc0, 0x06, 0x66, 0x46, 0x02, 0x02, 0x03, 0x02, 0x46, 0x66, 0x06, 0xc0, 0x00, 0x00, 
	0x00, 0x00, 0x00, 0x0c, 0x60, 0x70, 0xa0, 0x00, 0x00, 0xa0, 0x70, 0x68, 0x0c, 0x00, 0x00, 0x00
};
// 'guilded', 16x16px
const unsigned char fab_16x16_fa_guilded [] PROGMEM = {
	0x00, 0x3c, 0xfc, 0xfc, 0x9c, 0x1c, 0x1c, 0xdc, 0xdc, 0xdc, 0xdc, 0xdc, 0xdc, 0xdc, 0x1c, 0x00, 
	0x00, 0x00, 0x01, 0x07, 0x0f, 0x1e, 0x1c, 0x39, 0x39, 0x1d, 0x1f, 0x0f, 0x07, 0x01, 0x00, 0x00
};
// 'gulp', 16x16px
const unsigned char fab_16x16_fa_gulp [] PROGMEM = {
	0x00, 0x00, 0x00, 0x00, 0x30, 0xf0, 0xf0, 0xf0, 0xf8, 0xfc, 0xf2, 0x30, 0x00, 0x00, 0x00, 0x00, 
	0x00, 0x00, 0x00, 0x00, 0x00, 0x0f, 0xff, 0xff, 0xff, 0xff, 0x0f, 0x00, 0x00, 0x00, 0x00, 0x00
};
// 'hacker-news', 16x16px
const unsigned char fab_16x16_fa_hacker_news [] PROGMEM = {
	0x00, 0xfe, 0xfe, 0xfe, 0xfe, 0xee, 0x9e, 0x7e, 0x7e, 0x9e, 0xee, 0xfe, 0xfe, 0xfe, 0xfe, 0x00, 
	0x00, 0x7f, 0x7f, 0x7f, 0x7f, 0x7f, 0x7f, 0x78, 0x7e, 0x7f, 0x7f, 0x7f, 0x7f, 0x7f, 0x7f, 0x00
};
// 'hacker-news-square', 16x16px
const unsigned char fab_16x16_fa_hacker_news_square [] PROGMEM = {
	0x00, 0xfe, 0xfe, 0xfe, 0xfe, 0xee, 0x9e, 0x7e, 0x7e, 0x9e, 0xee, 0xfe, 0xfe, 0xfe, 0xfe, 0x00, 
	0x00, 0x7f, 0x7f, 0x7f, 0x7f, 0x7f, 0x7f, 0x78, 0x7e, 0x7f, 0x7f, 0x7f, 0x7f, 0x7f, 0x7f, 0x00
};
// 'hackerrank', 16x16px
const unsigned char fab_16x16_fa_hackerrank [] PROGMEM = {
	0x00, 0xf0, 0xf8, 0xfc, 0xfc, 0xee, 0x07, 0xff, 0xff, 0x1f, 0xfe, 0xfc, 0xfc, 0xf8, 0xf0, 0x00, 
	0x00, 0x0f, 0x1f, 0x3f, 0x3f, 0x7f, 0xf8, 0xfe, 0xfe, 0xe0, 0x77, 0x3f, 0x3f, 0x1f, 0x0f, 0x00
};
// 'hips', 16x16px
const unsigned char fab_16x16_fa_hips [] PROGMEM = {
	0xf0, 0x40, 0x40, 0xc0, 0x80, 0xd0, 0x80, 0x80, 0x40, 0x40, 0xc0, 0x80, 0x80, 0xc0, 0x40, 0x40, 
	0x07, 0x00, 0x00, 0x07, 0x07, 0x07, 0x07, 0x1f, 0x04, 0x04, 0x04, 0x03, 0x04, 0x05, 0x07, 0x07
};
// 'hire-a-helper', 16x16px
const unsigned char fab_16x16_fa_hire_a_helper [] PROGMEM = {
	0xfc, 0xfe, 0xff, 0xff, 0x07, 0x07, 0xff, 0xff, 0xff, 0xff, 0x07, 0x07, 0xff, 0xff, 0xfe, 0xfc, 
	0x3f, 0x7f, 0xff, 0xff, 0xe0, 0xe0, 0xff, 0xff, 0xff, 0xff, 0xe0, 0xe0, 0xff, 0xff, 0x7f, 0x3f
};
// 'hive', 16x16px
const unsigned char fab_16x16_fa_hive [] PROGMEM = {
	0x80, 0xe0, 0xf0, 0xfc, 0xfc, 0xf8, 0xe2, 0x8e, 0x3c, 0x78, 0x62, 0x0e, 0x3c, 0xf0, 0xe0, 0x80, 
	0x01, 0x07, 0x0f, 0x3f, 0x3f, 0x1f, 0x47, 0x71, 0x3c, 0x1e, 0x46, 0x70, 0x3c, 0x0f, 0x07, 0x01
};
// 'hooli', 16x16px
const unsigned char fab_16x16_fa_hooli [] PROGMEM = {
	0xc0, 0x80, 0xc0, 0x80, 0x80, 0x00, 0x00, 0x00, 0x00, 0x00, 0x80, 0x00, 0x00, 0xc0, 0x80, 0x80, 
	0x00, 0x01, 0x07, 0x03, 0x07, 0x07, 0x07, 0x07, 0x03, 0x07, 0x07, 0x07, 0x03, 0x07, 0x07, 0x07
};
// 'hornbill', 16x16px
const unsigned char fab_16x16_fa_hornbill [] PROGMEM = {
	0x00, 0xc0, 0xe0, 0xe2, 0x3f, 0x1f, 0x0e, 0x02, 0x0a, 0x0e, 0x1c, 0x30, 0x70, 0x70, 0xf8, 0x90, 
	0x18, 0x1f, 0x0e, 0x0c, 0x18, 0x30, 0x70, 0xe0, 0xc0, 0xe0, 0x70, 0xf8, 0xce, 0x06, 0x07, 0x01
};
// 'hotjar', 16x16px
const unsigned char fab_16x16_fa_hotjar [] PROGMEM = {
	0x00, 0x00, 0x80, 0xc0, 0xc0, 0xf1, 0xff, 0xfe, 0xfe, 0xfe, 0xfc, 0xfc, 0xf8, 0xf0, 0xc0, 0x00, 
	0x00, 0x1e, 0x3f, 0x7f, 0x7f, 0x7f, 0x0f, 0x1f, 0x0f, 0x07, 0x01, 0x7f, 0x3f, 0x1f, 0x0f, 0x00
};
// 'houzz', 16x16px
const unsigned char fab_16x16_fa_houzz [] PROGMEM = {
	0x00, 0xfc, 0xfe, 0xfe, 0xfe, 0xf0, 0xe0, 0xe0, 0xe0, 0xc0, 0xc0, 0xc0, 0xc0, 0x80, 0x80, 0x00, 
	0x00, 0x3f, 0x7f, 0x7f, 0x7f, 0x7f, 0x07, 0x03, 0x03, 0x07, 0x7f, 0x7f, 0x7f, 0x7f, 0x7f, 0x00
};
// 'html5', 16x16px
const unsigned char fab_16x16_fa_html5 [] PROGMEM = {
	0x00, 0x00, 0xfe, 0xfe, 0xce, 0x0e, 0x6e, 0x6e, 0x6e, 0x6e, 0x6e, 0xee, 0xfe, 0xfe, 0x00, 0x00, 
	0x00, 0x00, 0x00, 0x1f, 0x3f, 0x39, 0x73, 0x73, 0x73, 0x73, 0x38, 0x3f, 0x1f, 0x00, 0x00, 0x00
};
// 'hubspot', 16x16px
const unsigned char fab_16x16_fa_hubspot [] PROGMEM = {
	0x00, 0x07, 0x07, 0x07, 0x0c, 0x18, 0x10, 0x20, 0xe0, 0xc0, 0xee, 0x7e, 0xc4, 0xc0, 0x80, 0x00, 
	0x00, 0x00, 0x00, 0x00, 0x00, 0xc0, 0xe0, 0x37, 0x1f, 0x18, 0x30, 0x30, 0x18, 0x1f, 0x0f, 0x00
};
// 'ideal', 16x16px
const unsigned char fab_16x16_fa_ideal [] PROGMEM = {
	0x00, 0x04, 0xc0, 0xc0, 0xc0, 0x00, 0x38, 0x38, 0x38, 0xf8, 0x30, 0x74, 0x60, 0x40, 0x20, 0x00, 
	0x00, 0x20, 0x0e, 0x1e, 0x0e, 0x00, 0x1f, 0x1f, 0x1f, 0x1f, 0x0f, 0x0f, 0x07, 0x03, 0x04, 0x00
};
// 'imdb', 16x16px
const unsigned char fab_16x16_fa_imdb [] PROGMEM = {
	0x00, 0xfe, 0xfe, 0x3e, 0x3e, 0x3e, 0x3e, 0x3e, 0x3e, 0x3e, 0x3e, 0x3e, 0x7e, 0xfe, 0xfe, 0x00, 
	0x00, 0x7f, 0x7f, 0x7c, 0x7c, 0x7c, 0x7c, 0x7c, 0x7c, 0x7c, 0x7c, 0x7c, 0x7c, 0x7f, 0x7f, 0x00
};
// 'innosoft', 16x16px
const unsigned char fab_16x16_fa_innosoft [] PROGMEM = {
	0x00, 0x00, 0xf0, 0x18, 0x18, 0x6c, 0x64, 0xb6, 0x96, 0xdc, 0x4c, 0x68, 0x70, 0xf0, 0x00, 0x00, 
	0x00, 0x00, 0x0f, 0x0e, 0x16, 0x32, 0x3b, 0x69, 0x6d, 0x26, 0x36, 0x18, 0x18, 0x0f, 0x00, 0x00
};
// 'instagram', 16x16px
const unsigned char fab_16x16_fa_instagram [] PROGMEM = {
	0x00, 0xf8, 0x0c, 0x06, 0x82, 0xe2, 0x22, 0x32, 0x32, 0x22, 0xe2, 0x92, 0x06, 0x0c, 0xf8, 0x00, 
	0x00, 0x1f, 0x30, 0x60, 0x41, 0x47, 0x44, 0x4c, 0x4c, 0x44, 0x47, 0x41, 0x60, 0x30, 0x1f, 0x00
};
// 'instagram-square', 16x16px
const unsigned char fab_16x16_fa_instagram_square [] PROGMEM = {
	0x00, 0xfe, 0xfe, 0x0e, 0xe6, 0xf6, 0xb6, 0xf6, 0xf6, 0xb6, 0xd6, 0xe6, 0x0e, 0xfe, 0xfe, 0x00, 
	0x00, 0x7f, 0x7f, 0x70, 0x67, 0x6f, 0x6d, 0x6f, 0x6f, 0x6d, 0x6f, 0x67, 0x70, 0x7f, 0x7f, 0x00
};
// 'instalod', 16x16px
const unsigned char fab_16x16_fa_instalod [] PROGMEM = {
	0x80, 0xc0, 0xf0, 0xfc, 0xfc, 0xfa, 0x66, 0x0e, 0x1e, 0x3e, 0xfe, 0xfe, 0xfc, 0xf8, 0xe0, 0x00, 
	0x01, 0x03, 0x0f, 0x3f, 0x1f, 0x63, 0x78, 0x7c, 0x7c, 0x7c, 0x7c, 0x7e, 0x3e, 0x1e, 0x06, 0x00
};
// 'intercom', 16x16px
const unsigned char fab_16x16_fa_intercom [] PROGMEM = {
	0x00, 0xfe, 0xfe, 0x0e, 0xfe, 0x0e, 0xfe, 0xfe, 0xfe, 0xfe, 0x0e, 0xfe, 0x0e, 0xfe, 0xfe, 0x00, 
	0x00, 0x7f, 0x7f, 0x76, 0x77, 0x6c, 0x6f, 0x6f, 0x6f, 0x6f, 0x6c, 0x77, 0x76, 0x7f, 0x7f, 0x00
};
// 'internet-explorer', 16x16px
const unsigned char fab_16x16_fa_internet_explorer [] PROGMEM = {
	0x00, 0x00, 0xa0, 0xf0, 0xf8, 0xfc, 0xbe, 0x9e, 0x9e, 0x9e, 0x9f, 0xbf, 0xfd, 0xf9, 0xf1, 0xc2, 
	0x78, 0x8e, 0x8f, 0x1f, 0x3f, 0x7f, 0x79, 0x71, 0xf1, 0xf1, 0x71, 0x79, 0x79, 0x39, 0x19, 0x01
};
// 'invision', 16x16px
const unsigned char fab_16x16_fa_invision [] PROGMEM = {
	0x00, 0xfe, 0xfe, 0xfe, 0x3e, 0x2e, 0xfe, 0x3e, 0x3e, 0xfe, 0x3e, 0x3e, 0xfe, 0xfe, 0xfe, 0x00, 
	0x00, 0x7f, 0x7f, 0x7f, 0x70, 0x76, 0x7f, 0x70, 0x7e, 0x7f, 0x79, 0x70, 0x7f, 0x7f, 0x7f, 0x00
};
// 'ioxhost', 16x16px
const unsigned char fab_16x16_fa_ioxhost [] PROGMEM = {
	0x00, 0x00, 0xc0, 0x30, 0x18, 0x48, 0xcc, 0xc4, 0xc4, 0xcc, 0x48, 0x58, 0x70, 0xc0, 0x40, 0x40, 
	0x04, 0x04, 0x07, 0x1c, 0x34, 0x25, 0x67, 0x47, 0x47, 0x67, 0x25, 0x30, 0x18, 0x07, 0x00, 0x00
};
// 'itch-io', 16x16px
const unsigned char fab_16x16_fa_itch_io [] PROGMEM = {
	0x18, 0xbc, 0xfe, 0xfe, 0x7e, 0x7e, 0x7e, 0xfe, 0xfe, 0x7e, 0x7e, 0x7e, 0xfe, 0xfe, 0xbc, 0x18, 
	0x00, 0x1f, 0x6f, 0x60, 0x60, 0x70, 0x70, 0x76, 0x76, 0x70, 0x70, 0x60, 0x60, 0x6f, 0x1f, 0x00
};
// 'itunes', 16x16px
const unsigned char fab_16x16_fa_itunes [] PROGMEM = {
	0x00, 0xfc, 0xbc, 0xee, 0xf6, 0xfe, 0x9a, 0x9e, 0xde, 0xda, 0xfe, 0xf6, 0xee, 0xbc, 0xfc, 0x00, 
	0x00, 0x3f, 0x3c, 0x77, 0x6f, 0x7b, 0x7b, 0x5f, 0x5f, 0x79, 0x7f, 0x6f, 0x77, 0x3c, 0x3f, 0x00
};
// 'itunes-note', 16x16px
const unsigned char fab_16x16_fa_itunes_note [] PROGMEM = {
	0x00, 0x00, 0x00, 0x00, 0x00, 0xf8, 0x3c, 0x1c, 0x1c, 0x1c, 0x1c, 0x1e, 0x1e, 0xfe, 0x00, 0x00, 
	0x00, 0x00, 0x70, 0x70, 0x70, 0x7f, 0x00, 0x00, 0x00, 0x00, 0x18, 0x3c, 0x3c, 0x1f, 0x00, 0x00
};
// 'java', 16x16px
const unsigned char fab_16x16_fa_java [] PROGMEM = {
	0x00, 0x00, 0x00, 0x00, 0x00, 0x00, 0x60, 0x10, 0x68, 0x80, 0x00, 0x00, 0x00, 0x00, 0x00, 0x00, 
	0x00, 0x00, 0x40, 0x40, 0x02, 0x08, 0x20, 0x20, 0x20, 0x00, 0x00, 0x00, 0x00, 0x06, 0x00, 0x00
};
// 'jedi-order', 16x16px
const unsigned char fab_16x16_fa_jedi_order [] PROGMEM = {
	0x00, 0xc0, 0xf0, 0xf8, 0xc0, 0x00, 0x00, 0x00, 0x00, 0x00, 0x00, 0xc0, 0xf8, 0xf0, 0xc0, 0x00, 
	0x00, 0x07, 0x1f, 0x3f, 0x3f, 0x70, 0x40, 0x4c, 0x4c, 0x40, 0x70, 0x3f, 0x3f, 0x1f, 0x07, 0x00
};
// 'jenkins', 16x16px
const unsigned char fab_16x16_fa_jenkins [] PROGMEM = {
	0x00, 0x00, 0x70, 0x48, 0x40, 0x00, 0x01, 0x01, 0x01, 0x01, 0x01, 0x01, 0x02, 0x0c, 0x00, 0x00, 
	0x00, 0xc0, 0x00, 0x02, 0x18, 0x10, 0x20, 0x80, 0x10, 0xa0, 0xe6, 0x92, 0x92, 0x98, 0x10, 0x00
};
// 'jira', 16x16px
const unsigned char fab_16x16_fa_jira [] PROGMEM = {
	0x80, 0xc0, 0xe0, 0xf0, 0xf8, 0xfc, 0x7e, 0x3f, 0x3f, 0x7e, 0xfc, 0xf8, 0xf0, 0xe0, 0xc0, 0x80, 
	0x01, 0x03, 0x07, 0x0f, 0x1f, 0x3f, 0x7e, 0xfc, 0xfc, 0x7e, 0x3f, 0x1f, 0x0f, 0x07, 0x03, 0x01
};
// 'joget', 16x16px
const unsigned char fab_16x16_fa_joget [] PROGMEM = {
	0xe0, 0x38, 0x8c, 0xc4, 0xe2, 0x62, 0x23, 0x21, 0x01, 0x83, 0xc2, 0x82, 0x84, 0x0c, 0x38, 0xe0, 
	0x07, 0x1f, 0x3f, 0x3f, 0x7f, 0x7f, 0xee, 0xc6, 0x87, 0xc7, 0x46, 0x47, 0x26, 0x36, 0x1e, 0x07
};
// 'joomla', 16x16px
const unsigned char fab_16x16_fa_joomla [] PROGMEM = {
	0x00, 0x0c, 0x7e, 0xfe, 0xdc, 0xdc, 0xf8, 0x78, 0x78, 0xf8, 0xdc, 0xfc, 0xfe, 0x1e, 0x0c, 0x00, 
	0x00, 0x30, 0x7c, 0x7f, 0x3b, 0x33, 0x1f, 0x1e, 0x1e, 0x3f, 0x33, 0x3f, 0x7f, 0x78, 0x30, 0x00
};
// 'js', 16x16px
const unsigned char fab_16x16_fa_js [] PROGMEM = {
	0x00, 0xfe, 0xfe, 0xfe, 0xfe, 0xfe, 0xfe, 0xfe, 0xfe, 0xfe, 0xfe, 0x7e, 0xfe, 0xfe, 0xfe, 0x00, 
	0x00, 0x7f, 0x7f, 0x7f, 0x7f, 0x4f, 0x5f, 0x40, 0x70, 0x7f, 0x48, 0x5a, 0x42, 0x67, 0x7f, 0x00
};
// 'jsfiddle', 16x16px
const unsigned char fab_16x16_fa_jsfiddle [] PROGMEM = {
	0x00, 0x00, 0x00, 0x00, 0x00, 0x00, 0x00, 0x00, 0x00, 0x00, 0x00, 0x00, 0x00, 0x00, 0x00, 0x00, 
	0x06, 0x00, 0x00, 0x00, 0x00, 0x00, 0x00, 0x00, 0x00, 0x00, 0x00, 0x00, 0x00, 0x00, 0x00, 0x06
};
// 'js-square', 16x16px
const unsigned char fab_16x16_fa_js_square [] PROGMEM = {
	0x00, 0xfe, 0xfe, 0xfe, 0xfe, 0xfe, 0xfe, 0xfe, 0xfe, 0xfe, 0xfe, 0x7e, 0xfe, 0xfe, 0xfe, 0x00, 
	0x00, 0x7f, 0x7f, 0x7f, 0x7f, 0x4f, 0x5f, 0x40, 0x70, 0x7f, 0x48, 0x5a, 0x42, 0x67, 0x7f, 0x00
};
// 'kaggle', 16x16px
const unsigned char fab_16x16_fa_kaggle [] PROGMEM = {
	0x00, 0x00, 0x00, 0xff, 0xff, 0xff, 0x00, 0x00, 0x80, 0xc0, 0xe0, 0x60, 0x00, 0x00, 0x00, 0x00, 
	0x00, 0x00, 0x00, 0xff, 0xff, 0xff, 0x0e, 0x1f, 0x3b, 0x71, 0xe0, 0xc0, 0x00, 0x00, 0x00, 0x00
};
// 'keybase', 16x16px
const unsigned char fab_16x16_fa_keybase [] PROGMEM = {
	0x00, 0x00, 0x00, 0xb8, 0xec, 0xfc, 0xfc, 0xfe, 0x78, 0xf8, 0xc0, 0x80, 0x80, 0x00, 0x00, 0x00, 
	0x00, 0x38, 0x3e, 0x0f, 0x1f, 0x0f, 0x0f, 0x0f, 0x0c, 0x0e, 0x0f, 0x0f, 0x0f, 0x4e, 0x38, 0x00
};
// 'keycdn', 16x16px
const unsigned char fab_16x16_fa_keycdn [] PROGMEM = {
	0x00, 0x00, 0xc6, 0xfc, 0xf8, 0xf8, 0x3c, 0x3c, 0x3c, 0x3c, 0xf8, 0xf8, 0xd8, 0xce, 0x07, 0x06, 
	0x60, 0xe0, 0x73, 0x1b, 0x1f, 0x1f, 0x3f, 0x3c, 0x3c, 0x3f, 0x0f, 0x1f, 0x3f, 0x63, 0x00, 0x00
};
// 'kickstarter', 16x16px
const unsigned char fab_16x16_fa_kickstarter [] PROGMEM = {
	0x00, 0xfe, 0xfe, 0xfe, 0xfe, 0x0e, 0x0e, 0x3e, 0x1e, 0x0e, 0xde, 0xfe, 0xfe, 0xfe, 0xfe, 0x00, 
	0x00, 0x7f, 0x7f, 0x7f, 0x7f, 0x70, 0x70, 0x7c, 0x78, 0x70, 0x71, 0x7f, 0x7f, 0x7f, 0x7f, 0x00
};
// 'kickstarter-k', 16x16px
const unsigned char fab_16x16_fa_kickstarter_k [] PROGMEM = {
	0x00, 0x00, 0xfc, 0xfe, 0xfe, 0xfe, 0xf8, 0xf0, 0xf8, 0xfc, 0xfe, 0x7e, 0x1c, 0x00, 0x00, 0x00, 
	0x00, 0x00, 0x3f, 0x7f, 0x7f, 0x7f, 0x1f, 0x07, 0x0f, 0x3f, 0x7f, 0x7e, 0x7c, 0x38, 0x00, 0x00
};
// 'korvue', 16x16px
const unsigned char fab_16x16_fa_korvue [] PROGMEM = {
	0x00, 0xfc, 0xfe, 0xfe, 0x0e, 0x0e, 0x0e, 0x3e, 0x0e, 0x0e, 0xce, 0xee, 0xfe, 0xfe, 0xfc, 0x00, 
	0x00, 0x3f, 0x7f, 0x7f, 0x70, 0x70, 0x70, 0x7c, 0x70, 0x70, 0x71, 0x77, 0x7f, 0x7f, 0x3f, 0x00
};
// 'laravel', 16x16px
const unsigned char fab_16x16_fa_laravel [] PROGMEM = {
	0xfc, 0x06, 0x00, 0x09, 0x00, 0x06, 0x04, 0x00, 0x00, 0xd0, 0x08, 0x00, 0x20, 0x00, 0x08, 0x78, 
	0x0f, 0x00, 0x00, 0x04, 0x04, 0x00, 0x91, 0x00, 0x00, 0x00, 0x00, 0x03, 0x03, 0x00, 0x00, 0x00
};
// 'lastfm', 16x16px
const unsigned char fab_16x16_fa_lastfm [] PROGMEM = {
	0xe0, 0xf0, 0x30, 0x10, 0x10, 0x10, 0x70, 0xe0, 0x80, 0x00, 0xf0, 0xf0, 0x90, 0x90, 0x30, 0x20, 
	0x07, 0x0f, 0x0c, 0x08, 0x08, 0x08, 0x0c, 0x03, 0x07, 0x0e, 0x0c, 0x09, 0x09, 0x09, 0x0f, 0x07
};
// 'lastfm-square', 16x16px
const unsigned char fab_16x16_fa_lastfm_square [] PROGMEM = {
	0x00, 0xfe, 0xfe, 0x3e, 0x9e, 0xde, 0xde, 0x3e, 0x7e, 0x3e, 0x5e, 0xde, 0xbe, 0xfe, 0xfe, 0x00, 
	0x00, 0x7f, 0x7f, 0x7c, 0x79, 0x7b, 0x7b, 0x7f, 0x7c, 0x79, 0x7b, 0x7a, 0x7c, 0x7f, 0x7f, 0x00
};
// 'leanpub', 16x16px
const unsigned char fab_16x16_fa_leanpub [] PROGMEM = {
	0x00, 0xf0, 0xf8, 0xf8, 0xf8, 0xf8, 0xf8, 0xf8, 0xf8, 0xf8, 0xf8, 0x08, 0x08, 0x18, 0xf0, 0x00, 
	0x1c, 0x1f, 0x1f, 0x0f, 0x0f, 0x0f, 0x0f, 0x1f, 0x1f, 0x0f, 0x0f, 0x08, 0x08, 0x10, 0x1f, 0x1c
};
// 'less', 16x16px
const unsigned char fab_16x16_fa_less [] PROGMEM = {
	0x80, 0xe0, 0xe0, 0xc0, 0x80, 0x80, 0x80, 0x00, 0x80, 0x80, 0x00, 0x80, 0x80, 0x00, 0xe0, 0x80, 
	0x03, 0x0e, 0x03, 0x07, 0x03, 0x07, 0x05, 0x00, 0x05, 0x07, 0x02, 0x05, 0x07, 0x02, 0x0e, 0x03
};
// 'line', 16x16px
const unsigned char fab_16x16_fa_line [] PROGMEM = {
	0x00, 0xfc, 0xfe, 0x3e, 0x0e, 0x0e, 0x06, 0xc6, 0x86, 0x86, 0xce, 0x0e, 0x3e, 0xfe, 0xfc, 0x00, 
	0x00, 0x3f, 0x7f, 0x7e, 0x7c, 0x79, 0x78, 0x70, 0x60, 0x70, 0x79, 0x7c, 0x7e, 0x7f, 0x3f, 0x00
};
// 'linkedin', 16x16px
const unsigned char fab_16x16_fa_linkedin [] PROGMEM = {
	0x00, 0xfe, 0xfe, 0x66, 0x26, 0xfe, 0xfe, 0x3e, 0x7e, 0x3e, 0x3e, 0x3e, 0x7e, 0xfe, 0xfe, 0x00, 
	0x00, 0x7f, 0x7f, 0x60, 0x60, 0x7f, 0x7f, 0x60, 0x60, 0x7f, 0x7f, 0x60, 0x60, 0x7f, 0x7f, 0x00
};
// 'linkedin-in', 16x16px
const unsigned char fab_16x16_fa_linkedin_in [] PROGMEM = {
	0x00, 0xe7, 0xe7, 0xe7, 0x00, 0x00, 0xe0, 0xe0, 0xe0, 0x60, 0x60, 0x70, 0xf0, 0xe0, 0xc0, 0x00, 
	0x00, 0x3f, 0x3f, 0x3f, 0x00, 0x00, 0x3f, 0x3f, 0x3f, 0x00, 0x00, 0x00, 0x3f, 0x3f, 0x3f, 0x00
};
// 'linode', 16x16px
const unsigned char fab_16x16_fa_linode [] PROGMEM = {
	0x00, 0x00, 0x02, 0xc7, 0x87, 0x87, 0xc3, 0xc2, 0x00, 0x00, 0x00, 0xc0, 0xc0, 0xc0, 0x00, 0x00, 
	0x00, 0x00, 0x00, 0x00, 0x19, 0x11, 0x18, 0x08, 0x03, 0x07, 0x03, 0x02, 0x00, 0x00, 0x00, 0x00
};
// 'linux', 16x16px
const unsigned char fab_16x16_fa_linux [] PROGMEM = {
	0x00, 0x00, 0x00, 0x00, 0x80, 0xc0, 0x0e, 0x07, 0x0f, 0x1f, 0xfc, 0xc0, 0x80, 0x00, 0x00, 0x00, 
	0x00, 0x00, 0x00, 0x06, 0x07, 0x10, 0x40, 0x40, 0x40, 0x40, 0x00, 0x0f, 0x0f, 0x00, 0x00, 0x00
};
// 'lyft', 16x16px
const unsigned char fab_16x16_fa_lyft [] PROGMEM = {
	0xf8, 0xf8, 0xe0, 0xe0, 0xe0, 0x00, 0xe0, 0xe0, 0xe0, 0xf0, 0xf8, 0xdc, 0xdc, 0xf8, 0xf0, 0x60, 
	0x07, 0x07, 0x07, 0x07, 0x3f, 0x3f, 0x1f, 0x1f, 0x07, 0x07, 0x07, 0x01, 0x00, 0x03, 0x07, 0x07
};
// 'magento', 16x16px
const unsigned char fab_16x16_fa_magento [] PROGMEM = {
	0x00, 0xf0, 0xf8, 0x18, 0x0c, 0xce, 0xc6, 0x07, 0x07, 0xc6, 0xce, 0x0c, 0x18, 0xf8, 0xf0, 0x00, 
	0x00, 0x0f, 0x1f, 0x00, 0x00, 0x7f, 0x7f, 0xe0, 0xe0, 0x7f, 0x7f, 0x00, 0x00, 0x1f, 0x0f, 0x00
};
// 'mailchimp', 16x16px
const unsigned char fab_16x16_fa_mailchimp [] PROGMEM = {
	0x00, 0x00, 0x00, 0x00, 0xc0, 0xe0, 0xf0, 0x78, 0x3c, 0x3c, 0x3c, 0x3e, 0x8c, 0x00, 0x00, 0x00, 
	0x00, 0x00, 0x03, 0x01, 0x09, 0x3f, 0x3f, 0x7f, 0x60, 0x60, 0x40, 0x60, 0x20, 0x12, 0x00, 0x00
};
// 'mandalorian', 16x16px
const unsigned char fab_16x16_fa_mandalorian [] PROGMEM = {
	0x00, 0x00, 0x80, 0xc0, 0x60, 0x3a, 0x77, 0xff, 0xf7, 0x33, 0x3c, 0x70, 0xe0, 0x80, 0x00, 0x00, 
	0x00, 0x00, 0x07, 0x08, 0x00, 0x00, 0x00, 0x1f, 0x4f, 0x00, 0x00, 0x00, 0x04, 0x03, 0x00, 0x00
};
// 'markdown', 16x16px
const unsigned char fab_16x16_fa_markdown [] PROGMEM = {
	0xf0, 0xf8, 0x38, 0x38, 0x78, 0x78, 0x38, 0x38, 0xf8, 0xf8, 0xf8, 0x38, 0x38, 0xf8, 0xf8, 0xf0, 
	0x1f, 0x3f, 0x38, 0x38, 0x3e, 0x3c, 0x3e, 0x38, 0x3f, 0x3f, 0x3c, 0x38, 0x3c, 0x3f, 0x3f, 0x1f
};
// 'mastodon', 16x16px
const unsigned char fab_16x16_fa_mastodon [] PROGMEM = {
	0x00, 0xf0, 0xfc, 0xfc, 0x0e, 0xe6, 0xe6, 0x0e, 0x0e, 0xe6, 0xe6, 0x0e, 0xfc, 0xfc, 0xf0, 0x00, 
	0x00, 0x03, 0x1f, 0x3f, 0x7e, 0x6f, 0x6f, 0x4f, 0x4f, 0x6f, 0x0f, 0x0e, 0x07, 0x07, 0x00, 0x00
};
// 'maxcdn', 16x16px
const unsigned char fab_16x16_fa_maxcdn [] PROGMEM = {
	0x00, 0x8c, 0xfc, 0xfc, 0x7c, 0x1c, 0x1c, 0xfc, 0xfc, 0xfc, 0x3c, 0x1c, 0x1c, 0xfc, 0xf8, 0xf0, 
	0x38, 0x3f, 0x3f, 0x0f, 0x00, 0x00, 0x3c, 0x3f, 0x3f, 0x03, 0x00, 0x00, 0x3f, 0x3f, 0x1f, 0x01
};
// 'mdb', 16x16px
const unsigned char fab_16x16_fa_mdb [] PROGMEM = {
	0xc0, 0xe0, 0x80, 0x80, 0xe0, 0x00, 0x00, 0xe0, 0x60, 0xc0, 0x80, 0x00, 0xe0, 0xe0, 0xc0, 0x00, 
	0x07, 0x03, 0x03, 0x03, 0x03, 0x03, 0x00, 0x07, 0x06, 0x03, 0x01, 0x00, 0x07, 0x07, 0x03, 0x03
};
// 'medapps', 16x16px
const unsigned char fab_16x16_fa_medapps [] PROGMEM = {
	0x00, 0x00, 0x00, 0x78, 0x86, 0x02, 0x01, 0x81, 0xc1, 0x01, 0x02, 0x86, 0x78, 0x00, 0x00, 0x00, 
	0x00, 0x00, 0x00, 0x00, 0x01, 0x07, 0xa0, 0xa0, 0xa0, 0xa0, 0x07, 0x01, 0x00, 0x00, 0x00, 0x00
};
// 'medium', 16x16px
const unsigned char fab_16x16_fa_medium [] PROGMEM = {
	0x00, 0xfe, 0xfe, 0xfe, 0x8e, 0x0e, 0x1e, 0x7e, 0xfe, 0x3e, 0x0e, 0x0e, 0xfe, 0xfe, 0xfe, 0x00, 
	0x00, 0x7f, 0x7f, 0x7f, 0x73, 0x7f, 0x7c, 0x78, 0x7e, 0x7f, 0x70, 0x70, 0x7f, 0x7f, 0x7f, 0x00
};
// 'medium-m', 16x16px
const unsigned char fab_16x16_fa_medium_m [] PROGMEM = {
	0x00, 0x04, 0xfc, 0x7c, 0xfc, 0xf8, 0xe0, 0x80, 0x00, 0x80, 0x70, 0xfc, 0xfc, 0xfc, 0x04, 0x00, 
	0x00, 0x30, 0x3f, 0x30, 0x20, 0x07, 0x1f, 0x3f, 0x0e, 0x01, 0x20, 0x3f, 0x3f, 0x3f, 0x20, 0x00
};
// 'medrt', 16x16px
const unsigned char fab_16x16_fa_medrt [] PROGMEM = {
	0xc0, 0xf0, 0xf8, 0x7c, 0x1c, 0x06, 0x82, 0xca, 0x98, 0x18, 0x30, 0xf0, 0xe0, 0x00, 0x80, 0xc0, 
	0x07, 0x1f, 0x3f, 0x7c, 0x70, 0xc1, 0x93, 0xb7, 0x33, 0x71, 0x70, 0x70, 0x39, 0x3c, 0x1f, 0x07
};
// 'meetup', 16x16px
const unsigned char fab_16x16_fa_meetup [] PROGMEM = {
	0x80, 0x00, 0xe0, 0xf0, 0x78, 0x3c, 0x1c, 0x9c, 0x1c, 0x9e, 0x1c, 0xf8, 0xf0, 0xc0, 0x10, 0x00, 
	0x00, 0x02, 0x0f, 0x1f, 0x38, 0x78, 0x7e, 0x7c, 0x7e, 0x78, 0x32, 0x1f, 0x5f, 0x0f, 0x00, 0x00
};
// 'megaport', 16x16px
const unsigned char fab_16x16_fa_megaport [] PROGMEM = {
	0xe0, 0xf8, 0xfc, 0xfc, 0xfe, 0x3e, 0x1f, 0xc3, 0xc3, 0x1f, 0x3e, 0xfe, 0xfc, 0xfc, 0xf8, 0xe0, 
	0x07, 0x1f, 0x3f, 0x23, 0x61, 0x78, 0xf8, 0xe1, 0xe1, 0xf8, 0x78, 0x61, 0x23, 0x3f, 0x1f, 0x07
};
// 'mendeley', 16x16px
const unsigned char fab_16x16_fa_mendeley [] PROGMEM = {
	0x00, 0x00, 0x40, 0xf0, 0xf0, 0xf0, 0xe0, 0x40, 0x40, 0xe0, 0xf0, 0xf0, 0xf0, 0x40, 0x00, 0x00, 
	0x1c, 0x1c, 0x1e, 0x01, 0x01, 0x01, 0x09, 0x1c, 0x1c, 0x0c, 0x01, 0x01, 0x01, 0x1e, 0x1c, 0x1c
};
// 'microblog', 16x16px
const unsigned char fab_16x16_fa_microblog [] PROGMEM = {
	0x00, 0xe0, 0xf8, 0xf8, 0xfc, 0xbe, 0x3e, 0x1e, 0x1e, 0x3e, 0xbe, 0xfc, 0xf8, 0xf8, 0xe0, 0x00, 
	0x00, 0x03, 0x07, 0x0f, 0x1f, 0x1f, 0x3c, 0x3e, 0x3e, 0x3c, 0x3f, 0x3f, 0x7f, 0x07, 0x03, 0x00
};
// 'microsoft', 16x16px
const unsigned char fab_16x16_fa_microsoft [] PROGMEM = {
	0x00, 0xfe, 0xfe, 0xfe, 0xfe, 0xfe, 0xfe, 0x7e, 0x7e, 0xfe, 0xfe, 0xfe, 0xfe, 0xfe, 0xfe, 0x00, 
	0x00, 0x7f, 0x7f, 0x7f, 0x7f, 0x7f, 0x7f, 0x7e, 0x7e, 0x7f, 0x7f, 0x7f, 0x7f, 0x7f, 0x7f, 0x00
};
// 'mix', 16x16px
const unsigned char fab_16x16_fa_mix [] PROGMEM = {
	0x00, 0xfc, 0xfc, 0xfc, 0x1c, 0x0c, 0xfc, 0xfc, 0xfc, 0xfc, 0x3c, 0x3c, 0xfc, 0xfc, 0xfc, 0x00, 
	0x00, 0x3f, 0x3f, 0x3f, 0x00, 0x00, 0x07, 0x0f, 0x0f, 0x07, 0x00, 0x00, 0x01, 0x03, 0x01, 0x00
};
// 'mixcloud', 16x16px
const unsigned char fab_16x16_fa_mixcloud [] PROGMEM = {
	0x00, 0x80, 0xc0, 0xe0, 0xb0, 0x10, 0x10, 0x10, 0x30, 0xe0, 0x80, 0x00, 0x00, 0x00, 0x80, 0x80, 
	0x07, 0x0c, 0x08, 0x08, 0x08, 0x08, 0x08, 0x08, 0x08, 0x09, 0x09, 0x0f, 0x06, 0x0f, 0x18, 0x0f
};
// 'mixer', 16x16px
const unsigned char fab_16x16_fa_mixer [] PROGMEM = {
	0x00, 0x0c, 0x3c, 0x7c, 0xf0, 0xe0, 0xc0, 0x00, 0x00, 0xc0, 0xe0, 0xf0, 0x7c, 0x3c, 0x0c, 0x00, 
	0x00, 0x30, 0x3c, 0x3e, 0x0f, 0x07, 0x03, 0x00, 0x00, 0x03, 0x07, 0x0f, 0x3e, 0x3c, 0x30, 0x00
};
// 'mizuni', 16x16px
const unsigned char fab_16x16_fa_mizuni [] PROGMEM = {
	0xe0, 0xf8, 0xfc, 0x04, 0x06, 0xfe, 0xff, 0x07, 0x07, 0xff, 0xfe, 0x06, 0x04, 0xfc, 0xf8, 0xe0, 
	0x07, 0x1f, 0x3f, 0x30, 0x70, 0x7f, 0xff, 0xf8, 0xf8, 0xff, 0x7f, 0x70, 0x30, 0x3f, 0x1f, 0x07
};
// 'modx', 16x16px
const unsigned char fab_16x16_fa_modx [] PROGMEM = {
	0x00, 0x00, 0x00, 0xfe, 0xfc, 0xf8, 0xf8, 0xf8, 0xfc, 0xfc, 0xfc, 0x7c, 0x3c, 0x0c, 0x00, 0x00, 
	0x00, 0x00, 0x30, 0x3c, 0x3f, 0x3f, 0x3f, 0x3f, 0x1f, 0x1f, 0x1f, 0x3f, 0x7f, 0x00, 0x00, 0x00
};
// 'monero', 16x16px
const unsigned char fab_16x16_fa_monero [] PROGMEM = {
	0xe0, 0xf8, 0xfc, 0x1c, 0x3e, 0x7e, 0xff, 0xff, 0xff, 0xff, 0x7e, 0x3e, 0x1c, 0xfc, 0xf8, 0xe0, 
	0x03, 0x07, 0x33, 0x30, 0x70, 0x7e, 0xfc, 0xf9, 0xf8, 0xfc, 0x7e, 0x70, 0x30, 0x33, 0x07, 0x03
};
// 'napster', 16x16px
const unsigned char fab_16x16_fa_napster [] PROGMEM = {
	0xc0, 0xf8, 0xf8, 0x18, 0x1c, 0x16, 0x1a, 0x1a, 0x1a, 0x1a, 0x16, 0x1c, 0x18, 0xf8, 0xf8, 0xc0, 
	0x01, 0x07, 0x1f, 0x30, 0x62, 0x46, 0xc6, 0xf0, 0xf0, 0xc6, 0x46, 0x62, 0x30, 0x1f, 0x07, 0x01
};
// 'neos', 16x16px
const unsigned char fab_16x16_fa_neos [] PROGMEM = {
	0x00, 0x00, 0x01, 0x00, 0x00, 0x00, 0x00, 0x00, 0x00, 0x20, 0x00, 0x00, 0x00, 0x00, 0x00, 0x00, 
	0x00, 0x80, 0x00, 0x00, 0x00, 0x00, 0x08, 0x00, 0x00, 0x00, 0x00, 0x00, 0x00, 0x00, 0x40, 0x00
};
// 'nimblr', 16x16px
const unsigned char fab_16x16_fa_nimblr [] PROGMEM = {
	0x00, 0x00, 0xf8, 0xe0, 0xc0, 0x40, 0x60, 0x20, 0x20, 0x60, 0x40, 0xc0, 0x80, 0x00, 0x00, 0x00, 
	0x00, 0x00, 0x0f, 0x3f, 0x60, 0xc0, 0xc6, 0x80, 0x80, 0xc6, 0x40, 0x60, 0x3f, 0x0e, 0x00, 0x00
};
// 'node', 16x16px
const unsigned char fab_16x16_fa_node [] PROGMEM = {
	0xc0, 0x40, 0xc0, 0x80, 0x80, 0xc0, 0xc0, 0x80, 0x80, 0xc0, 0xc0, 0xf0, 0x00, 0xc0, 0xc0, 0xc0, 
	0x01, 0x00, 0x01, 0x00, 0x01, 0x03, 0x03, 0x01, 0x09, 0x03, 0x03, 0x01, 0x00, 0x01, 0x03, 0x00
};
// 'node-js', 16x16px
const unsigned char fab_16x16_fa_node_js [] PROGMEM = {
	0x00, 0xf0, 0x08, 0x0c, 0x04, 0xe6, 0x02, 0xc1, 0xa1, 0xa2, 0x26, 0x64, 0x0c, 0x08, 0xf0, 0x00, 
	0x00, 0x0f, 0x10, 0x10, 0x30, 0x1f, 0x42, 0x86, 0x84, 0x45, 0x65, 0x27, 0x32, 0x10, 0x0f, 0x00
};
// 'npm', 16x16px
const unsigned char fab_16x16_fa_npm [] PROGMEM = {
	0xe0, 0x20, 0x20, 0x20, 0xe0, 0x60, 0x20, 0xa0, 0x20, 0xe0, 0x20, 0x20, 0x20, 0x20, 0x20, 0xe0, 
	0x07, 0x04, 0x06, 0x07, 0x07, 0x0c, 0x08, 0x05, 0x04, 0x07, 0x04, 0x06, 0x06, 0x07, 0x06, 0x07
};
// 'ns8', 16x16px
const unsigned char fab_16x16_fa_ns8 [] PROGMEM = {
	0x00, 0x40, 0x20, 0xa0, 0xc0, 0x00, 0x00, 0x00, 0x80, 0x80, 0x80, 0x80, 0x00, 0x00, 0x80, 0x80, 
	0x06, 0x07, 0x0c, 0x0a, 0x04, 0x03, 0x00, 0x00, 0x01, 0x03, 0x00, 0x02, 0x03, 0x01, 0x03, 0x03
};
// 'nutritionix', 16x16px
const unsigned char fab_16x16_fa_nutritionix [] PROGMEM = {
	0x00, 0x00, 0x80, 0xc0, 0x20, 0x27, 0x0f, 0x1e, 0x14, 0x18, 0x1c, 0x24, 0x20, 0xc0, 0x80, 0x00, 
	0x00, 0x00, 0x1f, 0x7f, 0x55, 0x55, 0xff, 0xc1, 0xff, 0xc1, 0xff, 0x55, 0x55, 0x7f, 0x1f, 0x00
};
// 'octopus-deploy', 16x16px
const unsigned char fab_16x16_fa_octopus_deploy [] PROGMEM = {
	0x00, 0x00, 0x00, 0xf8, 0xfc, 0xfe, 0xff, 0xff, 0xff, 0xff, 0xff, 0xfe, 0xfc, 0xf8, 0x00, 0x00, 
	0x00, 0x10, 0x18, 0x1d, 0xff, 0x7f, 0x3f, 0x0f, 0x1f, 0xff, 0xff, 0x0f, 0x1f, 0x3c, 0x38, 0x00
};
// 'odnoklassniki', 16x16px
const unsigned char fab_16x16_fa_odnoklassniki [] PROGMEM = {
	0x00, 0x00, 0x00, 0x00, 0x3c, 0x7e, 0xe7, 0xc3, 0xc3, 0xe7, 0x7e, 0x3c, 0x00, 0x00, 0x00, 0x00, 
	0x00, 0x00, 0x00, 0x03, 0xc3, 0xe6, 0x76, 0x3e, 0x3e, 0x76, 0xe6, 0xc7, 0x03, 0x00, 0x00, 0x00
};
// 'odnoklassniki-square', 16x16px
const unsigned char fab_16x16_fa_odnoklassniki_square [] PROGMEM = {
	0x00, 0xfe, 0xfe, 0xfe, 0xfe, 0xfe, 0x8e, 0x76, 0x76, 0x8e, 0xfe, 0xfe, 0xfe, 0xfe, 0xfe, 0x00, 
	0x00, 0x7f, 0x7f, 0x7f, 0x7f, 0x7e, 0x64, 0x71, 0x71, 0x64, 0x7e, 0x7f, 0x7f, 0x7f, 0x7f, 0x00
};
// 'old-republic', 16x16px
const unsigned char fab_16x16_fa_old_republic [] PROGMEM = {
	0xe0, 0xb0, 0xcc, 0xf4, 0xc2, 0x82, 0x21, 0x41, 0x01, 0x01, 0x02, 0xc2, 0xf4, 0xec, 0x90, 0xe0, 
	0x07, 0x19, 0x37, 0x3f, 0x5f, 0xff, 0xf0, 0xf8, 0xf0, 0xf0, 0xff, 0x5f, 0x3f, 0x37, 0x19, 0x07
};
// 'opencart', 16x16px
const unsigned char fab_16x16_fa_opencart [] PROGMEM = {
	0x00, 0x10, 0x10, 0x20, 0x20, 0x20, 0x20, 0x20, 0x20, 0x20, 0x20, 0x20, 0x20, 0x60, 0xe0, 0x40, 
	0x00, 0x00, 0x00, 0x30, 0x30, 0x00, 0x00, 0x00, 0x20, 0x30, 0x00, 0x00, 0x00, 0x01, 0x00, 0x00
};
// 'openid', 16x16px
const unsigned char fab_16x16_fa_openid [] PROGMEM = {
	0x00, 0x00, 0x80, 0xc0, 0xc0, 0x40, 0x40, 0xf8, 0xfc, 0xfc, 0x40, 0xc0, 0xc0, 0xc0, 0xc0, 0x00, 
	0x00, 0x0f, 0x1f, 0x19, 0x30, 0x20, 0x20, 0x3f, 0x3f, 0x1f, 0x00, 0x00, 0x01, 0x01, 0x01, 0x00
};
// 'opera', 16x16px
const unsigned char fab_16x16_fa_opera [] PROGMEM = {
	0xe0, 0xf8, 0xfc, 0xfe, 0x1e, 0x07, 0x03, 0x03, 0x01, 0x01, 0x07, 0x0e, 0xfe, 0xfc, 0xf8, 0xe0, 
	0x07, 0x0f, 0x1f, 0x3f, 0x78, 0x70, 0x60, 0xc0, 0xc0, 0x40, 0x70, 0x38, 0x3f, 0x1f, 0x0f, 0x07
};
// 'optin-monster', 16x16px
const unsigned char fab_16x16_fa_optin_monster [] PROGMEM = {
	0x00, 0x00, 0xa0, 0xf0, 0xf0, 0xf8, 0xc8, 0xc4, 0xe2, 0xcc, 0xf8, 0xf0, 0xe0, 0x80, 0x00, 0x00, 
	0x30, 0x3a, 0x3f, 0x23, 0x21, 0x00, 0x00, 0x00, 0x00, 0x00, 0x00, 0x21, 0x23, 0x3f, 0x3a, 0x30
};
// 'orcid', 16x16px
const unsigned char fab_16x16_fa_orcid [] PROGMEM = {
	0xc0, 0xf0, 0xf8, 0xfc, 0xfe, 0xfe, 0xff, 0x1f, 0xdf, 0xdf, 0xde, 0xbe, 0x7c, 0xf8, 0xf0, 0xc0, 
	0x03, 0x0f, 0x1f, 0x3f, 0x7f, 0x7f, 0xff, 0xf8, 0xf7, 0xff, 0x7b, 0x7b, 0x3c, 0x1f, 0x0f, 0x03
};
// 'osi', 16x16px
const unsigned char fab_16x16_fa_osi [] PROGMEM = {
	0xc0, 0x10, 0x08, 0x04, 0x02, 0x82, 0x40, 0x21, 0x21, 0x40, 0x82, 0x02, 0x04, 0x08, 0x10, 0xc0, 
	0x03, 0x08, 0x20, 0x00, 0x40, 0x43, 0x1c, 0x00, 0x00, 0x1c, 0x43, 0x40, 0x00, 0x20, 0x08, 0x03
};
// 'page4', 16x16px
const unsigned char fab_16x16_fa_page4 [] PROGMEM = {
	0xe0, 0xf8, 0xfc, 0xfc, 0xfe, 0x7e, 0x9f, 0xef, 0x07, 0x01, 0x00, 0xfe, 0xfc, 0xfc, 0xf0, 0xe0, 
	0x07, 0x0f, 0x37, 0x31, 0x76, 0x77, 0xf7, 0xf7, 0x00, 0x00, 0x00, 0x77, 0x32, 0x37, 0x07, 0x07
};
// 'pagelines', 16x16px
const unsigned char fab_16x16_fa_pagelines [] PROGMEM = {
	0x00, 0x00, 0x00, 0x00, 0x60, 0x70, 0xe0, 0xee, 0xfe, 0xfc, 0xe0, 0xe0, 0x70, 0x20, 0x00, 0x00, 
	0x00, 0x00, 0x82, 0x87, 0x4f, 0x4f, 0x2e, 0x1c, 0x0f, 0x0c, 0x0e, 0x0e, 0x0e, 0x06, 0x00, 0x00
};
// 'palfed', 16x16px
const unsigned char fab_16x16_fa_palfed [] PROGMEM = {
	0x60, 0x60, 0xf0, 0xf8, 0x78, 0x38, 0x9c, 0x0c, 0xec, 0xec, 0x48, 0x18, 0xf8, 0xf0, 0x60, 0x60, 
	0x00, 0x00, 0x07, 0x3f, 0x3e, 0x3e, 0x3f, 0x20, 0x3d, 0x3c, 0x3e, 0x3f, 0x3f, 0x07, 0x00, 0x00
};
// 'patreon', 16x16px
const unsigned char fab_16x16_fa_patreon [] PROGMEM = {
	0xff, 0xff, 0xff, 0x00, 0x40, 0xf8, 0xfc, 0xfe, 0xfe, 0xff, 0xff, 0xff, 0xfe, 0xfe, 0xfc, 0xf0, 
	0xff, 0xff, 0xff, 0x00, 0x00, 0x01, 0x03, 0x07, 0x0f, 0x0f, 0x0f, 0x0f, 0x07, 0x07, 0x03, 0x01
};
// 'paypal', 16x16px
const unsigned char fab_16x16_fa_paypal [] PROGMEM = {
	0x00, 0x00, 0x00, 0xf8, 0xfe, 0xfe, 0xfe, 0xfe, 0xfe, 0xfe, 0xfe, 0xfc, 0xf8, 0xe0, 0x00, 0x00, 
	0x00, 0x00, 0x3e, 0x3f, 0x1f, 0x7f, 0x7f, 0x7f, 0x0f, 0x07, 0x07, 0x07, 0x03, 0x01, 0x00, 0x00
};
// 'penny-arcade', 16x16px
const unsigned char fab_16x16_fa_penny_arcade [] PROGMEM = {
	0x80, 0xc0, 0x40, 0x60, 0x60, 0x20, 0x20, 0x60, 0xe0, 0x10, 0x10, 0x10, 0x20, 0x80, 0x80, 0x00, 
	0x01, 0x03, 0x1e, 0x10, 0x10, 0x0d, 0x0e, 0x0e, 0x08, 0x0c, 0x0e, 0x0e, 0x0c, 0x0e, 0x07, 0x07
};
// 'perbyte', 16x16px
const unsigned char fab_16x16_fa_perbyte [] PROGMEM = {
	0x00, 0xfc, 0x02, 0x00, 0x70, 0x70, 0x70, 0x00, 0x00, 0x70, 0x70, 0x70, 0x00, 0x02, 0xfc, 0x00, 
	0x00, 0x3f, 0x40, 0x00, 0x00, 0x00, 0x00, 0x00, 0x00, 0x0e, 0x0e, 0x0e, 0x00, 0x40, 0x3f, 0x00
};
// 'periscope', 16x16px
const unsigned char fab_16x16_fa_periscope [] PROGMEM = {
	0x00, 0x00, 0x00, 0x04, 0x42, 0xe0, 0xc1, 0xe1, 0xf9, 0xf9, 0xf1, 0x42, 0x04, 0x08, 0x00, 0x00, 
	0x00, 0x00, 0x02, 0x08, 0x10, 0x01, 0x03, 0x83, 0x83, 0x03, 0x01, 0x10, 0x08, 0x02, 0x00, 0x00
};
// 'phabricator', 16x16px
const unsigned char fab_16x16_fa_phabricator [] PROGMEM = {
	0x80, 0xc0, 0xe0, 0x30, 0x18, 0xcc, 0xcc, 0x64, 0x64, 0xcc, 0x8c, 0x18, 0x30, 0xe0, 0xc0, 0x80, 
	0x01, 0x03, 0x07, 0x0c, 0x18, 0x31, 0x33, 0x26, 0x26, 0x33, 0x31, 0x18, 0x0c, 0x07, 0x03, 0x01
};
// 'phoenix-framework', 16x16px
const unsigned char fab_16x16_fa_phoenix_framework [] PROGMEM = {
	0x00, 0x18, 0xf8, 0xf8, 0xf8, 0xf0, 0x60, 0x60, 0xe0, 0x40, 0x40, 0x40, 0x40, 0x00, 0x00, 0x00, 
	0x00, 0x00, 0x01, 0x03, 0x0c, 0x08, 0x19, 0x02, 0x06, 0x06, 0x00, 0x05, 0x02, 0x00, 0x00, 0x00
};
// 'phoenix-squadron', 16x16px
const unsigned char fab_16x16_fa_phoenix_squadron [] PROGMEM = {
	0xe0, 0xf8, 0xfc, 0xfc, 0xbe, 0x0e, 0x07, 0xc1, 0xe0, 0x70, 0x30, 0x18, 0x08, 0x00, 0x00, 0x80, 
	0x07, 0x1f, 0x3f, 0x3f, 0x7f, 0x7f, 0xff, 0xff, 0xfd, 0xf8, 0x78, 0x78, 0x3c, 0x3f, 0x0f, 0x07
};
// 'php', 16x16px
const unsigned char fab_16x16_fa_php [] PROGMEM = {
	0x00, 0x00, 0x00, 0x80, 0x00, 0x80, 0x80, 0xc0, 0x80, 0x80, 0x80, 0x00, 0x80, 0x80, 0x00, 0x00, 
	0x00, 0x00, 0x04, 0x03, 0x02, 0x01, 0x03, 0x00, 0x00, 0x03, 0x07, 0x02, 0x03, 0x00, 0x00, 0x00
};
// 'pied-piper', 16x16px
const unsigned char fab_16x16_fa_pied_piper [] PROGMEM = {
	0x00, 0x00, 0xc0, 0x30, 0x18, 0x08, 0x04, 0x04, 0xc4, 0xe4, 0xfc, 0x38, 0x1c, 0x36, 0xc2, 0x00, 
	0x00, 0x00, 0x07, 0x18, 0x30, 0x38, 0x5e, 0x4f, 0x47, 0x47, 0x41, 0x20, 0x30, 0x18, 0x07, 0x00
};
// 'pied-piper-alt', 16x16px
const unsigned char fab_16x16_fa_pied_piper_alt [] PROGMEM = {
	0x00, 0x00, 0x00, 0x00, 0x00, 0x00, 0x00, 0xc0, 0xe0, 0xe0, 0x00, 0x00, 0x00, 0x00, 0x00, 0x00, 
	0x00, 0x02, 0x00, 0x00, 0x01, 0x03, 0x05, 0x04, 0x4f, 0x7f, 0x6e, 0x06, 0x3c, 0x78, 0x30, 0x00
};
// 'pied-piper-hat', 16x16px
const unsigned char fab_16x16_fa_pied_piper_hat [] PROGMEM = {
	0x00, 0x00, 0x00, 0x00, 0x00, 0x00, 0x00, 0x00, 0x00, 0x00, 0x00, 0x80, 0xc0, 0x20, 0x00, 0x00, 
	0x00, 0x20, 0x20, 0x38, 0x3c, 0x3e, 0x3e, 0x3f, 0x3f, 0x3e, 0x38, 0x09, 0x00, 0x00, 0x00, 0x00
};
// 'pied-piper-pp', 16x16px
const unsigned char fab_16x16_fa_pied_piper_pp [] PROGMEM = {
	0x00, 0xfe, 0xfe, 0xfe, 0x0e, 0x06, 0x76, 0x06, 0x0e, 0x3e, 0x7e, 0xfe, 0xfe, 0xfe, 0xfe, 0x00, 
	0x00, 0x7f, 0x7f, 0x7f, 0x7e, 0x7e, 0x7f, 0x60, 0x71, 0x7b, 0x78, 0x7c, 0x7f, 0x7f, 0x7f, 0x00
};
// 'pied-piper-square', 16x16px
const unsigned char fab_16x16_fa_pied_piper_square [] PROGMEM = {
	0x00, 0xf8, 0xfc, 0xfe, 0xfe, 0xfe, 0x7e, 0x3e, 0x1e, 0xce, 0xf6, 0xfe, 0xfe, 0xfe, 0xfe, 0x00, 
	0x00, 0x7f, 0x4f, 0x67, 0x61, 0x70, 0x78, 0x7c, 0x7f, 0x7f, 0x7f, 0x7f, 0x7f, 0x3f, 0x1f, 0x00
};
// 'pinterest', 16x16px
const unsigned char fab_16x16_fa_pinterest [] PROGMEM = {
	0xe0, 0xf8, 0xfc, 0x3c, 0x8e, 0xee, 0x67, 0x27, 0xe7, 0xe7, 0xce, 0x0e, 0x1c, 0xfc, 0xf8, 0xe0, 
	0x07, 0x1f, 0x3f, 0x3c, 0x7d, 0x07, 0xc0, 0xf0, 0xf7, 0xf7, 0x73, 0x78, 0x3c, 0x3f, 0x1f, 0x07
};
// 'pinterest-p', 16x16px
const unsigned char fab_16x16_fa_pinterest_p [] PROGMEM = {
	0x00, 0x00, 0xf8, 0xfc, 0x0e, 0x66, 0xf3, 0xf3, 0x03, 0x03, 0x03, 0x8e, 0xfc, 0xf8, 0x00, 0x00, 
	0x00, 0x00, 0x00, 0x01, 0x60, 0x7f, 0x1f, 0x07, 0x04, 0x04, 0x06, 0x07, 0x03, 0x00, 0x00, 0x00
};
// 'pinterest-square', 16x16px
const unsigned char fab_16x16_fa_pinterest_square [] PROGMEM = {
	0x00, 0xfe, 0xfe, 0x3e, 0x0e, 0xee, 0x26, 0x36, 0xf6, 0xe6, 0xee, 0x0e, 0x3e, 0xfe, 0xfe, 0x00, 
	0x00, 0x7f, 0x7f, 0x7e, 0x7c, 0x0f, 0x40, 0x70, 0x77, 0x77, 0x73, 0x78, 0x7e, 0x7f, 0x7f, 0x00
};
// 'playstation', 16x16px
const unsigned char fab_16x16_fa_playstation [] PROGMEM = {
	0x00, 0x00, 0x00, 0x00, 0x00, 0x00, 0xfc, 0xfc, 0xfc, 0x18, 0xf8, 0xf0, 0x40, 0x00, 0x00, 0x00, 
	0x08, 0x0c, 0x1c, 0x16, 0x1e, 0x02, 0x1f, 0x3f, 0x3f, 0x34, 0x17, 0x1f, 0x1a, 0x0e, 0x0c, 0x0c
};
// 'product-hunt', 16x16px
const unsigned char fab_16x16_fa_product_hunt [] PROGMEM = {
	0xc0, 0xf0, 0xf8, 0xfc, 0xfe, 0x0e, 0x0f, 0xcf, 0xcf, 0xcf, 0x1e, 0x3e, 0xfc, 0xf8, 0xf0, 0xc0, 
	0x03, 0x0f, 0x1f, 0x3f, 0x7f, 0x70, 0xf0, 0xfc, 0xfc, 0xfe, 0x7e, 0x7f, 0x3f, 0x1f, 0x0f, 0x03
};
// 'pushed', 16x16px
const unsigned char fab_16x16_fa_pushed [] PROGMEM = {
	0x00, 0x18, 0xf4, 0xc4, 0x04, 0x04, 0x04, 0x08, 0x8a, 0x6a, 0x0e, 0x88, 0x48, 0x28, 0x10, 0x00, 
	0x00, 0x00, 0x00, 0x06, 0x31, 0x42, 0x1c, 0x0c, 0x07, 0x02, 0x01, 0x00, 0x00, 0x00, 0x00, 0x00
};
// 'python', 16x16px
const unsigned char fab_16x16_fa_python [] PROGMEM = {
	0x00, 0xc0, 0xe0, 0xe0, 0xf0, 0xfe, 0xfe, 0xfe, 0xfe, 0xfe, 0xfc, 0xe0, 0xe0, 0xe0, 0xe0, 0x00, 
	0x00, 0x03, 0x07, 0x07, 0x07, 0x3f, 0x7f, 0x7f, 0x7f, 0x7f, 0x3f, 0x0f, 0x07, 0x07, 0x03, 0x00
};
// 'qq', 16x16px
const unsigned char fab_16x16_fa_qq [] PROGMEM = {
	0x00, 0x00, 0x00, 0xf8, 0xfe, 0xfe, 0xff, 0xff, 0xff, 0xff, 0xfe, 0xfe, 0xf8, 0x00, 0x00, 0x00, 
	0x00, 0x18, 0x0f, 0xbf, 0xff, 0xff, 0xff, 0xff, 0xff, 0xff, 0xff, 0xff, 0xbf, 0x0f, 0x18, 0x00
};
// 'quinscape', 16x16px
const unsigned char fab_16x16_fa_quinscape [] PROGMEM = {
	0xc0, 0xf0, 0xf8, 0xfc, 0xfe, 0x7e, 0x3f, 0x3f, 0x1f, 0x1f, 0x1e, 0x1e, 0x3c, 0x78, 0xf0, 0xc0, 
	0x03, 0x0f, 0x1f, 0x3f, 0x7f, 0x70, 0x40, 0xc0, 0x80, 0x78, 0x7c, 0xfc, 0xfc, 0xfc, 0x7d, 0x03
};
// 'quora', 16x16px
const unsigned char fab_16x16_fa_quora [] PROGMEM = {
	0x00, 0xe0, 0xf8, 0xfc, 0x0c, 0x06, 0x02, 0x02, 0x02, 0x06, 0x1c, 0xf8, 0xf0, 0xc0, 0x00, 0x00, 
	0x00, 0x01, 0x07, 0x0f, 0x1c, 0x18, 0x12, 0x16, 0x1e, 0x3e, 0x7e, 0x7f, 0x67, 0x60, 0x30, 0x00
};
// 'raspberry-pi', 16x16px
const unsigned char fab_16x16_fa_raspberry_pi [] PROGMEM = {
	0x00, 0x00, 0x00, 0xc1, 0x91, 0x41, 0x71, 0x58, 0xde, 0x18, 0x71, 0x41, 0x91, 0xc1, 0x00, 0x00, 
	0x00, 0x00, 0x07, 0x1c, 0x07, 0x4c, 0x7c, 0xa0, 0x23, 0xa2, 0x7c, 0x44, 0x06, 0x1c, 0x07, 0x00
};
// 'ravelry', 16x16px
const unsigned char fab_16x16_fa_ravelry [] PROGMEM = {
	0x80, 0xf0, 0xf8, 0xfc, 0xfc, 0xfe, 0x3e, 0x1f, 0x3f, 0x9e, 0xbe, 0xfe, 0xfc, 0xf8, 0xf0, 0xc0, 
	0x03, 0x0f, 0x1f, 0x3f, 0x7f, 0x7f, 0x78, 0xf8, 0xf8, 0x7f, 0x7f, 0x7f, 0x3f, 0x1f, 0x0f, 0x03
};
// 'react', 16x16px
const unsigned char fab_16x16_fa_react [] PROGMEM = {
	0x80, 0x40, 0x00, 0x3c, 0xe2, 0x62, 0x30, 0x9c, 0x9c, 0x30, 0x62, 0xe2, 0x3c, 0x00, 0x40, 0x80, 
	0x01, 0x02, 0x00, 0x3c, 0x47, 0x46, 0x0c, 0x39, 0x39, 0x0c, 0x46, 0x47, 0x3c, 0x00, 0x02, 0x01
};
// 'reacteurope', 16x16px
const unsigned char fab_16x16_fa_reacteurope [] PROGMEM = {
	0x00, 0x00, 0x80, 0x20, 0x00, 0x00, 0x00, 0x00, 0x00, 0x00, 0x00, 0x00, 0x20, 0x00, 0x00, 0x00, 
	0x00, 0x00, 0x00, 0x04, 0x01, 0x01, 0x00, 0x00, 0x00, 0x00, 0x00, 0x00, 0x04, 0x00, 0x00, 0x00
};
// 'readme', 16x16px
const unsigned char fab_16x16_fa_readme [] PROGMEM = {
	0xf8, 0xfc, 0xfc, 0x7c, 0x7c, 0x7c, 0xf8, 0xf8, 0xf8, 0xf8, 0x7c, 0x7c, 0x7c, 0xfc, 0xfc, 0xf8, 
	0x07, 0x0f, 0x0f, 0x0d, 0x0d, 0x0d, 0x0f, 0x1f, 0x1f, 0x0f, 0x0d, 0x0d, 0x0d, 0x0f, 0x0f, 0x07
};
// 'rebel', 16x16px
const unsigned char fab_16x16_fa_rebel [] PROGMEM = {
	0xc0, 0xf0, 0x98, 0x00, 0x00, 0x08, 0x18, 0xfe, 0xfe, 0x18, 0x08, 0x00, 0x00, 0xd8, 0xf0, 0xc0, 
	0x03, 0x0f, 0x1f, 0x3f, 0x7e, 0x7e, 0xfe, 0xff, 0xff, 0xfe, 0x7e, 0x7e, 0x3f, 0x3f, 0x0f, 0x03
};
// 'reddit', 16x16px
const unsigned char fab_16x16_fa_reddit [] PROGMEM = {
	0xc0, 0xf0, 0xf8, 0x7c, 0x7e, 0x7e, 0x3f, 0x3f, 0x3f, 0x3f, 0x7e, 0x6e, 0x7c, 0xf8, 0xf0, 0xc0, 
	0x03, 0x0f, 0x1f, 0x3f, 0x78, 0x78, 0xf1, 0xf0, 0xf0, 0xf1, 0x78, 0x78, 0x3f, 0x1f, 0x0f, 0x03
};
// 'reddit-alien', 16x16px
const unsigned char fab_16x16_fa_reddit_alien [] PROGMEM = {
	0x00, 0x80, 0xc0, 0x80, 0xc0, 0xc0, 0xc0, 0xe0, 0xec, 0xc2, 0xc0, 0xc0, 0x86, 0xc6, 0x80, 0x00, 
	0x00, 0x07, 0x1f, 0x3f, 0x3d, 0x79, 0x7f, 0x7f, 0x7f, 0x7f, 0x79, 0x3d, 0x3f, 0x1f, 0x07, 0x00
};
// 'reddit-square', 16x16px
const unsigned char fab_16x16_fa_reddit_square [] PROGMEM = {
	0x00, 0xfe, 0xfe, 0x7e, 0x7e, 0x7e, 0x7e, 0x3e, 0x3e, 0x7e, 0x7e, 0x66, 0x7e, 0xfe, 0xfe, 0x00, 
	0x00, 0x7f, 0x7f, 0x7e, 0x78, 0x70, 0x63, 0x60, 0x60, 0x63, 0x70, 0x78, 0x7e, 0x7f, 0x7f, 0x00
};
// 'redhat', 16x16px
const unsigned char fab_16x16_fa_redhat [] PROGMEM = {
	0x80, 0xc0, 0xc0, 0x00, 0x78, 0xfc, 0xfc, 0xfc, 0xfc, 0xfc, 0xf8, 0xf8, 0xf0, 0x00, 0x00, 0x00, 
	0x03, 0x07, 0x07, 0x0f, 0x0e, 0x1e, 0x1c, 0x3c, 0x3d, 0x39, 0x39, 0x39, 0x3d, 0x3e, 0x1e, 0x1e
};
// 'red-river', 16x16px
const unsigned char fab_16x16_fa_red_river [] PROGMEM = {
	0x00, 0xfc, 0xfe, 0xfe, 0x0e, 0x8e, 0xce, 0x6e, 0x6e, 0x7e, 0x7e, 0x7e, 0xfe, 0xfe, 0xfc, 0x00, 
	0x00, 0x3f, 0x7f, 0x7f, 0x7e, 0x7f, 0x7f, 0x70, 0x78, 0x7e, 0x7e, 0x7f, 0x7f, 0x7f, 0x3f, 0x00
};
// 'renren', 16x16px
const unsigned char fab_16x16_fa_renren [] PROGMEM = {
	0xc0, 0xf0, 0xf8, 0xfc, 0xfe, 0xfe, 0x7e, 0x00, 0x00, 0x7e, 0xfe, 0xfe, 0xfc, 0xf8, 0xf0, 0xc0, 
	0x03, 0x0f, 0x1f, 0x0f, 0x07, 0x43, 0xe0, 0xf8, 0xf8, 0xe0, 0x43, 0x07, 0x0f, 0x1f, 0x0f, 0x03
};
// 'replyd', 16x16px
const unsigned char fab_16x16_fa_replyd [] PROGMEM = {
	0x00, 0xf8, 0xfc, 0xfe, 0xfe, 0xfe, 0xfe, 0xfe, 0xfe, 0xfe, 0xfe, 0xfe, 0xfe, 0xfc, 0xf8, 0x00, 
	0x00, 0x1f, 0x3f, 0x7f, 0x73, 0x71, 0x7f, 0x73, 0x61, 0x6a, 0x69, 0x7f, 0x6f, 0x3f, 0x1f, 0x00
};
// 'researchgate', 16x16px
const unsigned char fab_16x16_fa_researchgate [] PROGMEM = {
	0x00, 0xfe, 0xfe, 0xfe, 0xfe, 0xbe, 0xfe, 0xfe, 0xfe, 0xfe, 0xfe, 0xfe, 0xfe, 0xfe, 0xfe, 0x00, 
	0x00, 0x7f, 0x7f, 0x7f, 0x7f, 0x78, 0x7f, 0x7b, 0x7f, 0x7f, 0x7f, 0x7f, 0x7f, 0x7f, 0x7f, 0x00
};
// 'resolving', 16x16px
const unsigned char fab_16x16_fa_resolving [] PROGMEM = {
	0x20, 0x38, 0xbc, 0x9c, 0x9e, 0xde, 0xcf, 0xcf, 0xcf, 0xcf, 0x0e, 0x1e, 0xfc, 0xfc, 0xf8, 0xe0, 
	0x00, 0x00, 0x03, 0x13, 0x73, 0x73, 0xe1, 0xe1, 0xe5, 0xe5, 0x64, 0x6e, 0x2f, 0x0f, 0x0f, 0x07
};
// 'rev', 16x16px
const unsigned char fab_16x16_fa_rev [] PROGMEM = {
	0x00, 0x00, 0xe0, 0x70, 0x18, 0x08, 0x8c, 0x8c, 0x8c, 0x8c, 0x00, 0x10, 0x70, 0xe0, 0x00, 0x00, 
	0x00, 0x00, 0x0f, 0x1c, 0x30, 0x60, 0x63, 0x67, 0x67, 0x63, 0x60, 0x70, 0x7c, 0x7f, 0x3f, 0x00
};
// 'rocketchat', 16x16px
const unsigned char fab_16x16_fa_rocketchat [] PROGMEM = {
	0xc2, 0xfe, 0x3e, 0x1e, 0x9e, 0x0c, 0x0c, 0x8c, 0x8c, 0x08, 0x88, 0x98, 0x18, 0x30, 0xe0, 0xc0, 
	0x43, 0x7f, 0x7c, 0x60, 0x61, 0x31, 0x30, 0x31, 0x31, 0x30, 0x11, 0x19, 0x18, 0x0c, 0x07, 0x03
};
// 'rockrms', 16x16px
const unsigned char fab_16x16_fa_rockrms [] PROGMEM = {
	0xe0, 0xf8, 0xbc, 0x9c, 0x8e, 0xc6, 0xe3, 0xe3, 0xc7, 0x0f, 0x1e, 0x3e, 0x7c, 0xfc, 0xf8, 0xe0, 
	0x07, 0x1f, 0x3f, 0x3f, 0x7f, 0x7f, 0xfe, 0xfc, 0xf8, 0xe0, 0x60, 0x6c, 0x3c, 0x3f, 0x1f, 0x07
};
// 'r-project', 16x16px
const unsigned char fab_16x16_fa_r_project [] PROGMEM = {
	0xe0, 0xf0, 0xf8, 0x38, 0x1c, 0x1c, 0x0c, 0xec, 0xec, 0x6c, 0x6c, 0xec, 0xf8, 0xf8, 0xf0, 0xe0, 
	0x01, 0x03, 0x07, 0x0e, 0x0c, 0x0c, 0x1c, 0x3f, 0x3f, 0x1f, 0x0e, 0x1f, 0x3f, 0x3f, 0x23, 0x01
};
// 'rust', 16x16px
const unsigned char fab_16x16_fa_rust [] PROGMEM = {
	0xc0, 0xf0, 0x78, 0x3c, 0xf6, 0xf6, 0xf3, 0xb7, 0xb7, 0xf3, 0xf6, 0x66, 0x0c, 0x78, 0xf0, 0xc0, 
	0x03, 0x0f, 0x1e, 0x3e, 0x7f, 0x6f, 0xc7, 0xc5, 0xc1, 0xc7, 0x6f, 0x7f, 0x3e, 0x1f, 0x0f, 0x03
};
// 'safari', 16x16px
const unsigned char fab_16x16_fa_safari [] PROGMEM = {
	0xc0, 0xf0, 0xf8, 0xfc, 0xfe, 0xfe, 0xff, 0x7f, 0x3f, 0x1f, 0x9e, 0xfe, 0xfc, 0xf8, 0xf0, 0xc0, 
	0x03, 0x0f, 0x1f, 0x3f, 0x7f, 0x7b, 0xff, 0xff, 0xfe, 0xff, 0x7f, 0x7f, 0x3f, 0x1f, 0x0f, 0x03
};
// 'salesforce', 16x16px
const unsigned char fab_16x16_fa_salesforce [] PROGMEM = {
	0x00, 0xf0, 0xf8, 0xf8, 0xf8, 0xf8, 0xf0, 0xf8, 0xf8, 0xf8, 0xf0, 0xf0, 0xf0, 0xf0, 0xe0, 0xc0, 
	0x07, 0x0f, 0x0f, 0x1f, 0x3f, 0x3f, 0x3f, 0x3f, 0x1f, 0x1f, 0x1f, 0x0f, 0x07, 0x07, 0x07, 0x03
};
// 'sass', 16x16px
const unsigned char fab_16x16_fa_sass [] PROGMEM = {
	0xc0, 0x60, 0x10, 0x18, 0x08, 0x08, 0x8c, 0x84, 0x4c, 0x38, 0x00, 0x00, 0x00, 0x00, 0x00, 0x00, 
	0x21, 0x73, 0x6a, 0x3c, 0x0c, 0x1e, 0x1e, 0x0c, 0x00, 0x0f, 0x0e, 0x0f, 0x06, 0x00, 0x00, 0x00
};
// 'schlix', 16x16px
const unsigned char fab_16x16_fa_schlix [] PROGMEM = {
	0x00, 0x00, 0x00, 0x80, 0x20, 0x10, 0x60, 0x40, 0x18, 0x40, 0xe0, 0xd8, 0x1c, 0x08, 0x00, 0x00, 
	0x00, 0x00, 0x02, 0x04, 0x0c, 0x01, 0x38, 0x72, 0x07, 0x06, 0x00, 0x00, 0x00, 0x00, 0x00, 0x00
};
// 'scribd', 16x16px
const unsigned char fab_16x16_fa_scribd [] PROGMEM = {
	0x00, 0x00, 0x20, 0xfc, 0xec, 0xe6, 0xe2, 0x02, 0x02, 0x02, 0x86, 0x9e, 0x8c, 0x00, 0x00, 0x00, 
	0x00, 0x00, 0x10, 0x38, 0x69, 0x61, 0x40, 0x40, 0x40, 0x43, 0x47, 0x67, 0x3f, 0x1f, 0x00, 0x00
};
// 'searchengin', 16x16px
const unsigned char fab_16x16_fa_searchengin [] PROGMEM = {
	0x00, 0xf0, 0xfc, 0x0c, 0x66, 0x78, 0xe6, 0x06, 0x0c, 0xf8, 0xf0, 0x00, 0x00, 0x00, 0x00, 0x00, 
	0x00, 0x00, 0x03, 0x03, 0x06, 0x00, 0x06, 0x06, 0x03, 0x07, 0x0e, 0x38, 0x38, 0x70, 0x60, 0x00
};
// 'sellcast', 16x16px
const unsigned char fab_16x16_fa_sellcast [] PROGMEM = {
	0x00, 0xfc, 0xfe, 0xfe, 0xfe, 0x1e, 0x4e, 0xee, 0x2e, 0x6e, 0xee, 0xfe, 0xfe, 0xfe, 0xfc, 0x00, 
	0x00, 0x3f, 0x7f, 0x7f, 0x7f, 0x77, 0x76, 0x74, 0x77, 0x72, 0x78, 0x7f, 0x7f, 0x7f, 0x3f, 0x00
};
// 'sellsy', 16x16px
const unsigned char fab_16x16_fa_sellsy [] PROGMEM = {
	0x00, 0x00, 0xc0, 0xc0, 0xc0, 0xe0, 0xf0, 0xf8, 0xf8, 0xf8, 0x38, 0x78, 0xf0, 0xc0, 0x00, 0x00, 
	0x1c, 0x3f, 0x3f, 0x33, 0x31, 0x3f, 0x31, 0x3f, 0x30, 0x39, 0x30, 0x30, 0x3f, 0x3f, 0x3e, 0x1c
};
// 'servicestack', 16x16px
const unsigned char fab_16x16_fa_servicestack [] PROGMEM = {
	0x00, 0x00, 0x00, 0x00, 0x84, 0xbc, 0x78, 0x78, 0xf0, 0xe0, 0xe0, 0xc0, 0x80, 0x00, 0x00, 0x00, 
	0x00, 0x00, 0x20, 0x30, 0x3f, 0x3f, 0x3f, 0x3f, 0x3e, 0x3d, 0x3f, 0x3f, 0x3f, 0x3e, 0x3c, 0x30
};
// 'shirtsinbulk', 16x16px
const unsigned char fab_16x16_fa_shirtsinbulk [] PROGMEM = {
	0x00, 0xff, 0x09, 0x09, 0x09, 0x89, 0xc9, 0xc9, 0xc9, 0xc9, 0x09, 0x09, 0x09, 0x09, 0xff, 0x00, 
	0x00, 0x1f, 0x30, 0x20, 0x20, 0x63, 0x47, 0xce, 0xcd, 0x47, 0x63, 0x20, 0x20, 0x10, 0x1f, 0x00
};
// 'shopify', 16x16px
const unsigned char fab_16x16_fa_shopify [] PROGMEM = {
	0x00, 0x00, 0xe0, 0xf0, 0x78, 0x38, 0x98, 0x9b, 0xfe, 0xfc, 0xfc, 0xf8, 0xf8, 0xc0, 0x00, 0x00, 
	0x00, 0x38, 0x3f, 0x7f, 0x66, 0x64, 0x60, 0x71, 0x7f, 0xff, 0xff, 0xff, 0x7f, 0x7f, 0x70, 0x00
};
// 'shopware', 16x16px
const unsigned char fab_16x16_fa_shopware [] PROGMEM = {
	0xc0, 0xf0, 0xf8, 0xfc, 0x3e, 0x0e, 0x07, 0x07, 0x07, 0xc3, 0xe2, 0xe2, 0xe0, 0xc0, 0xc0, 0x80, 
	0x03, 0x0f, 0x1f, 0x3f, 0x7f, 0x7c, 0xf8, 0xf0, 0xf0, 0xe0, 0x61, 0x61, 0x03, 0x03, 0x07, 0x03
};
// 'simplybuilt', 16x16px
const unsigned char fab_16x16_fa_simplybuilt [] PROGMEM = {
	0xfc, 0xfc, 0xfc, 0x7c, 0x7c, 0x70, 0xf0, 0xf0, 0xf0, 0xf0, 0x70, 0x7c, 0x7c, 0xfc, 0xfc, 0xfc, 
	0x3f, 0x3f, 0x3f, 0x38, 0x38, 0x38, 0x3c, 0x3f, 0x3f, 0x3c, 0x38, 0x38, 0x38, 0x3f, 0x3f, 0x3f
};
// 'sistrix', 16x16px
const unsigned char fab_16x16_fa_sistrix [] PROGMEM = {
	0x00, 0xf0, 0x18, 0x04, 0x06, 0x02, 0x02, 0x06, 0x04, 0x0c, 0xf8, 0x00, 0x00, 0x00, 0x00, 0x00, 
	0x00, 0x01, 0x03, 0x06, 0x04, 0x0c, 0x0c, 0x04, 0x04, 0x07, 0x07, 0x0c, 0x18, 0x30, 0x60, 0x00
};
// 'sith', 16x16px
const unsigned char fab_16x16_fa_sith [] PROGMEM = {
	0x00, 0x00, 0x3c, 0xfc, 0x3c, 0x9c, 0xc8, 0xe8, 0xe8, 0xc8, 0x9c, 0x3c, 0xfc, 0x3c, 0x00, 0x00, 
	0x00, 0x00, 0x3c, 0x3f, 0x3c, 0x39, 0x13, 0x17, 0x17, 0x13, 0x39, 0x3c, 0x3f, 0x3c, 0x00, 0x00
};
// 'sketch', 16x16px
const unsigned char fab_16x16_fa_sketch [] PROGMEM = {
	0x00, 0xf0, 0xf8, 0xfc, 0xfe, 0xfe, 0xfe, 0xfe, 0xfe, 0xfe, 0xfe, 0xfe, 0xfc, 0xf8, 0xf0, 0x00, 
	0x00, 0x00, 0x01, 0x03, 0x07, 0x0f, 0x1f, 0x3f, 0x3f, 0x1f, 0x0f, 0x07, 0x03, 0x01, 0x00, 0x00
};
// 'skyatlas', 16x16px
const unsigned char fab_16x16_fa_skyatlas [] PROGMEM = {
	0x00, 0x80, 0x40, 0x40, 0x40, 0x40, 0x80, 0x90, 0x10, 0x10, 0x10, 0xe0, 0x80, 0x00, 0x00, 0x00, 
	0x0f, 0x1d, 0x10, 0x10, 0x10, 0x10, 0x10, 0x09, 0x02, 0x04, 0x08, 0x10, 0x11, 0x11, 0x1b, 0x0e
};
// 'skype', 16x16px
const unsigned char fab_16x16_fa_skype [] PROGMEM = {
	0x00, 0x78, 0xfc, 0xfe, 0xbe, 0x0e, 0x0c, 0x6c, 0x6c, 0x4c, 0xcc, 0xf8, 0xf8, 0xe0, 0x00, 0x00, 
	0x00, 0x00, 0x07, 0x1f, 0x1f, 0x31, 0x32, 0x36, 0x36, 0x30, 0x70, 0x7d, 0x7f, 0x3f, 0x1e, 0x00
};
// 'slack', 16x16px
const unsigned char fab_16x16_fa_slack [] PROGMEM = {
	0x00, 0x60, 0xe0, 0xe0, 0xe0, 0xee, 0xee, 0x4c, 0x7c, 0xfe, 0x7e, 0x00, 0xe0, 0xe0, 0x60, 0x00, 
	0x00, 0x06, 0x07, 0x07, 0x00, 0x7e, 0x7f, 0x3e, 0x32, 0x77, 0x77, 0x07, 0x07, 0x07, 0x06, 0x00
};
// 'slack-hash', 16x16px
const unsigned char fab_16x16_fa_slack_hash [] PROGMEM = {
	0x00, 0xc0, 0xc0, 0xf8, 0xf8, 0xe0, 0x60, 0x70, 0x3e, 0xfe, 0xf8, 0xf8, 0x18, 0x00, 0x00, 0x00, 
	0x00, 0x00, 0x00, 0x18, 0x1f, 0x1f, 0x7f, 0x7c, 0x0e, 0x06, 0x07, 0x1f, 0x1f, 0x03, 0x03, 0x00
};
// 'slideshare', 16x16px
const unsigned char fab_16x16_fa_slideshare [] PROGMEM = {
	0x80, 0xff, 0x01, 0x01, 0xe1, 0xe1, 0xe1, 0x41, 0x41, 0xe1, 0xe1, 0xe1, 0x01, 0x01, 0xff, 0x80, 
	0x01, 0x01, 0x02, 0x3e, 0x7e, 0xfe, 0xfe, 0x7e, 0x7e, 0xfe, 0xfe, 0x7e, 0x3e, 0x02, 0x01, 0x01
};
// 'snapchat', 16x16px
const unsigned char fab_16x16_fa_snapchat [] PROGMEM = {
	0xe0, 0xf8, 0xfc, 0xfc, 0x7e, 0x0e, 0x07, 0x07, 0x07, 0x07, 0x0e, 0x7e, 0xfc, 0xfc, 0xf8, 0xe0, 
	0x07, 0x1f, 0x3f, 0x3b, 0x71, 0x70, 0xf0, 0xe0, 0xe0, 0xf0, 0x70, 0x71, 0x3b, 0x3f, 0x1f, 0x07
};
// 'snapchat-ghost', 16x16px
const unsigned char fab_16x16_fa_snapchat_ghost [] PROGMEM = {
	0x00, 0x00, 0x80, 0xc0, 0xfc, 0xfe, 0xfe, 0xff, 0xff, 0xfe, 0xfe, 0xfc, 0xc0, 0x80, 0x00, 0x00, 
	0x10, 0x18, 0x3c, 0x3f, 0x3f, 0x7f, 0x7f, 0xff, 0xff, 0x7f, 0x7f, 0x3f, 0x3f, 0x3c, 0x18, 0x10
};
// 'snapchat-square', 16x16px
const unsigned char fab_16x16_fa_snapchat_square [] PROGMEM = {
	0x00, 0xfe, 0xfe, 0xfe, 0x7e, 0x0e, 0x06, 0x06, 0x06, 0x06, 0x0e, 0x7e, 0xfe, 0xfe, 0xfe, 0x00, 
	0x00, 0x7f, 0x7f, 0x7b, 0x73, 0x70, 0x70, 0x60, 0x60, 0x70, 0x70, 0x71, 0x7b, 0x7f, 0x7f, 0x00
};
// 'soundcloud', 16x16px
const unsigned char fab_16x16_fa_soundcloud [] PROGMEM = {
	0x00, 0x00, 0x00, 0x00, 0x80, 0x80, 0x80, 0xc0, 0xe0, 0xe0, 0xe0, 0xe0, 0xc0, 0x00, 0x00, 0x00, 
	0x06, 0x06, 0x06, 0x07, 0x0f, 0x0f, 0x0f, 0x0f, 0x0f, 0x0f, 0x0f, 0x0f, 0x0f, 0x0f, 0x0f, 0x06
};
// 'sourcetree', 16x16px
const unsigned char fab_16x16_fa_sourcetree [] PROGMEM = {
	0x00, 0x00, 0xf8, 0xfc, 0xfe, 0xff, 0x1f, 0x0f, 0x0f, 0x1f, 0xff, 0xfe, 0xfc, 0xf8, 0x00, 0x00, 
	0x00, 0x00, 0x03, 0x07, 0x0f, 0x0f, 0xff, 0xff, 0xff, 0xff, 0x0f, 0x0f, 0x07, 0x03, 0x00, 0x00
};
// 'speakap', 16x16px
const unsigned char fab_16x16_fa_speakap [] PROGMEM = {
	0x00, 0xc0, 0xf0, 0xf8, 0xfc, 0xfe, 0x0e, 0x0e, 0x6e, 0x6e, 0xfe, 0xfc, 0xf8, 0xf0, 0xc0, 0x00, 
	0x00, 0x03, 0x0f, 0x1f, 0x3f, 0x3f, 0x3b, 0x73, 0x72, 0x78, 0x7c, 0x7f, 0x7f, 0x0f, 0x03, 0x00
};
// 'speaker-deck', 16x16px
const unsigned char fab_16x16_fa_speaker_deck [] PROGMEM = {
	0xf0, 0xf8, 0xf8, 0x98, 0x98, 0x98, 0x98, 0x98, 0x80, 0x00, 0x38, 0x38, 0x38, 0x38, 0xf8, 0xf0, 
	0x18, 0x19, 0x19, 0x19, 0x19, 0x19, 0x1d, 0x1f, 0x0f, 0x06, 0x10, 0x18, 0x1c, 0x1c, 0x1f, 0x0f
};
// 'spotify', 16x16px
const unsigned char fab_16x16_fa_spotify [] PROGMEM = {
	0xe0, 0xf8, 0xfc, 0xdc, 0x4e, 0x4e, 0x4f, 0x4f, 0x4f, 0x5f, 0xde, 0x9e, 0x9c, 0xbc, 0xf8, 0xe0, 
	0x07, 0x1f, 0x3f, 0x3f, 0x7b, 0x7b, 0xfb, 0xfb, 0xfb, 0xfa, 0x7a, 0x7e, 0x3f, 0x3f, 0x1f, 0x07
};
// 'squarespace', 16x16px
const unsigned char fab_16x16_fa_squarespace [] PROGMEM = {
	0xc0, 0xe0, 0x30, 0xd8, 0xec, 0x74, 0xb8, 0xdc, 0x6c, 0xb4, 0xcc, 0x6c, 0xe0, 0x60, 0xe0, 0xc0, 
	0x03, 0x07, 0x06, 0x07, 0x36, 0x33, 0x2d, 0x36, 0x3b, 0x1d, 0x2e, 0x37, 0x1b, 0x0c, 0x07, 0x03
};
// 'stack-exchange', 16x16px
const unsigned char fab_16x16_fa_stack_exchange [] PROGMEM = {
	0x00, 0x30, 0xb7, 0xb7, 0xb7, 0xb7, 0xb7, 0xb7, 0xb7, 0xb7, 0xb7, 0xb7, 0xb7, 0xb7, 0x30, 0x00, 
	0x00, 0x01, 0x1f, 0x1f, 0x1f, 0x1f, 0x1f, 0x1f, 0x1f, 0x7f, 0x7f, 0x3f, 0x1f, 0x1f, 0x01, 0x00
};
// 'stack-overflow', 16x16px
const unsigned char fab_16x16_fa_stack_overflow [] PROGMEM = {
	0x00, 0x00, 0x00, 0x00, 0x00, 0x00, 0x40, 0xc8, 0x98, 0xb0, 0x6e, 0xd8, 0x70, 0x20, 0x00, 0x00, 
	0x00, 0x00, 0x7c, 0x60, 0x40, 0x5a, 0x5a, 0x5a, 0x5e, 0x5f, 0x4f, 0x40, 0x7c, 0x00, 0x00, 0x00
};
// 'stackpath', 16x16px
const unsigned char fab_16x16_fa_stackpath [] PROGMEM = {
	0x00, 0xfe, 0xfe, 0x3e, 0xbe, 0xfe, 0x3e, 0xbe, 0x3e, 0x7e, 0x7e, 0xbe, 0x3e, 0xfe, 0xfe, 0x00, 
	0x00, 0x7f, 0x7f, 0x7d, 0x7c, 0x7e, 0x7c, 0x7e, 0x7f, 0x7f, 0x7e, 0x7d, 0x7e, 0x7f, 0x7f, 0x00
};
// 'staylinked', 16x16px
const unsigned char fab_16x16_fa_staylinked [] PROGMEM = {
	0x00, 0x20, 0x70, 0xf8, 0xf8, 0xdc, 0xee, 0xf7, 0xff, 0xfe, 0xfc, 0xf8, 0xf0, 0xe0, 0x40, 0x00, 
	0x00, 0x02, 0x07, 0x0e, 0x1d, 0x3b, 0x77, 0xef, 0xee, 0x77, 0x3b, 0x1f, 0x1f, 0x0e, 0x04, 0x00
};
// 'steam', 16x16px
const unsigned char fab_16x16_fa_steam [] PROGMEM = {
	0xe0, 0xf8, 0xfc, 0xfc, 0xfe, 0xfe, 0xff, 0x3f, 0x0f, 0x07, 0x06, 0x06, 0x0c, 0x9c, 0xf8, 0xe0, 
	0x00, 0x18, 0x38, 0x31, 0x61, 0x61, 0xf0, 0xf8, 0xfc, 0xfc, 0x7e, 0x7e, 0x3f, 0x3f, 0x1f, 0x07
};
// 'steam-square', 16x16px
const unsigned char fab_16x16_fa_steam_square [] PROGMEM = {
	0x00, 0xfe, 0xfe, 0xfe, 0xfe, 0xfe, 0xfe, 0x3e, 0x0e, 0x0e, 0x06, 0x0e, 0x1e, 0xfe, 0xfe, 0x00, 
	0x00, 0x7c, 0x78, 0x79, 0x71, 0x71, 0x70, 0x78, 0x7c, 0x7e, 0x7e, 0x7e, 0x7f, 0x7f, 0x7f, 0x00
};
// 'steam-symbol', 16x16px
const unsigned char fab_16x16_fa_steam_symbol [] PROGMEM = {
	0x00, 0x00, 0x00, 0x00, 0x00, 0x00, 0x80, 0xc0, 0xf0, 0xf8, 0xfc, 0xfc, 0xfc, 0xf8, 0xf0, 0x00, 
	0x00, 0x07, 0x0f, 0x1e, 0x3e, 0x3e, 0x3f, 0x1f, 0x07, 0x07, 0x03, 0x01, 0x01, 0x00, 0x00, 0x00
};
// 'sticker-mule', 16x16px
const unsigned char fab_16x16_fa_sticker_mule [] PROGMEM = {
	0xe0, 0xf0, 0xf0, 0xf0, 0xe0, 0xe0, 0xe0, 0xe0, 0xf0, 0xf0, 0xf8, 0xfc, 0x3c, 0x1c, 0x3e, 0x30, 
	0x0f, 0x7f, 0x43, 0x01, 0x01, 0x03, 0x03, 0x03, 0x33, 0x7f, 0x01, 0x00, 0x00, 0x00, 0x00, 0x00
};
// 'strava', 16x16px
const unsigned char fab_16x16_fa_strava [] PROGMEM = {
	0x00, 0x00, 0x00, 0x80, 0xe0, 0xf8, 0x3e, 0x7e, 0xf8, 0xe0, 0x80, 0x00, 0x00, 0x00, 0x00, 0x00, 
	0x00, 0x00, 0x01, 0x01, 0x01, 0x00, 0x00, 0x06, 0x1f, 0x7d, 0x79, 0x3e, 0x0e, 0x00, 0x00, 0x00
};
// 'stripe', 16x16px
const unsigned char fab_16x16_fa_stripe [] PROGMEM = {
	0x80, 0x80, 0x80, 0xc0, 0x80, 0x80, 0x80, 0x80, 0x80, 0x80, 0x80, 0x80, 0x00, 0x80, 0x80, 0x80, 
	0x05, 0x07, 0x03, 0x03, 0x04, 0x03, 0x00, 0x00, 0x03, 0x0f, 0x06, 0x03, 0x03, 0x03, 0x07, 0x03
};
// 'stripe-s', 16x16px
const unsigned char fab_16x16_fa_stripe_s [] PROGMEM = {
	0x00, 0x00, 0x38, 0xfc, 0xfe, 0xff, 0xff, 0xcf, 0xcf, 0xcf, 0x8f, 0x8f, 0x1e, 0x00, 0x00, 0x00, 
	0x00, 0x00, 0x70, 0x78, 0xf1, 0xf1, 0xf3, 0xf3, 0xf3, 0xff, 0xff, 0x7f, 0x3f, 0x1c, 0x00, 0x00
};
// 'studiovinari', 16x16px
const unsigned char fab_16x16_fa_studiovinari [] PROGMEM = {
	0x00, 0x00, 0x0a, 0x1e, 0x3c, 0xfc, 0xfe, 0xfc, 0xfc, 0xf8, 0xf8, 0xf0, 0xf0, 0xf8, 0xf8, 0x00, 
	0x00, 0x00, 0x00, 0x00, 0x00, 0x00, 0x60, 0x20, 0x61, 0x31, 0x31, 0x19, 0x0f, 0x07, 0x01, 0x00
};
// 'stumbleupon', 16x16px
const unsigned char fab_16x16_fa_stumbleupon [] PROGMEM = {
	0x00, 0x00, 0x00, 0x00, 0xf0, 0xf8, 0xfc, 0x1c, 0x1c, 0x7c, 0x78, 0x00, 0x00, 0x00, 0x00, 0x00, 
	0x0f, 0x1f, 0x3e, 0x38, 0x3f, 0x1f, 0x0f, 0x00, 0x00, 0x1e, 0x3e, 0x38, 0x38, 0x3f, 0x1f, 0x0f
};
// 'stumbleupon-circle', 16x16px
const unsigned char fab_16x16_fa_stumbleupon_circle [] PROGMEM = {
	0xc0, 0xf0, 0xf8, 0xfc, 0xfe, 0xfe, 0x1f, 0x0f, 0xcf, 0x8f, 0xbf, 0xfe, 0xfe, 0xfc, 0xf8, 0xe0, 
	0x03, 0x0f, 0x1f, 0x38, 0x71, 0x73, 0xf0, 0xfc, 0xff, 0xf8, 0xf1, 0x73, 0x70, 0x3d, 0x1f, 0x07
};
// 'superpowers', 16x16px
const unsigned char fab_16x16_fa_superpowers [] PROGMEM = {
	0x00, 0x00, 0xe0, 0xf0, 0x18, 0x0c, 0x0c, 0x0c, 0x0c, 0x0c, 0x0c, 0x1e, 0xfe, 0xe6, 0x00, 0x00, 
	0x00, 0x00, 0x67, 0x7f, 0x78, 0x30, 0x30, 0x30, 0x30, 0x30, 0x30, 0x18, 0x0f, 0x07, 0x00, 0x00
};
// 'supple', 16x16px
const unsigned char fab_16x16_fa_supple [] PROGMEM = {
	0xc0, 0x60, 0x20, 0x80, 0x00, 0x00, 0x80, 0x80, 0x80, 0x80, 0x00, 0x00, 0x80, 0x00, 0x00, 0x80, 
	0x01, 0x00, 0x00, 0x01, 0x00, 0x00, 0x00, 0x00, 0x00, 0x00, 0x00, 0x00, 0x01, 0x04, 0x06, 0x03
};
// 'suse', 16x16px
const unsigned char fab_16x16_fa_suse [] PROGMEM = {
	0x00, 0x80, 0xc0, 0xe0, 0xe0, 0xe0, 0xf0, 0xf0, 0xf0, 0xe0, 0xe0, 0xe0, 0xe0, 0xe0, 0xc0, 0xc0, 
	0x07, 0x0f, 0x1f, 0x0b, 0x0d, 0x03, 0x07, 0x03, 0x01, 0x03, 0x07, 0x01, 0x01, 0x01, 0x01, 0x00
};
// 'swift', 16x16px
const unsigned char fab_16x16_fa_swift [] PROGMEM = {
	0x00, 0xfc, 0xfe, 0xfe, 0xfe, 0xbe, 0x3e, 0x3e, 0x7e, 0xfe, 0x0e, 0x3e, 0xfe, 0xfe, 0xfc, 0x00, 
	0x00, 0x3f, 0x7f, 0x7f, 0x7b, 0x73, 0x73, 0x72, 0x70, 0x70, 0x70, 0x70, 0x73, 0x7f, 0x3f, 0x00
};
// 'symfony', 16x16px
const unsigned char fab_16x16_fa_symfony [] PROGMEM = {
	0xc0, 0xf0, 0xf8, 0xfc, 0x3e, 0x3e, 0xff, 0xff, 0x3f, 0x0f, 0xfe, 0xbe, 0xfc, 0xf8, 0xf0, 0xc0, 
	0x03, 0x0f, 0x1f, 0x3c, 0x6f, 0x7c, 0xfe, 0xf1, 0xf8, 0xff, 0x7f, 0x7f, 0x3f, 0x1f, 0x0f, 0x03
};
// 'teamspeak', 16x16px
const unsigned char fab_16x16_fa_teamspeak [] PROGMEM = {
	0xc0, 0xf0, 0x1c, 0x06, 0x06, 0x03, 0x03, 0x01, 0x01, 0x03, 0x03, 0x06, 0x06, 0x1c, 0xe0, 0xc0, 
	0x03, 0x03, 0x00, 0x07, 0x0f, 0x0f, 0x0e, 0x04, 0x80, 0x8c, 0x8e, 0xce, 0x46, 0x70, 0x03, 0x03
};
// 'telegram', 16x16px
const unsigned char fab_16x16_fa_telegram [] PROGMEM = {
	0xe0, 0xf8, 0xfc, 0xfc, 0xfe, 0x7e, 0x7f, 0x3f, 0xbf, 0x3f, 0x1e, 0x9e, 0xfc, 0xfc, 0xf8, 0xe0, 
	0x07, 0x1f, 0x3f, 0x3f, 0x7e, 0x7e, 0xff, 0xf9, 0xf8, 0xf0, 0x70, 0x7f, 0x3f, 0x3f, 0x1f, 0x07
};
// 'telegram-plane', 16x16px
const unsigned char fab_16x16_fa_telegram_plane [] PROGMEM = {
	0x00, 0x80, 0x80, 0xc0, 0xc0, 0xe0, 0xe0, 0x60, 0x30, 0xb0, 0xd8, 0xf8, 0xf8, 0xfc, 0x3c, 0x00, 
	0x00, 0x00, 0x00, 0x01, 0x01, 0x00, 0x1c, 0x0e, 0x0f, 0x0f, 0x1f, 0x1f, 0x3f, 0x03, 0x00, 0x00
};
// 'tencent-weibo', 16x16px
const unsigned char fab_16x16_fa_tencent_weibo [] PROGMEM = {
	0x00, 0x00, 0x00, 0xf8, 0x06, 0x82, 0x71, 0x71, 0x79, 0x31, 0x02, 0x06, 0xf8, 0x00, 0x00, 0x00, 
	0x00, 0x00, 0x00, 0xf0, 0x0e, 0x01, 0x00, 0x02, 0x02, 0x02, 0x02, 0x01, 0x00, 0x00, 0x00, 0x00
};
// 'themeco', 16x16px
const unsigned char fab_16x16_fa_themeco [] PROGMEM = {
	0x00, 0xf0, 0xf8, 0xfc, 0xfc, 0xfe, 0x7e, 0xff, 0x7f, 0x7e, 0xfe, 0xfc, 0xfc, 0xf8, 0xf0, 0x00, 
	0x00, 0x0f, 0x1f, 0x3f, 0x3e, 0x7f, 0x7f, 0xfe, 0xfe, 0x7f, 0x7f, 0x3f, 0x1f, 0x1f, 0x0f, 0x00
};
// 'themeisle', 16x16px
const unsigned char fab_16x16_fa_themeisle [] PROGMEM = {
	0xc0, 0xe0, 0xf0, 0xf0, 0xf8, 0xfc, 0xfe, 0x3e, 0x07, 0x07, 0x07, 0x07, 0x04, 0xe0, 0xe0, 0xc0, 
	0x07, 0x6f, 0xfe, 0xf0, 0x63, 0x07, 0x0f, 0x0e, 0x0c, 0x0c, 0x0c, 0x26, 0x1b, 0x1f, 0x0f, 0x07
};
// 'the-red-yeti', 16x16px
const unsigned char fab_16x16_fa_the_red_yeti [] PROGMEM = {
	0x00, 0x00, 0x40, 0x00, 0x00, 0x40, 0x44, 0x04, 0x58, 0xf8, 0xf8, 0x30, 0x00, 0x00, 0x00, 0x00, 
	0x00, 0x08, 0x30, 0x60, 0x40, 0x80, 0x00, 0x00, 0x00, 0x00, 0x00, 0x10, 0x38, 0x1c, 0x04, 0x00
};
// 'think-peaks', 16x16px
const unsigned char fab_16x16_fa_think_peaks [] PROGMEM = {
	0x00, 0x00, 0x00, 0x80, 0x40, 0xb0, 0x6c, 0x24, 0xd8, 0x60, 0x80, 0x00, 0x00, 0x00, 0x00, 0x00, 
	0x00, 0x08, 0x06, 0x05, 0x03, 0x00, 0x00, 0x00, 0x00, 0x01, 0x06, 0x1b, 0x6c, 0x04, 0x03, 0x00
};
// 'tiktok', 16x16px
const unsigned char fab_16x16_fa_tiktok [] PROGMEM = {
	0x00, 0x00, 0x80, 0x80, 0xc0, 0xc0, 0xc0, 0x00, 0xff, 0xff, 0xff, 0x3e, 0x38, 0x38, 0x70, 0x00, 
	0x00, 0x1e, 0x7f, 0x7f, 0xe1, 0xe1, 0xe0, 0xe0, 0x7f, 0x7f, 0x1f, 0x00, 0x00, 0x00, 0x00, 0x00
};
// 'trade-federation', 16x16px
const unsigned char fab_16x16_fa_trade_federation [] PROGMEM = {
	0xe0, 0x70, 0x48, 0x84, 0x02, 0x82, 0x81, 0x01, 0xa1, 0x81, 0xc2, 0x02, 0x1c, 0x18, 0x30, 0xe0, 
	0x07, 0x0c, 0x30, 0x20, 0x40, 0x40, 0x83, 0xa0, 0x81, 0x80, 0x40, 0x40, 0x20, 0x30, 0x0c, 0x07
};
// 'trello', 16x16px
const unsigned char fab_16x16_fa_trello [] PROGMEM = {
	0x00, 0xfe, 0xfe, 0x06, 0x06, 0x06, 0x06, 0xfe, 0xfe, 0x06, 0x06, 0x06, 0x06, 0xfe, 0xfe, 0x00, 
	0x00, 0x7f, 0x7f, 0x70, 0x70, 0x70, 0x70, 0x7f, 0x7f, 0x7e, 0x7e, 0x7e, 0x7e, 0x7f, 0x7f, 0x00
};
// 'tumblr', 16x16px
const unsigned char fab_16x16_fa_tumblr [] PROGMEM = {
	0x00, 0x00, 0x00, 0x70, 0x70, 0xf8, 0xff, 0xff, 0xff, 0x70, 0x70, 0x70, 0x00, 0x00, 0x00, 0x00, 
	0x00, 0x00, 0x00, 0x00, 0x00, 0x3f, 0x7f, 0xff, 0xff, 0xf0, 0xe0, 0xf0, 0x40, 0x00, 0x00, 0x00
};
// 'tumblr-square', 16x16px
const unsigned char fab_16x16_fa_tumblr_square [] PROGMEM = {
	0x00, 0xfe, 0xfe, 0xfe, 0xfe, 0xbe, 0x1e, 0x06, 0x06, 0x9e, 0xbe, 0xfe, 0xfe, 0xfe, 0xfe, 0x00, 
	0x00, 0x7f, 0x7f, 0x7f, 0x7f, 0x7f, 0x70, 0x60, 0x60, 0x67, 0x67, 0x7f, 0x7f, 0x7f, 0x7f, 0x00
};
// 'twitch', 16x16px
const unsigned char fab_16x16_fa_twitch [] PROGMEM = {
	0x00, 0xfc, 0xfe, 0xff, 0x03, 0x01, 0x01, 0x01, 0x79, 0x01, 0x01, 0x79, 0x01, 0x01, 0xff, 0x00, 
	0x00, 0x1f, 0x1f, 0x1f, 0x7e, 0x7c, 0x3c, 0x18, 0x1c, 0x1c, 0x1c, 0x0c, 0x06, 0x03, 0x01, 0x00
};
// 'twitter', 16x16px
const unsigned char fab_16x16_fa_twitter [] PROGMEM = {
	0x00, 0xf8, 0xf8, 0xf0, 0xe0, 0xe0, 0xe0, 0xe0, 0xf8, 0xfc, 0xfc, 0xfc, 0xfc, 0xfc, 0x1c, 0x00, 
	0x00, 0x20, 0x27, 0x37, 0x3f, 0x3f, 0x3f, 0x3f, 0x3f, 0x1f, 0x1f, 0x0f, 0x07, 0x01, 0x00, 0x00
};
// 'twitter-square', 16x16px
const unsigned char fab_16x16_fa_twitter_square [] PROGMEM = {
	0x00, 0xfe, 0xfe, 0xde, 0x1e, 0x3e, 0x3e, 0x3e, 0x1e, 0x0e, 0x0e, 0x0e, 0xfe, 0xfe, 0xfe, 0x00, 
	0x00, 0x7f, 0x7f, 0x7f, 0x76, 0x70, 0x70, 0x70, 0x70, 0x78, 0x7c, 0x7f, 0x7f, 0x7f, 0x7f, 0x00
};
// 'typo3', 16x16px
const unsigned char fab_16x16_fa_typo3 [] PROGMEM = {
	0x00, 0x78, 0xf8, 0xfc, 0xfc, 0xfe, 0xfc, 0xc0, 0x00, 0x0e, 0x7e, 0xfe, 0xfe, 0x7e, 0x1c, 0x00, 
	0x00, 0x00, 0x01, 0x0f, 0x1f, 0x3f, 0x7f, 0x7f, 0x3f, 0x1c, 0x0c, 0x00, 0x00, 0x00, 0x00, 0x00
};
// 'uber', 16x16px
const unsigned char fab_16x16_fa_uber [] PROGMEM = {
	0x00, 0xfe, 0xfe, 0xfe, 0x3e, 0x1e, 0x8e, 0x8e, 0x8e, 0x0e, 0x1e, 0x3e, 0xfe, 0xfe, 0xfe, 0x00, 
	0x00, 0x7f, 0x7f, 0x7f, 0x7c, 0x78, 0x71, 0x71, 0x71, 0x70, 0x78, 0x7c, 0x7f, 0x7f, 0x7f, 0x00
};
// 'ubuntu', 16x16px
const unsigned char fab_16x16_fa_ubuntu [] PROGMEM = {
	0xe0, 0xf8, 0x7c, 0x7c, 0x1e, 0x9e, 0xef, 0xef, 0xef, 0xcf, 0x86, 0x3e, 0xfc, 0xfc, 0xf8, 0xe0, 
	0x07, 0x1f, 0x3e, 0x3e, 0x78, 0x79, 0xf7, 0xf7, 0xf7, 0xf3, 0x61, 0x7c, 0x3f, 0x3f, 0x1f, 0x07
};
// 'uikit', 16x16px
const unsigned char fab_16x16_fa_uikit [] PROGMEM = {
	0x00, 0xc0, 0xc0, 0x80, 0x00, 0x00, 0x02, 0x07, 0x07, 0x02, 0x18, 0x1c, 0xf8, 0xf8, 0xf0, 0x00, 
	0x00, 0x0f, 0x1f, 0x1f, 0x38, 0x78, 0x70, 0xf0, 0xf0, 0x70, 0x78, 0x38, 0x1f, 0x1f, 0x0f, 0x00
};
// 'umbraco', 16x16px
const unsigned char fab_16x16_fa_umbraco [] PROGMEM = {
	0xc0, 0xf0, 0xf8, 0x7c, 0x1e, 0xfe, 0xff, 0xff, 0xff, 0xff, 0xfe, 0x1e, 0x7c, 0xf8, 0xf0, 0xc0, 
	0x03, 0x0f, 0x1f, 0x3e, 0x78, 0x73, 0xf7, 0xf7, 0xf7, 0xf7, 0x73, 0x78, 0x3e, 0x1f, 0x0f, 0x03
};
// 'uncharted', 16x16px
const unsigned char fab_16x16_fa_uncharted [] PROGMEM = {
	0x00, 0xf0, 0xf8, 0x3c, 0x24, 0x64, 0x40, 0x80, 0x80, 0x42, 0x42, 0x24, 0x00, 0x40, 0x40, 0x00, 
	0x00, 0x00, 0x00, 0x00, 0x00, 0x30, 0x20, 0x7e, 0x7e, 0x20, 0x30, 0x00, 0x00, 0x01, 0x01, 0x00
};
// 'uniregistry', 16x16px
const unsigned char fab_16x16_fa_uniregistry [] PROGMEM = {
	0x00, 0x00, 0x80, 0x80, 0x80, 0x00, 0x00, 0x00, 0x00, 0x00, 0x00, 0x80, 0x80, 0x80, 0x00, 0x00, 
	0x00, 0x00, 0x07, 0x1f, 0x3f, 0x38, 0x70, 0x70, 0x70, 0x70, 0x38, 0x3f, 0x1f, 0x07, 0x00, 0x00
};
// 'unity', 16x16px
const unsigned char fab_16x16_fa_unity [] PROGMEM = {
	0x00, 0x80, 0xc0, 0xe0, 0xb0, 0x90, 0x88, 0x88, 0xcc, 0xec, 0x3c, 0x1c, 0x7c, 0x60, 0x00, 0x00, 
	0x00, 0x01, 0x03, 0x07, 0x0d, 0x09, 0x11, 0x11, 0x33, 0x37, 0x3c, 0x38, 0x3e, 0x06, 0x00, 0x00
};
// 'unsplash', 16x16px
const unsigned char fab_16x16_fa_unsplash [] PROGMEM = {
	0x00, 0x80, 0x80, 0x80, 0x80, 0x0e, 0x1e, 0x1e, 0x1e, 0x1e, 0x0e, 0x80, 0x80, 0x80, 0x80, 0x00, 
	0x00, 0x7f, 0x7f, 0x7f, 0x7f, 0x78, 0x78, 0x78, 0x78, 0x78, 0x78, 0x7f, 0x7f, 0x7f, 0x7f, 0x00
};
// 'untappd', 16x16px
const unsigned char fab_16x16_fa_untappd [] PROGMEM = {
	0x00, 0x00, 0x00, 0x00, 0x80, 0xc0, 0xec, 0xf8, 0xf8, 0xcc, 0xc0, 0x80, 0x00, 0x00, 0x00, 0x00, 
	0x30, 0x78, 0x7e, 0x7f, 0x1f, 0x0f, 0x07, 0x01, 0x01, 0x07, 0x0f, 0x1f, 0x7f, 0x7e, 0x78, 0x30
};
// 'ups', 16x16px
const unsigned char fab_16x16_fa_ups [] PROGMEM = {
	0x00, 0x00, 0xfc, 0xdc, 0x0e, 0xc6, 0xc6, 0xc6, 0x46, 0xc2, 0xc2, 0xc2, 0x00, 0xfc, 0x00, 0x00, 
	0x00, 0x00, 0x07, 0x03, 0x02, 0x23, 0x03, 0x4f, 0x42, 0x03, 0x20, 0x03, 0x03, 0x07, 0x00, 0x00
};
// 'usb', 16x16px
const unsigned char fab_16x16_fa_usb [] PROGMEM = {
	0x80, 0x80, 0x80, 0x00, 0x00, 0xc0, 0x20, 0x10, 0x30, 0x30, 0x10, 0x00, 0x00, 0x80, 0x80, 0x00, 
	0x03, 0x03, 0x03, 0x01, 0x01, 0x01, 0x01, 0x07, 0x09, 0x19, 0x19, 0x19, 0x01, 0x03, 0x03, 0x01
};
// 'usps', 16x16px
const unsigned char fab_16x16_fa_usps [] PROGMEM = {
	0x00, 0x00, 0xc0, 0xc0, 0xc0, 0xc0, 0xc0, 0x10, 0x10, 0x10, 0x30, 0x30, 0x70, 0xf0, 0x70, 0x00, 
	0x00, 0x0e, 0x0f, 0x0f, 0x0f, 0x0b, 0x0f, 0x0c, 0x0c, 0x0e, 0x0e, 0x0f, 0x0f, 0x0f, 0x00, 0x00
};
// 'ussunnah', 16x16px
const unsigned char fab_16x16_fa_ussunnah [] PROGMEM = {
	0x00, 0x00, 0xe0, 0xb0, 0xe8, 0xf8, 0xf4, 0xf4, 0xf4, 0xf4, 0xf8, 0xe8, 0xb0, 0xe0, 0x00, 0x00, 
	0x00, 0x00, 0x0f, 0x13, 0x2c, 0x3d, 0x5d, 0x5d, 0x5d, 0x5d, 0x3f, 0x2f, 0x13, 0x0f, 0x00, 0x00
};
// 'vaadin', 16x16px
const unsigned char fab_16x16_fa_vaadin [] PROGMEM = {
	0x00, 0x0e, 0x1c, 0x18, 0x98, 0x98, 0x18, 0x38, 0x38, 0x18, 0x98, 0x98, 0x18, 0x1c, 0x0e, 0x00, 
	0x00, 0x00, 0x00, 0x00, 0x01, 0x07, 0x1e, 0x3c, 0x3c, 0x1e, 0x07, 0x01, 0x00, 0x00, 0x00, 0x00
};
// 'viacoin', 16x16px
const unsigned char fab_16x16_fa_viacoin [] PROGMEM = {
	0x00, 0x00, 0xb2, 0xbe, 0xfc, 0xf0, 0x80, 0x80, 0x80, 0x80, 0xe0, 0xfc, 0xbe, 0xb2, 0x00, 0x00, 
	0x00, 0x00, 0x01, 0x01, 0x01, 0x01, 0x0f, 0x3f, 0x3f, 0x0f, 0x01, 0x01, 0x01, 0x01, 0x00, 0x00
};
// 'viadeo', 16x16px
const unsigned char fab_16x16_fa_viadeo [] PROGMEM = {
	0x00, 0x00, 0xc0, 0xe0, 0x60, 0x20, 0x30, 0x30, 0x00, 0x00, 0x38, 0x7c, 0x7c, 0x3e, 0x1e, 0x00, 
	0x00, 0x1f, 0x3f, 0x60, 0xc0, 0xc0, 0xc0, 0xc0, 0xd0, 0x4e, 0x70, 0x1f, 0x00, 0x00, 0x00, 0x00
};
// 'viadeo-square', 16x16px
const unsigned char fab_16x16_fa_viadeo_square [] PROGMEM = {
	0x00, 0xfe, 0xfe, 0xfe, 0x7e, 0xbe, 0xbe, 0xbe, 0xfe, 0xde, 0x8e, 0x8e, 0xfe, 0xfe, 0xfe, 0x00, 
	0x00, 0x7f, 0x7f, 0x7f, 0x70, 0x77, 0x6f, 0x6f, 0x6f, 0x77, 0x79, 0x7f, 0x7f, 0x7f, 0x7f, 0x00
};
// 'viber', 16x16px
const unsigned char fab_16x16_fa_viber [] PROGMEM = {
	0xe0, 0xfc, 0x06, 0x02, 0x73, 0xf1, 0x21, 0x01, 0x01, 0x01, 0x01, 0x03, 0x02, 0x06, 0xfc, 0xe0, 
	0x03, 0x0f, 0x18, 0x10, 0x80, 0x00, 0x01, 0x22, 0x26, 0x26, 0x26, 0x36, 0x10, 0x18, 0x0f, 0x01
};
// 'vimeo', 16x16px
const unsigned char fab_16x16_fa_vimeo [] PROGMEM = {
	0x00, 0xfe, 0xfe, 0xde, 0x8e, 0x0e, 0x0e, 0xfe, 0xfe, 0xce, 0x0e, 0x0e, 0x8e, 0xfe, 0xfe, 0x00, 
	0x00, 0x7f, 0x7f, 0x7f, 0x7f, 0x7c, 0x70, 0x70, 0x71, 0x78, 0x7c, 0x7e, 0x7f, 0x7f, 0x7f, 0x00
};
// 'vimeo-square', 16x16px
const unsigned char fab_16x16_fa_vimeo_square [] PROGMEM = {
	0x00, 0xfe, 0xfe, 0xfe, 0xde, 0x0e, 0x0e, 0x3e, 0xfe, 0xde, 0x0e, 0x0e, 0x8e, 0xfe, 0xfe, 0x00, 
	0x00, 0x7f, 0x7f, 0x7f, 0x7f, 0x7e, 0x70, 0x70, 0x71, 0x78, 0x7c, 0x7e, 0x7f, 0x7f, 0x7f, 0x00
};
// 'vimeo-v', 16x16px
const unsigned char fab_16x16_fa_vimeo_v [] PROGMEM = {
	0x00, 0x20, 0x30, 0x38, 0xfc, 0xfc, 0xf8, 0xc0, 0x00, 0x10, 0x18, 0xfc, 0xfc, 0xfc, 0x78, 0x00, 
	0x00, 0x00, 0x00, 0x00, 0x01, 0x1f, 0x3f, 0x3f, 0x3e, 0x1e, 0x0f, 0x07, 0x03, 0x01, 0x00, 0x00
};
// 'vine', 16x16px
const unsigned char fab_16x16_fa_vine [] PROGMEM = {
	0x00, 0x00, 0x38, 0xf8, 0xf0, 0x00, 0x00, 0x00, 0xfc, 0xfe, 0x86, 0x0e, 0x7e, 0x7c, 0x00, 0x00, 
	0x00, 0x00, 0x00, 0x01, 0x0f, 0x1f, 0x38, 0x70, 0x70, 0x39, 0x1f, 0x07, 0x03, 0x03, 0x00, 0x00
};
// 'vk', 16x16px
const unsigned char fab_16x16_fa_vk [] PROGMEM = {
	0x00, 0x70, 0xf0, 0xf0, 0x80, 0x00, 0xf0, 0xf0, 0xf0, 0x80, 0x80, 0xc0, 0xf0, 0x70, 0x30, 0x00, 
	0x00, 0x00, 0x01, 0x03, 0x07, 0x0f, 0x0f, 0x0f, 0x0f, 0x03, 0x03, 0x07, 0x0f, 0x0e, 0x0c, 0x00
};
// 'vnv', 16x16px
const unsigned char fab_16x16_fa_vnv [] PROGMEM = {
	0x80, 0x80, 0x00, 0x00, 0x80, 0x80, 0x80, 0x80, 0x80, 0x80, 0x80, 0x80, 0x00, 0x00, 0x80, 0x80, 
	0x00, 0x03, 0x06, 0x06, 0x07, 0x07, 0x07, 0x01, 0x01, 0x07, 0x07, 0x07, 0x06, 0x06, 0x03, 0x00
};
// 'vuejs', 16x16px
const unsigned char fab_16x16_fa_vuejs [] PROGMEM = {
	0x00, 0x04, 0x1c, 0x34, 0xc4, 0x1c, 0x7c, 0xf0, 0xf0, 0x7c, 0x1c, 0xc4, 0x34, 0x1c, 0x04, 0x00, 
	0x00, 0x00, 0x00, 0x00, 0x00, 0x03, 0x0e, 0x18, 0x18, 0x0e, 0x03, 0x00, 0x00, 0x00, 0x00, 0x00
};
// 'watchman-monitoring', 16x16px
const unsigned char fab_16x16_fa_watchman_monitoring [] PROGMEM = {
	0x80, 0x30, 0x38, 0x34, 0x72, 0xfa, 0xf8, 0x31, 0x31, 0x30, 0x32, 0x32, 0x3c, 0x38, 0x70, 0x80, 
	0x01, 0x0c, 0x10, 0x20, 0x7f, 0x7f, 0x7f, 0xfc, 0x80, 0x00, 0x40, 0x40, 0x20, 0x10, 0x0c, 0x01
};
// 'waze', 16x16px
const unsigned char fab_16x16_fa_waze [] PROGMEM = {
	0x00, 0x00, 0xe0, 0x10, 0x08, 0x04, 0x02, 0x62, 0x02, 0x02, 0x22, 0x02, 0x04, 0x08, 0x10, 0xe0, 
	0x04, 0x0e, 0x09, 0x30, 0x70, 0x70, 0x31, 0x02, 0x22, 0x32, 0x72, 0x71, 0x10, 0x08, 0x06, 0x01
};
// 'weebly', 16x16px
const unsigned char fab_16x16_fa_weebly [] PROGMEM = {
	0x78, 0xfc, 0x8c, 0x0c, 0x38, 0xf8, 0x3c, 0x0c, 0x0c, 0x3c, 0xf8, 0x38, 0x0c, 0x8c, 0xfc, 0x78, 
	0x00, 0x01, 0x0f, 0x1c, 0x30, 0x30, 0x30, 0x1e, 0x1e, 0x30, 0x30, 0x30, 0x1c, 0x0f, 0x01, 0x00
};
// 'weibo', 16x16px
const unsigned char fab_16x16_fa_weibo [] PROGMEM = {
	0x00, 0xc0, 0xe0, 0xf0, 0x70, 0x78, 0x78, 0x78, 0x60, 0x60, 0xe0, 0xea, 0x9a, 0x36, 0x0c, 0x78, 
	0x07, 0x0f, 0x10, 0x10, 0x2e, 0x3b, 0x2f, 0x2f, 0x26, 0x30, 0x18, 0x1f, 0x0f, 0x07, 0x00, 0x00
};
// 'weixin', 16x16px
const unsigned char fab_16x16_fa_weixin [] PROGMEM = {
	0xe0, 0xf0, 0xf8, 0xec, 0xfc, 0xfc, 0xfc, 0xec, 0xfc, 0xf8, 0xf0, 0xc0, 0xc0, 0xc0, 0x80, 0x00, 
	0x00, 0x01, 0x07, 0x07, 0x07, 0x07, 0x07, 0x0f, 0x1f, 0x1e, 0x3f, 0x3f, 0x1e, 0x3f, 0x0f, 0x06
};
// 'whatsapp', 16x16px
const unsigned char fab_16x16_fa_whatsapp [] PROGMEM = {
	0x00, 0xe0, 0x30, 0x08, 0x44, 0xe6, 0x42, 0x02, 0x02, 0x02, 0x06, 0x04, 0x08, 0x30, 0xe0, 0x00, 
	0x00, 0x67, 0x7c, 0x20, 0x20, 0x21, 0x63, 0x42, 0x46, 0x66, 0x26, 0x30, 0x18, 0x0c, 0x07, 0x00
};
// 'whatsapp-square', 16x16px
const unsigned char fab_16x16_fa_whatsapp_square [] PROGMEM = {
	0x00, 0xfe, 0xfe, 0x3e, 0xde, 0xee, 0x36, 0xf6, 0xf6, 0xf6, 0xee, 0xde, 0x3e, 0xfe, 0xfe, 0x00, 
	0x00, 0x7f, 0x7f, 0x64, 0x67, 0x7f, 0x6e, 0x6d, 0x6d, 0x6d, 0x77, 0x7b, 0x7c, 0x7f, 0x7f, 0x00
};
// 'whmcs', 16x16px
const unsigned char fab_16x16_fa_whmcs [] PROGMEM = {
	0x00, 0x80, 0xb0, 0xf0, 0xfc, 0x3c, 0x18, 0x1e, 0x7e, 0xfc, 0xc4, 0xc6, 0xcc, 0xfc, 0x90, 0x00, 
	0x00, 0x01, 0x0d, 0x0f, 0x3f, 0x3c, 0x18, 0x78, 0x78, 0x18, 0x3c, 0x3f, 0x0f, 0x0d, 0x01, 0x00
};
// 'wikipedia-w', 16x16px
const unsigned char fab_16x16_fa_wikipedia_w [] PROGMEM = {
	0x08, 0x18, 0x78, 0xc0, 0x00, 0x00, 0x18, 0x78, 0xc0, 0x40, 0x18, 0x00, 0x00, 0x40, 0x18, 0x00, 
	0x00, 0x00, 0x00, 0x01, 0x0f, 0x1c, 0x08, 0x02, 0x03, 0x0f, 0x1c, 0x0c, 0x03, 0x00, 0x00, 0x00
};
// 'windows', 16x16px
const unsigned char fab_16x16_fa_windows [] PROGMEM = {
	0x00, 0xf8, 0xf8, 0xf8, 0xfc, 0xfc, 0x7c, 0x7c, 0xfc, 0xfc, 0xfc, 0xfe, 0xfe, 0xfe, 0xfe, 0x00, 
	0x00, 0x1f, 0x1f, 0x1f, 0x3f, 0x3f, 0x3e, 0x3e, 0x3f, 0x3f, 0x3f, 0x7f, 0x7f, 0x7f, 0x7f, 0x00
};
// 'wix', 16x16px
const unsigned char fab_16x16_fa_wix [] PROGMEM = {
	0xe0, 0x80, 0x00, 0xc0, 0xc0, 0x80, 0x00, 0xc0, 0x00, 0xc0, 0x00, 0x40, 0x80, 0x80, 0xc0, 0x20, 
	0x00, 0x07, 0x07, 0x01, 0x00, 0x07, 0x07, 0x01, 0x00, 0x07, 0x00, 0x04, 0x03, 0x03, 0x06, 0x08
};
// 'wizards-of-the-coast', 16x16px
const unsigned char fab_16x16_fa_wizards_of_the_coast [] PROGMEM = {
	0x00, 0x80, 0xc0, 0xe0, 0x60, 0x70, 0x30, 0xb0, 0xf0, 0xf0, 0x70, 0x70, 0xe0, 0xe0, 0xc0, 0x00, 
	0x00, 0x01, 0x03, 0x06, 0x0c, 0x1e, 0x0e, 0x0f, 0x07, 0x07, 0x03, 0x03, 0x07, 0x07, 0x07, 0x03
};
// 'wodu', 16x16px
const unsigned char fab_16x16_fa_wodu [] PROGMEM = {
	0xc0, 0x00, 0x80, 0x80, 0x80, 0x80, 0x00, 0x00, 0x00, 0x00, 0x80, 0x80, 0x00, 0x00, 0x00, 0x00, 
	0x01, 0x07, 0x01, 0x03, 0x03, 0x03, 0x04, 0x03, 0x03, 0x07, 0x04, 0x03, 0x07, 0x04, 0x07, 0x04
};
// 'wolf-pack-battalion', 16x16px
const unsigned char fab_16x16_fa_wolf_pack_battalion [] PROGMEM = {
	0x00, 0xc0, 0xe0, 0xef, 0xfe, 0xf8, 0xe0, 0xc0, 0xc0, 0xe0, 0xf8, 0xfe, 0xef, 0xe0, 0xc0, 0x00, 
	0x00, 0x00, 0x07, 0x05, 0x01, 0x03, 0x7f, 0x7c, 0x7c, 0x7f, 0x03, 0x01, 0x05, 0x07, 0x00, 0x00
};
// 'wordpress', 16x16px
const unsigned char fab_16x16_fa_wordpress [] PROGMEM = {
	0x00, 0xc0, 0x80, 0x08, 0x7c, 0xfc, 0xfe, 0x8e, 0x0e, 0x7e, 0xfc, 0xec, 0x00, 0x80, 0xc0, 0x00, 
	0x00, 0x03, 0x0f, 0x1c, 0x10, 0x03, 0x27, 0x7f, 0x7c, 0x70, 0x03, 0x07, 0x1c, 0x0f, 0x03, 0x00
};
// 'wordpress-simple', 16x16px
const unsigned char fab_16x16_fa_wordpress_simple [] PROGMEM = {
	0xc0, 0x30, 0xf8, 0xf4, 0x82, 0x02, 0x11, 0x71, 0xf1, 0xc1, 0x02, 0x02, 0x7c, 0xf8, 0x30, 0xc0, 
	0x03, 0x0c, 0x10, 0x23, 0x7f, 0x7c, 0x98, 0x82, 0x83, 0x8f, 0x7e, 0x78, 0x26, 0x10, 0x0c, 0x03
};
// 'wpbeginner', 16x16px
const unsigned char fab_16x16_fa_wpbeginner [] PROGMEM = {
	0x00, 0xf0, 0xf8, 0xfc, 0xbc, 0xfe, 0xbe, 0xbe, 0xbe, 0xbe, 0xbe, 0xfc, 0xfc, 0xf8, 0xf0, 0x00, 
	0x00, 0x3f, 0x7f, 0x7f, 0x7f, 0x7d, 0x3d, 0x3f, 0x3b, 0x3f, 0x7f, 0x7f, 0x7f, 0x7f, 0x3f, 0x00
};
// 'wpexplorer', 16x16px
const unsigned char fab_16x16_fa_wpexplorer [] PROGMEM = {
	0xe0, 0x38, 0x0c, 0x06, 0x62, 0x73, 0xf1, 0xe1, 0xc1, 0xc1, 0x83, 0x82, 0x06, 0x0c, 0x38, 0xe0, 
	0x07, 0x1c, 0x30, 0x60, 0x40, 0xc0, 0x80, 0x81, 0x83, 0x80, 0xc1, 0x41, 0x60, 0x30, 0x1c, 0x07
};
// 'wpforms', 16x16px
const unsigned char fab_16x16_fa_wpforms [] PROGMEM = {
	0x00, 0xfe, 0x02, 0x06, 0x46, 0x4a, 0x0a, 0x46, 0x46, 0x4a, 0x4a, 0x46, 0x06, 0x02, 0xfe, 0x00, 
	0x00, 0x7f, 0x40, 0x40, 0x41, 0x41, 0x40, 0x41, 0x41, 0x41, 0x4d, 0x4d, 0x40, 0x40, 0x7f, 0x00
};
// 'wpressr', 16x16px
const unsigned char fab_16x16_fa_wpressr [] PROGMEM = {
	0xe0, 0xf8, 0xfc, 0x3c, 0x1e, 0x5e, 0x7f, 0xff, 0x7f, 0x1f, 0x1e, 0x1e, 0x9c, 0xfc, 0xf8, 0xe0, 
	0x07, 0x1f, 0x3d, 0x38, 0x78, 0x78, 0xf8, 0xf8, 0xfc, 0xfe, 0x7e, 0x7e, 0x3f, 0x3f, 0x1f, 0x07
};
// 'xbox', 16x16px
const unsigned char fab_16x16_fa_xbox [] PROGMEM = {
	0xc0, 0xf0, 0xf8, 0xf8, 0x38, 0x10, 0x03, 0x83, 0x83, 0x03, 0x10, 0x38, 0xf8, 0xf8, 0xf0, 0xc0, 
	0x03, 0x0f, 0x03, 0x38, 0x7c, 0x7e, 0xff, 0xff, 0xff, 0xff, 0x7e, 0x7c, 0x38, 0x03, 0x0f, 0x03
};
// 'xing', 16x16px
const unsigned char fab_16x16_fa_xing [] PROGMEM = {
	0x00, 0x00, 0x00, 0x10, 0xf0, 0xf0, 0xe0, 0x00, 0xc0, 0xf0, 0xfc, 0x3e, 0x0e, 0x02, 0x00, 0x00, 
	0x00, 0x00, 0x06, 0x07, 0x07, 0x01, 0x00, 0x07, 0x1f, 0x7f, 0x78, 0x60, 0x00, 0x00, 0x00, 0x00
};
// 'xing-square', 16x16px
const unsigned char fab_16x16_fa_xing_square [] PROGMEM = {
	0x00, 0xfe, 0xfe, 0xfe, 0xfe, 0x1e, 0x3e, 0xfe, 0x3e, 0x1e, 0xc6, 0xe6, 0xfe, 0xfe, 0xfe, 0x00, 
	0x00, 0x7f, 0x7f, 0x7f, 0x7c, 0x7c, 0x7f, 0x7c, 0x70, 0x63, 0x6f, 0x7f, 0x7f, 0x7f, 0x7f, 0x00
};
// 'yahoo', 16x16px
const unsigned char fab_16x16_fa_yahoo [] PROGMEM = {
	0x00, 0x70, 0xf0, 0xe0, 0x80, 0x00, 0xc0, 0xf0, 0xf0, 0x00, 0xe0, 0xf8, 0xfe, 0x3e, 0x0e, 0x00, 
	0x00, 0x00, 0x01, 0x6f, 0x7f, 0x7f, 0x1f, 0x03, 0x04, 0x0e, 0x0e, 0x0e, 0x00, 0x00, 0x00, 0x00
};
// 'yammer', 16x16px
const unsigned char fab_16x16_fa_yammer [] PROGMEM = {
	0x00, 0x0c, 0x78, 0xe0, 0x00, 0x80, 0xe0, 0x3c, 0x0c, 0x00, 0x20, 0x30, 0x10, 0x80, 0x80, 0x00, 
	0x00, 0x20, 0x20, 0x31, 0x1f, 0x07, 0x01, 0x00, 0x00, 0x00, 0x04, 0x09, 0x19, 0x01, 0x01, 0x00
};
// 'yandex', 16x16px
const unsigned char fab_16x16_fa_yandex [] PROGMEM = {
	0x00, 0x00, 0x00, 0x00, 0x00, 0xfc, 0xfe, 0x03, 0x03, 0x03, 0xff, 0xff, 0x00, 0x00, 0x00, 0x00, 
	0x00, 0x00, 0x00, 0x00, 0x80, 0xe0, 0x79, 0x1f, 0x07, 0x03, 0xff, 0xff, 0x00, 0x00, 0x00, 0x00
};
// 'yandex-international', 16x16px
const unsigned char fab_16x16_fa_yandex_international [] PROGMEM = {
	0x00, 0x00, 0x00, 0x00, 0x0c, 0x7c, 0xe0, 0x80, 0x80, 0xf0, 0x3e, 0x07, 0x00, 0x00, 0x00, 0x00, 
	0x00, 0x00, 0x00, 0x00, 0x00, 0x00, 0x01, 0xff, 0xff, 0x01, 0x00, 0x00, 0x00, 0x00, 0x00, 0x00
};
// 'yarn', 16x16px
const unsigned char fab_16x16_fa_yarn [] PROGMEM = {
	0xe0, 0xf8, 0xfc, 0xfc, 0xfe, 0xfe, 0xff, 0xff, 0xff, 0xff, 0xfe, 0xfe, 0xfc, 0xfc, 0xf8, 0xe0, 
	0x07, 0x1f, 0x3f, 0x3f, 0x7f, 0x7f, 0xff, 0xff, 0xff, 0xff, 0x7f, 0x7f, 0x3f, 0x3f, 0x1f, 0x07
};
// 'y-combinator', 16x16px
const unsigned char fab_16x16_fa_y_combinator [] PROGMEM = {
	0x00, 0xfe, 0xfe, 0xfe, 0xfe, 0xfe, 0x9e, 0x7e, 0x7e, 0x9e, 0xfe, 0xfe, 0xfe, 0xfe, 0xfe, 0x00, 
	0x00, 0x7f, 0x7f, 0x7f, 0x7f, 0x7f, 0x7f, 0x78, 0x7e, 0x7f, 0x7f, 0x7f, 0x7f, 0x7f, 0x7f, 0x00
};
// 'yelp', 16x16px
const unsigned char fab_16x16_fa_yelp [] PROGMEM = {
	0x00, 0x00, 0x00, 0x00, 0x0e, 0x1f, 0x7f, 0xff, 0x00, 0x00, 0xc0, 0xe0, 0xe0, 0x80, 0x00, 0x00, 
	0x00, 0x00, 0x07, 0x07, 0x07, 0xe6, 0xf2, 0xf8, 0x00, 0x09, 0x39, 0x79, 0x39, 0x10, 0x00, 0x00
};
// 'yoast', 16x16px
const unsigned char fab_16x16_fa_yoast [] PROGMEM = {
	0x00, 0xf0, 0x00, 0x00, 0x00, 0xf0, 0xe0, 0x00, 0x80, 0xe0, 0xfc, 0x1e, 0x02, 0x00, 0xf8, 0x00, 
	0x00, 0x1f, 0x20, 0x00, 0x00, 0x40, 0x63, 0x3f, 0x1f, 0x03, 0x00, 0x00, 0x00, 0x00, 0x3f, 0x00
};
// 'youtube', 16x16px
const unsigned char fab_16x16_fa_youtube [] PROGMEM = {
	0xe0, 0xf8, 0xf8, 0xf8, 0xf8, 0xf8, 0x78, 0x38, 0x78, 0xf8, 0xf8, 0xf8, 0xf8, 0xf8, 0xf8, 0xe0, 
	0x07, 0x1f, 0x1f, 0x1f, 0x1f, 0x1f, 0x1e, 0x1c, 0x1e, 0x1f, 0x1f, 0x1f, 0x1f, 0x1f, 0x1f, 0x07
};
// 'youtube-square', 16x16px
const unsigned char fab_16x16_fa_youtube_square [] PROGMEM = {
	0x00, 0xfe, 0x3e, 0x0e, 0x0e, 0x0e, 0x0e, 0x8e, 0x8e, 0x0e, 0x0e, 0x0e, 0x0e, 0x3e, 0xfe, 0x00, 
	0x00, 0x7f, 0x7c, 0x70, 0x70, 0x70, 0x70, 0x71, 0x71, 0x70, 0x70, 0x70, 0x70, 0x7c, 0x7f, 0x00
};
// 'zhihu', 16x16px
const unsigned char fab_16x16_fa_zhihu [] PROGMEM = {
	0x40, 0x60, 0x40, 0x00, 0xc0, 0x00, 0x40, 0x00, 0x00, 0x00, 0x00, 0x00, 0xe0, 0x20, 0x20, 0x00, 
	0x00, 0x05, 0x07, 0x00, 0x07, 0x08, 0x04, 0x00, 0x00, 0x00, 0x01, 0x08, 0x0f, 0x00, 0x00, 0x00
};

// Array of all bitmaps for convenience. (Total bytes used to store images in PROGMEM = 21936)
const int fab_16x16_fa_all_LEN = 457;
const unsigned char* fab_16x16_fa_all[457] = {
	fab_16x16_fa_500px,
	fab_16x16_fa_accessible_icon,
	fab_16x16_fa_accusoft,
	fab_16x16_fa_acquisitions_incorporated,
	fab_16x16_fa_adn,
	fab_16x16_fa_adversal,
	fab_16x16_fa_affiliatetheme,
	fab_16x16_fa_airbnb,
	fab_16x16_fa_algolia,
	fab_16x16_fa_alipay,
	fab_16x16_fa_amazon,
	fab_16x16_fa_amazon_pay,
	fab_16x16_fa_amilia,
	fab_16x16_fa_android,
	fab_16x16_fa_angellist,
	fab_16x16_fa_angrycreative,
	fab_16x16_fa_angular,
	fab_16x16_fa_app_store,
	fab_16x16_fa_app_store_ios,
	fab_16x16_fa_apper,
	fab_16x16_fa_apple,
	fab_16x16_fa_apple_pay,
	fab_16x16_fa_artstation,
	fab_16x16_fa_asymmetrik,
	fab_16x16_fa_atlassian,
	fab_16x16_fa_audible,
	fab_16x16_fa_autoprefixer,
	fab_16x16_fa_avianex,
	fab_16x16_fa_aviato,
	fab_16x16_fa_aws,
	fab_16x16_fa_bandcamp,
	fab_16x16_fa_battle_net,
	fab_16x16_fa_behance,
	fab_16x16_fa_behance_square,
	fab_16x16_fa_bimobject,
	fab_16x16_fa_bitbucket,
	fab_16x16_fa_bitcoin,
	fab_16x16_fa_bity,
	fab_16x16_fa_black_tie,
	fab_16x16_fa_blackberry,
	fab_16x16_fa_blogger,
	fab_16x16_fa_blogger_b,
	fab_16x16_fa_bluetooth,
	fab_16x16_fa_bluetooth_b,
	fab_16x16_fa_bootstrap,
	fab_16x16_fa_btc,
	fab_16x16_fa_buffer,
	fab_16x16_fa_buromobelexperte,
	fab_16x16_fa_buy_n_large,
	fab_16x16_fa_buysellads,
	fab_16x16_fa_canadian_maple_leaf,
	fab_16x16_fa_cc_amazon_pay,
	fab_16x16_fa_cc_amex,
	fab_16x16_fa_cc_apple_pay,
	fab_16x16_fa_cc_diners_club,
	fab_16x16_fa_cc_discover,
	fab_16x16_fa_cc_jcb,
	fab_16x16_fa_cc_mastercard,
	fab_16x16_fa_cc_paypal,
	fab_16x16_fa_cc_stripe,
	fab_16x16_fa_cc_visa,
	fab_16x16_fa_centercode,
	fab_16x16_fa_centos,
	fab_16x16_fa_chrome,
	fab_16x16_fa_chromecast,
	fab_16x16_fa_cloudflare,
	fab_16x16_fa_cloudscale,
	fab_16x16_fa_cloudsmith,
	fab_16x16_fa_cloudversify,
	fab_16x16_fa_codepen,
	fab_16x16_fa_codiepie,
	fab_16x16_fa_confluence,
	fab_16x16_fa_connectdevelop,
	fab_16x16_fa_contao,
	fab_16x16_fa_cotton_bureau,
	fab_16x16_fa_cpanel,
	fab_16x16_fa_creative_commons,
	fab_16x16_fa_creative_commons_by,
	fab_16x16_fa_creative_commons_nc,
	fab_16x16_fa_creative_commons_nc_eu,
	fab_16x16_fa_creative_commons_nc_jp,
	fab_16x16_fa_creative_commons_nd,
	fab_16x16_fa_creative_commons_pd,
	fab_16x16_fa_creative_commons_pd_alt,
	fab_16x16_fa_creative_commons_remix,
	fab_16x16_fa_creative_commons_sa,
	fab_16x16_fa_creative_commons_sampling,
	fab_16x16_fa_creative_commons_sampling_plus,
	fab_16x16_fa_creative_commons_share,
	fab_16x16_fa_creative_commons_zero,
	fab_16x16_fa_critical_role,
	fab_16x16_fa_css3,
	fab_16x16_fa_css3_alt,
	fab_16x16_fa_cuttlefish,
	fab_16x16_fa_d_and_d,
	fab_16x16_fa_d_and_d_beyond,
	fab_16x16_fa_dailymotion,
	fab_16x16_fa_dashcube,
	fab_16x16_fa_deezer,
	fab_16x16_fa_delicious,
	fab_16x16_fa_deploydog,
	fab_16x16_fa_deskpro,
	fab_16x16_fa_dev,
	fab_16x16_fa_deviantart,
	fab_16x16_fa_dhl,
	fab_16x16_fa_diaspora,
	fab_16x16_fa_digg,
	fab_16x16_fa_digital_ocean,
	fab_16x16_fa_discord,
	fab_16x16_fa_discourse,
	fab_16x16_fa_dochub,
	fab_16x16_fa_docker,
	fab_16x16_fa_draft2digital,
	fab_16x16_fa_dribbble,
	fab_16x16_fa_dribbble_square,
	fab_16x16_fa_dropbox,
	fab_16x16_fa_drupal,
	fab_16x16_fa_dyalog,
	fab_16x16_fa_earlybirds,
	fab_16x16_fa_ebay,
	fab_16x16_fa_edge,
	fab_16x16_fa_edge_legacy,
	fab_16x16_fa_elementor,
	fab_16x16_fa_ello,
	fab_16x16_fa_ember,
	fab_16x16_fa_empire,
	fab_16x16_fa_envira,
	fab_16x16_fa_erlang,
	fab_16x16_fa_ethereum,
	fab_16x16_fa_etsy,
	fab_16x16_fa_evernote,
	fab_16x16_fa_expeditedssl,
	fab_16x16_fa_facebook,
	fab_16x16_fa_facebook_f,
	fab_16x16_fa_facebook_messenger,
	fab_16x16_fa_facebook_square,
	fab_16x16_fa_fantasy_flight_games,
	fab_16x16_fa_fedex,
	fab_16x16_fa_fedora,
	fab_16x16_fa_figma,
	fab_16x16_fa_firefox,
	fab_16x16_fa_firefox_browser,
	fab_16x16_fa_first_order,
	fab_16x16_fa_first_order_alt,
	fab_16x16_fa_firstdraft,
	fab_16x16_fa_flickr,
	fab_16x16_fa_flipboard,
	fab_16x16_fa_fly,
	fab_16x16_fa_font_awesome,
	fab_16x16_fa_font_awesome_alt,
	fab_16x16_fa_font_awesome_flag,
	fab_16x16_fa_font_awesome_logo_full,
	fab_16x16_fa_fonticons,
	fab_16x16_fa_fonticons_fi,
	fab_16x16_fa_fort_awesome,
	fab_16x16_fa_fort_awesome_alt,
	fab_16x16_fa_forumbee,
	fab_16x16_fa_foursquare,
	fab_16x16_fa_free_code_camp,
	fab_16x16_fa_freebsd,
	fab_16x16_fa_fulcrum,
	fab_16x16_fa_galactic_republic,
	fab_16x16_fa_galactic_senate,
	fab_16x16_fa_get_pocket,
	fab_16x16_fa_gg,
	fab_16x16_fa_gg_circle,
	fab_16x16_fa_git,
	fab_16x16_fa_git_alt,
	fab_16x16_fa_git_square,
	fab_16x16_fa_github,
	fab_16x16_fa_github_alt,
	fab_16x16_fa_github_square,
	fab_16x16_fa_gitkraken,
	fab_16x16_fa_gitlab,
	fab_16x16_fa_gitter,
	fab_16x16_fa_glide,
	fab_16x16_fa_glide_g,
	fab_16x16_fa_gofore,
	fab_16x16_fa_goodreads,
	fab_16x16_fa_goodreads_g,
	fab_16x16_fa_google,
	fab_16x16_fa_google_drive,
	fab_16x16_fa_google_pay,
	fab_16x16_fa_google_play,
	fab_16x16_fa_google_plus,
	fab_16x16_fa_google_plus_g,
	fab_16x16_fa_google_plus_square,
	fab_16x16_fa_google_wallet,
	fab_16x16_fa_gratipay,
	fab_16x16_fa_grav,
	fab_16x16_fa_gripfire,
	fab_16x16_fa_grunt,
	fab_16x16_fa_guilded,
	fab_16x16_fa_gulp,
	fab_16x16_fa_hacker_news,
	fab_16x16_fa_hacker_news_square,
	fab_16x16_fa_hackerrank,
	fab_16x16_fa_hips,
	fab_16x16_fa_hire_a_helper,
	fab_16x16_fa_hive,
	fab_16x16_fa_hooli,
	fab_16x16_fa_hornbill,
	fab_16x16_fa_hotjar,
	fab_16x16_fa_houzz,
	fab_16x16_fa_html5,
	fab_16x16_fa_hubspot,
	fab_16x16_fa_ideal,
	fab_16x16_fa_imdb,
	fab_16x16_fa_innosoft,
	fab_16x16_fa_instagram,
	fab_16x16_fa_instagram_square,
	fab_16x16_fa_instalod,
	fab_16x16_fa_intercom,
	fab_16x16_fa_internet_explorer,
	fab_16x16_fa_invision,
	fab_16x16_fa_ioxhost,
	fab_16x16_fa_itch_io,
	fab_16x16_fa_itunes,
	fab_16x16_fa_itunes_note,
	fab_16x16_fa_java,
	fab_16x16_fa_jedi_order,
	fab_16x16_fa_jenkins,
	fab_16x16_fa_jira,
	fab_16x16_fa_joget,
	fab_16x16_fa_joomla,
	fab_16x16_fa_js,
	fab_16x16_fa_js_square,
	fab_16x16_fa_jsfiddle,
	fab_16x16_fa_kaggle,
	fab_16x16_fa_keybase,
	fab_16x16_fa_keycdn,
	fab_16x16_fa_kickstarter,
	fab_16x16_fa_kickstarter_k,
	fab_16x16_fa_korvue,
	fab_16x16_fa_laravel,
	fab_16x16_fa_lastfm,
	fab_16x16_fa_lastfm_square,
	fab_16x16_fa_leanpub,
	fab_16x16_fa_less,
	fab_16x16_fa_line,
	fab_16x16_fa_linkedin,
	fab_16x16_fa_linkedin_in,
	fab_16x16_fa_linode,
	fab_16x16_fa_linux,
	fab_16x16_fa_lyft,
	fab_16x16_fa_magento,
	fab_16x16_fa_mailchimp,
	fab_16x16_fa_mandalorian,
	fab_16x16_fa_markdown,
	fab_16x16_fa_mastodon,
	fab_16x16_fa_maxcdn,
	fab_16x16_fa_mdb,
	fab_16x16_fa_medapps,
	fab_16x16_fa_medium,
	fab_16x16_fa_medium_m,
	fab_16x16_fa_medrt,
	fab_16x16_fa_meetup,
	fab_16x16_fa_megaport,
	fab_16x16_fa_mendeley,
	fab_16x16_fa_microblog,
	fab_16x16_fa_microsoft,
	fab_16x16_fa_mix,
	fab_16x16_fa_mixcloud,
	fab_16x16_fa_mixer,
	fab_16x16_fa_mizuni,
	fab_16x16_fa_modx,
	fab_16x16_fa_monero,
	fab_16x16_fa_napster,
	fab_16x16_fa_neos,
	fab_16x16_fa_nimblr,
	fab_16x16_fa_node,
	fab_16x16_fa_node_js,
	fab_16x16_fa_npm,
	fab_16x16_fa_ns8,
	fab_16x16_fa_nutritionix,
	fab_16x16_fa_octopus_deploy,
	fab_16x16_fa_odnoklassniki,
	fab_16x16_fa_odnoklassniki_square,
	fab_16x16_fa_old_republic,
	fab_16x16_fa_opencart,
	fab_16x16_fa_openid,
	fab_16x16_fa_opera,
	fab_16x16_fa_optin_monster,
	fab_16x16_fa_orcid,
	fab_16x16_fa_osi,
	fab_16x16_fa_page4,
	fab_16x16_fa_pagelines,
	fab_16x16_fa_palfed,
	fab_16x16_fa_patreon,
	fab_16x16_fa_paypal,
	fab_16x16_fa_penny_arcade,
	fab_16x16_fa_perbyte,
	fab_16x16_fa_periscope,
	fab_16x16_fa_phabricator,
	fab_16x16_fa_phoenix_framework,
	fab_16x16_fa_phoenix_squadron,
	fab_16x16_fa_php,
	fab_16x16_fa_pied_piper,
	fab_16x16_fa_pied_piper_alt,
	fab_16x16_fa_pied_piper_hat,
	fab_16x16_fa_pied_piper_pp,
	fab_16x16_fa_pied_piper_square,
	fab_16x16_fa_pinterest,
	fab_16x16_fa_pinterest_p,
	fab_16x16_fa_pinterest_square,
	fab_16x16_fa_playstation,
	fab_16x16_fa_product_hunt,
	fab_16x16_fa_pushed,
	fab_16x16_fa_python,
	fab_16x16_fa_qq,
	fab_16x16_fa_quinscape,
	fab_16x16_fa_quora,
	fab_16x16_fa_r_project,
	fab_16x16_fa_raspberry_pi,
	fab_16x16_fa_ravelry,
	fab_16x16_fa_react,
	fab_16x16_fa_reacteurope,
	fab_16x16_fa_readme,
	fab_16x16_fa_rebel,
	fab_16x16_fa_red_river,
	fab_16x16_fa_reddit,
	fab_16x16_fa_reddit_alien,
	fab_16x16_fa_reddit_square,
	fab_16x16_fa_redhat,
	fab_16x16_fa_renren,
	fab_16x16_fa_replyd,
	fab_16x16_fa_researchgate,
	fab_16x16_fa_resolving,
	fab_16x16_fa_rev,
	fab_16x16_fa_rocketchat,
	fab_16x16_fa_rockrms,
	fab_16x16_fa_rust,
	fab_16x16_fa_safari,
	fab_16x16_fa_salesforce,
	fab_16x16_fa_sass,
	fab_16x16_fa_schlix,
	fab_16x16_fa_scribd,
	fab_16x16_fa_searchengin,
	fab_16x16_fa_sellcast,
	fab_16x16_fa_sellsy,
	fab_16x16_fa_servicestack,
	fab_16x16_fa_shirtsinbulk,
	fab_16x16_fa_shopify,
	fab_16x16_fa_shopware,
	fab_16x16_fa_simplybuilt,
	fab_16x16_fa_sistrix,
	fab_16x16_fa_sith,
	fab_16x16_fa_sketch,
	fab_16x16_fa_skyatlas,
	fab_16x16_fa_skype,
	fab_16x16_fa_slack,
	fab_16x16_fa_slack_hash,
	fab_16x16_fa_slideshare,
	fab_16x16_fa_snapchat,
	fab_16x16_fa_snapchat_ghost,
	fab_16x16_fa_snapchat_square,
	fab_16x16_fa_soundcloud,
	fab_16x16_fa_sourcetree,
	fab_16x16_fa_speakap,
	fab_16x16_fa_speaker_deck,
	fab_16x16_fa_spotify,
	fab_16x16_fa_squarespace,
	fab_16x16_fa_stack_exchange,
	fab_16x16_fa_stack_overflow,
	fab_16x16_fa_stackpath,
	fab_16x16_fa_staylinked,
	fab_16x16_fa_steam,
	fab_16x16_fa_steam_square,
	fab_16x16_fa_steam_symbol,
	fab_16x16_fa_sticker_mule,
	fab_16x16_fa_strava,
	fab_16x16_fa_stripe,
	fab_16x16_fa_stripe_s,
	fab_16x16_fa_studiovinari,
	fab_16x16_fa_stumbleupon,
	fab_16x16_fa_stumbleupon_circle,
	fab_16x16_fa_superpowers,
	fab_16x16_fa_supple,
	fab_16x16_fa_suse,
	fab_16x16_fa_swift,
	fab_16x16_fa_symfony,
	fab_16x16_fa_teamspeak,
	fab_16x16_fa_telegram,
	fab_16x16_fa_telegram_plane,
	fab_16x16_fa_tencent_weibo,
	fab_16x16_fa_the_red_yeti,
	fab_16x16_fa_themeco,
	fab_16x16_fa_themeisle,
	fab_16x16_fa_think_peaks,
	fab_16x16_fa_tiktok,
	fab_16x16_fa_trade_federation,
	fab_16x16_fa_trello,
	fab_16x16_fa_tumblr,
	fab_16x16_fa_tumblr_square,
	fab_16x16_fa_twitch,
	fab_16x16_fa_twitter,
	fab_16x16_fa_twitter_square,
	fab_16x16_fa_typo3,
	fab_16x16_fa_uber,
	fab_16x16_fa_ubuntu,
	fab_16x16_fa_uikit,
	fab_16x16_fa_umbraco,
	fab_16x16_fa_uncharted,
	fab_16x16_fa_uniregistry,
	fab_16x16_fa_unity,
	fab_16x16_fa_unsplash,
	fab_16x16_fa_untappd,
	fab_16x16_fa_ups,
	fab_16x16_fa_usb,
	fab_16x16_fa_usps,
	fab_16x16_fa_ussunnah,
	fab_16x16_fa_vaadin,
	fab_16x16_fa_viacoin,
	fab_16x16_fa_viadeo,
	fab_16x16_fa_viadeo_square,
	fab_16x16_fa_viber,
	fab_16x16_fa_vimeo,
	fab_16x16_fa_vimeo_square,
	fab_16x16_fa_vimeo_v,
	fab_16x16_fa_vine,
	fab_16x16_fa_vk,
	fab_16x16_fa_vnv,
	fab_16x16_fa_vuejs,
	fab_16x16_fa_watchman_monitoring,
	fab_16x16_fa_waze,
	fab_16x16_fa_weebly,
	fab_16x16_fa_weibo,
	fab_16x16_fa_weixin,
	fab_16x16_fa_whatsapp,
	fab_16x16_fa_whatsapp_square,
	fab_16x16_fa_whmcs,
	fab_16x16_fa_wikipedia_w,
	fab_16x16_fa_windows,
	fab_16x16_fa_wix,
	fab_16x16_fa_wizards_of_the_coast,
	fab_16x16_fa_wodu,
	fab_16x16_fa_wolf_pack_battalion,
	fab_16x16_fa_wordpress,
	fab_16x16_fa_wordpress_simple,
	fab_16x16_fa_wpbeginner,
	fab_16x16_fa_wpexplorer,
	fab_16x16_fa_wpforms,
	fab_16x16_fa_wpressr,
	fab_16x16_fa_xbox,
	fab_16x16_fa_xing,
	fab_16x16_fa_xing_square,
	fab_16x16_fa_y_combinator,
	fab_16x16_fa_yahoo,
	fab_16x16_fa_yammer,
	fab_16x16_fa_yandex,
	fab_16x16_fa_yandex_international,
	fab_16x16_fa_yarn,
	fab_16x16_fa_yelp,
	fab_16x16_fa_yoast,
	fab_16x16_fa_youtube,
	fab_16x16_fa_youtube_square,
	fab_16x16_fa_zhihu
};
