// 'address-book', 32x32px
const unsigned char far_32x32_fa_address_book [] PROGMEM = {
	0x00, 0x00, 0xfe, 0xff, 0xff, 0x07, 0x07, 0x07, 0x07, 0x07, 0x07, 0x07, 0x07, 0x07, 0x07, 0x07, 
	0x07, 0x07, 0x07, 0x07, 0x07, 0x07, 0x07, 0x07, 0x07, 0xff, 0xff, 0xfe, 0xc0, 0xc0, 0x00, 0x00, 
	0x00, 0x00, 0xff, 0xff, 0xff, 0x00, 0x00, 0x00, 0x00, 0x00, 0x00, 0x3c, 0x7e, 0xff, 0xff, 0xff, 
	0xff, 0x7e, 0x3c, 0x00, 0x00, 0x00, 0x00, 0x00, 0x00, 0xff, 0xff, 0xff, 0xc3, 0xc3, 0x00, 0x00, 
	0x00, 0x00, 0xff, 0xff, 0xff, 0x00, 0x00, 0x00, 0xf0, 0xf8, 0xfc, 0xfc, 0xfc, 0xfc, 0xfc, 0xfc, 
	0xfc, 0xfc, 0xfc, 0xfc, 0xf8, 0xf0, 0x00, 0x00, 0x00, 0xff, 0xff, 0xff, 0xc3, 0xc3, 0x00, 0x00, 
	0x00, 0x00, 0x7f, 0xff, 0xff, 0xe0, 0xe0, 0xe0, 0xe0, 0xe0, 0xe0, 0xe0, 0xe0, 0xe0, 0xe0, 0xe0, 
	0xe0, 0xe0, 0xe0, 0xe0, 0xe0, 0xe0, 0xe0, 0xe0, 0xe0, 0xff, 0xff, 0x7f, 0x03, 0x03, 0x00, 0x00
};
// 'address-card', 32x32px
const unsigned char far_32x32_fa_address_card [] PROGMEM = {
	0xe0, 0xf0, 0xf0, 0x30, 0x30, 0x30, 0x30, 0x30, 0x30, 0x30, 0x30, 0x30, 0x30, 0x30, 0x30, 0x30, 
	0x30, 0x30, 0x30, 0x30, 0x30, 0x30, 0x30, 0x30, 0x30, 0x30, 0x30, 0x30, 0x30, 0xf0, 0xf0, 0xe0, 
	0xff, 0xff, 0xff, 0x00, 0x00, 0x00, 0x00, 0x00, 0x38, 0x7c, 0xfe, 0xfe, 0xfe, 0x7c, 0x38, 0x00, 
	0x00, 0x00, 0x00, 0x00, 0xd8, 0xd8, 0xd8, 0xd8, 0xd8, 0xd8, 0x88, 0x00, 0x00, 0xff, 0xff, 0xff, 
	0xff, 0xff, 0xff, 0x00, 0x00, 0x30, 0x78, 0x7c, 0x7c, 0x7c, 0x7c, 0x7c, 0x7c, 0x7c, 0x7c, 0x7c, 
	0x78, 0x70, 0x00, 0x00, 0x0c, 0x0c, 0x0c, 0x0c, 0x0c, 0x0c, 0x04, 0x00, 0x00, 0xff, 0xff, 0xff, 
	0x07, 0x0f, 0x0f, 0x0c, 0x0c, 0x0c, 0x0c, 0x0c, 0x0c, 0x0c, 0x0c, 0x0c, 0x0c, 0x0c, 0x0c, 0x0c, 
	0x0c, 0x0c, 0x0c, 0x0c, 0x0c, 0x0c, 0x0c, 0x0c, 0x0c, 0x0c, 0x0c, 0x0c, 0x0c, 0x0f, 0x0f, 0x07
};
// 'angry', 32x32px
const unsigned char far_32x32_fa_angry [] PROGMEM = {
	0x00, 0x00, 0x00, 0x80, 0xc0, 0xe0, 0xf0, 0x78, 0x38, 0x3c, 0x1c, 0x1e, 0x0e, 0x0e, 0x0e, 0x0f, 
	0x0f, 0x0f, 0x0e, 0x0e, 0x0e, 0x1e, 0x1c, 0x3c, 0x38, 0x78, 0xf0, 0xe0, 0xc0, 0x80, 0x00, 0x00, 
	0x00, 0xf0, 0xfe, 0xff, 0x1f, 0x03, 0x01, 0x18, 0x38, 0x38, 0xf8, 0xf8, 0xf0, 0x70, 0x70, 0x00, 
	0x00, 0x00, 0x70, 0x70, 0xf0, 0xf8, 0xf8, 0x38, 0x38, 0x18, 0x01, 0x03, 0x1f, 0xff, 0xfe, 0xf0, 
	0x00, 0x0f, 0x7f, 0xff, 0xf8, 0xc0, 0x80, 0x00, 0x00, 0x00, 0x01, 0xc1, 0xe1, 0xf0, 0x70, 0x70, 
	0x78, 0x70, 0x70, 0xf0, 0xe1, 0xc1, 0x01, 0x00, 0x00, 0x00, 0x80, 0xc0, 0xf8, 0xff, 0x7f, 0x0f, 
	0x00, 0x00, 0x00, 0x01, 0x03, 0x07, 0x0f, 0x1e, 0x1c, 0x3c, 0x38, 0x78, 0x70, 0x70, 0x70, 0xf0, 
	0xf0, 0xf0, 0x70, 0x70, 0x70, 0x78, 0x38, 0x3c, 0x1c, 0x1e, 0x0f, 0x07, 0x03, 0x01, 0x00, 0x00
};
// 'arrow-alt-circle-down', 32x32px
const unsigned char far_32x32_fa_arrow_alt_circle_down [] PROGMEM = {
	0x00, 0x00, 0x00, 0x80, 0xc0, 0xe0, 0xf0, 0x78, 0x3c, 0x1c, 0x1e, 0x0e, 0x0e, 0x0e, 0x0f, 0x0f, 
	0x0f, 0x0f, 0x0e, 0x0e, 0x0e, 0x1e, 0x1c, 0x3c, 0x78, 0xf0, 0xe0, 0xc0, 0x80, 0x00, 0x00, 0x00, 
	0xc0, 0xfc, 0xff, 0xff, 0x07, 0x01, 0x00, 0x00, 0x00, 0x00, 0x00, 0x00, 0x00, 0x00, 0xff, 0xff, 
	0xff, 0xff, 0x00, 0x00, 0x00, 0x00, 0x00, 0x00, 0x00, 0x00, 0x01, 0x07, 0xff, 0xff, 0xfc, 0xc0, 
	0x03, 0x3f, 0xff, 0xff, 0xe0, 0x80, 0x00, 0x00, 0x00, 0x03, 0x07, 0x0f, 0x1f, 0x3f, 0x7f, 0x7f, 
	0x7f, 0x7f, 0x3f, 0x1f, 0x0f, 0x07, 0x03, 0x00, 0x00, 0x00, 0x80, 0xe0, 0xff, 0xff, 0x3f, 0x03, 
	0x00, 0x00, 0x00, 0x01, 0x03, 0x07, 0x0f, 0x1e, 0x3c, 0x38, 0x78, 0x70, 0x70, 0x70, 0xf0, 0xf0, 
	0xf0, 0xf0, 0x70, 0x70, 0x70, 0x78, 0x38, 0x3c, 0x1e, 0x0f, 0x07, 0x03, 0x01, 0x00, 0x00, 0x00
};
// 'arrow-alt-circle-left', 32x32px
const unsigned char far_32x32_fa_arrow_alt_circle_left [] PROGMEM = {
	0x00, 0x00, 0x00, 0x80, 0xc0, 0xe0, 0xf0, 0x78, 0x3c, 0x1c, 0x1e, 0x0e, 0x0e, 0x0e, 0x0f, 0x0f, 
	0x0f, 0x0f, 0x0e, 0x0e, 0x0e, 0x1e, 0x1c, 0x3c, 0x78, 0xf0, 0xe0, 0xc0, 0x80, 0x00, 0x00, 0x00, 
	0xc0, 0xfc, 0xff, 0xff, 0x07, 0x01, 0x00, 0x00, 0x00, 0xc0, 0xe0, 0xf0, 0xf8, 0xfc, 0xfe, 0xfe, 
	0xc0, 0xc0, 0xc0, 0xc0, 0xc0, 0xc0, 0xc0, 0xc0, 0x00, 0x00, 0x01, 0x07, 0xff, 0xff, 0xfc, 0xc0, 
	0x03, 0x3f, 0xff, 0xff, 0xe0, 0x80, 0x00, 0x00, 0x00, 0x03, 0x07, 0x0f, 0x1f, 0x3f, 0x7f, 0x7f, 
	0x03, 0x03, 0x03, 0x03, 0x03, 0x03, 0x03, 0x03, 0x00, 0x00, 0x80, 0xe0, 0xff, 0xff, 0x3f, 0x03, 
	0x00, 0x00, 0x00, 0x01, 0x03, 0x07, 0x0f, 0x1e, 0x3c, 0x38, 0x78, 0x70, 0x70, 0x70, 0xf0, 0xf0, 
	0xf0, 0xf0, 0x70, 0x70, 0x70, 0x78, 0x38, 0x3c, 0x1e, 0x0f, 0x07, 0x03, 0x01, 0x00, 0x00, 0x00
};
// 'arrow-alt-circle-right', 32x32px
const unsigned char far_32x32_fa_arrow_alt_circle_right [] PROGMEM = {
	0x00, 0x00, 0x00, 0x80, 0xc0, 0xe0, 0xf0, 0x78, 0x3c, 0x1c, 0x1e, 0x0e, 0x0e, 0x0e, 0x0f, 0x0f, 
	0x0f, 0x0f, 0x0e, 0x0e, 0x0e, 0x1e, 0x1c, 0x3c, 0x78, 0xf0, 0xe0, 0xc0, 0x80, 0x00, 0x00, 0x00, 
	0xc0, 0xfc, 0xff, 0xff, 0x07, 0x01, 0x00, 0x00, 0xc0, 0xc0, 0xc0, 0xc0, 0xc0, 0xc0, 0xc0, 0xc0, 
	0xfe, 0xfe, 0xfc, 0xf8, 0xf0, 0xe0, 0xc0, 0x00, 0x00, 0x00, 0x01, 0x07, 0xff, 0xff, 0xfc, 0xc0, 
	0x03, 0x3f, 0xff, 0xff, 0xe0, 0x80, 0x00, 0x00, 0x03, 0x03, 0x03, 0x03, 0x03, 0x03, 0x03, 0x03, 
	0x7f, 0x7f, 0x3f, 0x1f, 0x0f, 0x07, 0x03, 0x00, 0x00, 0x00, 0x80, 0xe0, 0xff, 0xff, 0x3f, 0x03, 
	0x00, 0x00, 0x00, 0x01, 0x03, 0x07, 0x0f, 0x1e, 0x3c, 0x38, 0x78, 0x70, 0x70, 0x70, 0xf0, 0xf0, 
	0xf0, 0xf0, 0x70, 0x70, 0x70, 0x78, 0x38, 0x3c, 0x1e, 0x0f, 0x07, 0x03, 0x01, 0x00, 0x00, 0x00
};
// 'arrow-alt-circle-up', 32x32px
const unsigned char far_32x32_fa_arrow_alt_circle_up [] PROGMEM = {
	0x00, 0x00, 0x00, 0x80, 0xc0, 0xe0, 0xf0, 0x78, 0x3c, 0x1c, 0x1e, 0x0e, 0x0e, 0x0e, 0x0f, 0x0f, 
	0x0f, 0x0f, 0x0e, 0x0e, 0x0e, 0x1e, 0x1c, 0x3c, 0x78, 0xf0, 0xe0, 0xc0, 0x80, 0x00, 0x00, 0x00, 
	0xc0, 0xfc, 0xff, 0xff, 0x07, 0x01, 0x00, 0x00, 0x00, 0xc0, 0xe0, 0xf0, 0xf8, 0xfc, 0xfe, 0xfe, 
	0xfe, 0xfe, 0xfc, 0xf8, 0xf0, 0xe0, 0xc0, 0x00, 0x00, 0x00, 0x01, 0x07, 0xff, 0xff, 0xfc, 0xc0, 
	0x03, 0x3f, 0xff, 0xff, 0xe0, 0x80, 0x00, 0x00, 0x00, 0x00, 0x00, 0x00, 0x00, 0x00, 0xff, 0xff, 
	0xff, 0xff, 0x00, 0x00, 0x00, 0x00, 0x00, 0x00, 0x00, 0x00, 0x80, 0xe0, 0xff, 0xff, 0x3f, 0x03, 
	0x00, 0x00, 0x00, 0x01, 0x03, 0x07, 0x0f, 0x1e, 0x3c, 0x38, 0x78, 0x70, 0x70, 0x70, 0xf0, 0xf0, 
	0xf0, 0xf0, 0x70, 0x70, 0x70, 0x78, 0x38, 0x3c, 0x1e, 0x0f, 0x07, 0x03, 0x01, 0x00, 0x00, 0x00
};
// 'bell', 32x32px
const unsigned char far_32x32_fa_bell [] PROGMEM = {
	0x00, 0x00, 0x00, 0x00, 0x00, 0x00, 0x00, 0x00, 0xc0, 0xe0, 0xe0, 0xf0, 0x70, 0x78, 0x3e, 0x3f, 
	0x3f, 0x3e, 0x78, 0x70, 0xf0, 0xe0, 0xe0, 0xc0, 0x00, 0x00, 0x00, 0x00, 0x00, 0x00, 0x00, 0x00, 
	0x00, 0x00, 0x00, 0x00, 0x00, 0x00, 0xfc, 0xff, 0xff, 0x07, 0x01, 0x00, 0x00, 0x00, 0x00, 0x00, 
	0x00, 0x00, 0x00, 0x00, 0x00, 0x01, 0x07, 0xff, 0xff, 0xfc, 0x00, 0x00, 0x00, 0x00, 0x00, 0x00, 
	0x00, 0x00, 0x80, 0xc0, 0xf0, 0xfe, 0xff, 0x9f, 0x83, 0x80, 0x80, 0x80, 0x80, 0x80, 0x80, 0x80, 
	0x80, 0x80, 0x80, 0x80, 0x80, 0x80, 0x80, 0x83, 0x9f, 0xff, 0xfe, 0xf0, 0xc0, 0x80, 0x00, 0x00, 
	0x00, 0x00, 0x01, 0x03, 0x03, 0x03, 0x03, 0x03, 0x03, 0x03, 0x03, 0x03, 0x33, 0x73, 0xf3, 0xf3, 
	0xf3, 0xf3, 0x73, 0x33, 0x03, 0x03, 0x03, 0x03, 0x03, 0x03, 0x03, 0x03, 0x03, 0x01, 0x00, 0x00
};
// 'bell-slash', 32x32px
const unsigned char far_32x32_fa_bell_slash [] PROGMEM = {
	0x18, 0x38, 0x70, 0xf0, 0xe0, 0xc0, 0x80, 0x00, 0x00, 0x00, 0x00, 0x80, 0xc0, 0xc0, 0xf0, 0xf8, 
	0xf8, 0xf0, 0xc0, 0xc0, 0x80, 0x00, 0x00, 0x00, 0x00, 0x00, 0x00, 0x00, 0x00, 0x00, 0x00, 0x00, 
	0x00, 0x00, 0x00, 0x00, 0x00, 0x01, 0x03, 0x07, 0x8f, 0x8e, 0x1c, 0x38, 0x71, 0xf1, 0xe0, 0xc0, 
	0x80, 0x00, 0x01, 0x01, 0x03, 0x1f, 0xfe, 0xf8, 0x00, 0x00, 0x00, 0x00, 0x00, 0x00, 0x00, 0x00, 
	0x00, 0x00, 0x00, 0x00, 0x00, 0xe0, 0xf0, 0xfe, 0xff, 0xc7, 0xc0, 0xc0, 0xc0, 0xc0, 0xc0, 0xc1, 
	0xc3, 0xc7, 0x8f, 0x8e, 0x1c, 0x38, 0x71, 0xf1, 0xe0, 0xc0, 0x80, 0x00, 0x00, 0x00, 0x00, 0x00, 
	0x00, 0x00, 0x00, 0x00, 0x00, 0x00, 0x00, 0x00, 0x00, 0x00, 0x00, 0x00, 0x00, 0x0c, 0x1c, 0x1c, 
	0x1c, 0x1c, 0x0c, 0x00, 0x00, 0x00, 0x00, 0x00, 0x00, 0x01, 0x03, 0x07, 0x0f, 0x0e, 0x1c, 0x18
};
// 'bookmark', 32x32px
const unsigned char far_32x32_fa_bookmark [] PROGMEM = {
	0x00, 0x00, 0x00, 0x00, 0xfe, 0xff, 0xff, 0x07, 0x07, 0x07, 0x07, 0x07, 0x07, 0x07, 0x07, 0x07, 
	0x07, 0x07, 0x07, 0x07, 0x07, 0x07, 0x07, 0x07, 0x07, 0xff, 0xff, 0xfe, 0x00, 0x00, 0x00, 0x00, 
	0x00, 0x00, 0x00, 0x00, 0xff, 0xff, 0xff, 0x00, 0x00, 0x00, 0x00, 0x00, 0x00, 0x00, 0x00, 0x00, 
	0x00, 0x00, 0x00, 0x00, 0x00, 0x00, 0x00, 0x00, 0x00, 0xff, 0xff, 0xff, 0x00, 0x00, 0x00, 0x00, 
	0x00, 0x00, 0x00, 0x00, 0xff, 0xff, 0xff, 0x00, 0x00, 0x00, 0x00, 0x00, 0x00, 0x80, 0xc0, 0xc0, 
	0xc0, 0xc0, 0x80, 0x00, 0x00, 0x00, 0x00, 0x00, 0x00, 0xff, 0xff, 0xff, 0x00, 0x00, 0x00, 0x00, 
	0x00, 0x00, 0x00, 0x00, 0xff, 0x7f, 0x7f, 0x3c, 0x1c, 0x1e, 0x0e, 0x0f, 0x07, 0x07, 0x03, 0x01, 
	0x01, 0x03, 0x07, 0x07, 0x0f, 0x0e, 0x1e, 0x1c, 0x3c, 0x7f, 0x7f, 0xff, 0x00, 0x00, 0x00, 0x00
};
// 'building', 32x32px
const unsigned char far_32x32_fa_building [] PROGMEM = {
	0x00, 0x00, 0x00, 0x00, 0xff, 0xff, 0xff, 0x07, 0x07, 0x07, 0xc7, 0xc7, 0xc7, 0xc7, 0x07, 0x07, 
	0x07, 0x07, 0xc7, 0xc7, 0xc7, 0xc7, 0x07, 0x07, 0x07, 0xff, 0xff, 0xff, 0x00, 0x00, 0x00, 0x00, 
	0x00, 0x00, 0x00, 0x00, 0xff, 0xff, 0xff, 0x00, 0x00, 0x00, 0xf3, 0xf3, 0xf3, 0xf3, 0x00, 0x00, 
	0x00, 0x00, 0xf3, 0xf3, 0xf3, 0xf3, 0x00, 0x00, 0x00, 0xff, 0xff, 0xff, 0x00, 0x00, 0x00, 0x00, 
	0x00, 0x00, 0x00, 0x00, 0xff, 0xff, 0xff, 0x00, 0x00, 0x00, 0x3c, 0x3c, 0x3c, 0x3c, 0x00, 0x00, 
	0x00, 0x00, 0x3c, 0x3c, 0x3c, 0x3c, 0x00, 0x00, 0x00, 0xff, 0xff, 0xff, 0x00, 0x00, 0x00, 0x00, 
	0x00, 0x00, 0xe0, 0xe0, 0xff, 0xff, 0xff, 0xe0, 0xe0, 0xe0, 0xe0, 0xe0, 0xe0, 0xe0, 0xff, 0xff, 
	0xff, 0xff, 0xe0, 0xe0, 0xe0, 0xe0, 0xe0, 0xe0, 0xe0, 0xff, 0xff, 0xff, 0xe0, 0xe0, 0x00, 0x00
};
// 'calendar', 32x32px
const unsigned char far_32x32_fa_calendar [] PROGMEM = {
	0x00, 0x00, 0xe0, 0xf0, 0xf0, 0xf0, 0xf0, 0xf0, 0xff, 0xff, 0xff, 0xff, 0xf0, 0xf0, 0xf0, 0xf0, 
	0xf0, 0xf0, 0xf0, 0xf0, 0xff, 0xff, 0xff, 0xff, 0xf0, 0xf0, 0xf0, 0xf0, 0xf0, 0xe0, 0x00, 0x00, 
	0x00, 0x00, 0xff, 0xff, 0xff, 0x03, 0x03, 0x03, 0x03, 0x03, 0x03, 0x03, 0x03, 0x03, 0x03, 0x03, 
	0x03, 0x03, 0x03, 0x03, 0x03, 0x03, 0x03, 0x03, 0x03, 0x03, 0x03, 0xff, 0xff, 0xff, 0x00, 0x00, 
	0x00, 0x00, 0xff, 0xff, 0xff, 0x00, 0x00, 0x00, 0x00, 0x00, 0x00, 0x00, 0x00, 0x00, 0x00, 0x00, 
	0x00, 0x00, 0x00, 0x00, 0x00, 0x00, 0x00, 0x00, 0x00, 0x00, 0x00, 0xff, 0xff, 0xff, 0x00, 0x00, 
	0x00, 0x00, 0x7f, 0xff, 0xff, 0xe0, 0xe0, 0xe0, 0xe0, 0xe0, 0xe0, 0xe0, 0xe0, 0xe0, 0xe0, 0xe0, 
	0xe0, 0xe0, 0xe0, 0xe0, 0xe0, 0xe0, 0xe0, 0xe0, 0xe0, 0xe0, 0xe0, 0xff, 0xff, 0x7f, 0x00, 0x00
};
// 'calendar-alt', 32x32px
const unsigned char far_32x32_fa_calendar_alt [] PROGMEM = {
	0x00, 0x00, 0xe0, 0xf0, 0xf0, 0xf0, 0xf0, 0xf0, 0xff, 0xff, 0xff, 0xff, 0xf0, 0xf0, 0xf0, 0xf0, 
	0xf0, 0xf0, 0xf0, 0xf0, 0xff, 0xff, 0xff, 0xff, 0xf0, 0xf0, 0xf0, 0xf0, 0xf0, 0xe0, 0x00, 0x00, 
	0x00, 0x00, 0xff, 0xff, 0xff, 0x03, 0x03, 0x03, 0xc3, 0xc3, 0xc3, 0xc3, 0x03, 0x03, 0xc3, 0xc3, 
	0xc3, 0xc3, 0x03, 0x03, 0xc3, 0xc3, 0xc3, 0xc3, 0x03, 0x03, 0x03, 0xff, 0xff, 0xff, 0x00, 0x00, 
	0x00, 0x00, 0xff, 0xff, 0xff, 0x00, 0x00, 0x00, 0xf3, 0xf3, 0xf3, 0xf3, 0x00, 0x00, 0xf3, 0xf3, 
	0xf3, 0xf3, 0x00, 0x00, 0xf3, 0xf3, 0xf3, 0xf3, 0x00, 0x00, 0x00, 0xff, 0xff, 0xff, 0x00, 0x00, 
	0x00, 0x00, 0x7f, 0xff, 0xff, 0xe0, 0xe0, 0xe0, 0xe0, 0xe0, 0xe0, 0xe0, 0xe0, 0xe0, 0xe0, 0xe0, 
	0xe0, 0xe0, 0xe0, 0xe0, 0xe0, 0xe0, 0xe0, 0xe0, 0xe0, 0xe0, 0xe0, 0xff, 0xff, 0x7f, 0x00, 0x00
};
// 'calendar-check', 32x32px
const unsigned char far_32x32_fa_calendar_check [] PROGMEM = {
	0x00, 0x00, 0xe0, 0xf0, 0xf0, 0xf0, 0xf0, 0xf0, 0xff, 0xff, 0xff, 0xff, 0xf0, 0xf0, 0xf0, 0xf0, 
	0xf0, 0xf0, 0xf0, 0xf0, 0xff, 0xff, 0xff, 0xff, 0xf0, 0xf0, 0xf0, 0xf0, 0xf0, 0xe0, 0x00, 0x00, 
	0x00, 0x00, 0xff, 0xff, 0xff, 0x03, 0x03, 0x03, 0x03, 0x03, 0x03, 0x03, 0x03, 0x03, 0x03, 0x03, 
	0x03, 0x03, 0x03, 0x83, 0xc3, 0xc3, 0x83, 0x03, 0x03, 0x03, 0x03, 0xff, 0xff, 0xff, 0x00, 0x00, 
	0x00, 0x00, 0xff, 0xff, 0xff, 0x00, 0x00, 0x00, 0x00, 0x18, 0x3c, 0x7c, 0xf8, 0xf0, 0xf0, 0xf8, 
	0x7c, 0x3e, 0x1f, 0x0f, 0x07, 0x03, 0x01, 0x00, 0x00, 0x00, 0x00, 0xff, 0xff, 0xff, 0x00, 0x00, 
	0x00, 0x00, 0x7f, 0xff, 0xff, 0xe0, 0xe0, 0xe0, 0xe0, 0xe0, 0xe0, 0xe0, 0xe0, 0xe1, 0xe1, 0xe0, 
	0xe0, 0xe0, 0xe0, 0xe0, 0xe0, 0xe0, 0xe0, 0xe0, 0xe0, 0xe0, 0xe0, 0xff, 0xff, 0x7f, 0x00, 0x00
};
// 'calendar-minus', 32x32px
const unsigned char far_32x32_fa_calendar_minus [] PROGMEM = {
	0x00, 0x00, 0xe0, 0xf0, 0xf0, 0xf0, 0xf0, 0xf0, 0xff, 0xff, 0xff, 0xff, 0xf0, 0xf0, 0xf0, 0xf0, 
	0xf0, 0xf0, 0xf0, 0xf0, 0xff, 0xff, 0xff, 0xff, 0xf0, 0xf0, 0xf0, 0xf0, 0xf0, 0xe0, 0x00, 0x00, 
	0x00, 0x00, 0xff, 0xff, 0xff, 0x03, 0x03, 0x03, 0x03, 0x03, 0x03, 0x03, 0x03, 0x03, 0x03, 0x03, 
	0x03, 0x03, 0x03, 0x03, 0x03, 0x03, 0x03, 0x03, 0x03, 0x03, 0x03, 0xff, 0xff, 0xff, 0x00, 0x00, 
	0x00, 0x00, 0xff, 0xff, 0xff, 0x00, 0x00, 0x00, 0x00, 0x0c, 0x1e, 0x1e, 0x1e, 0x1e, 0x1e, 0x1e, 
	0x1e, 0x1e, 0x1e, 0x1e, 0x1e, 0x1e, 0x0c, 0x00, 0x00, 0x00, 0x00, 0xff, 0xff, 0xff, 0x00, 0x00, 
	0x00, 0x00, 0x7f, 0xff, 0xff, 0xe0, 0xe0, 0xe0, 0xe0, 0xe0, 0xe0, 0xe0, 0xe0, 0xe0, 0xe0, 0xe0, 
	0xe0, 0xe0, 0xe0, 0xe0, 0xe0, 0xe0, 0xe0, 0xe0, 0xe0, 0xe0, 0xe0, 0xff, 0xff, 0x7f, 0x00, 0x00
};
// 'calendar-plus', 32x32px
const unsigned char far_32x32_fa_calendar_plus [] PROGMEM = {
	0x00, 0x00, 0xe0, 0xf0, 0xf0, 0xf0, 0xf0, 0xf0, 0xff, 0xff, 0xff, 0xff, 0xf0, 0xf0, 0xf0, 0xf0, 
	0xf0, 0xf0, 0xf0, 0xf0, 0xff, 0xff, 0xff, 0xff, 0xf0, 0xf0, 0xf0, 0xf0, 0xf0, 0xe0, 0x00, 0x00, 
	0x00, 0x00, 0xff, 0xff, 0xff, 0x03, 0x03, 0x03, 0x03, 0x03, 0x03, 0x03, 0x03, 0x03, 0xe3, 0xf3, 
	0xf3, 0xe3, 0x03, 0x03, 0x03, 0x03, 0x03, 0x03, 0x03, 0x03, 0x03, 0xff, 0xff, 0xff, 0x00, 0x00, 
	0x00, 0x00, 0xff, 0xff, 0xff, 0x00, 0x00, 0x00, 0x00, 0x0c, 0x1e, 0x1e, 0x1e, 0x0c, 0xff, 0xff, 
	0xff, 0xff, 0x0c, 0x1e, 0x1e, 0x1e, 0x0c, 0x00, 0x00, 0x00, 0x00, 0xff, 0xff, 0xff, 0x00, 0x00, 
	0x00, 0x00, 0x7f, 0xff, 0xff, 0xe0, 0xe0, 0xe0, 0xe0, 0xe0, 0xe0, 0xe0, 0xe0, 0xe0, 0xe1, 0xe3, 
	0xe3, 0xe1, 0xe0, 0xe0, 0xe0, 0xe0, 0xe0, 0xe0, 0xe0, 0xe0, 0xe0, 0xff, 0xff, 0x7f, 0x00, 0x00
};
// 'calendar-times', 32x32px
const unsigned char far_32x32_fa_calendar_times [] PROGMEM = {
	0x00, 0x00, 0xe0, 0xf0, 0xf0, 0xf0, 0xf0, 0xf0, 0xff, 0xff, 0xff, 0xff, 0xf0, 0xf0, 0xf0, 0xf0, 
	0xf0, 0xf0, 0xf0, 0xf0, 0xff, 0xff, 0xff, 0xff, 0xf0, 0xf0, 0xf0, 0xf0, 0xf0, 0xe0, 0x00, 0x00, 
	0x00, 0x00, 0xff, 0xff, 0xff, 0x03, 0x03, 0x03, 0x03, 0x03, 0x83, 0xc3, 0xe3, 0xc3, 0x83, 0x03, 
	0x03, 0x83, 0xc3, 0xe3, 0xc3, 0x83, 0x03, 0x03, 0x03, 0x03, 0x03, 0xff, 0xff, 0xff, 0x00, 0x00, 
	0x00, 0x00, 0xff, 0xff, 0xff, 0x00, 0x00, 0x00, 0x00, 0x00, 0x40, 0xe1, 0xf3, 0xff, 0x7f, 0x3f, 
	0x3f, 0x7f, 0xff, 0xf3, 0xe1, 0x40, 0x00, 0x00, 0x00, 0x00, 0x00, 0xff, 0xff, 0xff, 0x00, 0x00, 
	0x00, 0x00, 0x7f, 0xff, 0xff, 0xe0, 0xe0, 0xe0, 0xe0, 0xe0, 0xe0, 0xe0, 0xe1, 0xe0, 0xe0, 0xe0, 
	0xe0, 0xe0, 0xe0, 0xe1, 0xe0, 0xe0, 0xe0, 0xe0, 0xe0, 0xe0, 0xe0, 0xff, 0xff, 0x7f, 0x00, 0x00
};
// 'caret-square-down', 32x32px
const unsigned char far_32x32_fa_caret_square_down [] PROGMEM = {
	0x00, 0x00, 0xf8, 0xfc, 0xfc, 0x1c, 0x1c, 0x1c, 0x1c, 0x1c, 0x1c, 0x1c, 0x1c, 0x1c, 0x1c, 0x1c, 
	0x1c, 0x1c, 0x1c, 0x1c, 0x1c, 0x1c, 0x1c, 0x1c, 0x1c, 0x1c, 0x1c, 0xfc, 0xfc, 0xf8, 0x00, 0x00, 
	0x00, 0x00, 0xff, 0xff, 0xff, 0x00, 0x00, 0x00, 0x00, 0x60, 0xe0, 0xe0, 0xe0, 0xe0, 0xe0, 0xe0, 
	0xe0, 0xe0, 0xe0, 0xe0, 0xe0, 0xe0, 0x60, 0x00, 0x00, 0x00, 0x00, 0xff, 0xff, 0xff, 0x00, 0x00, 
	0x00, 0x00, 0xff, 0xff, 0xff, 0x00, 0x00, 0x00, 0x00, 0x00, 0x00, 0x01, 0x03, 0x07, 0x0f, 0x0f, 
	0x0f, 0x0f, 0x07, 0x03, 0x01, 0x00, 0x00, 0x00, 0x00, 0x00, 0x00, 0xff, 0xff, 0xff, 0x00, 0x00, 
	0x00, 0x00, 0x1f, 0x3f, 0x3f, 0x38, 0x38, 0x38, 0x38, 0x38, 0x38, 0x38, 0x38, 0x38, 0x38, 0x38, 
	0x38, 0x38, 0x38, 0x38, 0x38, 0x38, 0x38, 0x38, 0x38, 0x38, 0x38, 0x3f, 0x3f, 0x1f, 0x00, 0x00
};
// 'caret-square-left', 32x32px
const unsigned char far_32x32_fa_caret_square_left [] PROGMEM = {
	0x00, 0x00, 0xf8, 0xfc, 0xfc, 0x1c, 0x1c, 0x1c, 0x1c, 0x1c, 0x1c, 0x1c, 0x1c, 0x1c, 0x1c, 0x1c, 
	0x1c, 0x1c, 0x1c, 0x1c, 0x1c, 0x1c, 0x1c, 0x1c, 0x1c, 0x1c, 0x1c, 0xfc, 0xfc, 0xf8, 0x00, 0x00, 
	0x00, 0x00, 0xff, 0xff, 0xff, 0x00, 0x00, 0x00, 0x00, 0x00, 0x00, 0x00, 0xc0, 0xe0, 0xf0, 0xf8, 
	0xfc, 0xfe, 0xfe, 0x00, 0x00, 0x00, 0x00, 0x00, 0x00, 0x00, 0x00, 0xff, 0xff, 0xff, 0x00, 0x00, 
	0x00, 0x00, 0xff, 0xff, 0xff, 0x00, 0x00, 0x00, 0x00, 0x00, 0x00, 0x00, 0x03, 0x07, 0x0f, 0x1f, 
	0x3f, 0x7f, 0x7f, 0x00, 0x00, 0x00, 0x00, 0x00, 0x00, 0x00, 0x00, 0xff, 0xff, 0xff, 0x00, 0x00, 
	0x00, 0x00, 0x1f, 0x3f, 0x3f, 0x38, 0x38, 0x38, 0x38, 0x38, 0x38, 0x38, 0x38, 0x38, 0x38, 0x38, 
	0x38, 0x38, 0x38, 0x38, 0x38, 0x38, 0x38, 0x38, 0x38, 0x38, 0x38, 0x3f, 0x3f, 0x1f, 0x00, 0x00
};
// 'caret-square-right', 32x32px
const unsigned char far_32x32_fa_caret_square_right [] PROGMEM = {
	0x00, 0x00, 0xf8, 0xfc, 0xfc, 0x1c, 0x1c, 0x1c, 0x1c, 0x1c, 0x1c, 0x1c, 0x1c, 0x1c, 0x1c, 0x1c, 
	0x1c, 0x1c, 0x1c, 0x1c, 0x1c, 0x1c, 0x1c, 0x1c, 0x1c, 0x1c, 0x1c, 0xfc, 0xfc, 0xf8, 0x00, 0x00, 
	0x00, 0x00, 0xff, 0xff, 0xff, 0x00, 0x00, 0x00, 0x00, 0x00, 0x00, 0x00, 0x00, 0xfe, 0xfe, 0xfc, 
	0xf8, 0xf0, 0xe0, 0xc0, 0x00, 0x00, 0x00, 0x00, 0x00, 0x00, 0x00, 0xff, 0xff, 0xff, 0x00, 0x00, 
	0x00, 0x00, 0xff, 0xff, 0xff, 0x00, 0x00, 0x00, 0x00, 0x00, 0x00, 0x00, 0x00, 0x7f, 0x7f, 0x3f, 
	0x1f, 0x0f, 0x07, 0x03, 0x00, 0x00, 0x00, 0x00, 0x00, 0x00, 0x00, 0xff, 0xff, 0xff, 0x00, 0x00, 
	0x00, 0x00, 0x1f, 0x3f, 0x3f, 0x38, 0x38, 0x38, 0x38, 0x38, 0x38, 0x38, 0x38, 0x38, 0x38, 0x38, 
	0x38, 0x38, 0x38, 0x38, 0x38, 0x38, 0x38, 0x38, 0x38, 0x38, 0x38, 0x3f, 0x3f, 0x1f, 0x00, 0x00
};
// 'caret-square-up', 32x32px
const unsigned char far_32x32_fa_caret_square_up [] PROGMEM = {
	0x00, 0x00, 0xf8, 0xfc, 0xfc, 0x1c, 0x1c, 0x1c, 0x1c, 0x1c, 0x1c, 0x1c, 0x1c, 0x1c, 0x1c, 0x1c, 
	0x1c, 0x1c, 0x1c, 0x1c, 0x1c, 0x1c, 0x1c, 0x1c, 0x1c, 0x1c, 0x1c, 0xfc, 0xfc, 0xf8, 0x00, 0x00, 
	0x00, 0x00, 0xff, 0xff, 0xff, 0x00, 0x00, 0x00, 0x00, 0x00, 0x00, 0x80, 0xc0, 0xe0, 0xf0, 0xf0, 
	0xf0, 0xf0, 0xe0, 0xc0, 0x80, 0x00, 0x00, 0x00, 0x00, 0x00, 0x00, 0xff, 0xff, 0xff, 0x00, 0x00, 
	0x00, 0x00, 0xff, 0xff, 0xff, 0x00, 0x00, 0x00, 0x00, 0x06, 0x07, 0x07, 0x07, 0x07, 0x07, 0x07, 
	0x07, 0x07, 0x07, 0x07, 0x07, 0x07, 0x06, 0x00, 0x00, 0x00, 0x00, 0xff, 0xff, 0xff, 0x00, 0x00, 
	0x00, 0x00, 0x1f, 0x3f, 0x3f, 0x38, 0x38, 0x38, 0x38, 0x38, 0x38, 0x38, 0x38, 0x38, 0x38, 0x38, 
	0x38, 0x38, 0x38, 0x38, 0x38, 0x38, 0x38, 0x38, 0x38, 0x38, 0x38, 0x3f, 0x3f, 0x1f, 0x00, 0x00
};
// 'chart-bar', 32x32px
const unsigned char far_32x32_fa_chart_bar [] PROGMEM = {
	0xf0, 0xf0, 0xf0, 0x00, 0x00, 0x00, 0x00, 0x00, 0x00, 0x00, 0x00, 0x00, 0x00, 0x00, 0x00, 0x00, 
	0x00, 0x00, 0x00, 0x00, 0x00, 0x00, 0x00, 0x00, 0xc0, 0xc0, 0xc0, 0x00, 0x00, 0x00, 0x00, 0x00, 
	0xff, 0xff, 0xff, 0x00, 0x00, 0x00, 0x00, 0x00, 0x00, 0x00, 0x00, 0x00, 0xff, 0xff, 0xff, 0x00, 
	0x00, 0x00, 0xf0, 0xf0, 0xf0, 0x00, 0x00, 0x00, 0xff, 0xff, 0xff, 0x00, 0x00, 0x00, 0x00, 0x00, 
	0xff, 0xff, 0xff, 0x00, 0x00, 0x00, 0x3f, 0x3f, 0x3f, 0x00, 0x00, 0x00, 0x3f, 0x3f, 0x3f, 0x00, 
	0x00, 0x00, 0x3f, 0x3f, 0x3f, 0x00, 0x00, 0x00, 0x3f, 0x3f, 0x3f, 0x00, 0x00, 0x00, 0x00, 0x00, 
	0x07, 0x0f, 0x0f, 0x0e, 0x0e, 0x0e, 0x0e, 0x0e, 0x0e, 0x0e, 0x0e, 0x0e, 0x0e, 0x0e, 0x0e, 0x0e, 
	0x0e, 0x0e, 0x0e, 0x0e, 0x0e, 0x0e, 0x0e, 0x0e, 0x0e, 0x0e, 0x0e, 0x0e, 0x0e, 0x0e, 0x0e, 0x0e
};
// 'check-circle', 32x32px
const unsigned char far_32x32_fa_check_circle [] PROGMEM = {
	0x00, 0x00, 0x00, 0x80, 0xc0, 0xe0, 0xf0, 0x78, 0x3c, 0x1c, 0x1e, 0x0e, 0x0e, 0x0e, 0x0f, 0x0f, 
	0x0f, 0x0f, 0x0e, 0x0e, 0x0e, 0x1e, 0x1c, 0x3c, 0x78, 0xf0, 0xe0, 0xc0, 0x80, 0x00, 0x00, 0x00, 
	0xc0, 0xfc, 0xff, 0xff, 0x07, 0x01, 0x00, 0x00, 0x80, 0x80, 0x00, 0x00, 0x00, 0x00, 0x00, 0x00, 
	0x00, 0x80, 0xc0, 0xe0, 0xf0, 0xf8, 0x7c, 0x3c, 0x18, 0x00, 0x01, 0x07, 0xff, 0xff, 0xfc, 0xc0, 
	0x03, 0x3f, 0xff, 0xff, 0xe0, 0x80, 0x00, 0x03, 0x07, 0x0f, 0x1f, 0x3e, 0x7c, 0xf8, 0x7c, 0x3e, 
	0x1f, 0x0f, 0x07, 0x03, 0x01, 0x00, 0x00, 0x00, 0x00, 0x00, 0x80, 0xe0, 0xff, 0xff, 0x3f, 0x03, 
	0x00, 0x00, 0x00, 0x01, 0x03, 0x07, 0x0f, 0x1e, 0x3c, 0x38, 0x78, 0x70, 0x70, 0x70, 0xf0, 0xf0, 
	0xf0, 0xf0, 0x70, 0x70, 0x70, 0x78, 0x38, 0x3c, 0x1e, 0x0f, 0x07, 0x03, 0x01, 0x00, 0x00, 0x00
};
// 'check-square', 32x32px
const unsigned char far_32x32_fa_check_square [] PROGMEM = {
	0x00, 0x00, 0xf8, 0xfc, 0xfc, 0x1c, 0x1c, 0x1c, 0x1c, 0x1c, 0x1c, 0x1c, 0x1c, 0x1c, 0x1c, 0x1c, 
	0x1c, 0x1c, 0x1c, 0x1c, 0x1c, 0x1c, 0x1c, 0x1c, 0x1c, 0x1c, 0x1c, 0xfc, 0xfc, 0xf8, 0x00, 0x00, 
	0x00, 0x00, 0xff, 0xff, 0xff, 0x00, 0x00, 0x80, 0x80, 0xc0, 0x80, 0x00, 0x00, 0x00, 0x00, 0x00, 
	0x80, 0xc0, 0xe0, 0xf0, 0xf8, 0x7c, 0x3e, 0x1c, 0x08, 0x00, 0x00, 0xff, 0xff, 0xff, 0x00, 0x00, 
	0x00, 0x00, 0xff, 0xff, 0xff, 0x00, 0x00, 0x01, 0x03, 0x07, 0x0f, 0x1f, 0x3e, 0x7c, 0x3e, 0x1f, 
	0x0f, 0x07, 0x03, 0x01, 0x00, 0x00, 0x00, 0x00, 0x00, 0x00, 0x00, 0xff, 0xff, 0xff, 0x00, 0x00, 
	0x00, 0x00, 0x1f, 0x3f, 0x3f, 0x38, 0x38, 0x38, 0x38, 0x38, 0x38, 0x38, 0x38, 0x38, 0x38, 0x38, 
	0x38, 0x38, 0x38, 0x38, 0x38, 0x38, 0x38, 0x38, 0x38, 0x38, 0x38, 0x3f, 0x3f, 0x1f, 0x00, 0x00
};
// 'circle', 32x32px
const unsigned char far_32x32_fa_circle [] PROGMEM = {
	0x00, 0x00, 0x00, 0x80, 0xc0, 0xe0, 0xf0, 0x78, 0x3c, 0x1c, 0x1e, 0x0e, 0x0e, 0x0e, 0x0f, 0x0f, 
	0x0f, 0x0f, 0x0e, 0x0e, 0x0e, 0x1e, 0x1c, 0x3c, 0x78, 0xf0, 0xe0, 0xc0, 0x80, 0x00, 0x00, 0x00, 
	0xc0, 0xfc, 0xff, 0xff, 0x07, 0x01, 0x00, 0x00, 0x00, 0x00, 0x00, 0x00, 0x00, 0x00, 0x00, 0x00, 
	0x00, 0x00, 0x00, 0x00, 0x00, 0x00, 0x00, 0x00, 0x00, 0x00, 0x01, 0x07, 0xff, 0xff, 0xfc, 0xc0, 
	0x03, 0x3f, 0xff, 0xff, 0xe0, 0x80, 0x00, 0x00, 0x00, 0x00, 0x00, 0x00, 0x00, 0x00, 0x00, 0x00, 
	0x00, 0x00, 0x00, 0x00, 0x00, 0x00, 0x00, 0x00, 0x00, 0x00, 0x80, 0xe0, 0xff, 0xff, 0x3f, 0x03, 
	0x00, 0x00, 0x00, 0x01, 0x03, 0x07, 0x0f, 0x1e, 0x3c, 0x38, 0x78, 0x70, 0x70, 0x70, 0xf0, 0xf0, 
	0xf0, 0xf0, 0x70, 0x70, 0x70, 0x78, 0x38, 0x3c, 0x1e, 0x0f, 0x07, 0x03, 0x01, 0x00, 0x00, 0x00
};
// 'clock', 32x32px
const unsigned char far_32x32_fa_clock [] PROGMEM = {
	0x00, 0x00, 0x00, 0x80, 0xc0, 0xe0, 0xf0, 0x78, 0x3c, 0x1c, 0x1e, 0x0e, 0x0e, 0x0e, 0x8f, 0xcf, 
	0xcf, 0x8f, 0x0e, 0x0e, 0x0e, 0x1e, 0x1c, 0x3c, 0x78, 0xf0, 0xe0, 0xc0, 0x80, 0x00, 0x00, 0x00, 
	0xc0, 0xfc, 0xff, 0xff, 0x07, 0x01, 0x00, 0x00, 0x00, 0x00, 0x00, 0x00, 0x00, 0x00, 0xff, 0xff, 
	0xff, 0xff, 0x00, 0x00, 0x00, 0x00, 0x00, 0x00, 0x00, 0x00, 0x01, 0x07, 0xff, 0xff, 0xfc, 0xc0, 
	0x03, 0x3f, 0xff, 0xff, 0xe0, 0x80, 0x00, 0x00, 0x00, 0x00, 0x00, 0x00, 0x00, 0x00, 0x03, 0x07, 
	0x0f, 0x0f, 0x1e, 0x3e, 0x3c, 0x18, 0x00, 0x00, 0x00, 0x00, 0x80, 0xe0, 0xff, 0xff, 0x3f, 0x03, 
	0x00, 0x00, 0x00, 0x01, 0x03, 0x07, 0x0f, 0x1e, 0x3c, 0x38, 0x78, 0x70, 0x70, 0x70, 0xf0, 0xf0, 
	0xf0, 0xf0, 0x70, 0x70, 0x70, 0x78, 0x38, 0x3c, 0x1e, 0x0f, 0x07, 0x03, 0x01, 0x00, 0x00, 0x00
};
// 'clipboard', 32x32px
const unsigned char far_32x32_fa_clipboard [] PROGMEM = {
	0x00, 0x00, 0x00, 0x00, 0xe0, 0xf0, 0xf0, 0x70, 0x70, 0x70, 0xf0, 0xf0, 0xfc, 0xfe, 0xff, 0xe7, 
	0xe7, 0xff, 0xfe, 0xfc, 0xf0, 0xf0, 0x70, 0x70, 0x70, 0xf0, 0xf0, 0xe0, 0x00, 0x00, 0x00, 0x00, 
	0x00, 0x00, 0x00, 0x00, 0xff, 0xff, 0xff, 0x00, 0x00, 0x00, 0x03, 0x03, 0x03, 0x03, 0x03, 0x03, 
	0x03, 0x03, 0x03, 0x03, 0x03, 0x03, 0x00, 0x00, 0x00, 0xff, 0xff, 0xff, 0x00, 0x00, 0x00, 0x00, 
	0x00, 0x00, 0x00, 0x00, 0xff, 0xff, 0xff, 0x00, 0x00, 0x00, 0x00, 0x00, 0x00, 0x00, 0x00, 0x00, 
	0x00, 0x00, 0x00, 0x00, 0x00, 0x00, 0x00, 0x00, 0x00, 0xff, 0xff, 0xff, 0x00, 0x00, 0x00, 0x00, 
	0x00, 0x00, 0x00, 0x00, 0x7f, 0xff, 0xff, 0xe0, 0xe0, 0xe0, 0xe0, 0xe0, 0xe0, 0xe0, 0xe0, 0xe0, 
	0xe0, 0xe0, 0xe0, 0xe0, 0xe0, 0xe0, 0xe0, 0xe0, 0xe0, 0xff, 0xff, 0x7f, 0x00, 0x00, 0x00, 0x00
};
// 'clone', 32x32px
const unsigned char far_32x32_fa_clone [] PROGMEM = {
	0x80, 0xc0, 0xc0, 0xc0, 0xc0, 0xc0, 0xfe, 0xff, 0xff, 0x07, 0x07, 0x07, 0x07, 0x07, 0x07, 0x07, 
	0x07, 0x07, 0x07, 0x07, 0x07, 0x07, 0x07, 0x07, 0x07, 0x07, 0x07, 0x07, 0x07, 0xff, 0xff, 0xfe, 
	0xff, 0xff, 0xff, 0x01, 0x01, 0x01, 0xff, 0xff, 0xff, 0x00, 0x00, 0x00, 0x00, 0x00, 0x00, 0x00, 
	0x00, 0x00, 0x00, 0x00, 0x00, 0x00, 0x00, 0x00, 0x00, 0x00, 0x00, 0x00, 0x00, 0xff, 0xff, 0xff, 
	0xff, 0xff, 0xff, 0x00, 0x00, 0x00, 0xff, 0xff, 0xff, 0x80, 0x80, 0x80, 0x80, 0x80, 0x80, 0x80, 
	0x80, 0x80, 0x80, 0x80, 0x80, 0x80, 0x80, 0x80, 0x80, 0x80, 0x80, 0x80, 0x80, 0xff, 0xff, 0xff, 
	0x7f, 0xff, 0xff, 0xe0, 0xe0, 0xe0, 0xe1, 0xe3, 0xe3, 0xe3, 0xe3, 0xe3, 0xe3, 0xe3, 0xe3, 0xe3, 
	0xe3, 0xe3, 0xe3, 0xe3, 0xe3, 0xe3, 0xe3, 0xff, 0xff, 0x7f, 0x03, 0x03, 0x03, 0x03, 0x03, 0x01
};
// 'closed-captioning', 32x32px
const unsigned char far_32x32_fa_closed_captioning [] PROGMEM = {
	0xe0, 0xf0, 0xf0, 0x70, 0x70, 0x70, 0x70, 0x70, 0x70, 0x70, 0x70, 0x70, 0x70, 0x70, 0x70, 0x70, 
	0x70, 0x70, 0x70, 0x70, 0x70, 0x70, 0x70, 0x70, 0x70, 0x70, 0x70, 0x70, 0x70, 0xf0, 0xf0, 0xe0, 
	0xff, 0xff, 0xff, 0x00, 0x00, 0xe0, 0xf8, 0xf8, 0x3c, 0x1c, 0x1c, 0x1c, 0x1c, 0x3c, 0x38, 0x00, 
	0x80, 0xf0, 0xf8, 0xf8, 0x3c, 0x1c, 0x1c, 0x1c, 0x1c, 0x3c, 0x18, 0x00, 0x00, 0xff, 0xff, 0xff, 
	0xff, 0xff, 0xff, 0x00, 0x00, 0x07, 0x0f, 0x1f, 0x3c, 0x38, 0x38, 0x38, 0x38, 0x1c, 0x1c, 0x00, 
	0x00, 0x07, 0x1f, 0x1f, 0x3c, 0x38, 0x38, 0x38, 0x38, 0x1c, 0x1c, 0x00, 0x00, 0xff, 0xff, 0xff, 
	0x07, 0x0f, 0x0f, 0x0e, 0x0e, 0x0e, 0x0e, 0x0e, 0x0e, 0x0e, 0x0e, 0x0e, 0x0e, 0x0e, 0x0e, 0x0e, 
	0x0e, 0x0e, 0x0e, 0x0e, 0x0e, 0x0e, 0x0e, 0x0e, 0x0e, 0x0e, 0x0e, 0x0e, 0x0e, 0x0f, 0x0f, 0x07
};
// 'comment', 32x32px
const unsigned char far_32x32_fa_comment [] PROGMEM = {
	0x00, 0x00, 0x00, 0x80, 0xc0, 0xe0, 0xf0, 0xf0, 0x78, 0x38, 0x38, 0x3c, 0x1c, 0x1c, 0x1c, 0x1c, 
	0x1c, 0x1c, 0x1c, 0x1c, 0x3c, 0x38, 0x38, 0x78, 0xf0, 0xf0, 0xe0, 0xc0, 0x80, 0x00, 0x00, 0x00, 
	0xf8, 0xfe, 0xff, 0x0f, 0x03, 0x01, 0x00, 0x00, 0x00, 0x00, 0x00, 0x00, 0x00, 0x00, 0x00, 0x00, 
	0x00, 0x00, 0x00, 0x00, 0x00, 0x00, 0x00, 0x00, 0x00, 0x00, 0x01, 0x03, 0x0f, 0xff, 0xfe, 0xf8, 
	0x07, 0x1f, 0x3f, 0xfc, 0xf0, 0xe0, 0x40, 0x00, 0x00, 0x00, 0x00, 0x00, 0x00, 0x00, 0x00, 0x00, 
	0x00, 0x00, 0x00, 0x00, 0x00, 0x00, 0x00, 0x80, 0xc0, 0xc0, 0xe0, 0xf0, 0x7c, 0x3f, 0x1f, 0x07, 
	0x38, 0x3c, 0x3f, 0x3f, 0x3f, 0x1f, 0x1c, 0x1e, 0x0e, 0x0f, 0x07, 0x0f, 0x0e, 0x0e, 0x0e, 0x0e, 
	0x0e, 0x0e, 0x0e, 0x0e, 0x0f, 0x07, 0x07, 0x07, 0x03, 0x03, 0x01, 0x00, 0x00, 0x00, 0x00, 0x00
};
// 'comment-alt', 32x32px
const unsigned char far_32x32_fa_comment_alt [] PROGMEM = {
	0xfc, 0xfe, 0xff, 0x07, 0x07, 0x07, 0x07, 0x07, 0x07, 0x07, 0x07, 0x07, 0x07, 0x07, 0x07, 0x07, 
	0x07, 0x07, 0x07, 0x07, 0x07, 0x07, 0x07, 0x07, 0x07, 0x07, 0x07, 0x07, 0x07, 0xff, 0xfe, 0xfc, 
	0xff, 0xff, 0xff, 0x00, 0x00, 0x00, 0x00, 0x00, 0x00, 0x00, 0x00, 0x00, 0x00, 0x00, 0x00, 0x00, 
	0x00, 0x00, 0x00, 0x00, 0x00, 0x00, 0x00, 0x00, 0x00, 0x00, 0x00, 0x00, 0x00, 0xff, 0xff, 0xff, 
	0xff, 0xff, 0xff, 0x80, 0x80, 0x80, 0x80, 0x80, 0x80, 0x80, 0x80, 0x80, 0x80, 0x00, 0x00, 0x00, 
	0x00, 0x80, 0x80, 0x80, 0x80, 0x80, 0x80, 0x80, 0x80, 0x80, 0x80, 0x80, 0x80, 0xff, 0xff, 0xff, 
	0x00, 0x01, 0x03, 0x03, 0x03, 0x03, 0x03, 0x03, 0x03, 0x03, 0xff, 0xff, 0x7f, 0x3c, 0x1c, 0x1e, 
	0x0f, 0x07, 0x03, 0x03, 0x03, 0x03, 0x03, 0x03, 0x03, 0x03, 0x03, 0x03, 0x03, 0x03, 0x01, 0x00
};
// 'comment-dots', 32x32px
const unsigned char far_32x32_fa_comment_dots [] PROGMEM = {
	0x00, 0x00, 0x00, 0x80, 0xc0, 0xe0, 0xf0, 0xf0, 0x78, 0x38, 0x38, 0x3c, 0x1c, 0x1c, 0x1c, 0x1c, 
	0x1c, 0x1c, 0x1c, 0x1c, 0x3c, 0x38, 0x38, 0x78, 0xf0, 0xf0, 0xe0, 0xc0, 0x80, 0x00, 0x00, 0x00, 
	0xf8, 0xfe, 0xff, 0x0f, 0x03, 0x01, 0x00, 0xc0, 0xe0, 0xe0, 0xc0, 0x00, 0x00, 0x00, 0xc0, 0xe0, 
	0xe0, 0xc0, 0x00, 0x00, 0x00, 0xc0, 0xe0, 0xe0, 0xc0, 0x00, 0x01, 0x03, 0x0f, 0xff, 0xfe, 0xf8, 
	0x07, 0x1f, 0x3f, 0xfc, 0xf0, 0xe0, 0x40, 0x00, 0x01, 0x01, 0x00, 0x00, 0x00, 0x00, 0x00, 0x01, 
	0x01, 0x00, 0x00, 0x00, 0x00, 0x00, 0x01, 0x81, 0xc0, 0xc0, 0xe0, 0xf0, 0x7c, 0x3f, 0x1f, 0x07, 
	0x38, 0x3c, 0x3f, 0x3f, 0x3f, 0x1f, 0x1c, 0x1e, 0x0e, 0x0f, 0x07, 0x0f, 0x0e, 0x0e, 0x0e, 0x0e, 
	0x0e, 0x0e, 0x0e, 0x0e, 0x0f, 0x07, 0x07, 0x07, 0x03, 0x03, 0x01, 0x00, 0x00, 0x00, 0x00, 0x00
};
// 'comments', 32x32px
const unsigned char far_32x32_fa_comments [] PROGMEM = {
	0x00, 0x00, 0x80, 0xc0, 0xc0, 0xe0, 0xe0, 0x70, 0x70, 0x70, 0x30, 0x30, 0x30, 0x70, 0x70, 0x70, 
	0xe0, 0xe0, 0xe0, 0xc0, 0x80, 0x00, 0x00, 0x00, 0x00, 0x00, 0x00, 0x00, 0x00, 0x00, 0x00, 0x00, 
	0x7c, 0xff, 0xff, 0x83, 0x01, 0x00, 0x00, 0x00, 0x00, 0x00, 0x00, 0x00, 0x00, 0x00, 0x00, 0x00, 
	0x00, 0x00, 0x01, 0x83, 0xff, 0xff, 0x7e, 0x0e, 0x0c, 0x1c, 0x1c, 0x38, 0x78, 0xf0, 0xe0, 0x80, 
	0x60, 0x79, 0x7f, 0x7f, 0x7f, 0x3a, 0x38, 0x1c, 0x1c, 0x1c, 0x38, 0x78, 0xf8, 0xfc, 0xdc, 0x9c, 
	0x8e, 0x8e, 0x0f, 0x07, 0x03, 0x01, 0x00, 0x80, 0x80, 0x00, 0x00, 0xe0, 0xf0, 0xff, 0x3f, 0x1f, 
	0x00, 0x00, 0x00, 0x00, 0x00, 0x00, 0x00, 0x00, 0x00, 0x00, 0x00, 0x00, 0x00, 0x01, 0x01, 0x03, 
	0x03, 0x03, 0x03, 0x03, 0x07, 0x03, 0x03, 0x03, 0x07, 0x07, 0x0e, 0x0f, 0x0f, 0x0f, 0x0e, 0x0c
};
// 'compass', 32x32px
const unsigned char far_32x32_fa_compass [] PROGMEM = {
	0x00, 0x00, 0x00, 0x80, 0xc0, 0xe0, 0xf0, 0x78, 0x38, 0x3c, 0x1c, 0x1e, 0x0e, 0x0e, 0x0e, 0x0f, 
	0x0f, 0x0f, 0x0e, 0x0e, 0x0e, 0x1e, 0x1c, 0x3c, 0x38, 0x78, 0xf0, 0xe0, 0xc0, 0x80, 0x00, 0x00, 
	0x00, 0xf0, 0xfe, 0xff, 0x1f, 0x03, 0x01, 0x00, 0x00, 0x00, 0x00, 0x00, 0xc0, 0xf0, 0xf0, 0x38, 
	0x38, 0x3c, 0xfc, 0xfc, 0xfe, 0xfe, 0x3f, 0x0f, 0x00, 0x00, 0x01, 0x03, 0x1f, 0xff, 0xfe, 0xf0, 
	0x00, 0x0f, 0x7f, 0xff, 0xf8, 0xc0, 0x80, 0x00, 0x00, 0xf0, 0xfc, 0x7f, 0x7f, 0x3f, 0x3f, 0x3c, 
	0x1c, 0x1c, 0x0f, 0x0f, 0x03, 0x00, 0x00, 0x00, 0x00, 0x00, 0x80, 0xc0, 0xf8, 0xff, 0x7f, 0x0f, 
	0x00, 0x00, 0x00, 0x01, 0x03, 0x07, 0x0f, 0x1e, 0x1c, 0x3c, 0x38, 0x78, 0x70, 0x70, 0x70, 0xf0, 
	0xf0, 0xf0, 0x70, 0x70, 0x70, 0x78, 0x38, 0x3c, 0x1c, 0x1e, 0x0f, 0x07, 0x03, 0x01, 0x00, 0x00
};
// 'copy', 32x32px
const unsigned char far_32x32_fa_copy [] PROGMEM = {
	0x00, 0x00, 0x80, 0xc0, 0xc0, 0xc0, 0xc0, 0xc0, 0xc0, 0xc0, 0xfe, 0xff, 0xff, 0x07, 0x07, 0x07, 
	0x07, 0x07, 0x07, 0x07, 0xff, 0xff, 0xff, 0x87, 0x8f, 0x9f, 0xbe, 0xfc, 0xf8, 0xf0, 0x00, 0x00, 
	0x00, 0x00, 0xff, 0xff, 0xff, 0x01, 0x01, 0x01, 0x01, 0x01, 0xff, 0xff, 0xff, 0x00, 0x00, 0x00, 
	0x00, 0x00, 0x00, 0x00, 0x03, 0x03, 0x03, 0x03, 0x03, 0x03, 0x03, 0xff, 0xff, 0xff, 0x00, 0x00, 
	0x00, 0x00, 0xff, 0xff, 0xff, 0x00, 0x00, 0x00, 0x00, 0x00, 0xff, 0xff, 0xff, 0x80, 0x80, 0x80, 
	0x80, 0x80, 0x80, 0x80, 0x80, 0x80, 0x80, 0x80, 0x80, 0x80, 0x80, 0xff, 0xff, 0xff, 0x00, 0x00, 
	0x00, 0x00, 0x7f, 0xff, 0xff, 0xe0, 0xe0, 0xe0, 0xe0, 0xe0, 0xe1, 0xe3, 0xe3, 0xe3, 0xe3, 0xe3, 
	0xe3, 0xe3, 0xe3, 0xff, 0xff, 0x7f, 0x03, 0x03, 0x03, 0x03, 0x03, 0x03, 0x03, 0x01, 0x00, 0x00
};
// 'copyright', 32x32px
const unsigned char far_32x32_fa_copyright [] PROGMEM = {
	0x00, 0x00, 0x00, 0x80, 0xc0, 0xe0, 0xf0, 0x78, 0x3c, 0x1c, 0x1e, 0x0e, 0x0e, 0x0e, 0x8f, 0x8f, 
	0x8f, 0x8f, 0x8e, 0x0e, 0x0e, 0x1e, 0x1c, 0x3c, 0x78, 0xf0, 0xe0, 0xc0, 0x80, 0x00, 0x00, 0x00, 
	0xc0, 0xfc, 0xff, 0xff, 0x07, 0x01, 0x00, 0x80, 0xf0, 0xfc, 0xfe, 0x7f, 0x1f, 0x0f, 0x07, 0x07, 
	0x07, 0x07, 0x07, 0x0f, 0x0f, 0x0e, 0x00, 0x00, 0x00, 0x00, 0x01, 0x07, 0xff, 0xff, 0xfc, 0xc0, 
	0x03, 0x3f, 0xff, 0xff, 0xe0, 0x80, 0x00, 0x01, 0x0f, 0x3f, 0x7f, 0xff, 0xf8, 0xf0, 0xe0, 0xe0, 
	0xe0, 0xe0, 0xe0, 0xf0, 0xf8, 0x70, 0x20, 0x00, 0x00, 0x00, 0x80, 0xe0, 0xff, 0xff, 0x3f, 0x03, 
	0x00, 0x00, 0x00, 0x01, 0x03, 0x07, 0x0f, 0x1e, 0x3c, 0x38, 0x78, 0x70, 0x70, 0x70, 0xf1, 0xf1, 
	0xf1, 0xf1, 0x71, 0x70, 0x70, 0x78, 0x38, 0x3c, 0x1e, 0x0f, 0x07, 0x03, 0x01, 0x00, 0x00, 0x00
};
// 'credit-card', 32x32px
const unsigned char far_32x32_fa_credit_card [] PROGMEM = {
	0xe0, 0xf0, 0xf0, 0x30, 0x30, 0x30, 0x30, 0x30, 0x30, 0x30, 0x30, 0x30, 0x30, 0x30, 0x30, 0x30, 
	0x30, 0x30, 0x30, 0x30, 0x30, 0x30, 0x30, 0x30, 0x30, 0x30, 0x30, 0x30, 0x30, 0xf0, 0xf0, 0xe0, 
	0xff, 0xff, 0xff, 0xfe, 0xfe, 0xfe, 0xfe, 0xfe, 0xfe, 0xfe, 0xfe, 0xfe, 0xfe, 0xfe, 0xfe, 0xfe, 
	0xfe, 0xfe, 0xfe, 0xfe, 0xfe, 0xfe, 0xfe, 0xfe, 0xfe, 0xfe, 0xfe, 0xfe, 0xfe, 0xff, 0xff, 0xff, 
	0xff, 0xff, 0xff, 0x00, 0x00, 0x70, 0x78, 0x78, 0x78, 0x78, 0x70, 0x00, 0x30, 0x78, 0x78, 0x78, 
	0x78, 0x78, 0x78, 0x78, 0x70, 0x00, 0x00, 0x00, 0x00, 0x00, 0x00, 0x00, 0x00, 0xff, 0xff, 0xff, 
	0x07, 0x0f, 0x0f, 0x0c, 0x0c, 0x0c, 0x0c, 0x0c, 0x0c, 0x0c, 0x0c, 0x0c, 0x0c, 0x0c, 0x0c, 0x0c, 
	0x0c, 0x0c, 0x0c, 0x0c, 0x0c, 0x0c, 0x0c, 0x0c, 0x0c, 0x0c, 0x0c, 0x0c, 0x0c, 0x0f, 0x0f, 0x07
};
// 'dizzy', 32x32px
const unsigned char far_32x32_fa_dizzy [] PROGMEM = {
	0x00, 0x00, 0x00, 0x80, 0xc0, 0xe0, 0xf0, 0x78, 0x38, 0x3c, 0x1c, 0x1e, 0x0e, 0x0e, 0x0e, 0x0f, 
	0x0f, 0x0f, 0x0e, 0x0e, 0x0e, 0x1e, 0x1c, 0x3c, 0x38, 0x78, 0xf0, 0xe0, 0xc0, 0x80, 0x00, 0x00, 
	0x00, 0xf0, 0xfe, 0xff, 0x1f, 0x03, 0x01, 0x00, 0x66, 0x7e, 0x7e, 0x3c, 0x7e, 0x7e, 0x66, 0x00, 
	0x00, 0x00, 0x66, 0x7e, 0x7e, 0x3c, 0x7e, 0x7e, 0x66, 0x00, 0x01, 0x03, 0x1f, 0xff, 0xfe, 0xf0, 
	0x00, 0x0f, 0x7f, 0xff, 0xf8, 0xc0, 0x80, 0x00, 0x00, 0x00, 0x00, 0x00, 0x00, 0xfc, 0xfc, 0xfe, 
	0xfe, 0xfe, 0xfc, 0xfc, 0x00, 0x00, 0x00, 0x00, 0x00, 0x00, 0x80, 0xc0, 0xf8, 0xff, 0x7f, 0x0f, 
	0x00, 0x00, 0x00, 0x01, 0x03, 0x07, 0x0f, 0x1e, 0x1c, 0x3c, 0x38, 0x78, 0x70, 0x70, 0x70, 0xf1, 
	0xf1, 0xf1, 0x70, 0x70, 0x70, 0x78, 0x38, 0x3c, 0x1c, 0x1e, 0x0f, 0x07, 0x03, 0x01, 0x00, 0x00
};
// 'dot-circle', 32x32px
const unsigned char far_32x32_fa_dot_circle [] PROGMEM = {
	0x00, 0x00, 0x00, 0x80, 0xc0, 0xe0, 0xf0, 0x78, 0x3c, 0x1c, 0x1e, 0x0e, 0x0e, 0x0e, 0x0f, 0x0f, 
	0x0f, 0x0f, 0x0e, 0x0e, 0x0e, 0x1e, 0x1c, 0x3c, 0x78, 0xf0, 0xe0, 0xc0, 0x80, 0x00, 0x00, 0x00, 
	0xc0, 0xfc, 0xff, 0xff, 0x07, 0x01, 0x00, 0x00, 0x00, 0x00, 0x00, 0xc0, 0xf0, 0xf0, 0xf8, 0xf8, 
	0xf8, 0xf8, 0xf0, 0xf0, 0xc0, 0x00, 0x00, 0x00, 0x00, 0x00, 0x01, 0x07, 0xff, 0xff, 0xfc, 0xc0, 
	0x03, 0x3f, 0xff, 0xff, 0xe0, 0x80, 0x00, 0x00, 0x00, 0x00, 0x00, 0x03, 0x0f, 0x0f, 0x1f, 0x1f, 
	0x1f, 0x1f, 0x0f, 0x0f, 0x03, 0x00, 0x00, 0x00, 0x00, 0x00, 0x80, 0xe0, 0xff, 0xff, 0x3f, 0x03, 
	0x00, 0x00, 0x00, 0x01, 0x03, 0x07, 0x0f, 0x1e, 0x3c, 0x38, 0x78, 0x70, 0x70, 0x70, 0xf0, 0xf0, 
	0xf0, 0xf0, 0x70, 0x70, 0x70, 0x78, 0x38, 0x3c, 0x1e, 0x0f, 0x07, 0x03, 0x01, 0x00, 0x00, 0x00
};
// 'edit', 32x32px
const unsigned char far_32x32_fa_edit [] PROGMEM = {
	0xc0, 0xc0, 0xc0, 0xe0, 0xe0, 0xe0, 0xe0, 0xe0, 0xe0, 0xe0, 0xe0, 0xe0, 0xe0, 0xe0, 0xe0, 0xe0, 
	0xe0, 0x60, 0x00, 0x80, 0xc0, 0xe0, 0xf0, 0xf8, 0xfc, 0x1c, 0x1c, 0x3c, 0x78, 0xf0, 0xe0, 0xc0, 
	0xff, 0xff, 0xff, 0x00, 0x00, 0x00, 0x00, 0x00, 0x00, 0x00, 0x00, 0x80, 0xc0, 0xe0, 0xf0, 0x78, 
	0x3c, 0x1e, 0x0f, 0x07, 0x03, 0x81, 0xc1, 0xc3, 0xe7, 0x7f, 0x3e, 0x1e, 0x0e, 0x07, 0x03, 0x01, 
	0xff, 0xff, 0xff, 0x00, 0x00, 0x00, 0x00, 0x00, 0x00, 0xfe, 0xff, 0xff, 0xc3, 0xc1, 0xc0, 0xe0, 
	0xf0, 0x78, 0x3c, 0x1e, 0x0f, 0x07, 0xe3, 0xf1, 0xf8, 0x00, 0x00, 0x00, 0x00, 0x00, 0x00, 0x00, 
	0x1f, 0x3f, 0x3f, 0x38, 0x38, 0x38, 0x38, 0x38, 0x38, 0x38, 0x39, 0x39, 0x39, 0x39, 0x38, 0x38, 
	0x38, 0x38, 0x38, 0x38, 0x38, 0x38, 0x3f, 0x3f, 0x1f, 0x00, 0x00, 0x00, 0x00, 0x00, 0x00, 0x00
};
// 'envelope', 32x32px
const unsigned char far_32x32_fa_envelope [] PROGMEM = {
	0xe0, 0xf0, 0xf0, 0x70, 0x70, 0x70, 0x70, 0x70, 0x70, 0x70, 0x70, 0x70, 0x70, 0x70, 0x70, 0x70, 
	0x70, 0x70, 0x70, 0x70, 0x70, 0x70, 0x70, 0x70, 0x70, 0x70, 0x70, 0x70, 0x70, 0xf0, 0xf0, 0xe0, 
	0xff, 0xff, 0xff, 0x3c, 0x78, 0x78, 0xf0, 0xe0, 0xc0, 0x80, 0x80, 0x00, 0x00, 0x00, 0x00, 0x00, 
	0x00, 0x00, 0x00, 0x00, 0x00, 0x80, 0x80, 0xc0, 0xe0, 0xf0, 0x78, 0x78, 0x3c, 0xff, 0xff, 0xff, 
	0xff, 0xff, 0xff, 0x00, 0x00, 0x00, 0x00, 0x01, 0x03, 0x07, 0x07, 0x0f, 0x1e, 0x1c, 0x3c, 0x38, 
	0x38, 0x3c, 0x1c, 0x1e, 0x0f, 0x07, 0x07, 0x03, 0x01, 0x00, 0x00, 0x00, 0x00, 0xff, 0xff, 0xff, 
	0x07, 0x0f, 0x0f, 0x0e, 0x0e, 0x0e, 0x0e, 0x0e, 0x0e, 0x0e, 0x0e, 0x0e, 0x0e, 0x0e, 0x0e, 0x0e, 
	0x0e, 0x0e, 0x0e, 0x0e, 0x0e, 0x0e, 0x0e, 0x0e, 0x0e, 0x0e, 0x0e, 0x0e, 0x0e, 0x0f, 0x0f, 0x07
};
// 'envelope-open', 32x32px
const unsigned char far_32x32_fa_envelope_open [] PROGMEM = {
	0x00, 0x00, 0x00, 0x00, 0x80, 0x80, 0xc0, 0xe0, 0xf0, 0x78, 0x78, 0x3c, 0x1e, 0x0e, 0x0f, 0x07, 
	0x07, 0x0f, 0x0e, 0x1e, 0x3c, 0x78, 0x78, 0xf0, 0xe0, 0xc0, 0x80, 0x80, 0x00, 0x00, 0x00, 0x00, 
	0xf8, 0xfc, 0xfe, 0x0f, 0x07, 0x07, 0x03, 0x01, 0x00, 0x00, 0x00, 0x00, 0x00, 0x00, 0x00, 0x00, 
	0x00, 0x00, 0x00, 0x00, 0x00, 0x00, 0x00, 0x00, 0x01, 0x03, 0x07, 0x07, 0x0f, 0xfe, 0xfc, 0xf8, 
	0xff, 0xff, 0xff, 0x00, 0x00, 0x03, 0x07, 0x0f, 0x1e, 0x3c, 0x3c, 0x78, 0xf0, 0xe0, 0xe0, 0xc0, 
	0xc0, 0xe0, 0xe0, 0xf0, 0x78, 0x3c, 0x3c, 0x1e, 0x0f, 0x07, 0x03, 0x00, 0x00, 0xff, 0xff, 0xff, 
	0x7f, 0xff, 0xff, 0xe0, 0xe0, 0xe0, 0xe0, 0xe0, 0xe0, 0xe0, 0xe0, 0xe0, 0xe0, 0xe0, 0xe1, 0xe1, 
	0xe1, 0xe1, 0xe0, 0xe0, 0xe0, 0xe0, 0xe0, 0xe0, 0xe0, 0xe0, 0xe0, 0xe0, 0xe0, 0xff, 0xff, 0x7f
};
// 'eye', 32x32px
const unsigned char far_32x32_fa_eye [] PROGMEM = {
	0x00, 0x00, 0x00, 0x00, 0x00, 0x00, 0x00, 0x00, 0x80, 0x80, 0xc0, 0xc0, 0xc0, 0xc0, 0xc0, 0xe0, 
	0xe0, 0xc0, 0xc0, 0xc0, 0xc0, 0xc0, 0x80, 0x80, 0x00, 0x00, 0x00, 0x00, 0x00, 0x00, 0x00, 0x00, 
	0xc0, 0xe0, 0xf0, 0x78, 0x3c, 0x0e, 0x0f, 0x07, 0x03, 0x03, 0x81, 0x81, 0xc1, 0xc0, 0xf4, 0xfc, 
	0xfc, 0xfc, 0xfc, 0xf9, 0xf1, 0xe1, 0x03, 0x03, 0x07, 0x0f, 0x0e, 0x3c, 0x78, 0xf0, 0xe0, 0xc0, 
	0x03, 0x07, 0x0f, 0x1e, 0x3c, 0x70, 0xf0, 0xe0, 0xc0, 0xc0, 0x87, 0x8f, 0x9f, 0x3f, 0x3f, 0x3f, 
	0x3f, 0x3f, 0x3f, 0x9f, 0x8f, 0x87, 0xc0, 0xc0, 0xe0, 0xf0, 0x70, 0x3c, 0x1e, 0x0f, 0x07, 0x03, 
	0x00, 0x00, 0x00, 0x00, 0x00, 0x00, 0x00, 0x00, 0x01, 0x01, 0x03, 0x03, 0x03, 0x03, 0x03, 0x07, 
	0x07, 0x03, 0x03, 0x03, 0x03, 0x03, 0x01, 0x01, 0x00, 0x00, 0x00, 0x00, 0x00, 0x00, 0x00, 0x00
};
// 'eye-slash', 32x32px
const unsigned char far_32x32_fa_eye_slash [] PROGMEM = {
	0x18, 0x38, 0x70, 0xf0, 0xe0, 0xc0, 0x80, 0x00, 0x00, 0x00, 0x00, 0x80, 0x80, 0xc0, 0xc0, 0xc0, 
	0xc0, 0xc0, 0xc0, 0x80, 0x80, 0x80, 0x00, 0x00, 0x00, 0x00, 0x00, 0x00, 0x00, 0x00, 0x00, 0x00, 
	0x00, 0x00, 0xc0, 0xf0, 0x70, 0x31, 0x03, 0x07, 0x0f, 0x0e, 0x1c, 0x38, 0x71, 0xf1, 0xe1, 0xc1, 
	0x8d, 0x1d, 0x19, 0x31, 0x63, 0x03, 0x03, 0x07, 0x0e, 0x1e, 0x3c, 0x78, 0xf0, 0xc0, 0x00, 0x00, 
	0x00, 0x00, 0x03, 0x0f, 0x1e, 0x3c, 0x78, 0x70, 0xe0, 0xc0, 0xc0, 0xc6, 0x8c, 0x98, 0x98, 0xb1, 
	0x83, 0x87, 0x8f, 0x8e, 0x1c, 0x38, 0x70, 0xf0, 0xe0, 0xc0, 0x8c, 0x0e, 0x0f, 0x03, 0x00, 0x00, 
	0x00, 0x00, 0x00, 0x00, 0x00, 0x00, 0x00, 0x00, 0x00, 0x00, 0x01, 0x01, 0x01, 0x03, 0x03, 0x03, 
	0x03, 0x03, 0x03, 0x01, 0x01, 0x00, 0x00, 0x00, 0x00, 0x01, 0x03, 0x07, 0x0f, 0x0e, 0x1c, 0x18
};
// 'file', 32x32px
const unsigned char far_32x32_fa_file [] PROGMEM = {
	0x00, 0x00, 0x00, 0x00, 0xfe, 0xff, 0xff, 0x07, 0x07, 0x07, 0x07, 0x07, 0x07, 0x07, 0x07, 0x07, 
	0x07, 0xff, 0xff, 0xff, 0x0f, 0x1f, 0x3e, 0x7c, 0xf8, 0xf0, 0xe0, 0xc0, 0x00, 0x00, 0x00, 0x00, 
	0x00, 0x00, 0x00, 0x00, 0xff, 0xff, 0xff, 0x00, 0x00, 0x00, 0x00, 0x00, 0x00, 0x00, 0x00, 0x00, 
	0x00, 0x07, 0x07, 0x07, 0x07, 0x07, 0x07, 0x07, 0x07, 0xff, 0xff, 0xff, 0x00, 0x00, 0x00, 0x00, 
	0x00, 0x00, 0x00, 0x00, 0xff, 0xff, 0xff, 0x00, 0x00, 0x00, 0x00, 0x00, 0x00, 0x00, 0x00, 0x00, 
	0x00, 0x00, 0x00, 0x00, 0x00, 0x00, 0x00, 0x00, 0x00, 0xff, 0xff, 0xff, 0x00, 0x00, 0x00, 0x00, 
	0x00, 0x00, 0x00, 0x00, 0x7f, 0xff, 0xff, 0xe0, 0xe0, 0xe0, 0xe0, 0xe0, 0xe0, 0xe0, 0xe0, 0xe0, 
	0xe0, 0xe0, 0xe0, 0xe0, 0xe0, 0xe0, 0xe0, 0xe0, 0xe0, 0xff, 0xff, 0x7f, 0x00, 0x00, 0x00, 0x00
};
// 'file-alt', 32x32px
const unsigned char far_32x32_fa_file_alt [] PROGMEM = {
	0x00, 0x00, 0x00, 0x00, 0xfe, 0xff, 0xff, 0x07, 0x07, 0x07, 0x07, 0x07, 0x07, 0x07, 0x07, 0x07, 
	0x07, 0xff, 0xff, 0xff, 0x0f, 0x1f, 0x3e, 0x7c, 0xf8, 0xf0, 0xe0, 0xc0, 0x00, 0x00, 0x00, 0x00, 
	0x00, 0x00, 0x00, 0x00, 0xff, 0xff, 0xff, 0x00, 0x00, 0x00, 0x80, 0x80, 0x80, 0x80, 0x80, 0x80, 
	0x80, 0x87, 0x87, 0x87, 0x87, 0x87, 0x07, 0x07, 0x07, 0xff, 0xff, 0xff, 0x00, 0x00, 0x00, 0x00, 
	0x00, 0x00, 0x00, 0x00, 0xff, 0xff, 0xff, 0x00, 0x00, 0x00, 0x73, 0x73, 0x73, 0x73, 0x73, 0x73, 
	0x73, 0x73, 0x73, 0x73, 0x73, 0x73, 0x00, 0x00, 0x00, 0xff, 0xff, 0xff, 0x00, 0x00, 0x00, 0x00, 
	0x00, 0x00, 0x00, 0x00, 0x7f, 0xff, 0xff, 0xe0, 0xe0, 0xe0, 0xe0, 0xe0, 0xe0, 0xe0, 0xe0, 0xe0, 
	0xe0, 0xe0, 0xe0, 0xe0, 0xe0, 0xe0, 0xe0, 0xe0, 0xe0, 0xff, 0xff, 0x7f, 0x00, 0x00, 0x00, 0x00
};
// 'file-archive', 32x32px
const unsigned char far_32x32_fa_file_archive [] PROGMEM = {
	0x00, 0x00, 0x00, 0x00, 0xfe, 0xff, 0xff, 0x07, 0x07, 0x07, 0x07, 0x07, 0xcf, 0xcf, 0x37, 0x37, 
	0x07, 0xff, 0xff, 0xff, 0x0f, 0x1f, 0x3e, 0x7c, 0xf8, 0xf0, 0xe0, 0xc0, 0x00, 0x00, 0x00, 0x00, 
	0x00, 0x00, 0x00, 0x00, 0xff, 0xff, 0xff, 0x00, 0x00, 0x00, 0x00, 0x00, 0xcc, 0xcc, 0x33, 0x33, 
	0x00, 0x07, 0x07, 0x07, 0x07, 0x07, 0x07, 0x07, 0x07, 0xff, 0xff, 0xff, 0x00, 0x00, 0x00, 0x00, 
	0x00, 0x00, 0x00, 0x00, 0xff, 0xff, 0xff, 0x00, 0x00, 0x00, 0x00, 0xfc, 0x3f, 0x1f, 0x1f, 0x3f, 
	0xfc, 0x00, 0x00, 0x00, 0x00, 0x00, 0x00, 0x00, 0x00, 0xff, 0xff, 0xff, 0x00, 0x00, 0x00, 0x00, 
	0x00, 0x00, 0x00, 0x00, 0x7f, 0xff, 0xff, 0xe0, 0xe0, 0xe0, 0xe0, 0xe1, 0xe3, 0xe3, 0xe3, 0xe3, 
	0xe1, 0xe0, 0xe0, 0xe0, 0xe0, 0xe0, 0xe0, 0xe0, 0xe0, 0xff, 0xff, 0x7f, 0x00, 0x00, 0x00, 0x00
};
// 'file-audio', 32x32px
const unsigned char far_32x32_fa_file_audio [] PROGMEM = {
	0x00, 0x00, 0x00, 0x00, 0xfe, 0xff, 0xff, 0x07, 0x07, 0x07, 0x07, 0x07, 0x07, 0x07, 0x07, 0x07, 
	0x07, 0xff, 0xff, 0xff, 0x0f, 0x1f, 0x3e, 0x7c, 0xf8, 0xf0, 0xe0, 0xc0, 0x00, 0x00, 0x00, 0x00, 
	0x00, 0x00, 0x00, 0x00, 0xff, 0xff, 0xff, 0x00, 0x00, 0x00, 0x00, 0x00, 0x00, 0x00, 0x80, 0x80, 
	0x00, 0x07, 0x07, 0x07, 0x07, 0x07, 0x07, 0x07, 0x07, 0xff, 0xff, 0xff, 0x00, 0x00, 0x00, 0x00, 
	0x00, 0x00, 0x00, 0x00, 0xff, 0xff, 0xff, 0x00, 0x00, 0x00, 0x3c, 0x7e, 0x7e, 0xff, 0xff, 0xff, 
	0x00, 0x00, 0x66, 0xfe, 0xfe, 0x3c, 0x00, 0x00, 0x00, 0xff, 0xff, 0xff, 0x00, 0x00, 0x00, 0x00, 
	0x00, 0x00, 0x00, 0x00, 0x7f, 0xff, 0xff, 0xe0, 0xe0, 0xe0, 0xe0, 0xe0, 0xe0, 0xe0, 0xe1, 0xe1, 
	0xe0, 0xe0, 0xe0, 0xe0, 0xe0, 0xe0, 0xe0, 0xe0, 0xe0, 0xff, 0xff, 0x7f, 0x00, 0x00, 0x00, 0x00
};
// 'file-code', 32x32px
const unsigned char far_32x32_fa_file_code [] PROGMEM = {
	0x00, 0x00, 0x00, 0x00, 0xfe, 0xff, 0xff, 0x07, 0x07, 0x07, 0x07, 0x07, 0x07, 0x07, 0x07, 0x07, 
	0x07, 0xff, 0xff, 0xff, 0x0f, 0x1f, 0x3e, 0x7c, 0xf8, 0xf0, 0xe0, 0xc0, 0x00, 0x00, 0x00, 0x00, 
	0x00, 0x00, 0x00, 0x00, 0xff, 0xff, 0xff, 0x00, 0x00, 0x00, 0x00, 0x00, 0x00, 0x00, 0x00, 0x00, 
	0xc0, 0xe7, 0xc7, 0x07, 0x07, 0x07, 0x07, 0x07, 0x07, 0xff, 0xff, 0xff, 0x00, 0x00, 0x00, 0x00, 
	0x00, 0x00, 0x00, 0x00, 0xff, 0xff, 0xff, 0x00, 0x18, 0x3c, 0x7e, 0xff, 0xe7, 0xc0, 0xf0, 0xfe, 
	0x7f, 0x0f, 0x03, 0xe7, 0xff, 0x7e, 0x3c, 0x18, 0x00, 0xff, 0xff, 0xff, 0x00, 0x00, 0x00, 0x00, 
	0x00, 0x00, 0x00, 0x00, 0x7f, 0xff, 0xff, 0xe0, 0xe0, 0xe0, 0xe0, 0xe0, 0xe0, 0xe3, 0xe7, 0xe3, 
	0xe0, 0xe0, 0xe0, 0xe0, 0xe0, 0xe0, 0xe0, 0xe0, 0xe0, 0xff, 0xff, 0x7f, 0x00, 0x00, 0x00, 0x00
};
// 'file-excel', 32x32px
const unsigned char far_32x32_fa_file_excel [] PROGMEM = {
	0x00, 0x00, 0x00, 0x00, 0xfe, 0xff, 0xff, 0x07, 0x07, 0x07, 0x07, 0x07, 0x07, 0x07, 0x07, 0x07, 
	0x07, 0xff, 0xff, 0xff, 0x0f, 0x1f, 0x3e, 0x7c, 0xf8, 0xf0, 0xe0, 0xc0, 0x00, 0x00, 0x00, 0x00, 
	0x00, 0x00, 0x00, 0x00, 0xff, 0xff, 0xff, 0x00, 0x00, 0x00, 0x00, 0xc0, 0xc0, 0xc0, 0x80, 0x00, 
	0x00, 0x87, 0xc7, 0xc7, 0xc7, 0x07, 0x07, 0x07, 0x07, 0xff, 0xff, 0xff, 0x00, 0x00, 0x00, 0x00, 
	0x00, 0x00, 0x00, 0x00, 0xff, 0xff, 0xff, 0x00, 0x00, 0x00, 0x00, 0x00, 0xc3, 0xe7, 0xff, 0x7e, 
	0x7e, 0xff, 0xe7, 0xc3, 0x00, 0x00, 0x00, 0x00, 0x00, 0xff, 0xff, 0xff, 0x00, 0x00, 0x00, 0x00, 
	0x00, 0x00, 0x00, 0x00, 0x7f, 0xff, 0xff, 0xe0, 0xe0, 0xe0, 0xe0, 0xe3, 0xe3, 0xe3, 0xe1, 0xe0, 
	0xe0, 0xe1, 0xe3, 0xe3, 0xe3, 0xe0, 0xe0, 0xe0, 0xe0, 0xff, 0xff, 0x7f, 0x00, 0x00, 0x00, 0x00
};
// 'file-image', 32x32px
const unsigned char far_32x32_fa_file_image [] PROGMEM = {
	0x00, 0x00, 0x00, 0x00, 0xfe, 0xff, 0xff, 0x07, 0x07, 0x07, 0x07, 0x07, 0x07, 0x07, 0x07, 0x07, 
	0x07, 0xff, 0xff, 0xff, 0x0f, 0x1f, 0x3e, 0x7c, 0xf8, 0xf0, 0xe0, 0xc0, 0x00, 0x00, 0x00, 0x00, 
	0x00, 0x00, 0x00, 0x00, 0xff, 0xff, 0xff, 0x00, 0x00, 0xf0, 0xf8, 0xf8, 0xf8, 0xf8, 0xf0, 0x00, 
	0x00, 0x07, 0x07, 0x07, 0x07, 0x07, 0x07, 0x07, 0x07, 0xff, 0xff, 0xff, 0x00, 0x00, 0x00, 0x00, 
	0x00, 0x00, 0x00, 0x00, 0xff, 0xff, 0xff, 0x00, 0x00, 0xe0, 0xf1, 0xf1, 0xf1, 0xf1, 0xe0, 0xe0, 
	0xf0, 0xf8, 0xfc, 0xfe, 0xfe, 0xfe, 0xfe, 0x00, 0x00, 0xff, 0xff, 0xff, 0x00, 0x00, 0x00, 0x00, 
	0x00, 0x00, 0x00, 0x00, 0x7f, 0xff, 0xff, 0xe0, 0xe0, 0xe3, 0xe3, 0xe3, 0xe3, 0xe3, 0xe3, 0xe3, 
	0xe3, 0xe3, 0xe3, 0xe3, 0xe3, 0xe3, 0xe3, 0xe0, 0xe0, 0xff, 0xff, 0x7f, 0x00, 0x00, 0x00, 0x00
};
// 'file-pdf', 32x32px
const unsigned char far_32x32_fa_file_pdf [] PROGMEM = {
	0x00, 0x00, 0x00, 0x00, 0xfe, 0xff, 0xff, 0x07, 0x07, 0x07, 0x07, 0x07, 0x07, 0x07, 0x07, 0x07, 
	0x07, 0xff, 0xff, 0xff, 0x0f, 0x1f, 0x3e, 0x7c, 0xf8, 0xf0, 0xe0, 0xc0, 0x00, 0x00, 0x00, 0x00, 
	0x00, 0x00, 0x00, 0x00, 0xff, 0xff, 0xff, 0x00, 0x00, 0x00, 0x00, 0x00, 0x00, 0x00, 0xf0, 0xf0, 
	0xe0, 0x07, 0x07, 0x07, 0x07, 0x07, 0x07, 0x07, 0x07, 0xff, 0xff, 0xff, 0x00, 0x00, 0x00, 0x00, 
	0x00, 0x00, 0x00, 0x00, 0xff, 0xff, 0xff, 0x00, 0x00, 0x00, 0x80, 0xc0, 0xe0, 0x78, 0x2f, 0x27, 
	0x3e, 0x38, 0x38, 0x38, 0x38, 0x30, 0x30, 0x00, 0x00, 0xff, 0xff, 0xff, 0x00, 0x00, 0x00, 0x00, 
	0x00, 0x00, 0x00, 0x00, 0x7f, 0xff, 0xff, 0xe0, 0xe0, 0xe3, 0xe3, 0xe3, 0xe1, 0xe0, 0xe0, 0xe0, 
	0xe0, 0xe0, 0xe0, 0xe0, 0xe0, 0xe0, 0xe0, 0xe0, 0xe0, 0xff, 0xff, 0x7f, 0x00, 0x00, 0x00, 0x00
};
// 'file-powerpoint', 32x32px
const unsigned char far_32x32_fa_file_powerpoint [] PROGMEM = {
	0x00, 0x00, 0x00, 0x00, 0xfe, 0xff, 0xff, 0x07, 0x07, 0x07, 0x07, 0x07, 0x07, 0x07, 0x07, 0x07, 
	0x07, 0xff, 0xff, 0xff, 0x0f, 0x1f, 0x3e, 0x7c, 0xf8, 0xf0, 0xe0, 0xc0, 0x00, 0x00, 0x00, 0x00, 
	0x00, 0x00, 0x00, 0x00, 0xff, 0xff, 0xff, 0x00, 0x00, 0x00, 0x00, 0x80, 0xc0, 0xc0, 0xc0, 0xc0, 
	0xc0, 0xc7, 0xc7, 0x87, 0x07, 0x07, 0x07, 0x07, 0x07, 0xff, 0xff, 0xff, 0x00, 0x00, 0x00, 0x00, 
	0x00, 0x00, 0x00, 0x00, 0xff, 0xff, 0xff, 0x00, 0x00, 0x00, 0x00, 0xff, 0xff, 0xff, 0xff, 0x31, 
	0x31, 0x3f, 0x3f, 0x1f, 0x04, 0x00, 0x00, 0x00, 0x00, 0xff, 0xff, 0xff, 0x00, 0x00, 0x00, 0x00, 
	0x00, 0x00, 0x00, 0x00, 0x7f, 0xff, 0xff, 0xe0, 0xe0, 0xe0, 0xe0, 0xe1, 0xe3, 0xe3, 0xe1, 0xe0, 
	0xe0, 0xe0, 0xe0, 0xe0, 0xe0, 0xe0, 0xe0, 0xe0, 0xe0, 0xff, 0xff, 0x7f, 0x00, 0x00, 0x00, 0x00
};
// 'file-video', 32x32px
const unsigned char far_32x32_fa_file_video [] PROGMEM = {
	0x00, 0x00, 0x00, 0x00, 0xfe, 0xff, 0xff, 0x07, 0x07, 0x07, 0x07, 0x07, 0x07, 0x07, 0x07, 0x07, 
	0x07, 0xff, 0xff, 0xff, 0x0f, 0x1f, 0x3e, 0x7c, 0xf8, 0xf0, 0xe0, 0xc0, 0x00, 0x00, 0x00, 0x00, 
	0x00, 0x00, 0x00, 0x00, 0xff, 0xff, 0xff, 0x00, 0x00, 0x00, 0x80, 0x80, 0x80, 0x80, 0x80, 0x80, 
	0x80, 0x07, 0x07, 0x07, 0x07, 0x07, 0x07, 0x07, 0x07, 0xff, 0xff, 0xff, 0x00, 0x00, 0x00, 0x00, 
	0x00, 0x00, 0x00, 0x00, 0xff, 0xff, 0xff, 0x00, 0x00, 0xff, 0xff, 0xff, 0xff, 0xff, 0xff, 0xff, 
	0xff, 0xff, 0x3c, 0x3c, 0x7e, 0xff, 0xff, 0x00, 0x00, 0xff, 0xff, 0xff, 0x00, 0x00, 0x00, 0x00, 
	0x00, 0x00, 0x00, 0x00, 0x7f, 0xff, 0xff, 0xe0, 0xe0, 0xe0, 0xe1, 0xe1, 0xe1, 0xe1, 0xe1, 0xe1, 
	0xe1, 0xe0, 0xe0, 0xe0, 0xe0, 0xe0, 0xe0, 0xe0, 0xe0, 0xff, 0xff, 0x7f, 0x00, 0x00, 0x00, 0x00
};
// 'file-word', 32x32px
const unsigned char far_32x32_fa_file_word [] PROGMEM = {
	0x00, 0x00, 0x00, 0x00, 0xfe, 0xff, 0xff, 0x07, 0x07, 0x07, 0x07, 0x07, 0x07, 0x07, 0x07, 0x07, 
	0x07, 0xff, 0xff, 0xff, 0x0f, 0x1f, 0x3e, 0x7c, 0xf8, 0xf0, 0xe0, 0xc0, 0x00, 0x00, 0x00, 0x00, 
	0x00, 0x00, 0x00, 0x00, 0xff, 0xff, 0xff, 0x00, 0x00, 0x00, 0x00, 0x00, 0x00, 0x00, 0x00, 0x00, 
	0x00, 0x07, 0x07, 0x07, 0x07, 0x07, 0x07, 0x07, 0x07, 0xff, 0xff, 0xff, 0x00, 0x00, 0x00, 0x00, 
	0x00, 0x00, 0x00, 0x00, 0xff, 0xff, 0xff, 0x00, 0x00, 0x00, 0x1f, 0xff, 0xfc, 0xe0, 0xfc, 0x3f, 
	0x3f, 0xfc, 0xe0, 0xf8, 0xff, 0x1f, 0x00, 0x00, 0x00, 0xff, 0xff, 0xff, 0x00, 0x00, 0x00, 0x00, 
	0x00, 0x00, 0x00, 0x00, 0x7f, 0xff, 0xff, 0xe0, 0xe0, 0xe0, 0xe0, 0xe1, 0xe3, 0xe3, 0xe3, 0xe0, 
	0xe0, 0xe3, 0xe3, 0xe3, 0xe1, 0xe0, 0xe0, 0xe0, 0xe0, 0xff, 0xff, 0x7f, 0x00, 0x00, 0x00, 0x00
};
// 'flag', 32x32px
const unsigned char far_32x32_fa_flag [] PROGMEM = {
	0x1e, 0xff, 0xff, 0xff, 0xff, 0x7e, 0x70, 0x78, 0x38, 0x38, 0x38, 0x38, 0x38, 0x38, 0x78, 0x70, 
	0x70, 0xf0, 0xe0, 0xe0, 0xe0, 0xe0, 0xe0, 0xe0, 0xf0, 0x70, 0x70, 0x78, 0x38, 0xf8, 0xf8, 0xf0, 
	0x00, 0xff, 0xff, 0xff, 0xff, 0x00, 0x00, 0x00, 0x00, 0x00, 0x00, 0x00, 0x00, 0x00, 0x00, 0x00, 
	0x00, 0x00, 0x00, 0x00, 0x00, 0x00, 0x00, 0x00, 0x00, 0x00, 0x00, 0x00, 0x00, 0xff, 0xff, 0xff, 
	0x00, 0xff, 0xff, 0xff, 0xff, 0xc0, 0xc0, 0xc0, 0xe0, 0xe0, 0xe0, 0xe0, 0xe0, 0xe0, 0xe0, 0xe0, 
	0xc0, 0xc0, 0xc0, 0x80, 0x80, 0x80, 0x80, 0x80, 0x80, 0x80, 0xc0, 0xc0, 0xe0, 0xff, 0xff, 0x7f, 
	0x00, 0x7f, 0xff, 0xff, 0x7f, 0x01, 0x01, 0x01, 0x00, 0x00, 0x00, 0x00, 0x00, 0x00, 0x00, 0x01, 
	0x01, 0x01, 0x01, 0x03, 0x03, 0x03, 0x03, 0x03, 0x03, 0x03, 0x01, 0x01, 0x01, 0x00, 0x00, 0x00
};
// 'flushed', 32x32px
const unsigned char far_32x32_fa_flushed [] PROGMEM = {
	0x00, 0x00, 0x00, 0x80, 0xc0, 0xe0, 0xf0, 0x78, 0x38, 0x3c, 0x1c, 0x1e, 0x0e, 0x0e, 0x0e, 0x0f, 
	0x0f, 0x0f, 0x0e, 0x0e, 0x0e, 0x1e, 0x1c, 0x3c, 0x38, 0x78, 0xf0, 0xe0, 0xc0, 0x80, 0x00, 0x00, 
	0x00, 0xf0, 0xfe, 0xff, 0x1f, 0x03, 0xf9, 0xfc, 0x0e, 0x66, 0x66, 0x66, 0x0e, 0xfc, 0xf8, 0x00, 
	0x00, 0x00, 0xf8, 0xfc, 0x0e, 0x66, 0x66, 0x66, 0x0e, 0xfc, 0xf9, 0x03, 0x1f, 0xff, 0xfe, 0xf0, 
	0x00, 0x0f, 0x7f, 0xff, 0xf8, 0xc0, 0x81, 0x03, 0x07, 0x06, 0x06, 0xc6, 0xc7, 0xe3, 0xe1, 0xe0, 
	0xe0, 0xe0, 0xe1, 0xe3, 0xc7, 0xc6, 0x06, 0x06, 0x07, 0x03, 0x81, 0xc0, 0xf8, 0xff, 0x7f, 0x0f, 
	0x00, 0x00, 0x00, 0x01, 0x03, 0x07, 0x0f, 0x1e, 0x1c, 0x3c, 0x38, 0x78, 0x70, 0x71, 0x71, 0xf1, 
	0xf1, 0xf1, 0x71, 0x71, 0x70, 0x78, 0x38, 0x3c, 0x1c, 0x1e, 0x0f, 0x07, 0x03, 0x01, 0x00, 0x00
};
// 'folder', 32x32px
const unsigned char far_32x32_fa_folder [] PROGMEM = {
	0xe0, 0xf0, 0xf0, 0x70, 0x70, 0x70, 0x70, 0x70, 0x70, 0x70, 0x70, 0x70, 0xf0, 0xe0, 0xe0, 0xc0, 
	0x80, 0x00, 0x00, 0x00, 0x00, 0x00, 0x00, 0x00, 0x00, 0x00, 0x00, 0x00, 0x00, 0x00, 0x00, 0x00, 
	0xff, 0xff, 0xff, 0x00, 0x00, 0x00, 0x00, 0x00, 0x00, 0x00, 0x00, 0x00, 0x00, 0x01, 0x03, 0x07, 
	0x07, 0x07, 0x07, 0x07, 0x07, 0x07, 0x07, 0x07, 0x07, 0x07, 0x07, 0x07, 0x07, 0xff, 0xff, 0xfe, 
	0xff, 0xff, 0xff, 0x00, 0x00, 0x00, 0x00, 0x00, 0x00, 0x00, 0x00, 0x00, 0x00, 0x00, 0x00, 0x00, 
	0x00, 0x00, 0x00, 0x00, 0x00, 0x00, 0x00, 0x00, 0x00, 0x00, 0x00, 0x00, 0x00, 0xff, 0xff, 0xff, 
	0x07, 0x0f, 0x0f, 0x0e, 0x0e, 0x0e, 0x0e, 0x0e, 0x0e, 0x0e, 0x0e, 0x0e, 0x0e, 0x0e, 0x0e, 0x0e, 
	0x0e, 0x0e, 0x0e, 0x0e, 0x0e, 0x0e, 0x0e, 0x0e, 0x0e, 0x0e, 0x0e, 0x0e, 0x0e, 0x0f, 0x0f, 0x07
};
// 'folder-open', 32x32px
const unsigned char far_32x32_fa_folder_open [] PROGMEM = {
	0xc0, 0xc0, 0xc0, 0xe0, 0xe0, 0xe0, 0xe0, 0xe0, 0xe0, 0xe0, 0xe0, 0xc0, 0xc0, 0x80, 0x00, 0x00, 
	0x00, 0x00, 0x00, 0x00, 0x00, 0x00, 0x00, 0x00, 0x00, 0x00, 0x00, 0x00, 0x00, 0x00, 0x00, 0x00, 
	0xff, 0xff, 0xff, 0x00, 0x00, 0x00, 0x80, 0xc0, 0xc0, 0xc0, 0xc0, 0xc1, 0xc3, 0xc7, 0xcf, 0xce, 
	0xce, 0xce, 0xce, 0xce, 0xce, 0xce, 0xce, 0xce, 0xfe, 0xfe, 0xf8, 0xc0, 0xc0, 0xc0, 0x80, 0x80, 
	0xff, 0xff, 0xff, 0xf0, 0xfc, 0x3e, 0x0f, 0x03, 0x01, 0x01, 0x01, 0x01, 0x01, 0x01, 0x01, 0x01, 
	0x01, 0x01, 0x01, 0x01, 0x01, 0x01, 0x01, 0x01, 0x01, 0x81, 0xe1, 0xf1, 0x7d, 0x3f, 0x0f, 0x07, 
	0x03, 0x03, 0x03, 0x07, 0x07, 0x07, 0x07, 0x07, 0x07, 0x07, 0x07, 0x07, 0x07, 0x07, 0x07, 0x07, 
	0x07, 0x07, 0x07, 0x07, 0x07, 0x07, 0x07, 0x07, 0x07, 0x03, 0x03, 0x01, 0x00, 0x00, 0x00, 0x00
};
// 'frown', 32x32px
const unsigned char far_32x32_fa_frown [] PROGMEM = {
	0x00, 0x00, 0x00, 0x80, 0xc0, 0xe0, 0xf0, 0x78, 0x38, 0x3c, 0x1c, 0x1e, 0x0e, 0x0e, 0x0e, 0x0f, 
	0x0f, 0x0f, 0x0e, 0x0e, 0x0e, 0x1e, 0x1c, 0x3c, 0x38, 0x78, 0xf0, 0xe0, 0xc0, 0x80, 0x00, 0x00, 
	0x00, 0xf0, 0xfe, 0xff, 0x1f, 0x03, 0x01, 0x00, 0x00, 0x00, 0x78, 0x78, 0x78, 0x00, 0x00, 0x00, 
	0x00, 0x00, 0x00, 0x00, 0x78, 0x78, 0x78, 0x00, 0x00, 0x00, 0x01, 0x03, 0x1f, 0xff, 0xfe, 0xf0, 
	0x00, 0x0f, 0x7f, 0xff, 0xf8, 0xc0, 0x80, 0x00, 0x00, 0x00, 0xe0, 0xe0, 0xf0, 0x70, 0x38, 0x38, 
	0x38, 0x38, 0x38, 0x70, 0xf0, 0xe0, 0xe0, 0x00, 0x00, 0x00, 0x80, 0xc0, 0xf8, 0xff, 0x7f, 0x0f, 
	0x00, 0x00, 0x00, 0x01, 0x03, 0x07, 0x0f, 0x1e, 0x1c, 0x3c, 0x38, 0x78, 0x70, 0x70, 0x70, 0xf0, 
	0xf0, 0xf0, 0x70, 0x70, 0x70, 0x78, 0x38, 0x3c, 0x1c, 0x1e, 0x0f, 0x07, 0x03, 0x01, 0x00, 0x00
};
// 'frown-open', 32x32px
const unsigned char far_32x32_fa_frown_open [] PROGMEM = {
	0x00, 0x00, 0x00, 0x80, 0xc0, 0xe0, 0xf0, 0x78, 0x38, 0x3c, 0x1c, 0x1e, 0x0e, 0x0e, 0x0e, 0x0f, 
	0x0f, 0x0f, 0x0e, 0x0e, 0x0e, 0x1e, 0x1c, 0x3c, 0x38, 0x78, 0xf0, 0xe0, 0xc0, 0x80, 0x00, 0x00, 
	0x00, 0xf0, 0xfe, 0xff, 0x1f, 0x03, 0x01, 0x00, 0x00, 0x00, 0x78, 0x78, 0x78, 0x00, 0x00, 0x00, 
	0x00, 0x00, 0x00, 0x00, 0x78, 0x78, 0x78, 0x00, 0x00, 0x00, 0x01, 0x03, 0x1f, 0xff, 0xfe, 0xf0, 
	0x00, 0x0f, 0x7f, 0xff, 0xf8, 0xc0, 0x80, 0x00, 0x00, 0x00, 0x00, 0x70, 0x78, 0x78, 0x3c, 0x3c, 
	0x3c, 0x3c, 0x3c, 0x78, 0x78, 0x70, 0x00, 0x00, 0x00, 0x00, 0x80, 0xc0, 0xf8, 0xff, 0x7f, 0x0f, 
	0x00, 0x00, 0x00, 0x01, 0x03, 0x07, 0x0f, 0x1e, 0x1c, 0x3c, 0x38, 0x78, 0x70, 0x70, 0x70, 0xf0, 
	0xf0, 0xf0, 0x70, 0x70, 0x70, 0x78, 0x38, 0x3c, 0x1c, 0x1e, 0x0f, 0x07, 0x03, 0x01, 0x00, 0x00
};
// 'futbol', 32x32px
const unsigned char far_32x32_fa_futbol [] PROGMEM = {
	0x00, 0x00, 0x00, 0x80, 0xc0, 0xe0, 0xf0, 0x78, 0x38, 0x3c, 0x1c, 0x1e, 0x0e, 0x1e, 0x1e, 0xff, 
	0xff, 0xff, 0x1e, 0x1e, 0x0e, 0x1e, 0x1c, 0x3c, 0x38, 0x78, 0xf0, 0xe0, 0xc0, 0x80, 0x00, 0x00, 
	0x00, 0xf0, 0xfe, 0xff, 0xff, 0x7f, 0x3f, 0x30, 0x70, 0x60, 0x60, 0xe0, 0xe0, 0xf0, 0xf8, 0xff, 
	0xff, 0xff, 0xf8, 0xf0, 0xe0, 0xe0, 0x60, 0x60, 0x70, 0x30, 0x3f, 0x7f, 0xff, 0xff, 0xfe, 0xf0, 
	0x00, 0x0f, 0x7f, 0xff, 0xf8, 0xc0, 0x80, 0x80, 0x00, 0x00, 0xc0, 0xe1, 0x7f, 0x3f, 0x1f, 0x1f, 
	0x1f, 0x1f, 0x1f, 0x3f, 0x7f, 0xe1, 0xc0, 0x00, 0x00, 0x80, 0x80, 0xc0, 0xf8, 0xff, 0x7f, 0x0f, 
	0x00, 0x00, 0x00, 0x01, 0x03, 0x07, 0x0f, 0x1f, 0x1f, 0x3f, 0x3f, 0x7f, 0x78, 0x70, 0x70, 0xf0, 
	0xf0, 0xf0, 0x70, 0x70, 0x78, 0x7f, 0x3f, 0x3f, 0x1f, 0x1f, 0x0f, 0x07, 0x03, 0x00, 0x00, 0x00
};
// 'gem', 32x32px
const unsigned char far_32x32_fa_gem [] PROGMEM = {
	0x00, 0x00, 0x80, 0xe0, 0xf0, 0x7c, 0x3c, 0x1c, 0x1c, 0xdc, 0xfc, 0xfc, 0x7c, 0x1c, 0x1c, 0x1c, 
	0x1c, 0x1c, 0x1c, 0x7c, 0xfc, 0xfc, 0xdc, 0x1c, 0x1c, 0x3c, 0x7c, 0xf0, 0xe0, 0x80, 0x00, 0x00, 
	0x0c, 0x1f, 0x3f, 0x7f, 0xfd, 0xfc, 0x9c, 0x1c, 0x3f, 0xff, 0xff, 0x9c, 0x1c, 0x1c, 0x1c, 0x1c, 
	0x1c, 0x1c, 0x1c, 0x1c, 0x9c, 0xff, 0xff, 0x3f, 0x1c, 0x9c, 0xfc, 0xfd, 0x7f, 0x3f, 0x1f, 0x0c, 
	0x00, 0x00, 0x00, 0x00, 0x00, 0x03, 0x07, 0x0f, 0x1e, 0x7d, 0xff, 0xff, 0xfe, 0xf0, 0xc0, 0x00, 
	0x00, 0xc0, 0xf0, 0xfe, 0xff, 0xff, 0x7d, 0x1e, 0x0f, 0x07, 0x03, 0x00, 0x00, 0x00, 0x00, 0x00, 
	0x00, 0x00, 0x00, 0x00, 0x00, 0x00, 0x00, 0x00, 0x00, 0x00, 0x00, 0x01, 0x03, 0x07, 0x1f, 0x3f, 
	0x3f, 0x1f, 0x07, 0x03, 0x01, 0x00, 0x00, 0x00, 0x00, 0x00, 0x00, 0x00, 0x00, 0x00, 0x00, 0x00
};
// 'grimace', 32x32px
const unsigned char far_32x32_fa_grimace [] PROGMEM = {
	0x00, 0x00, 0x00, 0x80, 0xc0, 0xe0, 0xf0, 0x78, 0x38, 0x3c, 0x1c, 0x1e, 0x0e, 0x0e, 0x0e, 0x0f, 
	0x0f, 0x0f, 0x0e, 0x0e, 0x0e, 0x1e, 0x1c, 0x3c, 0x38, 0x78, 0xf0, 0xe0, 0xc0, 0x80, 0x00, 0x00, 
	0x00, 0xf0, 0xfe, 0xff, 0x1f, 0x03, 0x01, 0x00, 0x00, 0x00, 0x78, 0x78, 0x78, 0x00, 0x00, 0x00, 
	0x00, 0x00, 0x00, 0x00, 0x78, 0x78, 0x78, 0x00, 0x00, 0x00, 0x01, 0x03, 0x1f, 0xff, 0xfe, 0xf0, 
	0x00, 0x0f, 0x7f, 0xff, 0xf8, 0xc0, 0x80, 0x18, 0x7e, 0xff, 0xc3, 0xdb, 0xff, 0xdb, 0xdb, 0xdb, 
	0xff, 0xdb, 0xdb, 0xdb, 0xff, 0xdb, 0xc3, 0xff, 0x7e, 0x18, 0x80, 0xc0, 0xf8, 0xff, 0x7f, 0x0f, 
	0x00, 0x00, 0x00, 0x01, 0x03, 0x07, 0x0f, 0x1e, 0x1c, 0x3c, 0x38, 0x78, 0x70, 0x70, 0x70, 0xf0, 
	0xf0, 0xf0, 0x70, 0x70, 0x70, 0x78, 0x38, 0x3c, 0x1c, 0x1e, 0x0f, 0x07, 0x03, 0x01, 0x00, 0x00
};
// 'grin', 32x32px
const unsigned char far_32x32_fa_grin [] PROGMEM = {
	0x00, 0x00, 0x00, 0x80, 0xc0, 0xe0, 0xf0, 0x78, 0x38, 0x3c, 0x1c, 0x1e, 0x0e, 0x0e, 0x0e, 0x0f, 
	0x0f, 0x0f, 0x0e, 0x0e, 0x0e, 0x1e, 0x1c, 0x3c, 0x38, 0x78, 0xf0, 0xe0, 0xc0, 0x80, 0x00, 0x00, 
	0x00, 0xf0, 0xfe, 0xff, 0x1f, 0x03, 0x01, 0x00, 0x00, 0x00, 0x78, 0x78, 0x78, 0x00, 0x00, 0x00, 
	0x00, 0x00, 0x00, 0x00, 0x78, 0x78, 0x78, 0x00, 0x00, 0x00, 0x01, 0x03, 0x1f, 0xff, 0xfe, 0xf0, 
	0x00, 0x0f, 0x7f, 0xff, 0xf8, 0xc0, 0x80, 0x00, 0x00, 0x38, 0x78, 0xf8, 0xf0, 0xf0, 0xf0, 0xf0, 
	0xf0, 0xf0, 0xf0, 0xf0, 0xf0, 0xf8, 0x78, 0x38, 0x00, 0x00, 0x80, 0xc0, 0xf8, 0xff, 0x7f, 0x0f, 
	0x00, 0x00, 0x00, 0x01, 0x03, 0x07, 0x0f, 0x1e, 0x1c, 0x3c, 0x38, 0x78, 0x70, 0x71, 0x71, 0xf1, 
	0xf1, 0xf1, 0x71, 0x71, 0x70, 0x78, 0x38, 0x3c, 0x1c, 0x1e, 0x0f, 0x07, 0x03, 0x01, 0x00, 0x00
};
// 'grin-alt', 32x32px
const unsigned char far_32x32_fa_grin_alt [] PROGMEM = {
	0x00, 0x00, 0x00, 0x80, 0xc0, 0xe0, 0xf0, 0x78, 0x38, 0x3c, 0x1c, 0x1e, 0x0e, 0x0e, 0x0e, 0x0f, 
	0x0f, 0x0f, 0x0e, 0x0e, 0x0e, 0x1e, 0x1c, 0x3c, 0x38, 0x78, 0xf0, 0xe0, 0xc0, 0x80, 0x00, 0x00, 
	0x00, 0xf0, 0xfe, 0xff, 0x1f, 0x03, 0x01, 0x00, 0x00, 0x00, 0x18, 0xff, 0xff, 0xff, 0x00, 0x00, 
	0x00, 0x00, 0x18, 0xff, 0xff, 0xff, 0x00, 0x00, 0x00, 0x00, 0x01, 0x03, 0x1f, 0xff, 0xfe, 0xf0, 
	0x00, 0x0f, 0x7f, 0xff, 0xf8, 0xc0, 0x80, 0x00, 0x00, 0x38, 0x78, 0xf8, 0xf0, 0xf0, 0xf0, 0xf0, 
	0xf0, 0xf0, 0xf0, 0xf0, 0xf0, 0xf8, 0x78, 0x38, 0x00, 0x00, 0x80, 0xc0, 0xf8, 0xff, 0x7f, 0x0f, 
	0x00, 0x00, 0x00, 0x01, 0x03, 0x07, 0x0f, 0x1e, 0x1c, 0x3c, 0x38, 0x78, 0x70, 0x71, 0x71, 0xf1, 
	0xf1, 0xf1, 0x71, 0x71, 0x70, 0x78, 0x38, 0x3c, 0x1c, 0x1e, 0x0f, 0x07, 0x03, 0x01, 0x00, 0x00
};
// 'grin-beam', 32x32px
const unsigned char far_32x32_fa_grin_beam [] PROGMEM = {
	0x00, 0x00, 0x00, 0x80, 0xc0, 0xe0, 0xf0, 0x78, 0x38, 0x3c, 0x1c, 0x1e, 0x0e, 0x0e, 0x0e, 0x0f, 
	0x0f, 0x0f, 0x0e, 0x0e, 0x0e, 0x1e, 0x1c, 0x3c, 0x38, 0x78, 0xf0, 0xe0, 0xc0, 0x80, 0x00, 0x00, 
	0x00, 0xf0, 0xfe, 0xff, 0x1f, 0x03, 0x01, 0x00, 0x30, 0x1c, 0x0c, 0x0c, 0x0c, 0x1c, 0x30, 0x00, 
	0x00, 0x00, 0x30, 0x1c, 0x0c, 0x0c, 0x0c, 0x1c, 0x30, 0x00, 0x01, 0x03, 0x1f, 0xff, 0xfe, 0xf0, 
	0x00, 0x0f, 0x7f, 0xff, 0xf8, 0xc0, 0x80, 0x00, 0x00, 0x38, 0x78, 0xf8, 0xf0, 0xf0, 0xf0, 0xf0, 
	0xf0, 0xf0, 0xf0, 0xf0, 0xf0, 0xf8, 0x78, 0x38, 0x00, 0x00, 0x80, 0xc0, 0xf8, 0xff, 0x7f, 0x0f, 
	0x00, 0x00, 0x00, 0x01, 0x03, 0x07, 0x0f, 0x1e, 0x1c, 0x3c, 0x38, 0x78, 0x70, 0x71, 0x71, 0xf1, 
	0xf1, 0xf1, 0x71, 0x71, 0x70, 0x78, 0x38, 0x3c, 0x1c, 0x1e, 0x0f, 0x07, 0x03, 0x01, 0x00, 0x00
};
// 'font-awesome-logo-full', 32x32px
const unsigned char far_32x32_fa_font_awesome_logo_full [] PROGMEM = {
	0x00, 0x00, 0x00, 0x00, 0x00, 0x00, 0x00, 0x00, 0x00, 0x00, 0x00, 0x00, 0x00, 0x00, 0x00, 0x00, 
	0x00, 0x00, 0x00, 0x00, 0x00, 0x00, 0x00, 0x00, 0x00, 0x00, 0x00, 0x00, 0x00, 0x00, 0x00, 0x00, 
	0xc0, 0x40, 0x40, 0xc0, 0x00, 0x80, 0x00, 0x00, 0x00, 0x00, 0x00, 0x00, 0x80, 0x00, 0x00, 0x80, 
	0x00, 0x00, 0x00, 0x00, 0x00, 0x00, 0x00, 0x00, 0x00, 0x00, 0x00, 0x00, 0x00, 0x00, 0x00, 0x00, 
	0x03, 0x02, 0x02, 0x03, 0x00, 0x01, 0x00, 0x01, 0x01, 0x01, 0x00, 0x00, 0x00, 0x00, 0x00, 0x01, 
	0x01, 0x01, 0x01, 0x01, 0x01, 0x01, 0x00, 0x01, 0x01, 0x01, 0x01, 0x00, 0x00, 0x01, 0x01, 0x01, 
	0x00, 0x00, 0x00, 0x00, 0x00, 0x00, 0x00, 0x00, 0x00, 0x00, 0x00, 0x00, 0x00, 0x00, 0x00, 0x00, 
	0x00, 0x00, 0x00, 0x00, 0x00, 0x00, 0x00, 0x00, 0x00, 0x00, 0x00, 0x00, 0x00, 0x00, 0x00, 0x00
};
// 'grin-beam-sweat', 32x32px
const unsigned char far_32x32_fa_grin_beam_sweat [] PROGMEM = {
	0x00, 0x00, 0x00, 0x80, 0xc0, 0xe0, 0xf0, 0x78, 0x38, 0x3c, 0x1c, 0x1e, 0x0e, 0x0e, 0x0e, 0x0f, 
	0x0f, 0x0f, 0x0e, 0x0e, 0x0e, 0x1e, 0x1c, 0x1c, 0x00, 0xe0, 0xf8, 0xfe, 0xff, 0xfe, 0xf8, 0xe0, 
	0x00, 0xf0, 0xfe, 0xff, 0x1f, 0x03, 0x01, 0x00, 0x30, 0x1c, 0x0c, 0x0c, 0x0c, 0x1c, 0x30, 0x00, 
	0x00, 0x00, 0x30, 0x1c, 0x0c, 0x0c, 0x0c, 0x1c, 0x30, 0x00, 0x01, 0x03, 0x03, 0xf3, 0xf1, 0xf0, 
	0x00, 0x0f, 0x7f, 0xff, 0xf8, 0xc0, 0x80, 0x00, 0x00, 0x38, 0x78, 0xf8, 0xf0, 0xf0, 0xf0, 0xf0, 
	0xf0, 0xf0, 0xf0, 0xf0, 0xf0, 0xf8, 0x78, 0x38, 0x00, 0x00, 0x80, 0xc0, 0xf8, 0xff, 0x7f, 0x0f, 
	0x00, 0x00, 0x00, 0x01, 0x03, 0x07, 0x0f, 0x1e, 0x1c, 0x3c, 0x38, 0x78, 0x70, 0x71, 0x71, 0xf1, 
	0xf1, 0xf1, 0x71, 0x71, 0x70, 0x78, 0x38, 0x3c, 0x1c, 0x1e, 0x0f, 0x07, 0x03, 0x01, 0x00, 0x00
};
// 'grin-hearts', 32x32px
const unsigned char far_32x32_fa_grin_hearts [] PROGMEM = {
	0x00, 0x00, 0x00, 0x80, 0xc0, 0xe0, 0xf0, 0x78, 0x38, 0x3c, 0x1c, 0x1e, 0x0e, 0x0e, 0x0e, 0x0f, 
	0x0f, 0x0f, 0x0e, 0x0e, 0x0e, 0x1e, 0x1c, 0x3c, 0x38, 0x78, 0xf0, 0xe0, 0xc0, 0x80, 0x00, 0x00, 
	0x00, 0xf0, 0xfe, 0xff, 0x1f, 0x03, 0x01, 0x00, 0x78, 0x7c, 0x7c, 0x7e, 0xfe, 0xff, 0x7e, 0x00, 
	0x00, 0x00, 0x7e, 0xff, 0xfe, 0x7e, 0x7c, 0x7c, 0x78, 0x00, 0x01, 0x03, 0x1f, 0xff, 0xfe, 0xf0, 
	0x00, 0x0f, 0x7f, 0xff, 0xf8, 0xc0, 0x80, 0x00, 0x00, 0x38, 0x78, 0xf8, 0xf0, 0xf0, 0xf0, 0xf0, 
	0xf0, 0xf0, 0xf0, 0xf0, 0xf0, 0xf8, 0x78, 0x38, 0x00, 0x00, 0x80, 0xc0, 0xf8, 0xff, 0x7f, 0x0f, 
	0x00, 0x00, 0x00, 0x01, 0x03, 0x07, 0x0f, 0x1e, 0x1c, 0x3c, 0x38, 0x78, 0x70, 0x71, 0x71, 0xf1, 
	0xf1, 0xf1, 0x71, 0x71, 0x70, 0x78, 0x38, 0x3c, 0x1c, 0x1e, 0x0f, 0x07, 0x03, 0x01, 0x00, 0x00
};
// 'grin-squint', 32x32px
const unsigned char far_32x32_fa_grin_squint [] PROGMEM = {
	0x00, 0x00, 0x00, 0x80, 0xc0, 0xe0, 0xf0, 0x78, 0x38, 0x3c, 0x1c, 0x1e, 0x0e, 0x0e, 0x0e, 0x0f, 
	0x0f, 0x0f, 0x0e, 0x0e, 0x0e, 0x1e, 0x1c, 0x3c, 0x38, 0x78, 0xf0, 0xe0, 0xc0, 0x80, 0x00, 0x00, 
	0x00, 0xf0, 0xfe, 0xff, 0x1f, 0x03, 0x01, 0x00, 0x84, 0xce, 0xfc, 0x78, 0x78, 0x30, 0x00, 0x00, 
	0x00, 0x00, 0x00, 0x30, 0x78, 0x78, 0xfc, 0xce, 0x84, 0x00, 0x01, 0x03, 0x1f, 0xff, 0xfe, 0xf0, 
	0x00, 0x0f, 0x7f, 0xff, 0xf8, 0xc0, 0x80, 0x00, 0x00, 0x39, 0x78, 0xf8, 0xf0, 0xf0, 0xf0, 0xf0, 
	0xf0, 0xf0, 0xf0, 0xf0, 0xf0, 0xf8, 0x78, 0x39, 0x00, 0x00, 0x80, 0xc0, 0xf8, 0xff, 0x7f, 0x0f, 
	0x00, 0x00, 0x00, 0x01, 0x03, 0x07, 0x0f, 0x1e, 0x1c, 0x3c, 0x38, 0x78, 0x70, 0x71, 0x71, 0xf1, 
	0xf1, 0xf1, 0x71, 0x71, 0x70, 0x78, 0x38, 0x3c, 0x1c, 0x1e, 0x0f, 0x07, 0x03, 0x01, 0x00, 0x00
};
// 'grin-squint-tears', 32x32px
const unsigned char far_32x32_fa_grin_squint_tears [] PROGMEM = {
	0x00, 0x00, 0x00, 0x80, 0xc0, 0xe0, 0xf0, 0x78, 0x3c, 0x1c, 0x1e, 0x0e, 0x0e, 0x0e, 0x0f, 0x0f, 
	0xcf, 0x8f, 0x0e, 0x0e, 0x0e, 0x1e, 0x0c, 0x00, 0xf0, 0xfc, 0xff, 0xff, 0x7f, 0x7f, 0x3e, 0x3c, 
	0xc0, 0xfc, 0xff, 0xff, 0x07, 0x01, 0x00, 0x00, 0x80, 0x80, 0x80, 0x80, 0x80, 0x00, 0x00, 0x1f, 
	0x1f, 0x1f, 0x0c, 0x0c, 0x0c, 0x80, 0xc0, 0xe0, 0xc0, 0x00, 0x00, 0x04, 0xfe, 0xfe, 0xfc, 0xc0, 
	0x03, 0x3f, 0x3f, 0x3f, 0x00, 0x00, 0x01, 0x03, 0x03, 0x03, 0x1f, 0x1f, 0x03, 0x80, 0xc0, 0xe0, 
	0xe0, 0xf0, 0xf8, 0xfc, 0xfe, 0x7f, 0x3f, 0x1f, 0x07, 0x00, 0x80, 0xe0, 0xff, 0xff, 0x3f, 0x03, 
	0x3c, 0x7c, 0xfe, 0xfe, 0xff, 0xff, 0x3f, 0x0f, 0x00, 0x00, 0x70, 0x70, 0x70, 0x70, 0xf1, 0xf1, 
	0xf1, 0xf1, 0x71, 0x70, 0x70, 0x78, 0x38, 0x3c, 0x1e, 0x0f, 0x07, 0x03, 0x01, 0x00, 0x00, 0x00
};
// 'grin-stars', 32x32px
const unsigned char far_32x32_fa_grin_stars [] PROGMEM = {
	0x00, 0x00, 0x00, 0x80, 0xc0, 0xe0, 0xf0, 0x78, 0x38, 0x3c, 0x1c, 0x1e, 0x0e, 0x0e, 0x0e, 0x0f, 
	0x0f, 0x0f, 0x0e, 0x0e, 0x0e, 0x1e, 0x1c, 0x3c, 0x38, 0x78, 0xf0, 0xe0, 0xc0, 0x80, 0x00, 0x00, 
	0x00, 0xf0, 0xfe, 0xff, 0x1f, 0x03, 0x01, 0x00, 0x18, 0xf8, 0x7c, 0x7e, 0x7c, 0xf8, 0x18, 0x00, 
	0x00, 0x00, 0x18, 0xf8, 0x7c, 0x7e, 0x7c, 0xf8, 0x18, 0x00, 0x01, 0x03, 0x1f, 0xff, 0xfe, 0xf0, 
	0x00, 0x0f, 0x7f, 0xff, 0xf8, 0xc0, 0x80, 0x00, 0x00, 0x38, 0x78, 0xf8, 0xf0, 0xf0, 0xf0, 0xf0, 
	0xf0, 0xf0, 0xf0, 0xf0, 0xf0, 0xf8, 0x78, 0x38, 0x00, 0x00, 0x80, 0xc0, 0xf8, 0xff, 0x7f, 0x0f, 
	0x00, 0x00, 0x00, 0x01, 0x03, 0x07, 0x0f, 0x1e, 0x1c, 0x3c, 0x38, 0x78, 0x70, 0x71, 0x71, 0xf1, 
	0xf1, 0xf1, 0x71, 0x71, 0x70, 0x78, 0x38, 0x3c, 0x1c, 0x1e, 0x0f, 0x07, 0x03, 0x01, 0x00, 0x00
};
// 'grin-tears', 32x32px
const unsigned char far_32x32_fa_grin_tears [] PROGMEM = {
	0x00, 0x00, 0x00, 0x00, 0x00, 0x00, 0x00, 0x80, 0xc0, 0xe0, 0xe0, 0x70, 0x70, 0x30, 0x38, 0x38, 
	0x38, 0x38, 0x30, 0x70, 0x70, 0xe0, 0xe0, 0xc0, 0x80, 0x00, 0x00, 0x00, 0x00, 0x00, 0x00, 0x00, 
	0x00, 0x00, 0x00, 0x00, 0x78, 0x3e, 0x1f, 0x07, 0x01, 0x20, 0x38, 0x18, 0x18, 0x38, 0x20, 0x00, 
	0x00, 0x20, 0x38, 0x18, 0x18, 0x38, 0x20, 0x01, 0x07, 0x1f, 0x3e, 0x78, 0x00, 0x00, 0x00, 0x00, 
	0x1c, 0x3e, 0x3e, 0x3f, 0x3f, 0x1f, 0xc0, 0xe0, 0x80, 0x00, 0x18, 0x38, 0x38, 0x78, 0x78, 0x78, 
	0x78, 0x78, 0x78, 0x38, 0x38, 0x18, 0x00, 0x80, 0xe0, 0xc0, 0x1f, 0x3f, 0x3f, 0x3e, 0x3e, 0x1c, 
	0x00, 0x00, 0x00, 0x00, 0x00, 0x00, 0x00, 0x01, 0x03, 0x07, 0x07, 0x0e, 0x0e, 0x0c, 0x1c, 0x1c, 
	0x1c, 0x1c, 0x0c, 0x0e, 0x0e, 0x07, 0x07, 0x03, 0x01, 0x00, 0x00, 0x00, 0x00, 0x00, 0x00, 0x00
};
// 'grin-tongue', 32x32px
const unsigned char far_32x32_fa_grin_tongue [] PROGMEM = {
	0x00, 0x00, 0x00, 0x80, 0xc0, 0xe0, 0xf0, 0x78, 0x38, 0x3c, 0x1c, 0x1e, 0x0e, 0x0e, 0x0e, 0x0f, 
	0x0f, 0x0f, 0x0e, 0x0e, 0x0e, 0x1e, 0x1c, 0x3c, 0x38, 0x78, 0xf0, 0xe0, 0xc0, 0x80, 0x00, 0x00, 
	0x00, 0xf0, 0xfe, 0xff, 0x1f, 0x03, 0x01, 0x00, 0x00, 0x00, 0x78, 0x78, 0x78, 0x00, 0x00, 0x00, 
	0x00, 0x00, 0x00, 0x00, 0x78, 0x78, 0x78, 0x00, 0x00, 0x00, 0x01, 0x03, 0x1f, 0xff, 0xfe, 0xf0, 
	0x00, 0x0f, 0x7f, 0xff, 0xf8, 0xc0, 0x80, 0x00, 0x00, 0x38, 0xf8, 0xf8, 0xf0, 0x30, 0x30, 0x70, 
	0xf0, 0x70, 0x30, 0x30, 0xf0, 0xf8, 0xf8, 0x38, 0x00, 0x00, 0x80, 0xc0, 0xf8, 0xff, 0x7f, 0x0f, 
	0x00, 0x00, 0x00, 0x01, 0x03, 0x07, 0x0f, 0x1e, 0x1c, 0x3c, 0x3f, 0x7f, 0x7f, 0x70, 0x60, 0xe0, 
	0xe0, 0xe0, 0x60, 0x70, 0x7f, 0x7f, 0x3f, 0x3c, 0x1c, 0x1e, 0x0f, 0x07, 0x03, 0x01, 0x00, 0x00
};
// 'grin-tongue-wink', 32x32px
const unsigned char far_32x32_fa_grin_tongue_wink [] PROGMEM = {
	0x00, 0x00, 0x00, 0x80, 0xc0, 0xe0, 0xf0, 0x78, 0x38, 0x3c, 0x1c, 0x1e, 0x0e, 0x0e, 0x0e, 0x0f, 
	0x0f, 0x0f, 0x0e, 0x0e, 0x0e, 0x1e, 0x1c, 0x3c, 0x38, 0x78, 0xf0, 0xe0, 0xc0, 0x80, 0x00, 0x00, 
	0x00, 0xf0, 0xfe, 0xff, 0x1f, 0x03, 0x01, 0x70, 0x30, 0x38, 0x18, 0x38, 0x30, 0x70, 0x00, 0x00, 
	0x00, 0xfc, 0xfe, 0x87, 0x33, 0x33, 0x33, 0x87, 0xfe, 0xfc, 0x01, 0x03, 0x1f, 0xff, 0xfe, 0xf0, 
	0x00, 0x0f, 0x7f, 0xff, 0xf8, 0xc0, 0x80, 0x00, 0x00, 0x38, 0xf8, 0xf8, 0xf0, 0x30, 0x30, 0x70, 
	0xf0, 0x70, 0x31, 0x33, 0xf3, 0xfb, 0xfb, 0x3b, 0x01, 0x00, 0x80, 0xc0, 0xf8, 0xff, 0x7f, 0x0f, 
	0x00, 0x00, 0x00, 0x01, 0x03, 0x07, 0x0f, 0x1e, 0x1c, 0x3c, 0x3f, 0x7f, 0x7f, 0x70, 0x60, 0xe0, 
	0xe0, 0xe0, 0x60, 0x70, 0x7f, 0x7f, 0x3f, 0x3c, 0x1c, 0x1e, 0x0f, 0x07, 0x03, 0x01, 0x00, 0x00
};
// 'grin-tongue-squint', 32x32px
const unsigned char far_32x32_fa_grin_tongue_squint [] PROGMEM = {
	0x00, 0x00, 0x00, 0x80, 0xc0, 0xe0, 0xf0, 0x78, 0x38, 0x3c, 0x1c, 0x1e, 0x0e, 0x0e, 0x0e, 0x0f, 
	0x0f, 0x0f, 0x0e, 0x0e, 0x0e, 0x1e, 0x1c, 0x3c, 0x38, 0x78, 0xf0, 0xe0, 0xc0, 0x80, 0x00, 0x00, 
	0x00, 0xf0, 0xfe, 0xff, 0x1f, 0x03, 0x01, 0x00, 0x84, 0xce, 0xfc, 0x78, 0x78, 0x30, 0x00, 0x00, 
	0x00, 0x00, 0x00, 0x30, 0x78, 0x78, 0xfc, 0xce, 0x84, 0x00, 0x01, 0x03, 0x1f, 0xff, 0xfe, 0xf0, 
	0x00, 0x0f, 0x7f, 0xff, 0xf8, 0xc0, 0x80, 0x00, 0x00, 0x39, 0xf8, 0xf8, 0xf0, 0x30, 0x30, 0x70, 
	0xf0, 0x70, 0x30, 0x30, 0xf0, 0xf8, 0xf8, 0x39, 0x00, 0x00, 0x80, 0xc0, 0xf8, 0xff, 0x7f, 0x0f, 
	0x00, 0x00, 0x00, 0x01, 0x03, 0x07, 0x0f, 0x1e, 0x1c, 0x3c, 0x3f, 0x7f, 0x7f, 0x70, 0x60, 0xe0, 
	0xe0, 0xe0, 0x60, 0x70, 0x7f, 0x7f, 0x3f, 0x3c, 0x1c, 0x1e, 0x0f, 0x07, 0x03, 0x01, 0x00, 0x00
};
// 'grin-wink', 32x32px
const unsigned char far_32x32_fa_grin_wink [] PROGMEM = {
	0x00, 0x00, 0x00, 0x80, 0xc0, 0xe0, 0xf0, 0x78, 0x38, 0x3c, 0x1c, 0x1e, 0x0e, 0x0e, 0x0e, 0x0f, 
	0x0f, 0x0f, 0x0e, 0x0e, 0x0e, 0x1e, 0x1c, 0x3c, 0x38, 0x78, 0xf0, 0xe0, 0xc0, 0x80, 0x00, 0x00, 
	0x00, 0xf0, 0xfe, 0xff, 0x1f, 0x03, 0x01, 0x00, 0x00, 0x00, 0x78, 0x78, 0x78, 0x00, 0x00, 0x00, 
	0x00, 0x00, 0x70, 0x30, 0x38, 0x18, 0x38, 0x30, 0x70, 0x00, 0x01, 0x03, 0x1f, 0xff, 0xfe, 0xf0, 
	0x00, 0x0f, 0x7f, 0xff, 0xf8, 0xc0, 0x80, 0x00, 0x00, 0x38, 0x78, 0xf8, 0xf0, 0xf0, 0xf0, 0xf0, 
	0xf0, 0xf0, 0xf0, 0xf0, 0xf0, 0xf8, 0x78, 0x38, 0x00, 0x00, 0x80, 0xc0, 0xf8, 0xff, 0x7f, 0x0f, 
	0x00, 0x00, 0x00, 0x01, 0x03, 0x07, 0x0f, 0x1e, 0x1c, 0x3c, 0x38, 0x78, 0x70, 0x71, 0x71, 0xf1, 
	0xf1, 0xf1, 0x71, 0x71, 0x70, 0x78, 0x38, 0x3c, 0x1c, 0x1e, 0x0f, 0x07, 0x03, 0x01, 0x00, 0x00
};
// 'hand-paper', 32x32px
const unsigned char far_32x32_fa_hand_paper [] PROGMEM = {
	0x00, 0x00, 0x00, 0x00, 0x00, 0x00, 0x00, 0x00, 0xf0, 0xf8, 0xfc, 0x1c, 0x3c, 0xfe, 0xff, 0x0f, 
	0x07, 0x0f, 0xff, 0xfe, 0x1c, 0x1c, 0xfc, 0xf8, 0xf0, 0x80, 0x80, 0x80, 0x00, 0x00, 0x00, 0x00, 
	0x00, 0x00, 0x00, 0x80, 0xc0, 0xc0, 0xc0, 0xc0, 0xff, 0xff, 0xff, 0x00, 0x00, 0xff, 0xff, 0x00, 
	0x00, 0x00, 0xff, 0xff, 0x00, 0x00, 0xff, 0xff, 0xff, 0x03, 0x03, 0xff, 0xff, 0xfe, 0x00, 0x00, 
	0x00, 0x00, 0x0f, 0x3f, 0x7f, 0xf9, 0xe1, 0xc3, 0x8f, 0x0f, 0x0f, 0x00, 0x00, 0x01, 0x01, 0x00, 
	0x00, 0x00, 0x01, 0x01, 0x00, 0x00, 0x01, 0x01, 0x01, 0x00, 0x80, 0xff, 0xff, 0xff, 0x00, 0x00, 
	0x00, 0x00, 0x00, 0x00, 0x00, 0x01, 0x03, 0x07, 0x1f, 0x3e, 0xfc, 0xf0, 0xe0, 0xe0, 0xe0, 0xe0, 
	0xe0, 0xe0, 0xe0, 0xe0, 0xe0, 0xe0, 0xe0, 0xe0, 0xe0, 0xf8, 0xff, 0x7f, 0x0f, 0x00, 0x00, 0x00
};
// 'hand-peace', 32x32px
const unsigned char far_32x32_fa_hand_peace [] PROGMEM = {
	0x00, 0x00, 0xe0, 0xf0, 0xf8, 0x38, 0x38, 0x38, 0xf8, 0xf0, 0xe0, 0xf0, 0xfc, 0xfe, 0x0f, 0x07, 
	0x07, 0x0f, 0xfe, 0xfc, 0xf0, 0x00, 0x00, 0x00, 0x00, 0x00, 0x00, 0x00, 0x00, 0x00, 0x00, 0x00, 
	0x00, 0x00, 0x03, 0x0f, 0x7f, 0xfe, 0xf8, 0xc0, 0x00, 0x07, 0x1f, 0xff, 0xff, 0xff, 0x00, 0x00, 
	0x00, 0x00, 0xff, 0xff, 0x1f, 0x1c, 0xfc, 0xf8, 0xf0, 0x70, 0x70, 0xf0, 0xe0, 0xc0, 0x00, 0x00, 
	0x00, 0x00, 0x00, 0x00, 0xf8, 0xfd, 0xff, 0x9f, 0x0e, 0x00, 0x00, 0x00, 0x01, 0x01, 0x00, 0x00, 
	0x00, 0x00, 0x01, 0x01, 0x00, 0x00, 0x01, 0x01, 0x01, 0x00, 0x80, 0xff, 0xff, 0xff, 0x00, 0x00, 
	0x00, 0x00, 0x00, 0x00, 0x00, 0x03, 0x0f, 0x3f, 0x7e, 0xf8, 0xf0, 0xe0, 0xe0, 0xe0, 0xe0, 0xe0, 
	0xe0, 0xe0, 0xe0, 0xe0, 0xe0, 0xe0, 0xe0, 0xe0, 0xe0, 0xf8, 0x7f, 0x3f, 0x0f, 0x00, 0x00, 0x00
};
// 'hand-lizard', 32x32px
const unsigned char far_32x32_fa_hand_lizard [] PROGMEM = {
	0xe0, 0xf0, 0xf0, 0x30, 0x30, 0x30, 0x30, 0x30, 0x30, 0x30, 0x30, 0x30, 0x30, 0x30, 0x30, 0x30, 
	0x30, 0x30, 0x30, 0x30, 0x70, 0xf0, 0xe0, 0x80, 0x00, 0x00, 0x00, 0x00, 0x00, 0x00, 0x00, 0x00, 
	0x01, 0x07, 0x07, 0x0e, 0x0e, 0x8e, 0xce, 0xce, 0xce, 0xce, 0xce, 0xce, 0xce, 0xce, 0xce, 0xfe, 
	0xfe, 0x3e, 0x00, 0x00, 0x00, 0x00, 0x03, 0x0f, 0x1f, 0x7c, 0xf8, 0xe0, 0xc0, 0x00, 0x00, 0x00, 
	0x00, 0x00, 0x00, 0x1e, 0x3f, 0x3f, 0x3b, 0x39, 0x39, 0x39, 0x39, 0x39, 0x39, 0x39, 0x31, 0x71, 
	0x70, 0xe0, 0xe0, 0xe0, 0xc0, 0x80, 0x00, 0x00, 0x00, 0x00, 0x00, 0x03, 0x07, 0xff, 0xfe, 0xf8, 
	0x00, 0x00, 0x00, 0x00, 0x00, 0x00, 0x00, 0x00, 0x00, 0x00, 0x00, 0x00, 0x00, 0x00, 0x00, 0x00, 
	0x00, 0x00, 0x00, 0x01, 0x0f, 0x0f, 0x0e, 0x0c, 0x0c, 0x0c, 0x0c, 0x0c, 0x0c, 0x0f, 0x0f, 0x0f
};
// 'hand-pointer', 32x32px
const unsigned char far_32x32_fa_hand_pointer [] PROGMEM = {
	0x00, 0x00, 0x00, 0x00, 0x00, 0x00, 0x00, 0x00, 0xfc, 0xfe, 0xff, 0x07, 0x0f, 0xff, 0xfe, 0xfc, 
	0x00, 0x00, 0x00, 0x00, 0x00, 0x00, 0x00, 0x00, 0x00, 0x00, 0x00, 0x00, 0x00, 0x00, 0x00, 0x00, 
	0x00, 0x00, 0x00, 0x80, 0xc0, 0xc0, 0xc0, 0xc0, 0xff, 0xff, 0xff, 0x00, 0x00, 0xff, 0xff, 0x0f, 
	0x0e, 0x1e, 0xfe, 0xfc, 0x1c, 0x1c, 0xfc, 0xfc, 0xf8, 0x38, 0x38, 0xf8, 0xf0, 0xe0, 0x00, 0x00, 
	0x00, 0x00, 0x0f, 0x3f, 0x7f, 0xf9, 0xe1, 0xc3, 0x8f, 0x0f, 0x0f, 0x00, 0x00, 0xfc, 0xfc, 0x00, 
	0x00, 0x00, 0xfc, 0xfc, 0x00, 0x00, 0xf8, 0xfc, 0xf8, 0x00, 0x80, 0xff, 0xff, 0xff, 0x00, 0x00, 
	0x00, 0x00, 0x00, 0x00, 0x00, 0x01, 0x03, 0x07, 0x1f, 0x3e, 0x7c, 0xf0, 0xe0, 0xe3, 0xe3, 0xe0, 
	0xe0, 0xe0, 0xe3, 0xe3, 0xe0, 0xe0, 0xe1, 0xe3, 0xe1, 0xf8, 0x7f, 0x3f, 0x0f, 0x00, 0x00, 0x00
};
// 'hand-point-down', 32x32px
const unsigned char far_32x32_fa_hand_point_down [] PROGMEM = {
	0x00, 0x00, 0x00, 0x00, 0x00, 0x00, 0x00, 0x00, 0x00, 0x00, 0xfe, 0xff, 0xff, 0xff, 0xff, 0xff, 
	0xff, 0xff, 0xff, 0xff, 0xff, 0xff, 0xff, 0xe7, 0xe7, 0xff, 0xff, 0xfe, 0x00, 0x00, 0x00, 0x00, 
	0x00, 0x00, 0xc0, 0xe0, 0xf0, 0x70, 0x78, 0x38, 0x3c, 0x1e, 0x0f, 0x07, 0x03, 0x00, 0x00, 0x00, 
	0x00, 0x00, 0x00, 0x00, 0x00, 0x00, 0x00, 0x00, 0x01, 0x07, 0x1f, 0xff, 0xfc, 0xf0, 0x00, 0x00, 
	0x00, 0x00, 0x07, 0x0f, 0x1f, 0x1c, 0x3c, 0x3c, 0x3c, 0xfc, 0xfe, 0xfe, 0x00, 0x00, 0x00, 0x00, 
	0xe0, 0xc0, 0xc0, 0xe0, 0xe0, 0xe0, 0xe0, 0xf0, 0x70, 0x70, 0x78, 0x3f, 0x1f, 0x0f, 0x00, 0x00, 
	0x00, 0x00, 0x00, 0x00, 0x00, 0x00, 0x00, 0x00, 0x00, 0x3f, 0x7f, 0xff, 0xf0, 0xe0, 0xe0, 0xf0, 
	0x7f, 0x3f, 0x1f, 0x01, 0x00, 0x00, 0x00, 0x00, 0x00, 0x00, 0x00, 0x00, 0x00, 0x00, 0x00, 0x00
};
// 'hand-point-left', 32x32px
const unsigned char far_32x32_fa_hand_point_left [] PROGMEM = {
	0x00, 0x00, 0x00, 0x00, 0x00, 0x00, 0x00, 0x00, 0x00, 0x00, 0xc0, 0xf0, 0xf8, 0xfc, 0x1c, 0x1c, 
	0x1c, 0x7c, 0xf8, 0xf0, 0xc0, 0x00, 0x00, 0x00, 0x00, 0x00, 0x00, 0x00, 0x00, 0x00, 0x00, 0x00, 
	0xf8, 0xfc, 0xfe, 0x9e, 0x0e, 0x0e, 0x0e, 0x0e, 0x0e, 0x0e, 0x0f, 0x0f, 0x0f, 0x0f, 0x0c, 0x00, 
	0x00, 0x00, 0x01, 0x03, 0x07, 0x0f, 0x1e, 0x1c, 0xfc, 0xfc, 0xfc, 0xfc, 0xfc, 0xfc, 0xfc, 0xf8, 
	0x00, 0x01, 0x03, 0x07, 0x07, 0x07, 0x07, 0x0f, 0xff, 0xff, 0xf9, 0x80, 0x00, 0x00, 0x00, 0x00, 
	0x00, 0x00, 0x00, 0x00, 0x00, 0x00, 0x00, 0x00, 0xff, 0xff, 0xff, 0x7f, 0x7f, 0xff, 0xff, 0xff, 
	0x00, 0x00, 0x00, 0x00, 0x00, 0x00, 0x00, 0x00, 0x00, 0x07, 0x0f, 0x1f, 0x3c, 0x38, 0x38, 0x38, 
	0x38, 0x38, 0x38, 0x3c, 0x1c, 0x1e, 0x0e, 0x0f, 0x0f, 0x0f, 0x0f, 0x0e, 0x0e, 0x0f, 0x0f, 0x07
};
// 'hand-point-right', 32x32px
const unsigned char far_32x32_fa_hand_point_right [] PROGMEM = {
	0x00, 0x00, 0x00, 0x00, 0x00, 0x00, 0x00, 0x00, 0x00, 0x00, 0x00, 0xc0, 0xf0, 0xf8, 0x7c, 0x1c, 
	0x1c, 0x1c, 0xfc, 0xf8, 0xf0, 0xc0, 0x00, 0x00, 0x00, 0x00, 0x00, 0x00, 0x00, 0x00, 0x00, 0x00, 
	0xf8, 0xfc, 0xfc, 0xfc, 0xfc, 0xfc, 0xfc, 0xfc, 0x1c, 0x1e, 0x0f, 0x07, 0x03, 0x01, 0x00, 0x00, 
	0x00, 0x0c, 0x0f, 0x0f, 0x0f, 0x0f, 0x0e, 0x0e, 0x0e, 0x0e, 0x0e, 0x0e, 0x9e, 0xfe, 0xfc, 0xf8, 
	0xff, 0xff, 0xff, 0x7f, 0x7f, 0xff, 0xff, 0xff, 0x00, 0x00, 0x00, 0x00, 0x00, 0x00, 0x00, 0x00, 
	0x00, 0x00, 0x00, 0x00, 0x80, 0xf9, 0xff, 0xff, 0x0f, 0x07, 0x07, 0x07, 0x07, 0x03, 0x01, 0x00, 
	0x07, 0x0f, 0x0f, 0x0e, 0x0e, 0x0f, 0x0f, 0x0f, 0x0f, 0x0e, 0x1e, 0x1c, 0x3c, 0x38, 0x38, 0x38, 
	0x38, 0x38, 0x38, 0x3c, 0x1f, 0x0f, 0x07, 0x00, 0x00, 0x00, 0x00, 0x00, 0x00, 0x00, 0x00, 0x00
};
// 'hand-point-up', 32x32px
const unsigned char far_32x32_fa_hand_point_up [] PROGMEM = {
	0x00, 0x00, 0x00, 0x00, 0x00, 0x00, 0x00, 0x00, 0x00, 0xfc, 0xfe, 0xff, 0x0f, 0x07, 0x07, 0x0f, 
	0xfe, 0xfc, 0xf8, 0x80, 0x00, 0x00, 0x00, 0x00, 0x00, 0x00, 0x00, 0x00, 0x00, 0x00, 0x00, 0x00, 
	0x00, 0x00, 0xe0, 0xf0, 0xf8, 0x38, 0x3c, 0x3c, 0x3c, 0x3f, 0x7f, 0x7f, 0x00, 0x00, 0x00, 0x00, 
	0x07, 0x03, 0x03, 0x07, 0x07, 0x07, 0x07, 0x0f, 0x0e, 0x0e, 0x1e, 0xfc, 0xf8, 0xf0, 0x00, 0x00, 
	0x00, 0x00, 0x03, 0x07, 0x0f, 0x0e, 0x1e, 0x1c, 0x3c, 0x78, 0xf0, 0xe0, 0xc0, 0x00, 0x00, 0x00, 
	0x00, 0x00, 0x00, 0x00, 0x00, 0x00, 0x00, 0x00, 0x80, 0xe0, 0xf8, 0xff, 0x3f, 0x0f, 0x00, 0x00, 
	0x00, 0x00, 0x00, 0x00, 0x00, 0x00, 0x00, 0x00, 0x00, 0x00, 0x7f, 0xff, 0xff, 0xff, 0xff, 0xff, 
	0xff, 0xff, 0xff, 0xff, 0xff, 0xff, 0xff, 0xe7, 0xe7, 0xff, 0xff, 0x7f, 0x00, 0x00, 0x00, 0x00
};
// 'hand-scissors', 32x32px
const unsigned char far_32x32_fa_hand_scissors [] PROGMEM = {
	0x00, 0x00, 0x00, 0xf0, 0xf8, 0xfc, 0x1c, 0x1c, 0x1c, 0x3c, 0x38, 0x78, 0x70, 0x70, 0xf0, 0xe0, 
	0xe0, 0xc0, 0xe0, 0xf0, 0xf0, 0x70, 0x70, 0xf0, 0xe0, 0xe0, 0xc0, 0xc0, 0x80, 0x80, 0x00, 0x00, 
	0xc0, 0xe0, 0xf0, 0x71, 0x3b, 0x3f, 0x3f, 0x3f, 0x3e, 0x3e, 0x3e, 0x3c, 0x3c, 0x38, 0x38, 0x38, 
	0x30, 0x01, 0x01, 0x01, 0x00, 0x00, 0x00, 0x00, 0x00, 0x01, 0x01, 0x03, 0x07, 0xff, 0xff, 0xfe, 
	0x03, 0x07, 0x0f, 0x0e, 0x1c, 0x1c, 0x1c, 0x1c, 0x1c, 0x1c, 0x7c, 0xfc, 0xfc, 0xcc, 0xcc, 0xcc, 
	0xcc, 0x00, 0x00, 0x00, 0x00, 0x00, 0x00, 0x00, 0x00, 0x00, 0x00, 0x00, 0x00, 0xff, 0xff, 0xff, 
	0x00, 0x00, 0x00, 0x00, 0x00, 0x00, 0x00, 0x00, 0x00, 0x00, 0x00, 0x00, 0x0f, 0x1f, 0x3f, 0x39, 
	0x39, 0x38, 0x38, 0x38, 0x38, 0x38, 0x38, 0x1c, 0x1c, 0x1c, 0x1c, 0x1e, 0x0e, 0x0f, 0x07, 0x03
};
// 'hand-rock', 32x32px
const unsigned char far_32x32_fa_hand_rock [] PROGMEM = {
	0x00, 0x00, 0x00, 0x80, 0x80, 0x80, 0xe0, 0xf0, 0xf8, 0x38, 0x38, 0x78, 0xf8, 0xf8, 0x3c, 0x1c, 
	0x1c, 0x3c, 0xf8, 0xf8, 0x78, 0x38, 0x38, 0xf8, 0xf0, 0xe0, 0xe0, 0xe0, 0xe0, 0xe0, 0xc0, 0x80, 
	0xfe, 0xff, 0xff, 0x07, 0x03, 0x07, 0x7f, 0xff, 0x7f, 0x00, 0x00, 0x00, 0x03, 0x03, 0x00, 0x00, 
	0x00, 0x00, 0x03, 0x03, 0x00, 0x00, 0x00, 0x03, 0x03, 0x03, 0x00, 0x00, 0x00, 0xff, 0xff, 0xff, 
	0x03, 0x0f, 0x1f, 0x3e, 0x3c, 0x78, 0xf0, 0xe0, 0xc0, 0x80, 0x00, 0x00, 0x00, 0x00, 0x00, 0x00, 
	0x00, 0x00, 0x00, 0x00, 0x00, 0x00, 0x00, 0x00, 0x00, 0x00, 0x80, 0xe0, 0xfc, 0xff, 0x1f, 0x07, 
	0x00, 0x00, 0x00, 0x00, 0x00, 0x00, 0x00, 0x01, 0x03, 0x3f, 0x3f, 0x3e, 0x38, 0x38, 0x38, 0x38, 
	0x38, 0x38, 0x38, 0x38, 0x38, 0x38, 0x38, 0x38, 0x38, 0x3c, 0x3f, 0x3f, 0x0f, 0x00, 0x00, 0x00
};
// 'hand-spock', 32x32px
const unsigned char far_32x32_fa_hand_spock [] PROGMEM = {
	0x00, 0x00, 0x00, 0x00, 0x80, 0xc0, 0xe0, 0xe0, 0xf8, 0xfe, 0xff, 0x8f, 0x07, 0x07, 0x3f, 0xfe, 
	0xfc, 0xe0, 0xe0, 0xf8, 0xfc, 0x1c, 0x1c, 0x1c, 0xfc, 0xf8, 0xf0, 0xe0, 0xe0, 0xc0, 0xc0, 0x80, 
	0x00, 0x00, 0x00, 0x00, 0x1f, 0xff, 0xff, 0xf0, 0x00, 0x01, 0x07, 0x7f, 0xfc, 0xc0, 0x00, 0x03, 
	0x1f, 0xff, 0xff, 0x3f, 0x01, 0x00, 0x00, 0xfc, 0x7f, 0x07, 0x00, 0x00, 0xf1, 0xff, 0xff, 0x1f, 
	0x7c, 0xfe, 0xfe, 0xcf, 0x87, 0x07, 0x0f, 0x1f, 0x3f, 0x38, 0x00, 0x00, 0x00, 0x00, 0x00, 0x00, 
	0x00, 0x00, 0x00, 0x00, 0x00, 0x00, 0x00, 0x00, 0x00, 0x00, 0xf0, 0xff, 0xff, 0x1f, 0x01, 0x00, 
	0x00, 0x00, 0x01, 0x03, 0x07, 0x0f, 0x1e, 0x3c, 0x3c, 0x78, 0xf0, 0xe0, 0xe0, 0xe0, 0xe0, 0xe0, 
	0xe0, 0xe0, 0xe0, 0xe0, 0xe0, 0xe0, 0xe0, 0xf0, 0x78, 0x3f, 0x1f, 0x0f, 0x01, 0x00, 0x00, 0x00
};
// 'handshake', 32x32px
const unsigned char far_32x32_fa_handshake [] PROGMEM = {
	0x00, 0x00, 0x00, 0x00, 0x00, 0x00, 0x00, 0x00, 0x80, 0xc0, 0xc0, 0xc0, 0xc0, 0xc0, 0xc0, 0xc0, 
	0xc0, 0xc0, 0xc0, 0xc0, 0xc0, 0xc0, 0xc0, 0x80, 0x00, 0x00, 0x00, 0x00, 0x00, 0x00, 0x00, 0x00, 
	0xfe, 0xfe, 0xfe, 0xfe, 0xfe, 0x0e, 0x0e, 0x07, 0x03, 0x01, 0x79, 0xfd, 0xff, 0xcf, 0xc7, 0xe3, 
	0xf1, 0xf9, 0xf1, 0x81, 0x01, 0x01, 0x01, 0x03, 0x07, 0x0e, 0x0e, 0xfe, 0xfe, 0xfe, 0xfe, 0xfe, 
	0x7f, 0x7f, 0x67, 0x3f, 0x3f, 0x1c, 0x38, 0x70, 0xe0, 0xe0, 0xc0, 0x80, 0x81, 0x81, 0xc1, 0xc0, 
	0x80, 0x80, 0xc1, 0xc3, 0xc7, 0xef, 0xfe, 0x3c, 0x1c, 0x1c, 0x1c, 0x3f, 0x3f, 0x67, 0x7f, 0x7f, 
	0x00, 0x00, 0x00, 0x00, 0x00, 0x00, 0x00, 0x00, 0x00, 0x01, 0x01, 0x03, 0x03, 0x03, 0x01, 0x01, 
	0x03, 0x03, 0x01, 0x01, 0x01, 0x00, 0x00, 0x00, 0x00, 0x00, 0x00, 0x00, 0x00, 0x00, 0x00, 0x00
};
// 'hdd', 32x32px
const unsigned char far_32x32_fa_hdd [] PROGMEM = {
	0x00, 0x00, 0x00, 0x00, 0x00, 0x00, 0xc0, 0xc0, 0xe0, 0xe0, 0xe0, 0xe0, 0xe0, 0xe0, 0xe0, 0xe0, 
	0xe0, 0xe0, 0xe0, 0xe0, 0xe0, 0xe0, 0xe0, 0xe0, 0xc0, 0xc0, 0x00, 0x00, 0x00, 0x00, 0x00, 0x00, 
	0x80, 0xe0, 0xf0, 0xf8, 0xfe, 0xcf, 0xc7, 0xc3, 0xc0, 0xc0, 0xc0, 0xc0, 0xc0, 0xc0, 0xc0, 0xc0, 
	0xc0, 0xc0, 0xc0, 0xc0, 0xc0, 0xc0, 0xc0, 0xc0, 0xc3, 0xc7, 0xcf, 0xfe, 0xf8, 0xf0, 0xe0, 0x80, 
	0xff, 0xff, 0xff, 0x01, 0x01, 0x01, 0x01, 0x01, 0x01, 0x01, 0x01, 0x01, 0x01, 0x01, 0x01, 0x01, 
	0x01, 0x01, 0x01, 0x39, 0x39, 0x39, 0x01, 0x01, 0x39, 0x39, 0x39, 0x11, 0x01, 0xff, 0xff, 0xff, 
	0x03, 0x03, 0x03, 0x07, 0x07, 0x07, 0x07, 0x07, 0x07, 0x07, 0x07, 0x07, 0x07, 0x07, 0x07, 0x07, 
	0x07, 0x07, 0x07, 0x07, 0x07, 0x07, 0x07, 0x07, 0x07, 0x07, 0x07, 0x07, 0x07, 0x03, 0x03, 0x03
};
// 'heart', 32x32px
const unsigned char far_32x32_fa_heart [] PROGMEM = {
	0x00, 0xc0, 0xe0, 0xf0, 0x78, 0x38, 0x3c, 0x1c, 0x1c, 0x1c, 0x1c, 0x1c, 0x38, 0x78, 0xf0, 0xf0, 
	0xf0, 0xf0, 0x78, 0x38, 0x1c, 0x1c, 0x1c, 0x1c, 0x1c, 0x3c, 0x38, 0x78, 0xf0, 0xe0, 0xc0, 0x00, 
	0x7f, 0xff, 0xff, 0xc1, 0x80, 0x00, 0x00, 0x00, 0x00, 0x00, 0x00, 0x00, 0x00, 0x00, 0x00, 0x01, 
	0x01, 0x00, 0x00, 0x00, 0x00, 0x00, 0x00, 0x00, 0x00, 0x00, 0x00, 0x80, 0xc1, 0xff, 0xff, 0x7f, 
	0x00, 0x00, 0x03, 0x07, 0x0f, 0x1f, 0x3e, 0x7c, 0xf8, 0xf0, 0xe0, 0xc0, 0x80, 0x00, 0x00, 0x00, 
	0x00, 0x00, 0x00, 0x80, 0xc0, 0xe0, 0xf0, 0xf8, 0x7c, 0x3e, 0x1f, 0x0f, 0x07, 0x03, 0x00, 0x00, 
	0x00, 0x00, 0x00, 0x00, 0x00, 0x00, 0x00, 0x00, 0x00, 0x01, 0x03, 0x07, 0x0f, 0x1e, 0x3c, 0x38, 
	0x38, 0x3c, 0x1e, 0x0f, 0x07, 0x03, 0x01, 0x00, 0x00, 0x00, 0x00, 0x00, 0x00, 0x00, 0x00, 0x00
};
// 'hospital', 32x32px
const unsigned char far_32x32_fa_hospital [] PROGMEM = {
	0x00, 0x00, 0x00, 0x00, 0xf0, 0xf0, 0xf0, 0x70, 0x70, 0x70, 0x70, 0xff, 0xff, 0xcf, 0xcf, 0x03, 
	0x03, 0xcf, 0xcf, 0xff, 0xff, 0x70, 0x70, 0x70, 0x70, 0xf0, 0xf0, 0xf0, 0x00, 0x00, 0x00, 0x00, 
	0x00, 0x00, 0x00, 0x00, 0xff, 0xff, 0xff, 0x00, 0x00, 0x00, 0xf0, 0xf3, 0xf3, 0xf3, 0x03, 0x03, 
	0x03, 0x03, 0xf3, 0xf3, 0xf3, 0xf0, 0x00, 0x00, 0x00, 0xff, 0xff, 0xff, 0x00, 0x00, 0x00, 0x00, 
	0x00, 0x00, 0x00, 0x00, 0xff, 0xff, 0xff, 0x00, 0x00, 0x00, 0x3c, 0x3c, 0x3c, 0x3c, 0x00, 0x00, 
	0x00, 0x00, 0x3c, 0x3c, 0x3c, 0x3c, 0x00, 0x00, 0x00, 0xff, 0xff, 0xff, 0x00, 0x00, 0x00, 0x00, 
	0x00, 0x00, 0xe0, 0xe0, 0xff, 0xff, 0xff, 0xe0, 0xe0, 0xe0, 0xe0, 0xe0, 0xe0, 0xe0, 0xff, 0xff, 
	0xff, 0xff, 0xe0, 0xe0, 0xe0, 0xe0, 0xe0, 0xe0, 0xe0, 0xff, 0xff, 0xff, 0xe0, 0xe0, 0x00, 0x00
};
// 'hourglass', 32x32px
const unsigned char far_32x32_fa_hourglass [] PROGMEM = {
	0x00, 0x00, 0x00, 0x00, 0x07, 0x7f, 0xff, 0xff, 0x87, 0x07, 0x07, 0x07, 0x07, 0x07, 0x07, 0x07, 
	0x07, 0x07, 0x07, 0x07, 0x07, 0x07, 0x07, 0x87, 0xff, 0xff, 0x7f, 0x07, 0x00, 0x00, 0x00, 0x00, 
	0x00, 0x00, 0x00, 0x00, 0x00, 0x00, 0x03, 0x0f, 0x3f, 0x7c, 0xf8, 0xf0, 0xe0, 0xc0, 0xc0, 0xc0, 
	0xc0, 0xc0, 0xc0, 0xe0, 0xf0, 0xf8, 0x7c, 0x3f, 0x0f, 0x03, 0x00, 0x00, 0x00, 0x00, 0x00, 0x00, 
	0x00, 0x00, 0x00, 0x00, 0x00, 0x00, 0xc0, 0xf0, 0xfc, 0x3e, 0x1f, 0x0f, 0x07, 0x03, 0x03, 0x03, 
	0x03, 0x03, 0x03, 0x07, 0x0f, 0x1f, 0x3e, 0xfc, 0xf0, 0xc0, 0x00, 0x00, 0x00, 0x00, 0x00, 0x00, 
	0x00, 0x00, 0x00, 0x00, 0xe0, 0xfe, 0xff, 0xff, 0xe1, 0xe0, 0xe0, 0xe0, 0xe0, 0xe0, 0xe0, 0xe0, 
	0xe0, 0xe0, 0xe0, 0xe0, 0xe0, 0xe0, 0xe0, 0xe1, 0xff, 0xff, 0xfe, 0xe0, 0x00, 0x00, 0x00, 0x00
};
// 'id-badge', 32x32px
const unsigned char far_32x32_fa_id_badge [] PROGMEM = {
	0x00, 0x00, 0x00, 0x00, 0xfe, 0xff, 0xff, 0x07, 0x07, 0x07, 0x07, 0x07, 0x67, 0x67, 0x67, 0x67, 
	0x67, 0x67, 0x67, 0x67, 0x07, 0x07, 0x07, 0x07, 0x07, 0xff, 0xff, 0xfe, 0x00, 0x00, 0x00, 0x00, 
	0x00, 0x00, 0x00, 0x00, 0xff, 0xff, 0xff, 0x00, 0x00, 0x00, 0x00, 0x00, 0xf0, 0xf8, 0xfc, 0xfc, 
	0xfc, 0xfc, 0xf8, 0xf0, 0x00, 0x00, 0x00, 0x00, 0x00, 0xff, 0xff, 0xff, 0x00, 0x00, 0x00, 0x00, 
	0x00, 0x00, 0x00, 0x00, 0xff, 0xff, 0xff, 0x00, 0x00, 0xc0, 0xe0, 0xf0, 0xf0, 0xf1, 0xf3, 0xf3, 
	0xf3, 0xf3, 0xf1, 0xf0, 0xf0, 0xe0, 0xc0, 0x00, 0x00, 0xff, 0xff, 0xff, 0x00, 0x00, 0x00, 0x00, 
	0x00, 0x00, 0x00, 0x00, 0x7f, 0xff, 0xff, 0xe0, 0xe0, 0xe3, 0xe3, 0xe3, 0xe3, 0xe3, 0xe3, 0xe3, 
	0xe3, 0xe3, 0xe3, 0xe3, 0xe3, 0xe3, 0xe3, 0xe0, 0xe0, 0xff, 0xff, 0x7f, 0x00, 0x00, 0x00, 0x00
};
// 'image', 32x32px
const unsigned char far_32x32_fa_image [] PROGMEM = {
	0xe0, 0xf0, 0xf0, 0x70, 0x70, 0x70, 0x70, 0x70, 0x70, 0x70, 0x70, 0x70, 0x70, 0x70, 0x70, 0x70, 
	0x70, 0x70, 0x70, 0x70, 0x70, 0x70, 0x70, 0x70, 0x70, 0x70, 0x70, 0x70, 0x70, 0xf0, 0xf0, 0xe0, 
	0xff, 0xff, 0xff, 0x00, 0x00, 0x00, 0x3c, 0x3c, 0x3c, 0x3c, 0x00, 0x00, 0x00, 0x00, 0x00, 0x80, 
	0xc0, 0xe0, 0xf0, 0xf0, 0xf0, 0xf0, 0xe0, 0xc0, 0x80, 0x00, 0x00, 0x00, 0x00, 0xff, 0xff, 0xff, 
	0xff, 0xff, 0xff, 0x00, 0x00, 0x00, 0x3c, 0x3e, 0x3e, 0x3e, 0x3e, 0x3c, 0x3c, 0x3e, 0x3f, 0x3f, 
	0x3f, 0x3f, 0x3f, 0x3f, 0x3f, 0x3f, 0x3f, 0x3f, 0x3f, 0x3f, 0x00, 0x00, 0x00, 0xff, 0xff, 0xff, 
	0x07, 0x0f, 0x0f, 0x0e, 0x0e, 0x0e, 0x0e, 0x0e, 0x0e, 0x0e, 0x0e, 0x0e, 0x0e, 0x0e, 0x0e, 0x0e, 
	0x0e, 0x0e, 0x0e, 0x0e, 0x0e, 0x0e, 0x0e, 0x0e, 0x0e, 0x0e, 0x0e, 0x0e, 0x0e, 0x0f, 0x0f, 0x07
};
// 'id-card', 32x32px
const unsigned char far_32x32_fa_id_card [] PROGMEM = {
	0xe0, 0xf0, 0xf0, 0xf0, 0xf0, 0xf0, 0xf0, 0xf0, 0xf0, 0xf0, 0xf0, 0xf0, 0xf0, 0xf0, 0xf0, 0xf0, 
	0xf0, 0xf0, 0xf0, 0xf0, 0xf0, 0xf0, 0xf0, 0xf0, 0xf0, 0xf0, 0xf0, 0xf0, 0xf0, 0xf0, 0xf0, 0xe0, 
	0xff, 0xff, 0xff, 0x03, 0x03, 0x03, 0x03, 0xc3, 0xe3, 0xe3, 0xe3, 0xe3, 0xe3, 0xc3, 0x03, 0x03, 
	0x03, 0x03, 0x03, 0x03, 0x33, 0x33, 0x33, 0x33, 0x33, 0x33, 0x23, 0x03, 0x03, 0xff, 0xff, 0xff, 
	0xff, 0xff, 0xff, 0x00, 0x00, 0xc0, 0xc0, 0xe3, 0xe7, 0xc7, 0xc7, 0xc7, 0xe7, 0xe3, 0xe0, 0xc0, 
	0x80, 0x00, 0x00, 0x00, 0x1b, 0x1b, 0x1b, 0x1b, 0x1b, 0x1b, 0x11, 0x00, 0x00, 0xff, 0xff, 0xff, 
	0x07, 0x0f, 0x0f, 0x0c, 0x0f, 0x0f, 0x0f, 0x0f, 0x0f, 0x0f, 0x0f, 0x0f, 0x0f, 0x0f, 0x0f, 0x0f, 
	0x0f, 0x0c, 0x0c, 0x0c, 0x0c, 0x0c, 0x0c, 0x0c, 0x0c, 0x0c, 0x0c, 0x0c, 0x0c, 0x0f, 0x0f, 0x07
};
// 'keyboard', 32x32px
const unsigned char far_32x32_fa_keyboard [] PROGMEM = {
	0xc0, 0xc0, 0xc0, 0xe0, 0xe0, 0xe0, 0xe0, 0xe0, 0xe0, 0xe0, 0xe0, 0xe0, 0xe0, 0xe0, 0xe0, 0xe0, 
	0xe0, 0xe0, 0xe0, 0xe0, 0xe0, 0xe0, 0xe0, 0xe0, 0xe0, 0xe0, 0xe0, 0xe0, 0xe0, 0xc0, 0xc0, 0xc0, 
	0xff, 0xff, 0x00, 0x00, 0x1c, 0x1c, 0x1c, 0x80, 0x80, 0x1c, 0x1c, 0x1c, 0x80, 0x80, 0x80, 0x1c, 
	0x1c, 0x80, 0x80, 0x80, 0x1c, 0x1c, 0x1c, 0x80, 0x80, 0x1c, 0x1c, 0x1c, 0x00, 0x00, 0xff, 0xff, 
	0xff, 0xff, 0x00, 0x00, 0x38, 0x38, 0x38, 0x01, 0x01, 0x10, 0x38, 0x38, 0x39, 0x39, 0x39, 0x38, 
	0x38, 0x39, 0x39, 0x39, 0x38, 0x38, 0x10, 0x01, 0x01, 0x38, 0x38, 0x38, 0x00, 0x00, 0xff, 0xff, 
	0x03, 0x03, 0x03, 0x07, 0x07, 0x07, 0x07, 0x07, 0x07, 0x07, 0x07, 0x07, 0x07, 0x07, 0x07, 0x07, 
	0x07, 0x07, 0x07, 0x07, 0x07, 0x07, 0x07, 0x07, 0x07, 0x07, 0x07, 0x07, 0x07, 0x03, 0x03, 0x03
};
// 'images', 32x32px
const unsigned char far_32x32_fa_images [] PROGMEM = {
	0x00, 0x00, 0x00, 0x00, 0x00, 0xe0, 0xf0, 0xf0, 0x30, 0x30, 0x30, 0x30, 0x30, 0x30, 0x30, 0x30, 
	0x30, 0x30, 0x30, 0x30, 0x30, 0x30, 0x30, 0x30, 0x30, 0x30, 0x30, 0x30, 0x30, 0xf0, 0xf0, 0xe0, 
	0xfc, 0xfe, 0xfe, 0x04, 0x00, 0xff, 0xff, 0xff, 0x00, 0x00, 0x06, 0xcf, 0xef, 0xef, 0xc6, 0x80, 
	0x80, 0xc0, 0xe0, 0xf0, 0xf8, 0xfc, 0xfe, 0xfc, 0xf8, 0xf0, 0xe0, 0x00, 0x00, 0xff, 0xff, 0xff, 
	0xff, 0xff, 0xff, 0x00, 0x00, 0x1f, 0x7f, 0x7f, 0x70, 0x70, 0x70, 0x73, 0x73, 0x73, 0x73, 0x73, 
	0x73, 0x73, 0x73, 0x73, 0x73, 0x73, 0x73, 0x73, 0x73, 0x73, 0x71, 0x70, 0x70, 0x7f, 0x7f, 0x3f, 
	0x07, 0x0f, 0x0f, 0x0c, 0x0c, 0x0c, 0x0c, 0x0c, 0x0c, 0x0c, 0x0c, 0x0c, 0x0c, 0x0c, 0x0c, 0x0c, 
	0x0c, 0x0c, 0x0c, 0x0c, 0x0c, 0x0c, 0x0c, 0x0c, 0x0e, 0x0e, 0x06, 0x00, 0x00, 0x00, 0x00, 0x00
};
// 'kiss', 32x32px
const unsigned char far_32x32_fa_kiss [] PROGMEM = {
	0x00, 0x00, 0x00, 0x80, 0xc0, 0xe0, 0xf0, 0x78, 0x38, 0x3c, 0x1c, 0x1e, 0x0e, 0x0e, 0x0e, 0x0f, 
	0x0f, 0x0f, 0x0e, 0x0e, 0x0e, 0x1e, 0x1c, 0x3c, 0x38, 0x78, 0xf0, 0xe0, 0xc0, 0x80, 0x00, 0x00, 
	0x00, 0xf0, 0xfe, 0xff, 0x1f, 0x03, 0x01, 0x00, 0x00, 0x00, 0x78, 0x78, 0x78, 0x00, 0x00, 0x00, 
	0x00, 0x00, 0x00, 0x00, 0x78, 0x78, 0x78, 0x00, 0x00, 0x00, 0x01, 0x03, 0x1f, 0xff, 0xfe, 0xf0, 
	0x00, 0x0f, 0x7f, 0xff, 0xf8, 0xc0, 0x80, 0x00, 0x00, 0x00, 0x00, 0x00, 0x00, 0x00, 0x00, 0x22, 
	0x72, 0xfe, 0xfe, 0x8c, 0x00, 0x00, 0x00, 0x00, 0x00, 0x00, 0x80, 0xc0, 0xf8, 0xff, 0x7f, 0x0f, 
	0x00, 0x00, 0x00, 0x01, 0x03, 0x07, 0x0f, 0x1e, 0x1c, 0x3c, 0x38, 0x78, 0x70, 0x70, 0x70, 0xf2, 
	0xf2, 0xf3, 0x73, 0x71, 0x70, 0x78, 0x38, 0x3c, 0x1c, 0x1e, 0x0f, 0x07, 0x03, 0x01, 0x00, 0x00
};
// 'kiss-beam', 32x32px
const unsigned char far_32x32_fa_kiss_beam [] PROGMEM = {
	0x00, 0x00, 0x00, 0x80, 0xc0, 0xe0, 0xf0, 0x78, 0x38, 0x3c, 0x1c, 0x1e, 0x0e, 0x0e, 0x0e, 0x0f, 
	0x0f, 0x0f, 0x0e, 0x0e, 0x0e, 0x1e, 0x1c, 0x3c, 0x38, 0x78, 0xf0, 0xe0, 0xc0, 0x80, 0x00, 0x00, 
	0x00, 0xf0, 0xfe, 0xff, 0x1f, 0x03, 0x01, 0x00, 0x30, 0x1c, 0x0c, 0x0c, 0x0c, 0x1c, 0x30, 0x00, 
	0x00, 0x00, 0x30, 0x1c, 0x0c, 0x0c, 0x0c, 0x1c, 0x30, 0x00, 0x01, 0x03, 0x1f, 0xff, 0xfe, 0xf0, 
	0x00, 0x0f, 0x7f, 0xff, 0xf8, 0xc0, 0x80, 0x00, 0x00, 0x00, 0x00, 0x00, 0x00, 0x00, 0x00, 0x22, 
	0x72, 0xfe, 0xfe, 0x8c, 0x00, 0x00, 0x00, 0x00, 0x00, 0x00, 0x80, 0xc0, 0xf8, 0xff, 0x7f, 0x0f, 
	0x00, 0x00, 0x00, 0x01, 0x03, 0x07, 0x0f, 0x1e, 0x1c, 0x3c, 0x38, 0x78, 0x70, 0x70, 0x70, 0xf2, 
	0xf2, 0xf3, 0x73, 0x71, 0x70, 0x78, 0x38, 0x3c, 0x1c, 0x1e, 0x0f, 0x07, 0x03, 0x01, 0x00, 0x00
};
// 'kiss-wink-heart', 32x32px
const unsigned char far_32x32_fa_kiss_wink_heart [] PROGMEM = {
	0x00, 0x00, 0x00, 0xc0, 0xe0, 0xf0, 0xf8, 0x78, 0x3c, 0x1c, 0x1e, 0x0e, 0x0e, 0x0e, 0x0f, 0x0f, 
	0x0f, 0x0f, 0x0e, 0x0e, 0x0e, 0x1c, 0x1c, 0x3c, 0x78, 0xf0, 0xe0, 0xc0, 0x80, 0x00, 0x00, 0x00, 
	0xf0, 0xfe, 0xff, 0x1f, 0x03, 0x01, 0x00, 0x00, 0x00, 0x78, 0x78, 0x78, 0x30, 0x00, 0x00, 0x00, 
	0x00, 0x00, 0x60, 0x30, 0x38, 0x38, 0x38, 0x30, 0x70, 0x20, 0x01, 0x07, 0xff, 0xff, 0xfc, 0xc0, 
	0x0f, 0x7f, 0xff, 0xf8, 0xc0, 0x80, 0x00, 0x00, 0x00, 0x00, 0x00, 0x00, 0x00, 0x00, 0x20, 0x22, 
	0x76, 0xfe, 0xdc, 0x00, 0x00, 0x00, 0x80, 0xc0, 0xe0, 0xe0, 0xe0, 0xc0, 0x9f, 0x9f, 0x1f, 0x03, 
	0x00, 0x00, 0x00, 0x03, 0x07, 0x0f, 0x1f, 0x1e, 0x3c, 0x38, 0x78, 0x70, 0x70, 0x70, 0xf0, 0xf6, 
	0xf3, 0xf3, 0x71, 0x70, 0x70, 0x30, 0x01, 0x0f, 0x3f, 0x3f, 0x3f, 0x1f, 0x1f, 0x1f, 0x0f, 0x0f
};
// 'laugh', 32x32px
const unsigned char far_32x32_fa_laugh [] PROGMEM = {
	0x00, 0x00, 0x00, 0x80, 0xc0, 0xe0, 0xf0, 0x78, 0x38, 0x3c, 0x1c, 0x1e, 0x0e, 0x0e, 0x0e, 0x0f, 
	0x0f, 0x0f, 0x0e, 0x0e, 0x0e, 0x1e, 0x1c, 0x3c, 0x38, 0x78, 0xf0, 0xe0, 0xc0, 0x80, 0x00, 0x00, 
	0x00, 0xf0, 0xfe, 0xff, 0x1f, 0x03, 0x01, 0x00, 0x00, 0x00, 0x3c, 0x3c, 0x3c, 0x00, 0x00, 0x00, 
	0x00, 0x00, 0x00, 0x00, 0x3c, 0x3c, 0x3c, 0x00, 0x00, 0x00, 0x01, 0x03, 0x1f, 0xff, 0xfe, 0xf0, 
	0x00, 0x0f, 0x7f, 0xff, 0xf8, 0xc0, 0x80, 0x00, 0x00, 0x3c, 0x7c, 0xfc, 0xfc, 0xfc, 0xfc, 0xfc, 
	0xfc, 0xfc, 0xfc, 0xfc, 0xfc, 0xfc, 0x7c, 0x3c, 0x00, 0x00, 0x80, 0xc0, 0xf8, 0xff, 0x7f, 0x0f, 
	0x00, 0x00, 0x00, 0x01, 0x03, 0x07, 0x0f, 0x1e, 0x1c, 0x3c, 0x38, 0x78, 0x71, 0x71, 0x71, 0xf1, 
	0xf3, 0xf1, 0x71, 0x71, 0x71, 0x78, 0x38, 0x3c, 0x1c, 0x1e, 0x0f, 0x07, 0x03, 0x01, 0x00, 0x00
};
// 'laugh-beam', 32x32px
const unsigned char far_32x32_fa_laugh_beam [] PROGMEM = {
	0x00, 0x00, 0x00, 0x80, 0xc0, 0xe0, 0xf0, 0x78, 0x38, 0x3c, 0x1c, 0x1e, 0x0e, 0x0e, 0x0e, 0x0f, 
	0x0f, 0x0f, 0x0e, 0x0e, 0x0e, 0x1e, 0x1c, 0x3c, 0x38, 0x78, 0xf0, 0xe0, 0xc0, 0x80, 0x00, 0x00, 
	0x00, 0xf0, 0xfe, 0xff, 0x1f, 0x03, 0x01, 0x00, 0x30, 0x1c, 0x0c, 0x0c, 0x0c, 0x1c, 0x30, 0x00, 
	0x00, 0x00, 0x30, 0x1c, 0x0c, 0x0c, 0x0c, 0x1c, 0x30, 0x00, 0x01, 0x03, 0x1f, 0xff, 0xfe, 0xf0, 
	0x00, 0x0f, 0x7f, 0xff, 0xf8, 0xc0, 0x80, 0x00, 0x00, 0x3c, 0x7c, 0xfc, 0xfc, 0xfc, 0xfc, 0xfc, 
	0xfc, 0xfc, 0xfc, 0xfc, 0xfc, 0xfc, 0x7c, 0x3c, 0x00, 0x00, 0x80, 0xc0, 0xf8, 0xff, 0x7f, 0x0f, 
	0x00, 0x00, 0x00, 0x01, 0x03, 0x07, 0x0f, 0x1e, 0x1c, 0x3c, 0x38, 0x78, 0x71, 0x71, 0x71, 0xf1, 
	0xf3, 0xf1, 0x71, 0x71, 0x71, 0x78, 0x38, 0x3c, 0x1c, 0x1e, 0x0f, 0x07, 0x03, 0x01, 0x00, 0x00
};
// 'laugh-squint', 32x32px
const unsigned char far_32x32_fa_laugh_squint [] PROGMEM = {
	0x00, 0x00, 0x00, 0x80, 0xc0, 0xe0, 0xf0, 0x78, 0x38, 0x3c, 0x1c, 0x1e, 0x0e, 0x0e, 0x0e, 0x0f, 
	0x0f, 0x0f, 0x0e, 0x0e, 0x0e, 0x1e, 0x1c, 0x3c, 0x38, 0x78, 0xf0, 0xe0, 0xc0, 0x80, 0x00, 0x00, 
	0x00, 0xf0, 0xfe, 0xff, 0x1f, 0x03, 0x01, 0x00, 0x82, 0xe6, 0x7e, 0x7c, 0x3c, 0x18, 0x10, 0x00, 
	0x00, 0x00, 0x10, 0x18, 0x3c, 0x7c, 0x7e, 0xe6, 0x82, 0x00, 0x01, 0x03, 0x1f, 0xff, 0xfe, 0xf0, 
	0x00, 0x0f, 0x7f, 0xff, 0xf8, 0xc0, 0x80, 0x00, 0x00, 0x3c, 0x7c, 0xfc, 0xfc, 0xfc, 0xfc, 0xfc, 
	0xfc, 0xfc, 0xfc, 0xfc, 0xfc, 0xfc, 0x7c, 0x3c, 0x00, 0x00, 0x80, 0xc0, 0xf8, 0xff, 0x7f, 0x0f, 
	0x00, 0x00, 0x00, 0x01, 0x03, 0x07, 0x0f, 0x1e, 0x1c, 0x3c, 0x38, 0x78, 0x71, 0x71, 0x71, 0xf1, 
	0xf3, 0xf1, 0x71, 0x71, 0x71, 0x78, 0x38, 0x3c, 0x1c, 0x1e, 0x0f, 0x07, 0x03, 0x01, 0x00, 0x00
};
// 'laugh-wink', 32x32px
const unsigned char far_32x32_fa_laugh_wink [] PROGMEM = {
	0x00, 0x00, 0x00, 0x80, 0xc0, 0xe0, 0xf0, 0x78, 0x38, 0x3c, 0x1c, 0x1e, 0x0e, 0x0e, 0x0e, 0x0f, 
	0x0f, 0x0f, 0x0e, 0x0e, 0x0e, 0x1e, 0x1c, 0x3c, 0x38, 0x78, 0xf0, 0xe0, 0xc0, 0x80, 0x00, 0x00, 
	0x00, 0xf0, 0xfe, 0xff, 0x1f, 0x03, 0x01, 0x00, 0x00, 0x00, 0x3c, 0x3c, 0x3c, 0x00, 0x00, 0x00, 
	0x00, 0x00, 0x38, 0x18, 0x1c, 0x0c, 0x1c, 0x18, 0x38, 0x00, 0x01, 0x03, 0x1f, 0xff, 0xfe, 0xf0, 
	0x00, 0x0f, 0x7f, 0xff, 0xf8, 0xc0, 0x80, 0x00, 0x00, 0x3c, 0x7c, 0xfc, 0xfc, 0xfc, 0xfc, 0xfc, 
	0xfc, 0xfc, 0xfc, 0xfc, 0xfc, 0xfc, 0x7c, 0x3c, 0x00, 0x00, 0x80, 0xc0, 0xf8, 0xff, 0x7f, 0x0f, 
	0x00, 0x00, 0x00, 0x01, 0x03, 0x07, 0x0f, 0x1e, 0x1c, 0x3c, 0x38, 0x78, 0x71, 0x71, 0x71, 0xf1, 
	0xf3, 0xf1, 0x71, 0x71, 0x71, 0x78, 0x38, 0x3c, 0x1c, 0x1e, 0x0f, 0x07, 0x03, 0x01, 0x00, 0x00
};
// 'lemon', 32x32px
const unsigned char far_32x32_fa_lemon [] PROGMEM = {
	0x00, 0x00, 0x00, 0x00, 0x80, 0xc0, 0xe0, 0xf0, 0x78, 0x38, 0x3c, 0x1c, 0x1e, 0x8e, 0xce, 0xce, 
	0xcf, 0xcf, 0x0f, 0x0e, 0x0e, 0x0e, 0x0e, 0x0e, 0x0f, 0x07, 0x07, 0x07, 0x8f, 0xfe, 0xfc, 0xf8, 
	0x00, 0xf0, 0xfc, 0xff, 0x1f, 0x07, 0xc1, 0xe0, 0xf8, 0x3c, 0x1e, 0x0f, 0x07, 0x03, 0x01, 0x01, 
	0x00, 0x00, 0x00, 0x00, 0x00, 0x00, 0x00, 0x00, 0x00, 0x00, 0x00, 0x00, 0xff, 0xff, 0xff, 0xe0, 
	0x07, 0xff, 0xff, 0xff, 0x00, 0x00, 0x03, 0x03, 0x00, 0x00, 0x00, 0x00, 0x00, 0x00, 0x00, 0x00, 
	0x00, 0x00, 0x00, 0x00, 0x00, 0x00, 0x00, 0x00, 0x00, 0x80, 0xe0, 0xf8, 0xff, 0x3f, 0x0f, 0x00, 
	0x1f, 0x3f, 0x7f, 0xf1, 0xe0, 0xe0, 0xe0, 0xf0, 0x70, 0x70, 0x70, 0x70, 0x70, 0xf0, 0xf0, 0xf0, 
	0x70, 0x70, 0x70, 0x78, 0x38, 0x3c, 0x1c, 0x1e, 0x0f, 0x07, 0x03, 0x01, 0x00, 0x00, 0x00, 0x00
};
// 'life-ring', 32x32px
const unsigned char far_32x32_fa_life_ring [] PROGMEM = {
	0x00, 0x00, 0x00, 0x80, 0xc0, 0xe0, 0xf0, 0xf8, 0xfc, 0xfc, 0xde, 0x8e, 0x0e, 0x0e, 0x0f, 0x0f, 
	0x0f, 0x0f, 0x0e, 0x0e, 0x8e, 0xde, 0xfc, 0xfc, 0xf8, 0xf0, 0xe0, 0xc0, 0x80, 0x00, 0x00, 0x00, 
	0xc0, 0xfc, 0xff, 0xff, 0x07, 0x03, 0x07, 0x0f, 0xff, 0xff, 0xff, 0x3f, 0x1f, 0x0f, 0x07, 0x07, 
	0x07, 0x07, 0x0f, 0x1f, 0x3f, 0xff, 0xff, 0xff, 0x0f, 0x07, 0x03, 0x07, 0xff, 0xff, 0xfc, 0xc0, 
	0x03, 0x3f, 0xff, 0xff, 0xe0, 0xc0, 0xe0, 0xf0, 0xff, 0xff, 0xff, 0xfc, 0xf8, 0xf0, 0xe0, 0xe0, 
	0xe0, 0xe0, 0xf0, 0xf8, 0xfc, 0xff, 0xff, 0xff, 0xf0, 0xe0, 0xc0, 0xe0, 0xff, 0xff, 0x3f, 0x03, 
	0x00, 0x00, 0x00, 0x01, 0x03, 0x07, 0x0f, 0x1f, 0x3f, 0x3f, 0x7b, 0x71, 0x70, 0x70, 0xf0, 0xf0, 
	0xf0, 0xf0, 0x70, 0x70, 0x71, 0x7b, 0x3f, 0x3f, 0x1f, 0x0f, 0x07, 0x03, 0x01, 0x00, 0x00, 0x00
};
// 'lightbulb', 32x32px
const unsigned char far_32x32_fa_lightbulb [] PROGMEM = {
	0x00, 0x00, 0x00, 0x00, 0x00, 0x80, 0xe0, 0xf0, 0xf8, 0x3c, 0x1e, 0x8e, 0xcf, 0xc7, 0x67, 0x67, 
	0x67, 0x07, 0x07, 0x0f, 0x0e, 0x1e, 0x3c, 0xf8, 0xf0, 0xe0, 0x80, 0x00, 0x00, 0x00, 0x00, 0x00, 
	0x00, 0x00, 0x00, 0x00, 0x00, 0x7f, 0xff, 0xff, 0xc0, 0x00, 0x0e, 0x0f, 0x01, 0x00, 0x00, 0x00, 
	0x00, 0x00, 0x00, 0x00, 0x00, 0x00, 0x00, 0xc0, 0xff, 0xff, 0x7f, 0x00, 0x00, 0x00, 0x00, 0x00, 
	0x00, 0x00, 0x00, 0x00, 0x00, 0x00, 0x01, 0x03, 0x07, 0x1f, 0x7e, 0xfc, 0xf0, 0xc0, 0x00, 0x00, 
	0x00, 0x00, 0xc0, 0xf0, 0xfc, 0x7e, 0x1f, 0x07, 0x03, 0x01, 0x00, 0x00, 0x00, 0x00, 0x00, 0x00, 
	0x00, 0x00, 0x00, 0x00, 0x00, 0x00, 0x00, 0x00, 0x00, 0x00, 0x00, 0x3c, 0x7c, 0xfc, 0xfc, 0xfc, 
	0xfc, 0xfc, 0xfc, 0x7c, 0x3c, 0x00, 0x00, 0x00, 0x00, 0x00, 0x00, 0x00, 0x00, 0x00, 0x00, 0x00
};
// 'list-alt', 32x32px
const unsigned char far_32x32_fa_list_alt [] PROGMEM = {
	0xf8, 0xfc, 0xfc, 0x1c, 0x1c, 0x1c, 0x1c, 0x1c, 0x1c, 0x1c, 0x1c, 0x1c, 0x1c, 0x1c, 0x1c, 0x1c, 
	0x1c, 0x1c, 0x1c, 0x1c, 0x1c, 0x1c, 0x1c, 0x1c, 0x1c, 0x1c, 0x1c, 0x1c, 0x1c, 0xfc, 0xfc, 0xf8, 
	0xff, 0xff, 0xff, 0x00, 0x00, 0x00, 0xcf, 0xcf, 0xcf, 0xcf, 0x00, 0x00, 0x86, 0xcf, 0xcf, 0xcf, 
	0xcf, 0xcf, 0xcf, 0xcf, 0xcf, 0xcf, 0xcf, 0xcf, 0xcf, 0x86, 0x00, 0x00, 0x00, 0xff, 0xff, 0xff, 
	0xff, 0xff, 0xff, 0x00, 0x00, 0x00, 0xf3, 0xf3, 0xf3, 0xf3, 0x00, 0x00, 0x61, 0xf3, 0xf3, 0xf3, 
	0xf3, 0xf3, 0xf3, 0xf3, 0xf3, 0xf3, 0xf3, 0xf3, 0xf3, 0x61, 0x00, 0x00, 0x00, 0xff, 0xff, 0xff, 
	0x1f, 0x3f, 0x3f, 0x38, 0x38, 0x38, 0x38, 0x38, 0x38, 0x38, 0x38, 0x38, 0x38, 0x38, 0x38, 0x38, 
	0x38, 0x38, 0x38, 0x38, 0x38, 0x38, 0x38, 0x38, 0x38, 0x38, 0x38, 0x38, 0x38, 0x3f, 0x3f, 0x1f
};
// 'map', 32x32px
const unsigned char far_32x32_fa_map [] PROGMEM = {
	0x80, 0x80, 0xc0, 0xc0, 0xc0, 0xe0, 0xe0, 0x60, 0x70, 0x70, 0xf0, 0xf0, 0xf0, 0x70, 0xe0, 0xe0, 
	0xc0, 0xc0, 0xc0, 0x80, 0x80, 0x80, 0x80, 0xc0, 0xc0, 0xc0, 0xe0, 0xe0, 0x60, 0xf0, 0xf0, 0xf0, 
	0xff, 0xff, 0xff, 0x01, 0x00, 0x00, 0x00, 0x00, 0x00, 0x00, 0xff, 0xff, 0x00, 0x00, 0x00, 0x00, 
	0x00, 0x01, 0x01, 0x03, 0xff, 0xff, 0x03, 0x01, 0x01, 0x01, 0x00, 0x00, 0x00, 0xff, 0xff, 0xff, 
	0xff, 0xff, 0xff, 0x00, 0x00, 0x00, 0x80, 0x80, 0x80, 0xc0, 0xff, 0xff, 0xc0, 0x80, 0x80, 0x00, 
	0x00, 0x00, 0x00, 0x00, 0xff, 0xff, 0x00, 0x00, 0x00, 0x00, 0x00, 0x00, 0x80, 0xff, 0xff, 0xff, 
	0x0f, 0x0f, 0x0f, 0x06, 0x07, 0x07, 0x03, 0x03, 0x03, 0x01, 0x01, 0x01, 0x01, 0x03, 0x03, 0x03, 
	0x07, 0x07, 0x0e, 0x0f, 0x0f, 0x0f, 0x0e, 0x0e, 0x06, 0x07, 0x07, 0x03, 0x03, 0x03, 0x01, 0x01
};
// 'meh', 32x32px
const unsigned char far_32x32_fa_meh [] PROGMEM = {
	0x00, 0x00, 0x00, 0x80, 0xc0, 0xe0, 0xf0, 0x78, 0x38, 0x3c, 0x1c, 0x1e, 0x0e, 0x0e, 0x0e, 0x0f, 
	0x0f, 0x0f, 0x0e, 0x0e, 0x0e, 0x1e, 0x1c, 0x3c, 0x38, 0x78, 0xf0, 0xe0, 0xc0, 0x80, 0x00, 0x00, 
	0x00, 0xf0, 0xfe, 0xff, 0x1f, 0x03, 0x01, 0x00, 0x00, 0x00, 0x78, 0x78, 0x78, 0x00, 0x00, 0x00, 
	0x00, 0x00, 0x00, 0x00, 0x78, 0x78, 0x78, 0x00, 0x00, 0x00, 0x01, 0x03, 0x1f, 0xff, 0xfe, 0xf0, 
	0x00, 0x0f, 0x7f, 0xff, 0xf8, 0xc0, 0x80, 0x00, 0x00, 0x00, 0x70, 0x70, 0x70, 0x70, 0x70, 0x70, 
	0x70, 0x70, 0x70, 0x70, 0x70, 0x70, 0x70, 0x00, 0x00, 0x00, 0x80, 0xc0, 0xf8, 0xff, 0x7f, 0x0f, 
	0x00, 0x00, 0x00, 0x01, 0x03, 0x07, 0x0f, 0x1e, 0x1c, 0x3c, 0x38, 0x78, 0x70, 0x70, 0x70, 0xf0, 
	0xf0, 0xf0, 0x70, 0x70, 0x70, 0x78, 0x38, 0x3c, 0x1c, 0x1e, 0x0f, 0x07, 0x03, 0x01, 0x00, 0x00
};
// 'meh-blank', 32x32px
const unsigned char far_32x32_fa_meh_blank [] PROGMEM = {
	0x00, 0x00, 0x00, 0x80, 0xc0, 0xe0, 0xf0, 0x78, 0x38, 0x3c, 0x1c, 0x1e, 0x0e, 0x0e, 0x0e, 0x0f, 
	0x0f, 0x0f, 0x0e, 0x0e, 0x0e, 0x1e, 0x1c, 0x3c, 0x38, 0x78, 0xf0, 0xe0, 0xc0, 0x80, 0x00, 0x00, 
	0x00, 0xf0, 0xfe, 0xff, 0x1f, 0x03, 0x01, 0x00, 0x00, 0x00, 0x78, 0x78, 0x78, 0x00, 0x00, 0x00, 
	0x00, 0x00, 0x00, 0x00, 0x78, 0x78, 0x78, 0x00, 0x00, 0x00, 0x01, 0x03, 0x1f, 0xff, 0xfe, 0xf0, 
	0x00, 0x0f, 0x7f, 0xff, 0xf8, 0xc0, 0x80, 0x00, 0x00, 0x00, 0x00, 0x00, 0x00, 0x00, 0x00, 0x00, 
	0x00, 0x00, 0x00, 0x00, 0x00, 0x00, 0x00, 0x00, 0x00, 0x00, 0x80, 0xc0, 0xf8, 0xff, 0x7f, 0x0f, 
	0x00, 0x00, 0x00, 0x01, 0x03, 0x07, 0x0f, 0x1e, 0x1c, 0x3c, 0x38, 0x78, 0x70, 0x70, 0x70, 0xf0, 
	0xf0, 0xf0, 0x70, 0x70, 0x70, 0x78, 0x38, 0x3c, 0x1c, 0x1e, 0x0f, 0x07, 0x03, 0x01, 0x00, 0x00
};
// 'meh-rolling-eyes', 32x32px
const unsigned char far_32x32_fa_meh_rolling_eyes [] PROGMEM = {
	0x00, 0x00, 0x00, 0x80, 0xc0, 0xe0, 0xf0, 0x78, 0x38, 0x3c, 0x1c, 0x1e, 0x0e, 0x0e, 0x0e, 0x0f, 
	0x0f, 0x0f, 0x0e, 0x0e, 0x0e, 0x1e, 0x1c, 0x3c, 0x38, 0x78, 0xf0, 0xe0, 0xc0, 0x80, 0x00, 0x00, 
	0x00, 0xf0, 0xfe, 0xff, 0x1f, 0x03, 0x01, 0xf8, 0xfc, 0x1c, 0x3c, 0x3c, 0x1c, 0xfc, 0xf8, 0x00, 
	0x00, 0x00, 0xf8, 0xfc, 0x1c, 0x3c, 0x3c, 0x1c, 0xfc, 0xf8, 0x01, 0x03, 0x1f, 0xff, 0xfe, 0xf0, 
	0x00, 0x0f, 0x7f, 0xff, 0xf8, 0xc0, 0x80, 0x01, 0x03, 0x03, 0x03, 0xc3, 0xc3, 0xc3, 0xc1, 0xc0, 
	0xc0, 0xc0, 0xc1, 0xc3, 0xc3, 0xc3, 0x03, 0x03, 0x03, 0x01, 0x80, 0xc0, 0xf8, 0xff, 0x7f, 0x0f, 
	0x00, 0x00, 0x00, 0x01, 0x03, 0x07, 0x0f, 0x1e, 0x1c, 0x3c, 0x38, 0x79, 0x71, 0x71, 0x71, 0xf1, 
	0xf1, 0xf1, 0x71, 0x71, 0x71, 0x79, 0x38, 0x3c, 0x1c, 0x1e, 0x0f, 0x07, 0x03, 0x01, 0x00, 0x00
};
// 'minus-square', 32x32px
const unsigned char far_32x32_fa_minus_square [] PROGMEM = {
	0x00, 0x00, 0xf8, 0xfc, 0xfc, 0x1c, 0x1c, 0x1c, 0x1c, 0x1c, 0x1c, 0x1c, 0x1c, 0x1c, 0x1c, 0x1c, 
	0x1c, 0x1c, 0x1c, 0x1c, 0x1c, 0x1c, 0x1c, 0x1c, 0x1c, 0x1c, 0x1c, 0xfc, 0xfc, 0xf8, 0x00, 0x00, 
	0x00, 0x00, 0xff, 0xff, 0xff, 0x00, 0x00, 0x00, 0xc0, 0xc0, 0xc0, 0xc0, 0xc0, 0xc0, 0xc0, 0xc0, 
	0xc0, 0xc0, 0xc0, 0xc0, 0xc0, 0xc0, 0xc0, 0xc0, 0x00, 0x00, 0x00, 0xff, 0xff, 0xff, 0x00, 0x00, 
	0x00, 0x00, 0xff, 0xff, 0xff, 0x00, 0x00, 0x00, 0x03, 0x03, 0x03, 0x03, 0x03, 0x03, 0x03, 0x03, 
	0x03, 0x03, 0x03, 0x03, 0x03, 0x03, 0x03, 0x03, 0x00, 0x00, 0x00, 0xff, 0xff, 0xff, 0x00, 0x00, 
	0x00, 0x00, 0x1f, 0x3f, 0x3f, 0x38, 0x38, 0x38, 0x38, 0x38, 0x38, 0x38, 0x38, 0x38, 0x38, 0x38, 
	0x38, 0x38, 0x38, 0x38, 0x38, 0x38, 0x38, 0x38, 0x38, 0x38, 0x38, 0x3f, 0x3f, 0x1f, 0x00, 0x00
};
// 'money-bill-alt', 32x32px
const unsigned char far_32x32_fa_money_bill_alt [] PROGMEM = {
	0x80, 0xc0, 0xc0, 0xc0, 0xc0, 0xc0, 0xc0, 0xc0, 0xc0, 0xc0, 0xc0, 0xc0, 0xc0, 0xc0, 0xc0, 0xc0, 
	0xc0, 0xc0, 0xc0, 0xc0, 0xc0, 0xc0, 0xc0, 0xc0, 0xc0, 0xc0, 0xc0, 0xc0, 0xc0, 0xc0, 0xc0, 0x80, 
	0xff, 0xff, 0x0f, 0x0f, 0x07, 0x03, 0x01, 0x01, 0x01, 0x01, 0x01, 0xc1, 0xf1, 0xf9, 0xd9, 0x1d, 
	0x1d, 0xf9, 0xf9, 0xf1, 0xc1, 0x01, 0x01, 0x01, 0x01, 0x01, 0x03, 0x07, 0x0f, 0x0f, 0xff, 0xff, 
	0xff, 0xff, 0xf0, 0xf0, 0xe0, 0xc0, 0x80, 0x80, 0x80, 0x80, 0x80, 0x83, 0x8f, 0x9f, 0x9b, 0xb8, 
	0xb8, 0x9b, 0x9f, 0x8f, 0x83, 0x80, 0x80, 0x80, 0x80, 0x80, 0xc0, 0xe0, 0xf0, 0xf0, 0xff, 0xff, 
	0x01, 0x03, 0x03, 0x03, 0x03, 0x03, 0x03, 0x03, 0x03, 0x03, 0x03, 0x03, 0x03, 0x03, 0x03, 0x03, 
	0x03, 0x03, 0x03, 0x03, 0x03, 0x03, 0x03, 0x03, 0x03, 0x03, 0x03, 0x03, 0x03, 0x03, 0x03, 0x01
};
// 'moon', 32x32px
const unsigned char far_32x32_fa_moon [] PROGMEM = {
	0x00, 0x00, 0x00, 0x00, 0x80, 0xe0, 0xf0, 0xf8, 0x78, 0x3c, 0x1c, 0x0e, 0x0e, 0x0f, 0x07, 0x07, 
	0xc7, 0xe7, 0xf7, 0x7f, 0x3f, 0x3e, 0x1c, 0x00, 0x00, 0x00, 0x00, 0x00, 0x00, 0x00, 0x00, 0x00, 
	0x00, 0xc0, 0xfc, 0xff, 0xff, 0x07, 0x01, 0x00, 0x00, 0x00, 0x00, 0x00, 0x00, 0x00, 0xfc, 0xff, 
	0xff, 0x87, 0x01, 0x00, 0x00, 0x00, 0x00, 0x00, 0x00, 0x00, 0x00, 0x00, 0x00, 0x00, 0x00, 0x00, 
	0x00, 0x03, 0x3f, 0xff, 0xff, 0xe0, 0x80, 0x00, 0x00, 0x00, 0x00, 0x00, 0x00, 0x00, 0x00, 0x07, 
	0x0f, 0x1f, 0x3c, 0x78, 0x70, 0xf0, 0xe0, 0xe0, 0xe0, 0xe0, 0xe0, 0xe0, 0xe0, 0xc0, 0x00, 0x00, 
	0x00, 0x00, 0x00, 0x00, 0x01, 0x07, 0x0f, 0x1f, 0x1e, 0x3c, 0x38, 0x70, 0x70, 0xf0, 0xe0, 0xe0, 
	0xe0, 0xe0, 0xe0, 0xe0, 0xe0, 0xf0, 0x70, 0x78, 0x38, 0x3c, 0x1e, 0x0f, 0x0f, 0x07, 0x01, 0x00
};
// 'newspaper', 32x32px
const unsigned char far_32x32_fa_newspaper [] PROGMEM = {
	0x00, 0x80, 0x80, 0x80, 0xc0, 0xc0, 0xe0, 0xe0, 0xe0, 0xe0, 0xe0, 0xe0, 0xe0, 0xe0, 0xe0, 0xe0, 
	0xe0, 0xe0, 0xe0, 0xe0, 0xe0, 0xe0, 0xe0, 0xe0, 0xe0, 0xe0, 0xe0, 0xe0, 0xe0, 0xe0, 0xc0, 0xc0, 
	0xff, 0xff, 0xff, 0x03, 0xff, 0xff, 0x00, 0x00, 0x00, 0xf8, 0xf8, 0x98, 0x98, 0x98, 0x98, 0xb8, 
	0xf8, 0xf8, 0x00, 0x00, 0x98, 0x98, 0x98, 0x98, 0x98, 0x98, 0x98, 0x00, 0x00, 0xff, 0xff, 0xff, 
	0xff, 0xff, 0xff, 0x80, 0xff, 0xff, 0x00, 0x00, 0x00, 0x19, 0x19, 0x19, 0x19, 0x19, 0x19, 0x19, 
	0x19, 0x19, 0x00, 0x00, 0x19, 0x19, 0x19, 0x19, 0x19, 0x19, 0x19, 0x00, 0x00, 0xff, 0xff, 0xff, 
	0x01, 0x03, 0x03, 0x07, 0x07, 0x07, 0x07, 0x07, 0x07, 0x07, 0x07, 0x07, 0x07, 0x07, 0x07, 0x07, 
	0x07, 0x07, 0x07, 0x07, 0x07, 0x07, 0x07, 0x07, 0x07, 0x07, 0x07, 0x07, 0x07, 0x07, 0x03, 0x03
};
// 'object-group', 32x32px
const unsigned char far_32x32_fa_object_group [] PROGMEM = {
	0xfc, 0xfc, 0xcc, 0xcc, 0xfc, 0xfc, 0x78, 0x38, 0x38, 0x38, 0x38, 0x38, 0x38, 0x38, 0x38, 0x38, 
	0x38, 0x38, 0x38, 0x78, 0x78, 0x78, 0x78, 0x78, 0x78, 0x78, 0xfc, 0xfc, 0xcc, 0xcc, 0xfc, 0xfc, 
	0x00, 0xff, 0xff, 0xff, 0x01, 0x00, 0xff, 0xff, 0xff, 0x03, 0x07, 0x07, 0x07, 0x07, 0x07, 0x07, 
	0x03, 0xff, 0xff, 0xff, 0x70, 0x70, 0x30, 0xf0, 0xf0, 0xf0, 0x00, 0x1f, 0xff, 0xff, 0xff, 0x00, 
	0x00, 0xff, 0xff, 0xff, 0xf8, 0x00, 0x0f, 0x0f, 0x0f, 0x0c, 0x0e, 0x0e, 0xfe, 0xfe, 0xfe, 0xce, 
	0xcc, 0xcf, 0xcf, 0xef, 0xe0, 0xe0, 0xc0, 0xff, 0xff, 0xff, 0x00, 0x80, 0xff, 0xff, 0xff, 0x00, 
	0x3f, 0x3f, 0x33, 0x33, 0x3f, 0x3f, 0x1e, 0x1e, 0x1e, 0x1e, 0x1e, 0x1e, 0x1e, 0x1c, 0x1c, 0x1c, 
	0x1c, 0x1c, 0x1c, 0x1c, 0x1c, 0x1c, 0x1c, 0x1c, 0x1c, 0x1e, 0x3f, 0x3f, 0x33, 0x33, 0x3f, 0x3f
};
// 'object-ungroup', 32x32px
const unsigned char far_32x32_fa_object_ungroup [] PROGMEM = {
	0xf0, 0xf0, 0xb0, 0xb0, 0xf0, 0xe0, 0xe0, 0xe0, 0xe0, 0xe0, 0xe0, 0xe0, 0xe0, 0xe0, 0xe0, 0xe0, 
	0xe0, 0xe0, 0xf0, 0xf0, 0xb0, 0xf0, 0xf0, 0x00, 0x00, 0x00, 0x00, 0x00, 0x00, 0x00, 0x00, 0x00, 
	0x01, 0xff, 0xff, 0xff, 0x01, 0x00, 0x00, 0x00, 0x00, 0x00, 0x00, 0x00, 0x00, 0x00, 0x00, 0x00, 
	0x00, 0x00, 0x01, 0xff, 0xff, 0xff, 0x1d, 0x1c, 0x1c, 0x1c, 0x1c, 0x3e, 0xf6, 0xf6, 0xfe, 0x3e, 
	0x7c, 0x7f, 0x6f, 0x6f, 0x7c, 0x38, 0x38, 0x38, 0x38, 0xb8, 0xf8, 0xf8, 0xf8, 0xb8, 0x38, 0x38, 
	0x38, 0x38, 0x7c, 0x7f, 0x6f, 0x7f, 0x7c, 0x00, 0x00, 0x00, 0x00, 0x80, 0xff, 0xff, 0xff, 0x80, 
	0x00, 0x00, 0x00, 0x00, 0x00, 0x00, 0x00, 0x00, 0x00, 0x0f, 0x0f, 0x0d, 0x0f, 0x0f, 0x07, 0x07, 
	0x07, 0x07, 0x07, 0x07, 0x07, 0x07, 0x07, 0x07, 0x07, 0x07, 0x07, 0x0f, 0x0d, 0x0d, 0x0f, 0x0f
};
// 'paper-plane', 32x32px
const unsigned char far_32x32_fa_paper_plane [] PROGMEM = {
	0x00, 0x00, 0x00, 0x00, 0x00, 0x00, 0x00, 0x00, 0x00, 0x00, 0x00, 0x00, 0x00, 0x00, 0x00, 0x80, 
	0x80, 0xc0, 0xc0, 0xe0, 0xf0, 0x70, 0x78, 0x38, 0x3c, 0x1c, 0x0e, 0x0f, 0xcf, 0xff, 0xff, 0x7e, 
	0x00, 0x80, 0x80, 0xc0, 0xc0, 0xe0, 0xf0, 0x70, 0x78, 0x38, 0x3c, 0x1c, 0x1e, 0x0f, 0x07, 0x07, 
	0x83, 0xc3, 0xe1, 0xf1, 0xf8, 0x7c, 0x1c, 0x0e, 0x00, 0x00, 0x00, 0xe0, 0xff, 0xff, 0x1f, 0x00, 
	0x0f, 0x1f, 0x1f, 0x1f, 0x39, 0x39, 0x78, 0x70, 0xf0, 0xe0, 0xf0, 0xf8, 0xfc, 0xfe, 0xfe, 0xff, 
	0x3f, 0x1f, 0x07, 0x03, 0x00, 0x00, 0x00, 0x00, 0x00, 0x00, 0xf8, 0xff, 0xff, 0x0f, 0x00, 0x00, 
	0x00, 0x00, 0x00, 0x00, 0x00, 0x00, 0x00, 0x00, 0x00, 0x7f, 0xff, 0xff, 0xf1, 0xfb, 0x7f, 0x1f, 
	0x0f, 0x07, 0x0f, 0x0e, 0x1e, 0x1c, 0x1c, 0x3c, 0x38, 0x3c, 0x3f, 0x1f, 0x03, 0x00, 0x00, 0x00
};
// 'pause-circle', 32x32px
const unsigned char far_32x32_fa_pause_circle [] PROGMEM = {
	0x00, 0x00, 0x00, 0x80, 0xc0, 0xe0, 0xf0, 0x78, 0x3c, 0x1c, 0x1e, 0x0e, 0x0e, 0x0e, 0x0f, 0x0f, 
	0x0f, 0x0f, 0x0e, 0x0e, 0x0e, 0x1e, 0x1c, 0x3c, 0x78, 0xf0, 0xe0, 0xc0, 0x80, 0x00, 0x00, 0x00, 
	0xc0, 0xfc, 0xff, 0xff, 0x07, 0x01, 0x00, 0x00, 0x00, 0x00, 0xfc, 0xfc, 0xfc, 0xfc, 0xfc, 0x00, 
	0x00, 0xfc, 0xfc, 0xfc, 0xfc, 0xfc, 0x00, 0x00, 0x00, 0x00, 0x01, 0x07, 0xff, 0xff, 0xfc, 0xc0, 
	0x03, 0x3f, 0xff, 0xff, 0xe0, 0x80, 0x00, 0x00, 0x00, 0x00, 0x3f, 0x3f, 0x3f, 0x3f, 0x3f, 0x00, 
	0x00, 0x3f, 0x3f, 0x3f, 0x3f, 0x3f, 0x00, 0x00, 0x00, 0x00, 0x80, 0xe0, 0xff, 0xff, 0x3f, 0x03, 
	0x00, 0x00, 0x00, 0x01, 0x03, 0x07, 0x0f, 0x1e, 0x3c, 0x38, 0x78, 0x70, 0x70, 0x70, 0xf0, 0xf0, 
	0xf0, 0xf0, 0x70, 0x70, 0x70, 0x78, 0x38, 0x3c, 0x1e, 0x0f, 0x07, 0x03, 0x01, 0x00, 0x00, 0x00
};
// 'play-circle', 32x32px
const unsigned char far_32x32_fa_play_circle [] PROGMEM = {
	0x00, 0x00, 0x00, 0x80, 0xc0, 0xe0, 0xf0, 0x78, 0x3c, 0x1c, 0x1e, 0x0e, 0x0e, 0x0e, 0x0f, 0x0f, 
	0x0f, 0x0f, 0x0e, 0x0e, 0x0e, 0x1e, 0x1c, 0x3c, 0x78, 0xf0, 0xe0, 0xc0, 0x80, 0x00, 0x00, 0x00, 
	0xc0, 0xfc, 0xff, 0xff, 0x07, 0x01, 0x00, 0x00, 0x00, 0x00, 0xff, 0xff, 0xff, 0xfe, 0xfc, 0xfc, 
	0xf8, 0xf8, 0xf0, 0xe0, 0xe0, 0xc0, 0xc0, 0x80, 0x00, 0x00, 0x01, 0x07, 0xff, 0xff, 0xfc, 0xc0, 
	0x03, 0x3f, 0xff, 0xff, 0xe0, 0x80, 0x00, 0x00, 0x00, 0x00, 0xff, 0xff, 0xff, 0x7f, 0x7f, 0x3f, 
	0x1f, 0x1f, 0x0f, 0x0f, 0x07, 0x07, 0x03, 0x01, 0x00, 0x00, 0x80, 0xe0, 0xff, 0xff, 0x3f, 0x03, 
	0x00, 0x00, 0x00, 0x01, 0x03, 0x07, 0x0f, 0x1e, 0x3c, 0x38, 0x78, 0x70, 0x70, 0x70, 0xf0, 0xf0, 
	0xf0, 0xf0, 0x70, 0x70, 0x70, 0x78, 0x38, 0x3c, 0x1e, 0x0f, 0x07, 0x03, 0x01, 0x00, 0x00, 0x00
};
// 'plus-square', 32x32px
const unsigned char far_32x32_fa_plus_square [] PROGMEM = {
	0x00, 0x00, 0xf8, 0xfc, 0xfc, 0x1c, 0x1c, 0x1c, 0x1c, 0x1c, 0x1c, 0x1c, 0x1c, 0x1c, 0x1c, 0x1c, 
	0x1c, 0x1c, 0x1c, 0x1c, 0x1c, 0x1c, 0x1c, 0x1c, 0x1c, 0x1c, 0x1c, 0xfc, 0xfc, 0xf8, 0x00, 0x00, 
	0x00, 0x00, 0xff, 0xff, 0xff, 0x00, 0x00, 0x00, 0xc0, 0xc0, 0xc0, 0xc0, 0xc0, 0xc0, 0xff, 0xff, 
	0xff, 0xff, 0xc0, 0xc0, 0xc0, 0xc0, 0xc0, 0xc0, 0x00, 0x00, 0x00, 0xff, 0xff, 0xff, 0x00, 0x00, 
	0x00, 0x00, 0xff, 0xff, 0xff, 0x00, 0x00, 0x00, 0x03, 0x03, 0x03, 0x03, 0x03, 0x03, 0xff, 0xff, 
	0xff, 0xff, 0x03, 0x03, 0x03, 0x03, 0x03, 0x03, 0x00, 0x00, 0x00, 0xff, 0xff, 0xff, 0x00, 0x00, 
	0x00, 0x00, 0x1f, 0x3f, 0x3f, 0x38, 0x38, 0x38, 0x38, 0x38, 0x38, 0x38, 0x38, 0x38, 0x38, 0x38, 
	0x38, 0x38, 0x38, 0x38, 0x38, 0x38, 0x38, 0x38, 0x38, 0x38, 0x38, 0x3f, 0x3f, 0x1f, 0x00, 0x00
};
// 'question-circle', 32x32px
const unsigned char far_32x32_fa_question_circle [] PROGMEM = {
	0x00, 0x00, 0x00, 0x80, 0xc0, 0xe0, 0xf0, 0x78, 0x3c, 0x1c, 0x1e, 0x0e, 0x0e, 0x8e, 0x8f, 0x8f, 
	0x8f, 0x8f, 0x8e, 0x0e, 0x0e, 0x1e, 0x1c, 0x3c, 0x78, 0xf0, 0xe0, 0xc0, 0x80, 0x00, 0x00, 0x00, 
	0xc0, 0xfc, 0xff, 0xff, 0x07, 0x01, 0x00, 0x00, 0x00, 0x00, 0x0c, 0x0e, 0x1f, 0x0f, 0x07, 0x87, 
	0xc7, 0xc7, 0xff, 0xff, 0xff, 0xfe, 0x38, 0x00, 0x00, 0x00, 0x01, 0x07, 0xff, 0xff, 0xfc, 0xc0, 
	0x03, 0x3f, 0xff, 0xff, 0xe0, 0x80, 0x00, 0x00, 0x00, 0x00, 0x00, 0x00, 0x00, 0xc0, 0xe7, 0xff, 
	0xff, 0xe7, 0xc3, 0x01, 0x00, 0x00, 0x00, 0x00, 0x00, 0x00, 0x80, 0xe0, 0xff, 0xff, 0x3f, 0x03, 
	0x00, 0x00, 0x00, 0x01, 0x03, 0x07, 0x0f, 0x1e, 0x3c, 0x38, 0x78, 0x70, 0x70, 0x70, 0xf1, 0xf3, 
	0xf3, 0xf1, 0x70, 0x70, 0x70, 0x78, 0x38, 0x3c, 0x1e, 0x0f, 0x07, 0x03, 0x01, 0x00, 0x00, 0x00
};
// 'registered', 32x32px
const unsigned char far_32x32_fa_registered [] PROGMEM = {
	0x00, 0x00, 0x00, 0x80, 0xc0, 0xe0, 0xf0, 0x78, 0x3c, 0x1c, 0x1e, 0x8e, 0x8e, 0x8e, 0x8f, 0x8f, 
	0x8f, 0x0f, 0x0e, 0x0e, 0x0e, 0x1e, 0x1c, 0x3c, 0x78, 0xf0, 0xe0, 0xc0, 0x80, 0x00, 0x00, 0x00, 
	0xc0, 0xfc, 0xff, 0xff, 0x07, 0x01, 0x00, 0x00, 0x00, 0x00, 0xff, 0xff, 0xff, 0xff, 0x87, 0x87, 
	0x87, 0xcf, 0xff, 0xff, 0xfe, 0x7c, 0x00, 0x00, 0x00, 0x00, 0x01, 0x07, 0xff, 0xff, 0xfc, 0xc0, 
	0x03, 0x3f, 0xff, 0xff, 0xe0, 0x80, 0x00, 0x00, 0x00, 0x00, 0xff, 0xff, 0xff, 0xff, 0x07, 0x07, 
	0x0f, 0x3f, 0x7f, 0xff, 0xf9, 0xe0, 0x80, 0x00, 0x00, 0x00, 0x80, 0xe0, 0xff, 0xff, 0x3f, 0x03, 
	0x00, 0x00, 0x00, 0x01, 0x03, 0x07, 0x0f, 0x1e, 0x3c, 0x38, 0x78, 0x71, 0x71, 0x70, 0xf0, 0xf0, 
	0xf0, 0xf0, 0x70, 0x70, 0x71, 0x79, 0x38, 0x3c, 0x1e, 0x0f, 0x07, 0x03, 0x01, 0x00, 0x00, 0x00
};
// 'sad-cry', 32x32px
const unsigned char far_32x32_fa_sad_cry [] PROGMEM = {
	0x00, 0x00, 0x00, 0x80, 0xc0, 0xe0, 0xf0, 0x78, 0x38, 0x3c, 0x1c, 0x1e, 0x0e, 0x0e, 0x0e, 0x0f, 
	0x0f, 0x0f, 0x0e, 0x0e, 0x0e, 0x1e, 0x1c, 0x3c, 0x38, 0x78, 0xf0, 0xe0, 0xc0, 0x80, 0x00, 0x00, 
	0x00, 0xf0, 0xfe, 0xff, 0x1f, 0x03, 0x01, 0x70, 0x30, 0x38, 0x18, 0x38, 0x30, 0x70, 0x00, 0x00, 
	0x00, 0x00, 0x00, 0x70, 0x30, 0x38, 0x18, 0x38, 0x30, 0x70, 0x01, 0x03, 0x1f, 0xff, 0xfe, 0xf0, 
	0x00, 0x0f, 0x7f, 0xff, 0xf8, 0xc0, 0x80, 0xbc, 0xff, 0xff, 0xfc, 0x00, 0x00, 0x78, 0xfc, 0xfe, 
	0xfe, 0xfe, 0xfc, 0x78, 0x00, 0x00, 0xfc, 0xff, 0xff, 0xbc, 0x80, 0xc0, 0xf8, 0xff, 0x7f, 0x0f, 
	0x00, 0x00, 0x00, 0x01, 0x03, 0x07, 0x0f, 0x1f, 0x1f, 0x3f, 0x3f, 0x78, 0x70, 0x70, 0x70, 0xf1, 
	0xf1, 0xf1, 0x70, 0x70, 0x70, 0x78, 0x3f, 0x3f, 0x1f, 0x1f, 0x0f, 0x07, 0x03, 0x01, 0x00, 0x00
};
// 'sad-tear', 32x32px
const unsigned char far_32x32_fa_sad_tear [] PROGMEM = {
	0x00, 0x00, 0x00, 0x80, 0xc0, 0xe0, 0xf0, 0x78, 0x38, 0x3c, 0x1c, 0x1e, 0x0e, 0x0e, 0x0e, 0x0f, 
	0x0f, 0x0f, 0x0e, 0x0e, 0x0e, 0x1e, 0x1c, 0x3c, 0x38, 0x78, 0xf0, 0xe0, 0xc0, 0x80, 0x00, 0x00, 
	0x00, 0xf0, 0xfe, 0xff, 0x1f, 0x03, 0x01, 0x00, 0x00, 0x00, 0x78, 0x78, 0x78, 0x00, 0x00, 0x00, 
	0x00, 0x00, 0x00, 0x00, 0x78, 0x78, 0x78, 0x00, 0x00, 0x00, 0x01, 0x03, 0x1f, 0xff, 0xfe, 0xf0, 
	0x00, 0x0f, 0x7f, 0xff, 0xf8, 0xc0, 0x80, 0x00, 0x00, 0x70, 0xfc, 0xfe, 0xfc, 0x70, 0x00, 0x00, 
	0x38, 0x38, 0x38, 0x78, 0xf0, 0xf0, 0xe0, 0x00, 0x00, 0x00, 0x80, 0xc0, 0xf8, 0xff, 0x7f, 0x0f, 
	0x00, 0x00, 0x00, 0x01, 0x03, 0x07, 0x0f, 0x1e, 0x1c, 0x3c, 0x38, 0x78, 0x70, 0x70, 0x70, 0xf0, 
	0xf0, 0xf0, 0x70, 0x70, 0x70, 0x78, 0x38, 0x3c, 0x1c, 0x1e, 0x0f, 0x07, 0x03, 0x01, 0x00, 0x00
};
// 'save', 32x32px
const unsigned char far_32x32_fa_save [] PROGMEM = {
	0x00, 0x00, 0xf8, 0xfc, 0xfc, 0x1c, 0x1c, 0x1c, 0xfc, 0xfc, 0xfc, 0x1c, 0x1c, 0x1c, 0x1c, 0x1c, 
	0x1c, 0x1c, 0x1c, 0xfc, 0xfc, 0xfc, 0x3c, 0x78, 0xf8, 0xf0, 0xe0, 0xc0, 0x80, 0x00, 0x00, 0x00, 
	0x00, 0x00, 0xff, 0xff, 0xff, 0x00, 0x00, 0x00, 0x1f, 0x1f, 0x1f, 0x1c, 0x1c, 0x9c, 0x9c, 0x9c, 
	0x9c, 0x9c, 0x9c, 0x1f, 0x1f, 0x1f, 0x00, 0x00, 0x00, 0x01, 0x03, 0xff, 0xff, 0xff, 0x00, 0x00, 
	0x00, 0x00, 0xff, 0xff, 0xff, 0x00, 0x00, 0x00, 0x00, 0x00, 0x00, 0x7e, 0xff, 0xff, 0xc3, 0xc3, 
	0xc3, 0xc3, 0xff, 0xff, 0x7e, 0x00, 0x00, 0x00, 0x00, 0x00, 0x00, 0xff, 0xff, 0xff, 0x00, 0x00, 
	0x00, 0x00, 0x1f, 0x3f, 0x3f, 0x38, 0x38, 0x38, 0x38, 0x38, 0x38, 0x38, 0x38, 0x39, 0x39, 0x39, 
	0x39, 0x39, 0x39, 0x38, 0x38, 0x38, 0x38, 0x38, 0x38, 0x38, 0x38, 0x3f, 0x3f, 0x1f, 0x00, 0x00
};
// 'share-square', 32x32px
const unsigned char far_32x32_fa_share_square [] PROGMEM = {
	0xc0, 0xc0, 0xc0, 0xe0, 0xe0, 0xe0, 0xe0, 0xe0, 0xe0, 0x60, 0x40, 0x00, 0x00, 0x00, 0x00, 0x00, 
	0x00, 0x00, 0x80, 0xf8, 0xfc, 0x1c, 0x3c, 0x78, 0xf0, 0xe0, 0xc0, 0x80, 0x00, 0x00, 0x00, 0x00, 
	0xff, 0xff, 0xff, 0x00, 0x00, 0x80, 0xe0, 0xf8, 0x7c, 0x1c, 0x0e, 0x0e, 0x06, 0x07, 0x87, 0x87, 
	0x87, 0x83, 0x83, 0x83, 0x83, 0x00, 0x00, 0x00, 0x00, 0x01, 0x83, 0xc7, 0xef, 0xfe, 0x7c, 0x38, 
	0xff, 0xff, 0xff, 0x00, 0x00, 0x07, 0x1f, 0x7f, 0xf8, 0xe0, 0xc0, 0xfe, 0xff, 0xff, 0x03, 0x03, 
	0x03, 0x03, 0x03, 0x3f, 0x7f, 0x70, 0x78, 0x3c, 0x1e, 0x0f, 0x07, 0x03, 0x01, 0x00, 0x00, 0x00, 
	0x1f, 0x3f, 0x3f, 0x38, 0x38, 0x38, 0x38, 0x38, 0x38, 0x38, 0x39, 0x39, 0x39, 0x38, 0x38, 0x38, 
	0x38, 0x38, 0x38, 0x38, 0x38, 0x38, 0x3e, 0x3e, 0x1e, 0x00, 0x00, 0x00, 0x00, 0x00, 0x00, 0x00
};
// 'smile', 32x32px
const unsigned char far_32x32_fa_smile [] PROGMEM = {
	0x00, 0x00, 0x00, 0x80, 0xc0, 0xe0, 0xf0, 0x78, 0x38, 0x3c, 0x1c, 0x1e, 0x0e, 0x0e, 0x0e, 0x0f, 
	0x0f, 0x0f, 0x0e, 0x0e, 0x0e, 0x1e, 0x1c, 0x3c, 0x38, 0x78, 0xf0, 0xe0, 0xc0, 0x80, 0x00, 0x00, 
	0x00, 0xf0, 0xfe, 0xff, 0x1f, 0x03, 0x01, 0x00, 0x00, 0x00, 0x78, 0x78, 0x78, 0x00, 0x00, 0x00, 
	0x00, 0x00, 0x00, 0x00, 0x78, 0x78, 0x78, 0x00, 0x00, 0x00, 0x01, 0x03, 0x1f, 0xff, 0xfe, 0xf0, 
	0x00, 0x0f, 0x7f, 0xff, 0xf8, 0xc0, 0x80, 0x00, 0x00, 0x38, 0x78, 0xf0, 0xe0, 0xe0, 0xc0, 0xc0, 
	0xc0, 0xc0, 0xc0, 0xe0, 0xe0, 0xf0, 0x78, 0x38, 0x00, 0x00, 0x80, 0xc0, 0xf8, 0xff, 0x7f, 0x0f, 
	0x00, 0x00, 0x00, 0x01, 0x03, 0x07, 0x0f, 0x1e, 0x1c, 0x3c, 0x38, 0x78, 0x70, 0x71, 0x71, 0xf1, 
	0xf1, 0xf1, 0x71, 0x71, 0x70, 0x78, 0x38, 0x3c, 0x1c, 0x1e, 0x0f, 0x07, 0x03, 0x01, 0x00, 0x00
};
// 'smile-beam', 32x32px
const unsigned char far_32x32_fa_smile_beam [] PROGMEM = {
	0x00, 0x00, 0x00, 0x80, 0xc0, 0xe0, 0xf0, 0x78, 0x38, 0x3c, 0x1c, 0x1e, 0x0e, 0x0e, 0x0e, 0x0f, 
	0x0f, 0x0f, 0x0e, 0x0e, 0x0e, 0x1e, 0x1c, 0x3c, 0x38, 0x78, 0xf0, 0xe0, 0xc0, 0x80, 0x00, 0x00, 
	0x00, 0xf0, 0xfe, 0xff, 0x1f, 0x03, 0x01, 0x00, 0x30, 0x1c, 0x0c, 0x0c, 0x0c, 0x1c, 0x30, 0x00, 
	0x00, 0x00, 0x30, 0x1c, 0x0c, 0x0c, 0x0c, 0x1c, 0x30, 0x00, 0x01, 0x03, 0x1f, 0xff, 0xfe, 0xf0, 
	0x00, 0x0f, 0x7f, 0xff, 0xf8, 0xc0, 0x80, 0x00, 0x00, 0x38, 0x78, 0xf0, 0xe0, 0xe0, 0xc0, 0xc0, 
	0xc0, 0xc0, 0xc0, 0xe0, 0xe0, 0xf0, 0x78, 0x38, 0x00, 0x00, 0x80, 0xc0, 0xf8, 0xff, 0x7f, 0x0f, 
	0x00, 0x00, 0x00, 0x01, 0x03, 0x07, 0x0f, 0x1e, 0x1c, 0x3c, 0x38, 0x78, 0x70, 0x71, 0x71, 0xf1, 
	0xf1, 0xf1, 0x71, 0x71, 0x70, 0x78, 0x38, 0x3c, 0x1c, 0x1e, 0x0f, 0x07, 0x03, 0x01, 0x00, 0x00
};
// 'smile-wink', 32x32px
const unsigned char far_32x32_fa_smile_wink [] PROGMEM = {
	0x00, 0x00, 0x00, 0x80, 0xc0, 0xe0, 0xf0, 0x78, 0x38, 0x3c, 0x1c, 0x1e, 0x0e, 0x0e, 0x0e, 0x0f, 
	0x0f, 0x0f, 0x0e, 0x0e, 0x0e, 0x1e, 0x1c, 0x3c, 0x38, 0x78, 0xf0, 0xe0, 0xc0, 0x80, 0x00, 0x00, 
	0x00, 0xf0, 0xfe, 0xff, 0x1f, 0x03, 0x01, 0x00, 0x00, 0x00, 0x78, 0x78, 0x78, 0x00, 0x00, 0x00, 
	0x00, 0x00, 0x70, 0x30, 0x38, 0x18, 0x38, 0x30, 0x70, 0x00, 0x01, 0x03, 0x1f, 0xff, 0xfe, 0xf0, 
	0x00, 0x0f, 0x7f, 0xff, 0xf8, 0xc0, 0x80, 0x00, 0x00, 0x38, 0x78, 0xf0, 0xe0, 0xe0, 0xc0, 0xc0, 
	0xc0, 0xc0, 0xc0, 0xe0, 0xe0, 0xf0, 0x78, 0x38, 0x00, 0x00, 0x80, 0xc0, 0xf8, 0xff, 0x7f, 0x0f, 
	0x00, 0x00, 0x00, 0x01, 0x03, 0x07, 0x0f, 0x1e, 0x1c, 0x3c, 0x38, 0x78, 0x70, 0x71, 0x71, 0xf1, 
	0xf1, 0xf1, 0x71, 0x71, 0x70, 0x78, 0x38, 0x3c, 0x1c, 0x1e, 0x0f, 0x07, 0x03, 0x01, 0x00, 0x00
};
// 'snowflake', 32x32px
const unsigned char far_32x32_fa_snowflake [] PROGMEM = {
	0x00, 0x00, 0x00, 0x80, 0x80, 0x00, 0xe0, 0xe0, 0xe0, 0x00, 0x00, 0x1c, 0x3c, 0x78, 0xfe, 0xff, 
	0xff, 0xfe, 0x78, 0x3c, 0x1c, 0x00, 0x00, 0xe0, 0xe0, 0xe0, 0x00, 0x80, 0x80, 0x00, 0x00, 0x00, 
	0x00, 0x00, 0x33, 0x73, 0x7f, 0x3f, 0x3f, 0x3f, 0x3f, 0x3e, 0x78, 0x70, 0xf0, 0xe0, 0xff, 0xff, 
	0xff, 0xff, 0xe0, 0xf0, 0x70, 0x78, 0x3e, 0x3f, 0x3f, 0x3f, 0x3f, 0x7f, 0x73, 0x33, 0x00, 0x00, 
	0x00, 0x00, 0xcc, 0xce, 0xfe, 0xfc, 0xfc, 0xfc, 0xfc, 0x7c, 0x1e, 0x0e, 0x0f, 0x07, 0xff, 0xff, 
	0xff, 0xff, 0x07, 0x0f, 0x0e, 0x1e, 0x7c, 0xfc, 0xfc, 0xfc, 0xfc, 0xfe, 0xce, 0xcc, 0x00, 0x00, 
	0x00, 0x00, 0x00, 0x01, 0x01, 0x00, 0x07, 0x07, 0x07, 0x00, 0x00, 0x38, 0x3c, 0x1e, 0x7f, 0xff, 
	0xff, 0x7f, 0x1e, 0x3c, 0x38, 0x00, 0x00, 0x07, 0x07, 0x07, 0x00, 0x01, 0x01, 0x00, 0x00, 0x00
};
// 'square', 32x32px
const unsigned char far_32x32_fa_square [] PROGMEM = {
	0x00, 0x00, 0xf8, 0xfc, 0xfc, 0x1c, 0x1c, 0x1c, 0x1c, 0x1c, 0x1c, 0x1c, 0x1c, 0x1c, 0x1c, 0x1c, 
	0x1c, 0x1c, 0x1c, 0x1c, 0x1c, 0x1c, 0x1c, 0x1c, 0x1c, 0x1c, 0x1c, 0xfc, 0xfc, 0xf8, 0x00, 0x00, 
	0x00, 0x00, 0xff, 0xff, 0xff, 0x00, 0x00, 0x00, 0x00, 0x00, 0x00, 0x00, 0x00, 0x00, 0x00, 0x00, 
	0x00, 0x00, 0x00, 0x00, 0x00, 0x00, 0x00, 0x00, 0x00, 0x00, 0x00, 0xff, 0xff, 0xff, 0x00, 0x00, 
	0x00, 0x00, 0xff, 0xff, 0xff, 0x00, 0x00, 0x00, 0x00, 0x00, 0x00, 0x00, 0x00, 0x00, 0x00, 0x00, 
	0x00, 0x00, 0x00, 0x00, 0x00, 0x00, 0x00, 0x00, 0x00, 0x00, 0x00, 0xff, 0xff, 0xff, 0x00, 0x00, 
	0x00, 0x00, 0x1f, 0x3f, 0x3f, 0x38, 0x38, 0x38, 0x38, 0x38, 0x38, 0x38, 0x38, 0x38, 0x38, 0x38, 
	0x38, 0x38, 0x38, 0x38, 0x38, 0x38, 0x38, 0x38, 0x38, 0x38, 0x38, 0x3f, 0x3f, 0x1f, 0x00, 0x00
};
// 'star', 32x32px
const unsigned char far_32x32_fa_star [] PROGMEM = {
	0x00, 0x00, 0x00, 0x00, 0x00, 0x00, 0x00, 0x00, 0x00, 0x00, 0x00, 0x00, 0x80, 0xe0, 0xf8, 0x7c, 
	0x7c, 0xf8, 0xe0, 0x80, 0x00, 0x00, 0x00, 0x00, 0x00, 0x00, 0x00, 0x00, 0x00, 0x00, 0x00, 0x00, 
	0x00, 0x30, 0x78, 0xf8, 0xf8, 0xf8, 0xb8, 0x18, 0x18, 0x1c, 0x1c, 0x1e, 0x0f, 0x07, 0x01, 0x00, 
	0x00, 0x01, 0x07, 0x0f, 0x1e, 0x1c, 0x1c, 0x18, 0x18, 0xb8, 0xf8, 0xf8, 0xf8, 0x78, 0x30, 0x00, 
	0x00, 0x00, 0x00, 0x00, 0x01, 0x03, 0x07, 0xff, 0xfe, 0xfc, 0x00, 0x00, 0x00, 0x00, 0x00, 0x80, 
	0x80, 0x00, 0x00, 0x00, 0x00, 0x00, 0xfc, 0xfe, 0xff, 0x07, 0x03, 0x01, 0x00, 0x00, 0x00, 0x00, 
	0x00, 0x00, 0x00, 0x00, 0x00, 0x00, 0x1c, 0x3f, 0x3f, 0x3d, 0x1c, 0x0e, 0x0e, 0x07, 0x07, 0x03, 
	0x03, 0x07, 0x07, 0x0e, 0x0e, 0x1c, 0x3d, 0x3f, 0x3f, 0x1c, 0x00, 0x00, 0x00, 0x00, 0x00, 0x00
};
// 'star-half', 32x32px
const unsigned char far_32x32_fa_star_half [] PROGMEM = {
	0x00, 0x00, 0x00, 0x00, 0x00, 0x00, 0x00, 0x00, 0x00, 0x00, 0x00, 0x00, 0x80, 0xe0, 0xf8, 0x7c, 
	0x00, 0x00, 0x00, 0x00, 0x00, 0x00, 0x00, 0x00, 0x00, 0x00, 0x00, 0x00, 0x00, 0x00, 0x00, 0x00, 
	0x00, 0x30, 0x78, 0xf8, 0xf8, 0xf8, 0xb8, 0x18, 0x18, 0x1c, 0x1c, 0x1e, 0x0f, 0x07, 0x01, 0x00, 
	0x00, 0x00, 0x00, 0x00, 0x00, 0x00, 0x00, 0x00, 0x00, 0x00, 0x00, 0x00, 0x00, 0x00, 0x00, 0x00, 
	0x00, 0x00, 0x00, 0x00, 0x01, 0x03, 0x07, 0xff, 0xfe, 0xfc, 0x00, 0x00, 0x00, 0x00, 0x00, 0x80, 
	0x00, 0x00, 0x00, 0x00, 0x00, 0x00, 0x00, 0x00, 0x00, 0x00, 0x00, 0x00, 0x00, 0x00, 0x00, 0x00, 
	0x00, 0x00, 0x00, 0x00, 0x00, 0x00, 0x1c, 0x3f, 0x3f, 0x3d, 0x1c, 0x0e, 0x0e, 0x07, 0x07, 0x03, 
	0x00, 0x00, 0x00, 0x00, 0x00, 0x00, 0x00, 0x00, 0x00, 0x00, 0x00, 0x00, 0x00, 0x00, 0x00, 0x00
};
// 'sticky-note', 32x32px
const unsigned char far_32x32_fa_sticky_note [] PROGMEM = {
	0x00, 0x00, 0xf8, 0xfc, 0xfc, 0x1c, 0x1c, 0x1c, 0x1c, 0x1c, 0x1c, 0x1c, 0x1c, 0x1c, 0x1c, 0x1c, 
	0x1c, 0x1c, 0x1c, 0x1c, 0x1c, 0x1c, 0x1c, 0x1c, 0x1c, 0x1c, 0x1c, 0xfc, 0xfc, 0xf8, 0x00, 0x00, 
	0x00, 0x00, 0xff, 0xff, 0xff, 0x00, 0x00, 0x00, 0x00, 0x00, 0x00, 0x00, 0x00, 0x00, 0x00, 0x00, 
	0x00, 0x00, 0x00, 0x00, 0x00, 0x00, 0x00, 0x00, 0x00, 0x00, 0x00, 0xff, 0xff, 0xff, 0x00, 0x00, 
	0x00, 0x00, 0xff, 0xff, 0xff, 0x00, 0x00, 0x00, 0x00, 0x00, 0x00, 0x00, 0x00, 0x00, 0x00, 0x00, 
	0x00, 0x00, 0x00, 0xf8, 0xf8, 0xf8, 0x38, 0x38, 0x38, 0xb8, 0xf8, 0xff, 0xff, 0xff, 0x00, 0x00, 
	0x00, 0x00, 0x1f, 0x3f, 0x3f, 0x38, 0x38, 0x38, 0x38, 0x38, 0x38, 0x38, 0x38, 0x38, 0x38, 0x38, 
	0x38, 0x38, 0x38, 0x3f, 0x3f, 0x3f, 0x3c, 0x1e, 0x1f, 0x0f, 0x07, 0x03, 0x01, 0x00, 0x00, 0x00
};
// 'stop-circle', 32x32px
const unsigned char far_32x32_fa_stop_circle [] PROGMEM = {
	0x00, 0x00, 0x00, 0x80, 0xc0, 0xe0, 0xf0, 0x78, 0x3c, 0x1c, 0x1e, 0x0e, 0x0e, 0x0e, 0x0f, 0x0f, 
	0x0f, 0x0f, 0x0e, 0x0e, 0x0e, 0x1e, 0x1c, 0x3c, 0x78, 0xf0, 0xe0, 0xc0, 0x80, 0x00, 0x00, 0x00, 
	0xc0, 0xfc, 0xff, 0xff, 0x07, 0x01, 0x00, 0x00, 0x00, 0x00, 0xfc, 0xfc, 0xfc, 0xfc, 0xfc, 0xfc, 
	0xfc, 0xfc, 0xfc, 0xfc, 0xfc, 0xfc, 0x00, 0x00, 0x00, 0x00, 0x01, 0x07, 0xff, 0xff, 0xfc, 0xc0, 
	0x03, 0x3f, 0xff, 0xff, 0xe0, 0x80, 0x00, 0x00, 0x00, 0x00, 0x3f, 0x3f, 0x3f, 0x3f, 0x3f, 0x3f, 
	0x3f, 0x3f, 0x3f, 0x3f, 0x3f, 0x3f, 0x00, 0x00, 0x00, 0x00, 0x80, 0xe0, 0xff, 0xff, 0x3f, 0x03, 
	0x00, 0x00, 0x00, 0x01, 0x03, 0x07, 0x0f, 0x1e, 0x3c, 0x38, 0x78, 0x70, 0x70, 0x70, 0xf0, 0xf0, 
	0xf0, 0xf0, 0x70, 0x70, 0x70, 0x78, 0x38, 0x3c, 0x1e, 0x0f, 0x07, 0x03, 0x01, 0x00, 0x00, 0x00
};
// 'sun', 32x32px
const unsigned char far_32x32_fa_sun [] PROGMEM = {
	0x00, 0x00, 0x00, 0x00, 0xe0, 0xf0, 0xf0, 0x70, 0x70, 0xf0, 0xe0, 0xf0, 0xf8, 0x7c, 0x3f, 0x0f, 
	0x0f, 0x3f, 0x7c, 0xf8, 0xf0, 0xe0, 0xf0, 0x70, 0x70, 0xf0, 0xf0, 0xe0, 0x00, 0x00, 0x00, 0x00, 
	0xc0, 0xc0, 0xe0, 0xf0, 0x7b, 0x7f, 0x3f, 0x1e, 0x00, 0x00, 0xf0, 0xf8, 0xfc, 0x3c, 0x1c, 0x1c, 
	0x1c, 0x1c, 0x3c, 0xfc, 0xf8, 0xf0, 0x00, 0x00, 0x1e, 0x3f, 0x7f, 0x7b, 0xf0, 0xe0, 0xc0, 0xc0, 
	0x03, 0x03, 0x07, 0x0f, 0xde, 0xfe, 0xfc, 0x78, 0x00, 0x00, 0x0f, 0x1f, 0x3f, 0x3c, 0x38, 0x38, 
	0x38, 0x38, 0x3c, 0x3f, 0x1f, 0x0f, 0x00, 0x00, 0x78, 0xfc, 0xfe, 0xde, 0x0f, 0x07, 0x03, 0x03, 
	0x00, 0x00, 0x00, 0x00, 0x07, 0x0f, 0x0f, 0x0e, 0x0e, 0x0f, 0x07, 0x0f, 0x1f, 0x3e, 0xfc, 0xf0, 
	0xf0, 0xfc, 0x3e, 0x1f, 0x0f, 0x07, 0x0f, 0x0e, 0x0e, 0x0f, 0x0f, 0x07, 0x00, 0x00, 0x00, 0x00
};
// 'surprise', 32x32px
const unsigned char far_32x32_fa_surprise [] PROGMEM = {
	0x00, 0x00, 0x00, 0x80, 0xc0, 0xe0, 0xf0, 0x78, 0x38, 0x3c, 0x1c, 0x1e, 0x0e, 0x0e, 0x0e, 0x0f, 
	0x0f, 0x0f, 0x0e, 0x0e, 0x0e, 0x1e, 0x1c, 0x3c, 0x38, 0x78, 0xf0, 0xe0, 0xc0, 0x80, 0x00, 0x00, 
	0x00, 0xf0, 0xfe, 0xff, 0x1f, 0x03, 0x01, 0x00, 0x00, 0x00, 0x78, 0x78, 0x78, 0x00, 0x00, 0x00, 
	0x00, 0x00, 0x00, 0x00, 0x78, 0x78, 0x78, 0x00, 0x00, 0x00, 0x01, 0x03, 0x1f, 0xff, 0xfe, 0xf0, 
	0x00, 0x0f, 0x7f, 0xff, 0xf8, 0xc0, 0x80, 0x00, 0x00, 0x00, 0x00, 0x00, 0x20, 0xf8, 0xfc, 0xfc, 
	0xfe, 0xfc, 0xfc, 0xf8, 0x20, 0x00, 0x00, 0x00, 0x00, 0x00, 0x80, 0xc0, 0xf8, 0xff, 0x7f, 0x0f, 
	0x00, 0x00, 0x00, 0x01, 0x03, 0x07, 0x0f, 0x1e, 0x1c, 0x3c, 0x38, 0x78, 0x70, 0x70, 0x71, 0xf1, 
	0xf3, 0xf1, 0x71, 0x70, 0x70, 0x78, 0x38, 0x3c, 0x1c, 0x1e, 0x0f, 0x07, 0x03, 0x01, 0x00, 0x00
};
// 'thumbs-down', 32x32px
const unsigned char far_32x32_fa_thumbs_down [] PROGMEM = {
	0xf8, 0xfc, 0xfc, 0xfc, 0xfc, 0xfc, 0xfc, 0xfc, 0x1c, 0x1c, 0x1c, 0x1e, 0x0e, 0x0e, 0x0f, 0x07, 
	0x07, 0x07, 0x07, 0x07, 0x07, 0x07, 0x07, 0x0f, 0x7e, 0xfe, 0xfc, 0xe0, 0x00, 0x00, 0x00, 0x00, 
	0xff, 0xff, 0xff, 0xff, 0xff, 0xff, 0xff, 0xff, 0x00, 0x00, 0x00, 0x00, 0x00, 0x00, 0x00, 0x00, 
	0x00, 0x00, 0x00, 0x00, 0x00, 0x00, 0x00, 0x00, 0x00, 0x05, 0xff, 0xff, 0xff, 0x80, 0x00, 0x00, 
	0x0f, 0x1f, 0x1f, 0x1c, 0x1c, 0x1f, 0x1f, 0x0f, 0x0e, 0x3e, 0x7c, 0xf8, 0xf0, 0xc0, 0x80, 0x00, 
	0x00, 0x00, 0x10, 0xf8, 0xf8, 0xf8, 0xf8, 0x78, 0x78, 0x38, 0x3c, 0x3f, 0x1f, 0x07, 0x00, 0x00, 
	0x00, 0x00, 0x00, 0x00, 0x00, 0x00, 0x00, 0x00, 0x00, 0x00, 0x00, 0x00, 0x01, 0x1f, 0x7f, 0xff, 
	0xf0, 0xe0, 0xe0, 0xf0, 0x7f, 0x3f, 0x0f, 0x00, 0x00, 0x00, 0x00, 0x00, 0x00, 0x00, 0x00, 0x00
};
// 'thumbs-up', 32x32px
const unsigned char far_32x32_fa_thumbs_up [] PROGMEM = {
	0x00, 0x00, 0x00, 0x00, 0x00, 0x00, 0x00, 0x00, 0x00, 0x00, 0x00, 0x00, 0x80, 0xf8, 0xfe, 0xff, 
	0x0f, 0x07, 0x07, 0x0f, 0xfe, 0xfc, 0xf0, 0x00, 0x00, 0x00, 0x00, 0x00, 0x00, 0x00, 0x00, 0x00, 
	0xe0, 0xf0, 0xf0, 0xf0, 0xf0, 0xf0, 0xf0, 0xf0, 0x70, 0x7c, 0x3e, 0x1f, 0x0f, 0x03, 0x01, 0x00, 
	0x00, 0x00, 0x08, 0x1f, 0x1f, 0x1f, 0x1f, 0x1e, 0x1e, 0x1c, 0x3c, 0xfc, 0xf8, 0xe0, 0x00, 0x00, 
	0xff, 0xff, 0xff, 0xff, 0xff, 0xff, 0xff, 0xff, 0x00, 0x00, 0x00, 0x00, 0x00, 0x00, 0x00, 0x00, 
	0x00, 0x00, 0x00, 0x00, 0x00, 0x00, 0x00, 0x00, 0x00, 0xa0, 0xff, 0xff, 0xff, 0x01, 0x00, 0x00, 
	0x3f, 0x7f, 0x7f, 0x73, 0x73, 0x7f, 0x7f, 0x3f, 0x38, 0x38, 0x38, 0x78, 0x70, 0x70, 0xf0, 0xe0, 
	0xe0, 0xe0, 0xe0, 0xe0, 0xe0, 0xe0, 0xe0, 0xf0, 0x7e, 0x7f, 0x3f, 0x07, 0x00, 0x00, 0x00, 0x00
};
// 'times-circle', 32x32px
const unsigned char far_32x32_fa_times_circle [] PROGMEM = {
	0x00, 0x00, 0x00, 0x80, 0xc0, 0xe0, 0xf0, 0x78, 0x3c, 0x1c, 0x1e, 0x0e, 0x0e, 0x0e, 0x0f, 0x0f, 
	0x0f, 0x0f, 0x0e, 0x0e, 0x0e, 0x1e, 0x1c, 0x3c, 0x78, 0xf0, 0xe0, 0xc0, 0x80, 0x00, 0x00, 0x00, 
	0xc0, 0xfc, 0xff, 0xff, 0x07, 0x01, 0x00, 0x00, 0x00, 0x08, 0x1c, 0x3e, 0x7c, 0xf8, 0xf0, 0xe0, 
	0xe0, 0xf0, 0xf8, 0x7c, 0x3e, 0x1c, 0x08, 0x00, 0x00, 0x00, 0x01, 0x07, 0xff, 0xff, 0xfc, 0xc0, 
	0x03, 0x3f, 0xff, 0xff, 0xe0, 0x80, 0x00, 0x00, 0x00, 0x10, 0x38, 0x7c, 0x3e, 0x1f, 0x0f, 0x07, 
	0x07, 0x0f, 0x1f, 0x3e, 0x7c, 0x38, 0x10, 0x00, 0x00, 0x00, 0x80, 0xe0, 0xff, 0xff, 0x3f, 0x03, 
	0x00, 0x00, 0x00, 0x01, 0x03, 0x07, 0x0f, 0x1e, 0x3c, 0x38, 0x78, 0x70, 0x70, 0x70, 0xf0, 0xf0, 
	0xf0, 0xf0, 0x70, 0x70, 0x70, 0x78, 0x38, 0x3c, 0x1e, 0x0f, 0x07, 0x03, 0x01, 0x00, 0x00, 0x00
};
// 'tired', 32x32px
const unsigned char far_32x32_fa_tired [] PROGMEM = {
	0x00, 0x00, 0x00, 0x80, 0xc0, 0xe0, 0xf0, 0x78, 0x38, 0x3c, 0x1c, 0x1e, 0x0e, 0x0e, 0x0e, 0x0f, 
	0x0f, 0x0f, 0x0e, 0x0e, 0x0e, 0x1e, 0x1c, 0x3c, 0x38, 0x78, 0xf0, 0xe0, 0xc0, 0x80, 0x00, 0x00, 
	0x00, 0xf0, 0xfe, 0xff, 0x1f, 0x03, 0x01, 0x00, 0x84, 0xce, 0xfc, 0x78, 0x78, 0x30, 0x00, 0x00, 
	0x00, 0x00, 0x00, 0x30, 0x78, 0x78, 0xfc, 0xce, 0x84, 0x00, 0x01, 0x03, 0x1f, 0xff, 0xfe, 0xf0, 
	0x00, 0x0f, 0x7f, 0xff, 0xf8, 0xc0, 0x80, 0x00, 0x00, 0x01, 0xe0, 0xf8, 0x7c, 0x7c, 0x7e, 0x7e, 
	0x7e, 0x7e, 0x7e, 0x7c, 0x7c, 0xf8, 0xe0, 0x01, 0x00, 0x00, 0x80, 0xc0, 0xf8, 0xff, 0x7f, 0x0f, 
	0x00, 0x00, 0x00, 0x01, 0x03, 0x07, 0x0f, 0x1e, 0x1c, 0x3c, 0x38, 0x78, 0x70, 0x70, 0x70, 0xf0, 
	0xf0, 0xf0, 0x70, 0x70, 0x70, 0x78, 0x38, 0x3c, 0x1c, 0x1e, 0x0f, 0x07, 0x03, 0x01, 0x00, 0x00
};
// 'trash-alt', 32x32px
const unsigned char far_32x32_fa_trash_alt [] PROGMEM = {
	0x00, 0x00, 0xe0, 0xe0, 0xe0, 0xe0, 0xe0, 0xe0, 0xf0, 0xf8, 0xfe, 0xff, 0xef, 0xe7, 0xe7, 0xe7, 
	0xe7, 0xe7, 0xe7, 0xef, 0xff, 0xfe, 0xf8, 0xf0, 0xe0, 0xe0, 0xe0, 0xe0, 0xe0, 0xe0, 0x00, 0x00, 
	0x00, 0x00, 0x00, 0x00, 0xff, 0xff, 0xff, 0x00, 0x00, 0x00, 0x00, 0xf8, 0xf8, 0xf8, 0x00, 0x00, 
	0x00, 0x00, 0xf8, 0xf8, 0xf8, 0x00, 0x00, 0x00, 0x00, 0xff, 0xff, 0xff, 0x00, 0x00, 0x00, 0x00, 
	0x00, 0x00, 0x00, 0x00, 0xff, 0xff, 0xff, 0x00, 0x00, 0x00, 0x00, 0xff, 0xff, 0xff, 0x00, 0x00, 
	0x00, 0x00, 0xff, 0xff, 0xff, 0x00, 0x00, 0x00, 0x00, 0xff, 0xff, 0xff, 0x00, 0x00, 0x00, 0x00, 
	0x00, 0x00, 0x00, 0x00, 0x7f, 0xff, 0xff, 0xe0, 0xe0, 0xe0, 0xe0, 0xe3, 0xe3, 0xe3, 0xe0, 0xe0, 
	0xe0, 0xe0, 0xe3, 0xe3, 0xe3, 0xe0, 0xe0, 0xe0, 0xe0, 0xff, 0xff, 0x7f, 0x00, 0x00, 0x00, 0x00
};
// 'user', 32x32px
const unsigned char far_32x32_fa_user [] PROGMEM = {
	0x00, 0x00, 0x00, 0x00, 0x00, 0x00, 0x00, 0xc0, 0xf0, 0xf8, 0x7c, 0x1e, 0x0e, 0x0f, 0x07, 0x07, 
	0x07, 0x07, 0x0f, 0x0e, 0x1e, 0x7c, 0xf8, 0xf0, 0xc0, 0x00, 0x00, 0x00, 0x00, 0x00, 0x00, 0x00, 
	0x00, 0x00, 0x00, 0x00, 0x00, 0x00, 0x00, 0x0f, 0x3f, 0x7f, 0xf8, 0xe0, 0xc0, 0xc0, 0x80, 0x80, 
	0x80, 0x80, 0xc0, 0xc0, 0xe0, 0xf8, 0x7f, 0x3f, 0x0f, 0x00, 0x00, 0x00, 0x00, 0x00, 0x00, 0x00, 
	0x00, 0x00, 0x00, 0x80, 0xe0, 0xe0, 0xf0, 0x78, 0x38, 0x38, 0x38, 0x39, 0x79, 0x73, 0x73, 0x73, 
	0x73, 0x73, 0x73, 0x79, 0x39, 0x38, 0x38, 0x38, 0x78, 0xf0, 0xe0, 0xe0, 0x80, 0x00, 0x00, 0x00, 
	0x00, 0x00, 0x7f, 0xff, 0xff, 0xe1, 0xe0, 0xe0, 0xe0, 0xe0, 0xe0, 0xe0, 0xe0, 0xe0, 0xe0, 0xe0, 
	0xe0, 0xe0, 0xe0, 0xe0, 0xe0, 0xe0, 0xe0, 0xe0, 0xe0, 0xe0, 0xe1, 0xff, 0xff, 0x7f, 0x00, 0x00
};
// 'user-circle', 32x32px
const unsigned char far_32x32_fa_user_circle [] PROGMEM = {
	0x00, 0x00, 0x00, 0x80, 0xc0, 0xe0, 0xf0, 0x78, 0x38, 0x3c, 0x1c, 0x1e, 0x0e, 0x8e, 0x8e, 0x8f, 
	0xcf, 0x8f, 0x8e, 0x8e, 0x0e, 0x1e, 0x1c, 0x3c, 0x38, 0x78, 0xf0, 0xe0, 0xc0, 0x80, 0x00, 0x00, 
	0x00, 0xf0, 0xfe, 0xff, 0x1f, 0x03, 0x01, 0x00, 0x00, 0x00, 0x10, 0xfe, 0xff, 0xff, 0x83, 0x83, 
	0x83, 0x83, 0x83, 0xff, 0xff, 0xfe, 0x10, 0x00, 0x00, 0x00, 0x01, 0x03, 0x1f, 0xff, 0xfe, 0xf0, 
	0x00, 0x0f, 0x7f, 0xff, 0xf8, 0xc0, 0x80, 0xc0, 0xe0, 0xe0, 0xf0, 0x70, 0x71, 0x73, 0x73, 0xf3, 
	0xe7, 0xf3, 0x73, 0x73, 0x71, 0x70, 0xf0, 0xe0, 0xe0, 0xc0, 0x80, 0xc0, 0xf8, 0xff, 0x7f, 0x0f, 
	0x00, 0x00, 0x00, 0x01, 0x03, 0x07, 0x0f, 0x1f, 0x1f, 0x3c, 0x38, 0x78, 0x70, 0x70, 0x70, 0xf0, 
	0xf0, 0xf0, 0x70, 0x70, 0x70, 0x78, 0x38, 0x3c, 0x1f, 0x1f, 0x0f, 0x07, 0x03, 0x01, 0x00, 0x00
};
// 'window-close', 32x32px
const unsigned char far_32x32_fa_window_close [] PROGMEM = {
	0xf8, 0xfc, 0xfc, 0x1c, 0x1c, 0x1c, 0x1c, 0x1c, 0x1c, 0x1c, 0x1c, 0x1c, 0x1c, 0x1c, 0x1c, 0x1c, 
	0x1c, 0x1c, 0x1c, 0x1c, 0x1c, 0x1c, 0x1c, 0x1c, 0x1c, 0x1c, 0x1c, 0x1c, 0x1c, 0xfc, 0xfc, 0xf8, 
	0xff, 0xff, 0xff, 0x00, 0x00, 0x00, 0x00, 0x00, 0x00, 0x00, 0x1c, 0x3c, 0x7c, 0xf8, 0xf0, 0xe0, 
	0xe0, 0xf0, 0xf8, 0x7c, 0x3c, 0x1c, 0x00, 0x00, 0x00, 0x00, 0x00, 0x00, 0x00, 0xff, 0xff, 0xff, 
	0xff, 0xff, 0xff, 0x00, 0x00, 0x00, 0x00, 0x00, 0x00, 0x00, 0x38, 0x3c, 0x3e, 0x1f, 0x0f, 0x07, 
	0x07, 0x0f, 0x1f, 0x3e, 0x3c, 0x38, 0x00, 0x00, 0x00, 0x00, 0x00, 0x00, 0x00, 0xff, 0xff, 0xff, 
	0x1f, 0x3f, 0x3f, 0x38, 0x38, 0x38, 0x38, 0x38, 0x38, 0x38, 0x38, 0x38, 0x38, 0x38, 0x38, 0x38, 
	0x38, 0x38, 0x38, 0x38, 0x38, 0x38, 0x38, 0x38, 0x38, 0x38, 0x38, 0x38, 0x38, 0x3f, 0x3f, 0x1f
};
// 'window-maximize', 32x32px
const unsigned char far_32x32_fa_window_maximize [] PROGMEM = {
	0xf8, 0xfc, 0xfc, 0xfc, 0xfc, 0xfc, 0xfc, 0xfc, 0xfc, 0xfc, 0xfc, 0xfc, 0xfc, 0xfc, 0xfc, 0xfc, 
	0xfc, 0xfc, 0xfc, 0xfc, 0xfc, 0xfc, 0xfc, 0xfc, 0xfc, 0xfc, 0xfc, 0xfc, 0xfc, 0xfc, 0xfc, 0xf8, 
	0xff, 0xff, 0xff, 0x0f, 0x0f, 0x0f, 0x0f, 0x0f, 0x0f, 0x0f, 0x0f, 0x0f, 0x0f, 0x0f, 0x0f, 0x0f, 
	0x0f, 0x0f, 0x0f, 0x0f, 0x0f, 0x0f, 0x0f, 0x0f, 0x0f, 0x0f, 0x0f, 0x0f, 0x0f, 0xff, 0xff, 0xff, 
	0xff, 0xff, 0xff, 0x00, 0x00, 0x00, 0x00, 0x00, 0x00, 0x00, 0x00, 0x00, 0x00, 0x00, 0x00, 0x00, 
	0x00, 0x00, 0x00, 0x00, 0x00, 0x00, 0x00, 0x00, 0x00, 0x00, 0x00, 0x00, 0x00, 0xff, 0xff, 0xff, 
	0x1f, 0x3f, 0x3f, 0x38, 0x38, 0x38, 0x38, 0x38, 0x38, 0x38, 0x38, 0x38, 0x38, 0x38, 0x38, 0x38, 
	0x38, 0x38, 0x38, 0x38, 0x38, 0x38, 0x38, 0x38, 0x38, 0x38, 0x38, 0x38, 0x38, 0x3f, 0x3f, 0x1f
};
// 'window-minimize', 32x32px
const unsigned char far_32x32_fa_window_minimize [] PROGMEM = {
	0x00, 0x00, 0x00, 0x00, 0x00, 0x00, 0x00, 0x00, 0x00, 0x00, 0x00, 0x00, 0x00, 0x00, 0x00, 0x00, 
	0x00, 0x00, 0x00, 0x00, 0x00, 0x00, 0x00, 0x00, 0x00, 0x00, 0x00, 0x00, 0x00, 0x00, 0x00, 0x00, 
	0x00, 0x00, 0x00, 0x00, 0x00, 0x00, 0x00, 0x00, 0x00, 0x00, 0x00, 0x00, 0x00, 0x00, 0x00, 0x00, 
	0x00, 0x00, 0x00, 0x00, 0x00, 0x00, 0x00, 0x00, 0x00, 0x00, 0x00, 0x00, 0x00, 0x00, 0x00, 0x00, 
	0x00, 0x00, 0x00, 0x00, 0x00, 0x00, 0x00, 0x00, 0x00, 0x00, 0x00, 0x00, 0x00, 0x00, 0x00, 0x00, 
	0x00, 0x00, 0x00, 0x00, 0x00, 0x00, 0x00, 0x00, 0x00, 0x00, 0x00, 0x00, 0x00, 0x00, 0x00, 0x00, 
	0x18, 0x3c, 0x3c, 0x3c, 0x3c, 0x3c, 0x3c, 0x3c, 0x3c, 0x3c, 0x3c, 0x3c, 0x3c, 0x3c, 0x3c, 0x3c, 
	0x3c, 0x3c, 0x3c, 0x3c, 0x3c, 0x3c, 0x3c, 0x3c, 0x3c, 0x3c, 0x3c, 0x3c, 0x3c, 0x3c, 0x3c, 0x18
};
// 'window-restore', 32x32px
const unsigned char far_32x32_fa_window_restore [] PROGMEM = {
	0x80, 0xc0, 0xc0, 0xc0, 0xc0, 0xc0, 0xfe, 0xff, 0xff, 0xc7, 0xc7, 0xc7, 0xc7, 0xc7, 0xc7, 0xc7, 
	0xc7, 0xc7, 0xc7, 0xc7, 0xc7, 0xc7, 0xc7, 0xc7, 0xc7, 0x87, 0x07, 0x07, 0x07, 0xff, 0xff, 0xfe, 
	0xff, 0xff, 0xff, 0xff, 0xff, 0xff, 0xff, 0xff, 0xff, 0xff, 0xff, 0xff, 0xff, 0xff, 0xff, 0xff, 
	0xff, 0xff, 0xff, 0xff, 0xff, 0xff, 0xff, 0xff, 0xff, 0xff, 0x00, 0x00, 0x00, 0xff, 0xff, 0xff, 
	0xff, 0xff, 0xff, 0x00, 0x00, 0x00, 0x00, 0x00, 0x00, 0x00, 0x00, 0x00, 0x00, 0x00, 0x00, 0x00, 
	0x00, 0x00, 0x00, 0x00, 0x00, 0x00, 0x00, 0xff, 0xff, 0xff, 0x80, 0x80, 0x80, 0xff, 0xff, 0xff, 
	0x7f, 0xff, 0xff, 0xe0, 0xe0, 0xe0, 0xe0, 0xe0, 0xe0, 0xe0, 0xe0, 0xe0, 0xe0, 0xe0, 0xe0, 0xe0, 
	0xe0, 0xe0, 0xe0, 0xe0, 0xe0, 0xe0, 0xe0, 0xff, 0xff, 0x7f, 0x03, 0x03, 0x03, 0x03, 0x03, 0x01
};

// Array of all bitmaps for convenience. (Total bytes used to store images in PROGMEM = 21888)
const int far_32x32_fa_allArray_LEN = 152;
const unsigned char* far_32x32_fa_allArray[152] = {
	far_32x32_fa_address_book,
	far_32x32_fa_address_card,
	far_32x32_fa_angry,
	far_32x32_fa_arrow_alt_circle_down,
	far_32x32_fa_arrow_alt_circle_left,
	far_32x32_fa_arrow_alt_circle_right,
	far_32x32_fa_arrow_alt_circle_up,
	far_32x32_fa_bell,
	far_32x32_fa_bell_slash,
	far_32x32_fa_bookmark,
	far_32x32_fa_building,
	far_32x32_fa_calendar,
	far_32x32_fa_calendar_alt,
	far_32x32_fa_calendar_check,
	far_32x32_fa_calendar_minus,
	far_32x32_fa_calendar_plus,
	far_32x32_fa_calendar_times,
	far_32x32_fa_caret_square_down,
	far_32x32_fa_caret_square_left,
	far_32x32_fa_caret_square_right,
	far_32x32_fa_caret_square_up,
	far_32x32_fa_chart_bar,
	far_32x32_fa_check_circle,
	far_32x32_fa_check_square,
	far_32x32_fa_circle,
	far_32x32_fa_clipboard,
	far_32x32_fa_clock,
	far_32x32_fa_clone,
	far_32x32_fa_closed_captioning,
	far_32x32_fa_comment,
	far_32x32_fa_comment_alt,
	far_32x32_fa_comment_dots,
	far_32x32_fa_comments,
	far_32x32_fa_compass,
	far_32x32_fa_copy,
	far_32x32_fa_copyright,
	far_32x32_fa_credit_card,
	far_32x32_fa_dizzy,
	far_32x32_fa_dot_circle,
	far_32x32_fa_edit,
	far_32x32_fa_envelope,
	far_32x32_fa_envelope_open,
	far_32x32_fa_eye,
	far_32x32_fa_eye_slash,
	far_32x32_fa_file,
	far_32x32_fa_file_alt,
	far_32x32_fa_file_archive,
	far_32x32_fa_file_audio,
	far_32x32_fa_file_code,
	far_32x32_fa_file_excel,
	far_32x32_fa_file_image,
	far_32x32_fa_file_pdf,
	far_32x32_fa_file_powerpoint,
	far_32x32_fa_file_video,
	far_32x32_fa_file_word,
	far_32x32_fa_flag,
	far_32x32_fa_flushed,
	far_32x32_fa_folder,
	far_32x32_fa_folder_open,
	far_32x32_fa_font_awesome_logo_full,
	far_32x32_fa_frown,
	far_32x32_fa_frown_open,
	far_32x32_fa_futbol,
	far_32x32_fa_gem,
	far_32x32_fa_grimace,
	far_32x32_fa_grin,
	far_32x32_fa_grin_alt,
	far_32x32_fa_grin_beam,
	far_32x32_fa_grin_beam_sweat,
	far_32x32_fa_grin_hearts,
	far_32x32_fa_grin_squint,
	far_32x32_fa_grin_squint_tears,
	far_32x32_fa_grin_stars,
	far_32x32_fa_grin_tears,
	far_32x32_fa_grin_tongue,
	far_32x32_fa_grin_tongue_squint,
	far_32x32_fa_grin_tongue_wink,
	far_32x32_fa_grin_wink,
	far_32x32_fa_hand_lizard,
	far_32x32_fa_hand_paper,
	far_32x32_fa_hand_peace,
	far_32x32_fa_hand_point_down,
	far_32x32_fa_hand_point_left,
	far_32x32_fa_hand_point_right,
	far_32x32_fa_hand_point_up,
	far_32x32_fa_hand_pointer,
	far_32x32_fa_hand_rock,
	far_32x32_fa_hand_scissors,
	far_32x32_fa_hand_spock,
	far_32x32_fa_handshake,
	far_32x32_fa_hdd,
	far_32x32_fa_heart,
	far_32x32_fa_hospital,
	far_32x32_fa_hourglass,
	far_32x32_fa_id_badge,
	far_32x32_fa_id_card,
	far_32x32_fa_image,
	far_32x32_fa_images,
	far_32x32_fa_keyboard,
	far_32x32_fa_kiss,
	far_32x32_fa_kiss_beam,
	far_32x32_fa_kiss_wink_heart,
	far_32x32_fa_laugh,
	far_32x32_fa_laugh_beam,
	far_32x32_fa_laugh_squint,
	far_32x32_fa_laugh_wink,
	far_32x32_fa_lemon,
	far_32x32_fa_life_ring,
	far_32x32_fa_lightbulb,
	far_32x32_fa_list_alt,
	far_32x32_fa_map,
	far_32x32_fa_meh,
	far_32x32_fa_meh_blank,
	far_32x32_fa_meh_rolling_eyes,
	far_32x32_fa_minus_square,
	far_32x32_fa_money_bill_alt,
	far_32x32_fa_moon,
	far_32x32_fa_newspaper,
	far_32x32_fa_object_group,
	far_32x32_fa_object_ungroup,
	far_32x32_fa_paper_plane,
	far_32x32_fa_pause_circle,
	far_32x32_fa_play_circle,
	far_32x32_fa_plus_square,
	far_32x32_fa_question_circle,
	far_32x32_fa_registered,
	far_32x32_fa_sad_cry,
	far_32x32_fa_sad_tear,
	far_32x32_fa_save,
	far_32x32_fa_share_square,
	far_32x32_fa_smile,
	far_32x32_fa_smile_beam,
	far_32x32_fa_smile_wink,
	far_32x32_fa_snowflake,
	far_32x32_fa_square,
	far_32x32_fa_star,
	far_32x32_fa_star_half,
	far_32x32_fa_sticky_note,
	far_32x32_fa_stop_circle,
	far_32x32_fa_sun,
	far_32x32_fa_surprise,
	far_32x32_fa_thumbs_down,
	far_32x32_fa_thumbs_up,
	far_32x32_fa_times_circle,
	far_32x32_fa_tired,
	far_32x32_fa_trash_alt,
	far_32x32_fa_user,
	far_32x32_fa_user_circle,
	far_32x32_fa_window_close,
	far_32x32_fa_window_maximize,
	far_32x32_fa_window_minimize,
	far_32x32_fa_window_restore
};
