// 'ad', 32x32px
const unsigned char fas_32x32_fa_ad [] PROGMEM = {
	0xe0, 0xf0, 0xf0, 0xf0, 0xf0, 0xf0, 0xf0, 0xf0, 0xf0, 0xf0, 0xf0, 0xf0, 0xf0, 0xf0, 0xf0, 0xf0, 
	0xf0, 0xf0, 0xf0, 0xf0, 0xf0, 0xf0, 0xf0, 0xf0, 0xf0, 0xf0, 0xf0, 0xf0, 0xf0, 0xf0, 0xf0, 0xe0, 
	0xff, 0xff, 0xff, 0xff, 0xff, 0xff, 0xff, 0x7f, 0x0f, 0x03, 0x83, 0x83, 0x03, 0x0f, 0x7f, 0xff, 
	0xff, 0xff, 0x7f, 0x3f, 0x1f, 0x1f, 0x1f, 0x0f, 0x03, 0x03, 0xff, 0xff, 0xff, 0xff, 0xff, 0xff, 
	0xff, 0xff, 0xff, 0xff, 0xff, 0xff, 0xc3, 0xc0, 0xe0, 0xf0, 0xf1, 0xf1, 0xf0, 0xe0, 0xc0, 0xc3, 
	0xff, 0xff, 0xf0, 0xe0, 0xc0, 0xc7, 0xc7, 0xc0, 0xc0, 0xc0, 0xff, 0xff, 0xff, 0xff, 0xff, 0xff, 
	0x07, 0x0f, 0x0f, 0x0f, 0x0f, 0x0f, 0x0f, 0x0f, 0x0f, 0x0f, 0x0f, 0x0f, 0x0f, 0x0f, 0x0f, 0x0f, 
	0x0f, 0x0f, 0x0f, 0x0f, 0x0f, 0x0f, 0x0f, 0x0f, 0x0f, 0x0f, 0x0f, 0x0f, 0x0f, 0x0f, 0x0f, 0x07
};
// 'address-book', 32x32px
const unsigned char fas_32x32_fa_address_book [] PROGMEM = {
	0x00, 0x00, 0xfe, 0xff, 0xff, 0xff, 0xff, 0xff, 0xff, 0xff, 0xff, 0xff, 0xff, 0xff, 0xff, 0xff, 
	0xff, 0xff, 0xff, 0xff, 0xff, 0xff, 0xff, 0xff, 0xff, 0xff, 0xff, 0xfe, 0xc0, 0xc0, 0x00, 0x00, 
	0x00, 0x00, 0xff, 0xff, 0xff, 0xff, 0xff, 0xff, 0xff, 0xff, 0xff, 0xc3, 0x81, 0x00, 0x00, 0x00, 
	0x00, 0x81, 0xc3, 0xff, 0xff, 0xff, 0xff, 0xff, 0xff, 0xff, 0xff, 0xff, 0xc3, 0xc3, 0x00, 0x00, 
	0x00, 0x00, 0xff, 0xff, 0xff, 0xff, 0xff, 0xff, 0x0f, 0x07, 0x03, 0x03, 0x03, 0x03, 0x03, 0x03, 
	0x03, 0x03, 0x03, 0x03, 0x07, 0x0f, 0xff, 0xff, 0xff, 0xff, 0xff, 0xff, 0xc3, 0xc3, 0x00, 0x00, 
	0x00, 0x00, 0x7f, 0xff, 0xff, 0xff, 0xff, 0xff, 0xff, 0xff, 0xff, 0xff, 0xff, 0xff, 0xff, 0xff, 
	0xff, 0xff, 0xff, 0xff, 0xff, 0xff, 0xff, 0xff, 0xff, 0xff, 0xff, 0x7f, 0x03, 0x03, 0x00, 0x00
};
// 'address-card', 32x32px
const unsigned char fas_32x32_fa_address_card [] PROGMEM = {
	0xe0, 0xf0, 0xf0, 0xf0, 0xf0, 0xf0, 0xf0, 0xf0, 0xf0, 0xf0, 0xf0, 0xf0, 0xf0, 0xf0, 0xf0, 0xf0, 
	0xf0, 0xf0, 0xf0, 0xf0, 0xf0, 0xf0, 0xf0, 0xf0, 0xf0, 0xf0, 0xf0, 0xf0, 0xf0, 0xf0, 0xf0, 0xe0, 
	0xff, 0xff, 0xff, 0xff, 0xff, 0xff, 0xc7, 0x83, 0x01, 0x01, 0x01, 0x83, 0x83, 0xff, 0xff, 0xff, 
	0xff, 0xff, 0xff, 0xff, 0x37, 0x37, 0x37, 0x37, 0x37, 0x37, 0x37, 0x37, 0xff, 0xff, 0xff, 0xff, 
	0xff, 0xff, 0xff, 0xff, 0x87, 0x83, 0x83, 0x83, 0x83, 0x83, 0x83, 0x83, 0x83, 0x83, 0x83, 0x87, 
	0xff, 0xff, 0xff, 0xff, 0xfb, 0xfb, 0xfb, 0xfb, 0xfb, 0xfb, 0xfb, 0xfb, 0xff, 0xff, 0xff, 0xff, 
	0x07, 0x0f, 0x0f, 0x0f, 0x0f, 0x0f, 0x0f, 0x0f, 0x0f, 0x0f, 0x0f, 0x0f, 0x0f, 0x0f, 0x0f, 0x0f, 
	0x0f, 0x0f, 0x0f, 0x0f, 0x0f, 0x0f, 0x0f, 0x0f, 0x0f, 0x0f, 0x0f, 0x0f, 0x0f, 0x0f, 0x0f, 0x07
};
// 'adjust', 32x32px
const unsigned char fas_32x32_fa_adjust [] PROGMEM = {
	0x00, 0x00, 0x00, 0x80, 0xc0, 0xe0, 0xf0, 0xf8, 0xfc, 0xfc, 0xfe, 0xfe, 0xfe, 0xfe, 0xff, 0xff, 
	0x1f, 0x1f, 0x1e, 0x1e, 0x1e, 0x3e, 0x7c, 0x7c, 0xf8, 0xf0, 0xe0, 0xc0, 0x80, 0x00, 0x00, 0x00, 
	0xc0, 0xfc, 0xff, 0xff, 0xff, 0xff, 0xff, 0xff, 0xff, 0xff, 0xff, 0xff, 0xff, 0xff, 0xff, 0xff, 
	0x00, 0x00, 0x00, 0x00, 0x00, 0x00, 0x00, 0x00, 0x00, 0x03, 0x07, 0xff, 0xff, 0xff, 0xfc, 0xc0, 
	0x03, 0x3f, 0xff, 0xff, 0xff, 0xff, 0xff, 0xff, 0xff, 0xff, 0xff, 0xff, 0xff, 0xff, 0xff, 0xff, 
	0x00, 0x00, 0x00, 0x00, 0x00, 0x00, 0x00, 0x00, 0x00, 0xc0, 0xe0, 0xff, 0xff, 0xff, 0x3f, 0x03, 
	0x00, 0x00, 0x00, 0x01, 0x03, 0x07, 0x0f, 0x1f, 0x3f, 0x3f, 0x7f, 0x7f, 0x7f, 0x7f, 0xff, 0xff, 
	0xf8, 0xf8, 0x78, 0x78, 0x78, 0x7c, 0x3e, 0x3e, 0x1f, 0x0f, 0x07, 0x03, 0x01, 0x00, 0x00, 0x00
};
// 'air-freshener', 32x32px
const unsigned char fas_32x32_fa_air_freshener [] PROGMEM = {
	0x00, 0x00, 0x00, 0x00, 0x00, 0x00, 0xfe, 0xff, 0xff, 0xff, 0xff, 0xff, 0xff, 0xfe, 0x00, 0x00, 
	0x00, 0x00, 0x00, 0x0c, 0x1e, 0x1e, 0x0c, 0x00, 0x80, 0x80, 0x00, 0x0c, 0x1e, 0x1e, 0x0c, 0x00, 
	0xe0, 0xf0, 0xf8, 0xf8, 0xfc, 0xfc, 0xfc, 0xfc, 0xfc, 0xfc, 0xfc, 0xfc, 0xfc, 0xfc, 0xfc, 0xfc, 
	0xf8, 0xf8, 0xf0, 0xc0, 0x00, 0x00, 0x00, 0x03, 0x07, 0x07, 0x03, 0xc0, 0xe0, 0xe0, 0xc0, 0x00, 
	0xff, 0xff, 0xff, 0xff, 0xff, 0x87, 0x03, 0x01, 0x00, 0x00, 0x00, 0x00, 0x01, 0x03, 0x87, 0xff, 
	0xff, 0xff, 0xff, 0xff, 0x00, 0x00, 0x00, 0x00, 0x00, 0x00, 0x00, 0x00, 0x01, 0x01, 0x00, 0x00, 
	0x7f, 0xff, 0xff, 0xff, 0xff, 0xff, 0xff, 0xfe, 0xfc, 0xfc, 0xfc, 0xfc, 0xfe, 0xff, 0xff, 0xff, 
	0xff, 0xff, 0xff, 0x7f, 0x00, 0x00, 0x00, 0x00, 0x00, 0x00, 0x00, 0x00, 0x00, 0x00, 0x00, 0x00
};
// 'align-center', 32x32px
const unsigned char fas_32x32_fa_align_center [] PROGMEM = {
	0x00, 0x00, 0x00, 0x00, 0x00, 0x00, 0x00, 0x00, 0x3c, 0x3c, 0x3c, 0x3c, 0x3c, 0x3c, 0x3c, 0x3c, 
	0x3c, 0x3c, 0x3c, 0x3c, 0x3c, 0x3c, 0x3c, 0x3c, 0x00, 0x00, 0x00, 0x00, 0x00, 0x00, 0x00, 0x00, 
	0x00, 0x00, 0x3c, 0x3c, 0x3c, 0x3c, 0x3c, 0x3c, 0x3c, 0x3c, 0x3c, 0x3c, 0x3c, 0x3c, 0x3c, 0x3c, 
	0x3c, 0x3c, 0x3c, 0x3c, 0x3c, 0x3c, 0x3c, 0x3c, 0x3c, 0x3c, 0x3c, 0x3c, 0x3c, 0x3c, 0x00, 0x00, 
	0x00, 0x00, 0x00, 0x00, 0x00, 0x00, 0x00, 0x00, 0x3c, 0x3c, 0x3c, 0x3c, 0x3c, 0x3c, 0x3c, 0x3c, 
	0x3c, 0x3c, 0x3c, 0x3c, 0x3c, 0x3c, 0x3c, 0x3c, 0x00, 0x00, 0x00, 0x00, 0x00, 0x00, 0x00, 0x00, 
	0x00, 0x00, 0x3c, 0x3c, 0x3c, 0x3c, 0x3c, 0x3c, 0x3c, 0x3c, 0x3c, 0x3c, 0x3c, 0x3c, 0x3c, 0x3c, 
	0x3c, 0x3c, 0x3c, 0x3c, 0x3c, 0x3c, 0x3c, 0x3c, 0x3c, 0x3c, 0x3c, 0x3c, 0x3c, 0x3c, 0x00, 0x00
};
// 'align-justify', 32x32px
const unsigned char fas_32x32_fa_align_justify [] PROGMEM = {
	0x00, 0x00, 0x3c, 0x3c, 0x3c, 0x3c, 0x3c, 0x3c, 0x3c, 0x3c, 0x3c, 0x3c, 0x3c, 0x3c, 0x3c, 0x3c, 
	0x3c, 0x3c, 0x3c, 0x3c, 0x3c, 0x3c, 0x3c, 0x3c, 0x3c, 0x3c, 0x3c, 0x3c, 0x3c, 0x3c, 0x00, 0x00, 
	0x00, 0x00, 0x3c, 0x3c, 0x3c, 0x3c, 0x3c, 0x3c, 0x3c, 0x3c, 0x3c, 0x3c, 0x3c, 0x3c, 0x3c, 0x3c, 
	0x3c, 0x3c, 0x3c, 0x3c, 0x3c, 0x3c, 0x3c, 0x3c, 0x3c, 0x3c, 0x3c, 0x3c, 0x3c, 0x3c, 0x00, 0x00, 
	0x00, 0x00, 0x3c, 0x3c, 0x3c, 0x3c, 0x3c, 0x3c, 0x3c, 0x3c, 0x3c, 0x3c, 0x3c, 0x3c, 0x3c, 0x3c, 
	0x3c, 0x3c, 0x3c, 0x3c, 0x3c, 0x3c, 0x3c, 0x3c, 0x3c, 0x3c, 0x3c, 0x3c, 0x3c, 0x3c, 0x00, 0x00, 
	0x00, 0x00, 0x3c, 0x3c, 0x3c, 0x3c, 0x3c, 0x3c, 0x3c, 0x3c, 0x3c, 0x3c, 0x3c, 0x3c, 0x3c, 0x3c, 
	0x3c, 0x3c, 0x3c, 0x3c, 0x3c, 0x3c, 0x3c, 0x3c, 0x3c, 0x3c, 0x3c, 0x3c, 0x3c, 0x3c, 0x00, 0x00
};
// 'align-left', 32x32px
const unsigned char fas_32x32_fa_align_left [] PROGMEM = {
	0x00, 0x00, 0x3c, 0x3c, 0x3c, 0x3c, 0x3c, 0x3c, 0x3c, 0x3c, 0x3c, 0x3c, 0x3c, 0x3c, 0x3c, 0x3c, 
	0x3c, 0x3c, 0x3c, 0x3c, 0x00, 0x00, 0x00, 0x00, 0x00, 0x00, 0x00, 0x00, 0x00, 0x00, 0x00, 0x00, 
	0x00, 0x00, 0x3c, 0x3c, 0x3c, 0x3c, 0x3c, 0x3c, 0x3c, 0x3c, 0x3c, 0x3c, 0x3c, 0x3c, 0x3c, 0x3c, 
	0x3c, 0x3c, 0x3c, 0x3c, 0x3c, 0x3c, 0x3c, 0x3c, 0x3c, 0x3c, 0x3c, 0x3c, 0x3c, 0x3c, 0x00, 0x00, 
	0x00, 0x00, 0x3c, 0x3c, 0x3c, 0x3c, 0x3c, 0x3c, 0x3c, 0x3c, 0x3c, 0x3c, 0x3c, 0x3c, 0x3c, 0x3c, 
	0x3c, 0x3c, 0x3c, 0x3c, 0x00, 0x00, 0x00, 0x00, 0x00, 0x00, 0x00, 0x00, 0x00, 0x00, 0x00, 0x00, 
	0x00, 0x00, 0x3c, 0x3c, 0x3c, 0x3c, 0x3c, 0x3c, 0x3c, 0x3c, 0x3c, 0x3c, 0x3c, 0x3c, 0x3c, 0x3c, 
	0x3c, 0x3c, 0x3c, 0x3c, 0x3c, 0x3c, 0x3c, 0x3c, 0x3c, 0x3c, 0x3c, 0x3c, 0x3c, 0x3c, 0x00, 0x00
};
// 'align-right', 32x32px
const unsigned char fas_32x32_fa_align_right [] PROGMEM = {
	0x00, 0x00, 0x00, 0x00, 0x00, 0x00, 0x00, 0x00, 0x00, 0x00, 0x00, 0x00, 0x3c, 0x3c, 0x3c, 0x3c, 
	0x3c, 0x3c, 0x3c, 0x3c, 0x3c, 0x3c, 0x3c, 0x3c, 0x3c, 0x3c, 0x3c, 0x3c, 0x3c, 0x3c, 0x00, 0x00, 
	0x00, 0x00, 0x3c, 0x3c, 0x3c, 0x3c, 0x3c, 0x3c, 0x3c, 0x3c, 0x3c, 0x3c, 0x3c, 0x3c, 0x3c, 0x3c, 
	0x3c, 0x3c, 0x3c, 0x3c, 0x3c, 0x3c, 0x3c, 0x3c, 0x3c, 0x3c, 0x3c, 0x3c, 0x3c, 0x3c, 0x00, 0x00, 
	0x00, 0x00, 0x00, 0x00, 0x00, 0x00, 0x00, 0x00, 0x00, 0x00, 0x00, 0x00, 0x3c, 0x3c, 0x3c, 0x3c, 
	0x3c, 0x3c, 0x3c, 0x3c, 0x3c, 0x3c, 0x3c, 0x3c, 0x3c, 0x3c, 0x3c, 0x3c, 0x3c, 0x3c, 0x00, 0x00, 
	0x00, 0x00, 0x3c, 0x3c, 0x3c, 0x3c, 0x3c, 0x3c, 0x3c, 0x3c, 0x3c, 0x3c, 0x3c, 0x3c, 0x3c, 0x3c, 
	0x3c, 0x3c, 0x3c, 0x3c, 0x3c, 0x3c, 0x3c, 0x3c, 0x3c, 0x3c, 0x3c, 0x3c, 0x3c, 0x3c, 0x00, 0x00
};
// 'allergies', 32x32px
const unsigned char fas_32x32_fa_allergies [] PROGMEM = {
	0x00, 0x00, 0x00, 0x00, 0x00, 0x00, 0x00, 0x00, 0xf8, 0xfc, 0xfc, 0xf8, 0x00, 0x00, 0xfe, 0xff, 
	0xff, 0xfe, 0x00, 0x00, 0xf8, 0xfc, 0xfc, 0xf8, 0x00, 0x00, 0x00, 0x80, 0x80, 0x00, 0x00, 0x00, 
	0x00, 0x00, 0x00, 0x00, 0x00, 0x00, 0x00, 0x00, 0xff, 0xff, 0xff, 0xff, 0xc0, 0xc0, 0xff, 0xff, 
	0xff, 0xff, 0xc0, 0xc0, 0xff, 0xff, 0xff, 0xff, 0xc0, 0xc0, 0xff, 0xff, 0xff, 0xff, 0x00, 0x00, 
	0x00, 0x00, 0x0e, 0x1f, 0x7f, 0xff, 0xfe, 0xfc, 0xff, 0xff, 0xff, 0xff, 0xf3, 0xf3, 0xff, 0xff, 
	0xcf, 0xcf, 0xff, 0xff, 0x3f, 0x3f, 0xff, 0xff, 0xf3, 0xf3, 0xff, 0xff, 0xff, 0xff, 0x00, 0x00, 
	0x00, 0x00, 0x00, 0x00, 0x00, 0x00, 0x03, 0x07, 0x0f, 0x3f, 0x7f, 0xff, 0xfc, 0xfc, 0xff, 0xff, 
	0xf3, 0xf3, 0xff, 0xff, 0xff, 0xff, 0xf3, 0xf3, 0xff, 0xff, 0xff, 0x7f, 0x0f, 0x00, 0x00, 0x00
};
// 'ambulance', 32x32px
const unsigned char fas_32x32_fa_ambulance [] PROGMEM = {
	0xf0, 0xf8, 0xf8, 0xf8, 0xf8, 0xf8, 0xf8, 0xf8, 0xf8, 0xf8, 0xf8, 0xf8, 0xf8, 0xf8, 0xf8, 0xf8, 
	0xf8, 0xf8, 0xf8, 0xf8, 0xf0, 0x00, 0x00, 0x00, 0x00, 0x00, 0x00, 0x00, 0x00, 0x00, 0x00, 0x00, 
	0xff, 0xff, 0xff, 0xff, 0xff, 0xff, 0xc7, 0xc7, 0x87, 0x00, 0x00, 0x00, 0xc7, 0xc7, 0xc7, 0xff, 
	0xff, 0xff, 0xff, 0xff, 0xff, 0x03, 0x03, 0x07, 0x0f, 0x1e, 0x3c, 0x78, 0xf0, 0xe0, 0x00, 0x00, 
	0x7f, 0xff, 0xff, 0xff, 0xff, 0xff, 0x3f, 0x3f, 0x3f, 0x3c, 0xfc, 0xfe, 0xff, 0xff, 0xff, 0xff, 
	0xff, 0xff, 0xff, 0xff, 0xff, 0xff, 0x3f, 0x3f, 0x3f, 0x3f, 0xff, 0xff, 0xff, 0xff, 0xf0, 0xe0, 
	0x00, 0x00, 0x00, 0x03, 0x07, 0x0f, 0x1c, 0x1c, 0x1c, 0x1c, 0x0f, 0x07, 0x03, 0x00, 0x00, 0x00, 
	0x00, 0x00, 0x00, 0x03, 0x07, 0x0f, 0x1c, 0x1c, 0x1c, 0x1c, 0x0f, 0x07, 0x03, 0x00, 0x00, 0x00
};
// 'american-sign-language-interpreting', 32x32px
const unsigned char fas_32x32_fa_american_sign_language_interpreting [] PROGMEM = {
	0x00, 0x00, 0x00, 0x00, 0x00, 0x00, 0x80, 0xc0, 0xf0, 0xf0, 0xf8, 0xd0, 0xc0, 0xc0, 0x80, 0x00, 
	0x00, 0x00, 0x00, 0x00, 0x00, 0x00, 0x00, 0x00, 0x00, 0x00, 0x00, 0x00, 0x00, 0x00, 0x00, 0x00, 
	0x00, 0x00, 0x80, 0xc0, 0xe0, 0xfc, 0xff, 0xff, 0xff, 0xff, 0xff, 0x7f, 0x7f, 0xff, 0xdc, 0x9c, 
	0x20, 0xf0, 0xf8, 0x38, 0x18, 0x38, 0xf8, 0xf8, 0xf8, 0xf8, 0xfc, 0xfc, 0xfe, 0xfc, 0xf8, 0xe0, 
	0x07, 0x1f, 0x3f, 0x7f, 0x3f, 0x3f, 0x1f, 0x1f, 0x1f, 0x1f, 0x1c, 0x18, 0x1c, 0x1f, 0x0f, 0x04, 
	0x39, 0x3b, 0xff, 0xfe, 0xfe, 0xff, 0xff, 0xff, 0xff, 0xff, 0x3f, 0x07, 0x03, 0x01, 0x00, 0x00, 
	0x00, 0x00, 0x00, 0x00, 0x00, 0x00, 0x00, 0x00, 0x00, 0x00, 0x00, 0x00, 0x00, 0x00, 0x00, 0x00, 
	0x00, 0x01, 0x03, 0x03, 0x0b, 0x1f, 0x0f, 0x0f, 0x03, 0x01, 0x00, 0x00, 0x00, 0x00, 0x00, 0x00
};
// 'anchor', 32x32px
const unsigned char fas_32x32_fa_anchor [] PROGMEM = {
	0x00, 0x00, 0x00, 0x00, 0x00, 0x00, 0x00, 0x00, 0x00, 0x00, 0x00, 0xf0, 0xf8, 0xf8, 0x3c, 0x3c, 
	0x3c, 0x7c, 0xf8, 0xf8, 0xf0, 0x00, 0x00, 0x00, 0x00, 0x00, 0x00, 0x00, 0x00, 0x00, 0x00, 0x00, 
	0x00, 0x00, 0x00, 0x00, 0x00, 0x00, 0x00, 0x00, 0x00, 0x00, 0x00, 0xe3, 0xe7, 0xff, 0xff, 0xfe, 
	0xfe, 0xff, 0xff, 0xe7, 0xe3, 0x00, 0x00, 0x00, 0x00, 0x00, 0x00, 0x00, 0x00, 0x00, 0x00, 0x00, 
	0x10, 0x18, 0x3c, 0xfe, 0xff, 0xfe, 0xfc, 0x98, 0x10, 0x00, 0x00, 0x00, 0x00, 0x00, 0xff, 0xff, 
	0xff, 0xff, 0x00, 0x00, 0x00, 0x00, 0x00, 0x10, 0x98, 0xfc, 0xfe, 0xff, 0xfe, 0x3c, 0x18, 0x10, 
	0x00, 0x00, 0x00, 0x00, 0x01, 0x03, 0x07, 0x0f, 0x0f, 0x1e, 0x1e, 0x3c, 0x3c, 0x3c, 0x3f, 0x3f, 
	0x3f, 0x3f, 0x3c, 0x3c, 0x3c, 0x1e, 0x1e, 0x0f, 0x0f, 0x07, 0x03, 0x01, 0x00, 0x00, 0x00, 0x00
};
// 'angle-double-down', 32x32px
const unsigned char fas_32x32_fa_angle_double_down [] PROGMEM = {
	0x00, 0x00, 0x00, 0x00, 0x00, 0x00, 0xe0, 0xf0, 0xf0, 0xf0, 0xf0, 0xe0, 0xc0, 0x80, 0x00, 0x00, 
	0x00, 0x00, 0x80, 0xc0, 0xe0, 0xf0, 0xf0, 0xf0, 0xf0, 0xe0, 0x00, 0x00, 0x00, 0x00, 0x00, 0x00, 
	0x00, 0x00, 0x00, 0x00, 0x00, 0x00, 0x00, 0x01, 0x03, 0x07, 0x0f, 0x1f, 0x3f, 0x7f, 0xff, 0xfe, 
	0xfe, 0xff, 0x7f, 0x3f, 0x1f, 0x0f, 0x07, 0x03, 0x01, 0x00, 0x00, 0x00, 0x00, 0x00, 0x00, 0x00, 
	0x00, 0x00, 0x00, 0x00, 0x00, 0x00, 0x0e, 0x1f, 0x3f, 0x7f, 0xff, 0xfe, 0xfc, 0xf8, 0xf0, 0xe0, 
	0xe0, 0xf0, 0xf8, 0xfc, 0xfe, 0xff, 0x7f, 0x3f, 0x1f, 0x0e, 0x00, 0x00, 0x00, 0x00, 0x00, 0x00, 
	0x00, 0x00, 0x00, 0x00, 0x00, 0x00, 0x00, 0x00, 0x00, 0x00, 0x00, 0x01, 0x03, 0x07, 0x0f, 0x0f, 
	0x0f, 0x0f, 0x07, 0x03, 0x01, 0x00, 0x00, 0x00, 0x00, 0x00, 0x00, 0x00, 0x00, 0x00, 0x00, 0x00
};
// 'angle-double-left', 32x32px
const unsigned char fas_32x32_fa_angle_double_left [] PROGMEM = {
	0x00, 0x00, 0x00, 0x00, 0x00, 0x00, 0x00, 0x00, 0x00, 0x00, 0x00, 0x80, 0xc0, 0xc0, 0xc0, 0x80, 
	0x00, 0x00, 0x00, 0x00, 0x00, 0x00, 0x00, 0x80, 0xc0, 0xc0, 0xc0, 0x80, 0x00, 0x00, 0x00, 0x00, 
	0x00, 0x00, 0x00, 0x00, 0xc0, 0xe0, 0xf0, 0xf8, 0xfc, 0xfe, 0xff, 0x7f, 0x3f, 0x1f, 0x0f, 0x07, 
	0xc0, 0xe0, 0xf0, 0xf8, 0xfc, 0xfe, 0xff, 0x7f, 0x3f, 0x1f, 0x0f, 0x07, 0x00, 0x00, 0x00, 0x00, 
	0x00, 0x00, 0x00, 0x00, 0x03, 0x07, 0x0f, 0x1f, 0x3f, 0x7f, 0xff, 0xfe, 0xfc, 0xf8, 0xf0, 0xe0, 
	0x03, 0x07, 0x0f, 0x1f, 0x3f, 0x7f, 0xff, 0xfe, 0xfc, 0xf8, 0xf0, 0xe0, 0x00, 0x00, 0x00, 0x00, 
	0x00, 0x00, 0x00, 0x00, 0x00, 0x00, 0x00, 0x00, 0x00, 0x00, 0x00, 0x01, 0x03, 0x03, 0x03, 0x01, 
	0x00, 0x00, 0x00, 0x00, 0x00, 0x00, 0x00, 0x01, 0x03, 0x03, 0x03, 0x01, 0x00, 0x00, 0x00, 0x00
};
// 'angle-double-right', 32x32px
const unsigned char fas_32x32_fa_angle_double_right [] PROGMEM = {
	0x00, 0x00, 0x00, 0x00, 0x80, 0xc0, 0xc0, 0xc0, 0x80, 0x00, 0x00, 0x00, 0x00, 0x00, 0x00, 0x00, 
	0x80, 0xc0, 0xc0, 0xc0, 0x80, 0x00, 0x00, 0x00, 0x00, 0x00, 0x00, 0x00, 0x00, 0x00, 0x00, 0x00, 
	0x00, 0x00, 0x00, 0x00, 0x07, 0x0f, 0x1f, 0x3f, 0x7f, 0xff, 0xfe, 0xfc, 0xf8, 0xf0, 0xe0, 0xc0, 
	0x07, 0x0f, 0x1f, 0x3f, 0x7f, 0xff, 0xfe, 0xfc, 0xf8, 0xf0, 0xe0, 0xc0, 0x00, 0x00, 0x00, 0x00, 
	0x00, 0x00, 0x00, 0x00, 0xe0, 0xf0, 0xf8, 0xfc, 0xfe, 0xff, 0x7f, 0x3f, 0x1f, 0x0f, 0x07, 0x03, 
	0xe0, 0xf0, 0xf8, 0xfc, 0xfe, 0xff, 0x7f, 0x3f, 0x1f, 0x0f, 0x07, 0x03, 0x00, 0x00, 0x00, 0x00, 
	0x00, 0x00, 0x00, 0x00, 0x01, 0x03, 0x03, 0x03, 0x01, 0x00, 0x00, 0x00, 0x00, 0x00, 0x00, 0x00, 
	0x01, 0x03, 0x03, 0x03, 0x01, 0x00, 0x00, 0x00, 0x00, 0x00, 0x00, 0x00, 0x00, 0x00, 0x00, 0x00
};
// 'angle-double-up', 32x32px
const unsigned char fas_32x32_fa_angle_double_up [] PROGMEM = {
	0x00, 0x00, 0x00, 0x00, 0x00, 0x00, 0x00, 0x00, 0x00, 0x00, 0x00, 0x80, 0xc0, 0xe0, 0xf0, 0xf0, 
	0xf0, 0xf0, 0xe0, 0xc0, 0x80, 0x00, 0x00, 0x00, 0x00, 0x00, 0x00, 0x00, 0x00, 0x00, 0x00, 0x00, 
	0x00, 0x00, 0x00, 0x00, 0x00, 0x00, 0x70, 0xf8, 0xfc, 0xfe, 0xff, 0x7f, 0x3f, 0x1f, 0x0f, 0x07, 
	0x07, 0x0f, 0x1f, 0x3f, 0x7f, 0xff, 0xfe, 0xfc, 0xf8, 0x70, 0x00, 0x00, 0x00, 0x00, 0x00, 0x00, 
	0x00, 0x00, 0x00, 0x00, 0x00, 0x00, 0x00, 0x80, 0xc0, 0xe0, 0xf0, 0xf8, 0xfc, 0xfe, 0xff, 0x7f, 
	0x7f, 0xff, 0xfe, 0xfc, 0xf8, 0xf0, 0xe0, 0xc0, 0x80, 0x00, 0x00, 0x00, 0x00, 0x00, 0x00, 0x00, 
	0x00, 0x00, 0x00, 0x00, 0x00, 0x00, 0x07, 0x0f, 0x0f, 0x0f, 0x0f, 0x07, 0x03, 0x01, 0x00, 0x00, 
	0x00, 0x00, 0x01, 0x03, 0x07, 0x0f, 0x0f, 0x0f, 0x0f, 0x07, 0x00, 0x00, 0x00, 0x00, 0x00, 0x00
};
// 'angle-down', 32x32px
const unsigned char fas_32x32_fa_angle_down [] PROGMEM = {
	0x00, 0x00, 0x00, 0x00, 0x00, 0x00, 0x00, 0x00, 0x00, 0x00, 0x00, 0x00, 0x00, 0x00, 0x00, 0x00, 
	0x00, 0x00, 0x00, 0x00, 0x00, 0x00, 0x00, 0x00, 0x00, 0x00, 0x00, 0x00, 0x00, 0x00, 0x00, 0x00, 
	0x00, 0x00, 0x00, 0x00, 0x00, 0x00, 0x38, 0x7c, 0xfc, 0xfc, 0xfc, 0xf8, 0xf0, 0xe0, 0xc0, 0x80, 
	0x80, 0xc0, 0xe0, 0xf0, 0xf8, 0xfc, 0xfc, 0xfc, 0x7c, 0x38, 0x00, 0x00, 0x00, 0x00, 0x00, 0x00, 
	0x00, 0x00, 0x00, 0x00, 0x00, 0x00, 0x00, 0x00, 0x00, 0x01, 0x03, 0x07, 0x0f, 0x1f, 0x3f, 0x3f, 
	0x3f, 0x3f, 0x1f, 0x0f, 0x07, 0x03, 0x01, 0x00, 0x00, 0x00, 0x00, 0x00, 0x00, 0x00, 0x00, 0x00, 
	0x00, 0x00, 0x00, 0x00, 0x00, 0x00, 0x00, 0x00, 0x00, 0x00, 0x00, 0x00, 0x00, 0x00, 0x00, 0x00, 
	0x00, 0x00, 0x00, 0x00, 0x00, 0x00, 0x00, 0x00, 0x00, 0x00, 0x00, 0x00, 0x00, 0x00, 0x00, 0x00
};
// 'angle-left', 32x32px
const unsigned char fas_32x32_fa_angle_left [] PROGMEM = {
	0x00, 0x00, 0x00, 0x00, 0x00, 0x00, 0x00, 0x00, 0x00, 0x00, 0x00, 0x00, 0x00, 0x00, 0x00, 0x00, 
	0x00, 0x80, 0xc0, 0xc0, 0xc0, 0x80, 0x00, 0x00, 0x00, 0x00, 0x00, 0x00, 0x00, 0x00, 0x00, 0x00, 
	0x00, 0x00, 0x00, 0x00, 0x00, 0x00, 0x00, 0x00, 0x00, 0x00, 0xc0, 0xe0, 0xf0, 0xf8, 0xfc, 0xfe, 
	0xff, 0x7f, 0x3f, 0x1f, 0x0f, 0x07, 0x00, 0x00, 0x00, 0x00, 0x00, 0x00, 0x00, 0x00, 0x00, 0x00, 
	0x00, 0x00, 0x00, 0x00, 0x00, 0x00, 0x00, 0x00, 0x00, 0x00, 0x03, 0x07, 0x0f, 0x1f, 0x3f, 0x7f, 
	0xff, 0xfe, 0xfc, 0xf8, 0xf0, 0xe0, 0x00, 0x00, 0x00, 0x00, 0x00, 0x00, 0x00, 0x00, 0x00, 0x00, 
	0x00, 0x00, 0x00, 0x00, 0x00, 0x00, 0x00, 0x00, 0x00, 0x00, 0x00, 0x00, 0x00, 0x00, 0x00, 0x00, 
	0x00, 0x01, 0x03, 0x03, 0x03, 0x01, 0x00, 0x00, 0x00, 0x00, 0x00, 0x00, 0x00, 0x00, 0x00, 0x00
};
// 'angle-right', 32x32px
const unsigned char fas_32x32_fa_angle_right [] PROGMEM = {
	0x00, 0x00, 0x00, 0x00, 0x00, 0x00, 0x00, 0x00, 0x00, 0x00, 0x80, 0xc0, 0xc0, 0xc0, 0x80, 0x00, 
	0x00, 0x00, 0x00, 0x00, 0x00, 0x00, 0x00, 0x00, 0x00, 0x00, 0x00, 0x00, 0x00, 0x00, 0x00, 0x00, 
	0x00, 0x00, 0x00, 0x00, 0x00, 0x00, 0x00, 0x00, 0x00, 0x00, 0x07, 0x0f, 0x1f, 0x3f, 0x7f, 0xff, 
	0xfe, 0xfc, 0xf8, 0xf0, 0xe0, 0xc0, 0x00, 0x00, 0x00, 0x00, 0x00, 0x00, 0x00, 0x00, 0x00, 0x00, 
	0x00, 0x00, 0x00, 0x00, 0x00, 0x00, 0x00, 0x00, 0x00, 0x00, 0xe0, 0xf0, 0xf8, 0xfc, 0xfe, 0xff, 
	0x7f, 0x3f, 0x1f, 0x0f, 0x07, 0x03, 0x00, 0x00, 0x00, 0x00, 0x00, 0x00, 0x00, 0x00, 0x00, 0x00, 
	0x00, 0x00, 0x00, 0x00, 0x00, 0x00, 0x00, 0x00, 0x00, 0x00, 0x01, 0x03, 0x03, 0x03, 0x01, 0x00, 
	0x00, 0x00, 0x00, 0x00, 0x00, 0x00, 0x00, 0x00, 0x00, 0x00, 0x00, 0x00, 0x00, 0x00, 0x00, 0x00
};
// 'angle-up', 32x32px
const unsigned char fas_32x32_fa_angle_up [] PROGMEM = {
	0x00, 0x00, 0x00, 0x00, 0x00, 0x00, 0x00, 0x00, 0x00, 0x00, 0x00, 0x00, 0x00, 0x00, 0x00, 0x00, 
	0x00, 0x00, 0x00, 0x00, 0x00, 0x00, 0x00, 0x00, 0x00, 0x00, 0x00, 0x00, 0x00, 0x00, 0x00, 0x00, 
	0x00, 0x00, 0x00, 0x00, 0x00, 0x00, 0x00, 0x00, 0x00, 0x80, 0xc0, 0xe0, 0xf0, 0xf8, 0xfc, 0xfc, 
	0xfc, 0xfc, 0xf8, 0xf0, 0xe0, 0xc0, 0x80, 0x00, 0x00, 0x00, 0x00, 0x00, 0x00, 0x00, 0x00, 0x00, 
	0x00, 0x00, 0x00, 0x00, 0x00, 0x00, 0x1c, 0x3e, 0x3f, 0x3f, 0x3f, 0x1f, 0x0f, 0x07, 0x03, 0x01, 
	0x01, 0x03, 0x07, 0x0f, 0x1f, 0x3f, 0x3f, 0x3f, 0x3e, 0x1c, 0x00, 0x00, 0x00, 0x00, 0x00, 0x00, 
	0x00, 0x00, 0x00, 0x00, 0x00, 0x00, 0x00, 0x00, 0x00, 0x00, 0x00, 0x00, 0x00, 0x00, 0x00, 0x00, 
	0x00, 0x00, 0x00, 0x00, 0x00, 0x00, 0x00, 0x00, 0x00, 0x00, 0x00, 0x00, 0x00, 0x00, 0x00, 0x00
};
// 'angry', 32x32px
const unsigned char fas_32x32_fa_angry [] PROGMEM = {
	0x00, 0x00, 0x00, 0x80, 0xc0, 0xe0, 0xf0, 0xf8, 0xf8, 0xfc, 0xfc, 0xfe, 0xfe, 0xfe, 0xfe, 0xff, 
	0xff, 0xff, 0xfe, 0xfe, 0xfe, 0xfe, 0xfc, 0xfc, 0xf8, 0xf8, 0xf0, 0xe0, 0xc0, 0x80, 0x00, 0x00, 
	0x00, 0xf0, 0xfe, 0xff, 0xff, 0xff, 0xff, 0xff, 0xe7, 0xe7, 0x0f, 0x0f, 0x0f, 0x9f, 0xff, 0xff, 
	0xff, 0xff, 0xff, 0x9f, 0x0f, 0x0f, 0x0f, 0xe7, 0xe7, 0xff, 0xff, 0xff, 0xff, 0xff, 0xfe, 0xf0, 
	0x00, 0x0f, 0x7f, 0xff, 0xff, 0xff, 0xff, 0xff, 0xff, 0xff, 0xfe, 0x7e, 0x3e, 0x3f, 0x9f, 0x9f, 
	0x9f, 0x9f, 0x9f, 0x3f, 0x3e, 0x7e, 0xfe, 0xff, 0xff, 0xff, 0xff, 0xff, 0xff, 0xff, 0x7f, 0x0f, 
	0x00, 0x00, 0x00, 0x01, 0x03, 0x07, 0x0f, 0x1f, 0x1f, 0x3f, 0x3f, 0x7f, 0x7e, 0x7f, 0x7f, 0xff, 
	0xff, 0xff, 0x7f, 0x7f, 0x7e, 0x7f, 0x3f, 0x3f, 0x1f, 0x1f, 0x0f, 0x07, 0x03, 0x01, 0x00, 0x00
};
// 'ankh', 32x32px
const unsigned char fas_32x32_fa_ankh [] PROGMEM = {
	0x00, 0x00, 0x00, 0x00, 0x00, 0x00, 0x00, 0x00, 0xc0, 0xf8, 0xfc, 0xfe, 0xfe, 0x7f, 0x3f, 0x1f, 
	0x1f, 0x3f, 0x7f, 0xfe, 0xfe, 0xfc, 0xf8, 0xc0, 0x00, 0x00, 0x00, 0x00, 0x00, 0x00, 0x00, 0x00, 
	0x00, 0x00, 0x00, 0x00, 0x00, 0x00, 0x00, 0x00, 0x0f, 0x7f, 0xff, 0xff, 0xff, 0xf8, 0xe0, 0x80, 
	0x80, 0xe0, 0xf8, 0xff, 0xff, 0xff, 0x7f, 0x0f, 0x00, 0x00, 0x00, 0x00, 0x00, 0x00, 0x00, 0x00, 
	0x00, 0x00, 0x00, 0x00, 0x00, 0x00, 0x1f, 0x1f, 0x1f, 0x1f, 0x1f, 0x1f, 0x1f, 0xff, 0xff, 0xff, 
	0xff, 0xff, 0xff, 0x1f, 0x1f, 0x1f, 0x1f, 0x1f, 0x1f, 0x1f, 0x00, 0x00, 0x00, 0x00, 0x00, 0x00, 
	0x00, 0x00, 0x00, 0x00, 0x00, 0x00, 0x00, 0x00, 0x00, 0x00, 0x00, 0x00, 0x00, 0x3f, 0xff, 0xff, 
	0xff, 0xff, 0x3f, 0x00, 0x00, 0x00, 0x00, 0x00, 0x00, 0x00, 0x00, 0x00, 0x00, 0x00, 0x00, 0x00
};
// 'apple-alt', 32x32px
const unsigned char fas_32x32_fa_apple_alt [] PROGMEM = {
	0x00, 0x00, 0x00, 0x00, 0x00, 0x00, 0x00, 0x00, 0x00, 0x00, 0x00, 0x00, 0x00, 0x00, 0x00, 0x78, 
	0x7e, 0x7e, 0x7f, 0x3f, 0x3f, 0x0f, 0x00, 0x00, 0x00, 0x00, 0x00, 0x00, 0x00, 0x00, 0x00, 0x00, 
	0x00, 0x00, 0xc0, 0xf0, 0xfc, 0xfe, 0xfe, 0xff, 0xff, 0xff, 0xff, 0xff, 0xfe, 0xfe, 0xfe, 0xfc, 
	0xfc, 0xfe, 0xfe, 0xfe, 0xff, 0xff, 0xff, 0xff, 0xff, 0xfe, 0xfe, 0xfc, 0xf0, 0xc0, 0x00, 0x00, 
	0x00, 0x00, 0x7f, 0xff, 0xff, 0xff, 0xff, 0xff, 0xff, 0xff, 0xff, 0xff, 0xff, 0xff, 0xff, 0xff, 
	0xff, 0xff, 0xff, 0xff, 0xff, 0xff, 0xff, 0xff, 0xff, 0xff, 0xff, 0xff, 0xff, 0x7f, 0x00, 0x00, 
	0x00, 0x00, 0x00, 0x01, 0x07, 0x1f, 0x3f, 0x7f, 0x7f, 0xff, 0xff, 0xff, 0xff, 0xff, 0x7f, 0x7f, 
	0x7f, 0x7f, 0xff, 0xff, 0xff, 0xff, 0xff, 0x7f, 0x7f, 0x3f, 0x1f, 0x07, 0x01, 0x00, 0x00, 0x00
};
// 'archive', 32x32px
const unsigned char fas_32x32_fa_archive [] PROGMEM = {
	0xf8, 0xfc, 0xfc, 0xfc, 0xfc, 0xfc, 0xfc, 0xfc, 0xfc, 0xfc, 0xfc, 0xfc, 0xfc, 0xfc, 0xfc, 0xfc, 
	0xfc, 0xfc, 0xfc, 0xfc, 0xfc, 0xfc, 0xfc, 0xfc, 0xfc, 0xfc, 0xfc, 0xfc, 0xfc, 0xfc, 0xfc, 0xf8, 
	0x00, 0x00, 0xfc, 0xfc, 0xfc, 0xfc, 0xfc, 0xfc, 0xfc, 0xfc, 0xfc, 0xfc, 0x3c, 0x3c, 0x3c, 0x3c, 
	0x3c, 0x3c, 0x3c, 0x3c, 0xfc, 0xfc, 0xfc, 0xfc, 0xfc, 0xfc, 0xfc, 0xfc, 0xfc, 0xfc, 0x00, 0x00, 
	0x00, 0x00, 0xff, 0xff, 0xff, 0xff, 0xff, 0xff, 0xff, 0xff, 0xff, 0xff, 0xff, 0xff, 0xff, 0xff, 
	0xff, 0xff, 0xff, 0xff, 0xff, 0xff, 0xff, 0xff, 0xff, 0xff, 0xff, 0xff, 0xff, 0xff, 0x00, 0x00, 
	0x00, 0x00, 0x1f, 0x3f, 0x3f, 0x3f, 0x3f, 0x3f, 0x3f, 0x3f, 0x3f, 0x3f, 0x3f, 0x3f, 0x3f, 0x3f, 
	0x3f, 0x3f, 0x3f, 0x3f, 0x3f, 0x3f, 0x3f, 0x3f, 0x3f, 0x3f, 0x3f, 0x3f, 0x3f, 0x1f, 0x00, 0x00
};
// 'archway', 32x32px
const unsigned char fas_32x32_fa_archway [] PROGMEM = {
	0x1c, 0x3c, 0xbc, 0xbc, 0xbc, 0xbc, 0xbc, 0xbc, 0xbc, 0xbc, 0xbc, 0xbc, 0xbc, 0xbc, 0xbc, 0xbc, 
	0xbc, 0xbc, 0xbc, 0xbc, 0xbc, 0xbc, 0xbc, 0xbc, 0xbc, 0xbc, 0xbc, 0xbc, 0xbc, 0xbc, 0x3c, 0x1c, 
	0x00, 0x00, 0xff, 0xff, 0xff, 0xff, 0xff, 0xff, 0xff, 0xff, 0xff, 0xff, 0xff, 0x7f, 0x7f, 0x3f, 
	0x3f, 0x7f, 0x7f, 0xff, 0xff, 0xff, 0xff, 0xff, 0xff, 0xff, 0xff, 0xff, 0xff, 0xff, 0x00, 0x00, 
	0x00, 0x00, 0xff, 0xff, 0xff, 0xff, 0xff, 0xff, 0xff, 0xff, 0xff, 0x01, 0x00, 0x00, 0x00, 0x00, 
	0x00, 0x00, 0x00, 0x00, 0x01, 0xff, 0xff, 0xff, 0xff, 0xff, 0xff, 0xff, 0xff, 0xff, 0x00, 0x00, 
	0x38, 0x3c, 0x3f, 0x3f, 0x3f, 0x3f, 0x3f, 0x3f, 0x3f, 0x3f, 0x3f, 0x00, 0x00, 0x00, 0x00, 0x00, 
	0x00, 0x00, 0x00, 0x00, 0x00, 0x3f, 0x3f, 0x3f, 0x3f, 0x3f, 0x3f, 0x3f, 0x3f, 0x3f, 0x3c, 0x38
};
// 'arrow-alt-circle-down', 32x32px
const unsigned char fas_32x32_fa_arrow_alt_circle_down [] PROGMEM = {
	0x00, 0x00, 0x00, 0x80, 0xc0, 0xe0, 0xf0, 0xf8, 0xfc, 0xfc, 0xfe, 0xfe, 0xfe, 0xfe, 0xff, 0xff, 
	0xff, 0xff, 0xfe, 0xfe, 0xfe, 0xfe, 0xfc, 0xfc, 0xf8, 0xf0, 0xe0, 0xc0, 0x80, 0x00, 0x00, 0x00, 
	0xc0, 0xfc, 0xff, 0xff, 0xff, 0xff, 0xff, 0xff, 0xff, 0xff, 0xff, 0xff, 0xff, 0x00, 0x00, 0x00, 
	0x00, 0x00, 0x00, 0xff, 0xff, 0xff, 0xff, 0xff, 0xff, 0xff, 0xff, 0xff, 0xff, 0xff, 0xfc, 0xc0, 
	0x03, 0x3f, 0xff, 0xff, 0xff, 0xff, 0xff, 0xff, 0xfe, 0xfc, 0xf8, 0xf0, 0xe0, 0xc0, 0x80, 0x00, 
	0x00, 0x80, 0xc0, 0xe0, 0xf0, 0xf8, 0xfc, 0xfe, 0xff, 0xff, 0xff, 0xff, 0xff, 0xff, 0x3f, 0x03, 
	0x00, 0x00, 0x00, 0x01, 0x03, 0x07, 0x0f, 0x1f, 0x3f, 0x3f, 0x7f, 0x7f, 0x7f, 0x7f, 0xff, 0xff, 
	0xff, 0xff, 0x7f, 0x7f, 0x7f, 0x7f, 0x3f, 0x3f, 0x1f, 0x0f, 0x07, 0x03, 0x01, 0x00, 0x00, 0x00
};
// 'arrow-alt-circle-left', 32x32px
const unsigned char fas_32x32_fa_arrow_alt_circle_left [] PROGMEM = {
	0x00, 0x00, 0x00, 0x80, 0xc0, 0xe0, 0xf0, 0xf8, 0xfc, 0xfc, 0xfe, 0xfe, 0xfe, 0xfe, 0xff, 0xff, 
	0xff, 0xff, 0xfe, 0xfe, 0xfe, 0xfe, 0xfc, 0xfc, 0xf8, 0xf0, 0xe0, 0xc0, 0x80, 0x00, 0x00, 0x00, 
	0xc0, 0xfc, 0xff, 0xff, 0xff, 0xff, 0xff, 0xff, 0x7f, 0x3f, 0x1f, 0x0f, 0x07, 0x03, 0x01, 0x00, 
	0x1f, 0x1f, 0x1f, 0x1f, 0x1f, 0x1f, 0x1f, 0x1f, 0xff, 0xff, 0xff, 0xff, 0xff, 0xff, 0xfc, 0xc0, 
	0x03, 0x3f, 0xff, 0xff, 0xff, 0xff, 0xff, 0xff, 0xfe, 0xfc, 0xf8, 0xf0, 0xe0, 0xc0, 0x80, 0x00, 
	0xf8, 0xf8, 0xf8, 0xf8, 0xf8, 0xf8, 0xf8, 0xf8, 0xff, 0xff, 0xff, 0xff, 0xff, 0xff, 0x3f, 0x03, 
	0x00, 0x00, 0x00, 0x01, 0x03, 0x07, 0x0f, 0x1f, 0x3f, 0x3f, 0x7f, 0x7f, 0x7f, 0x7f, 0xff, 0xff, 
	0xff, 0xff, 0x7f, 0x7f, 0x7f, 0x7f, 0x3f, 0x3f, 0x1f, 0x0f, 0x07, 0x03, 0x01, 0x00, 0x00, 0x00
};
// 'arrow-alt-circle-right', 32x32px
const unsigned char fas_32x32_fa_arrow_alt_circle_right [] PROGMEM = {
	0x00, 0x00, 0x00, 0x80, 0xc0, 0xe0, 0xf0, 0xf8, 0xfc, 0xfc, 0xfe, 0xfe, 0xfe, 0xfe, 0xff, 0xff, 
	0xff, 0xff, 0xfe, 0xfe, 0xfe, 0xfe, 0xfc, 0xfc, 0xf8, 0xf0, 0xe0, 0xc0, 0x80, 0x00, 0x00, 0x00, 
	0xc0, 0xfc, 0xff, 0xff, 0xff, 0xff, 0xff, 0xff, 0x1f, 0x1f, 0x1f, 0x1f, 0x1f, 0x1f, 0x1f, 0x1f, 
	0x00, 0x01, 0x03, 0x07, 0x0f, 0x1f, 0x3f, 0x7f, 0xff, 0xff, 0xff, 0xff, 0xff, 0xff, 0xfc, 0xc0, 
	0x03, 0x3f, 0xff, 0xff, 0xff, 0xff, 0xff, 0xff, 0xf8, 0xf8, 0xf8, 0xf8, 0xf8, 0xf8, 0xf8, 0xf8, 
	0x00, 0x80, 0xc0, 0xe0, 0xf0, 0xf8, 0xfc, 0xfe, 0xff, 0xff, 0xff, 0xff, 0xff, 0xff, 0x3f, 0x03, 
	0x00, 0x00, 0x00, 0x01, 0x03, 0x07, 0x0f, 0x1f, 0x3f, 0x3f, 0x7f, 0x7f, 0x7f, 0x7f, 0xff, 0xff, 
	0xff, 0xff, 0x7f, 0x7f, 0x7f, 0x7f, 0x3f, 0x3f, 0x1f, 0x0f, 0x07, 0x03, 0x01, 0x00, 0x00, 0x00
};
// 'arrow-alt-circle-up', 32x32px
const unsigned char fas_32x32_fa_arrow_alt_circle_up [] PROGMEM = {
	0x00, 0x00, 0x00, 0x80, 0xc0, 0xe0, 0xf0, 0xf8, 0xfc, 0xfc, 0xfe, 0xfe, 0xfe, 0xfe, 0xff, 0xff, 
	0xff, 0xff, 0xfe, 0xfe, 0xfe, 0xfe, 0xfc, 0xfc, 0xf8, 0xf0, 0xe0, 0xc0, 0x80, 0x00, 0x00, 0x00, 
	0xc0, 0xfc, 0xff, 0xff, 0xff, 0xff, 0xff, 0xff, 0x7f, 0x3f, 0x1f, 0x0f, 0x07, 0x03, 0x01, 0x00, 
	0x00, 0x01, 0x03, 0x07, 0x0f, 0x1f, 0x3f, 0x7f, 0xff, 0xff, 0xff, 0xff, 0xff, 0xff, 0xfc, 0xc0, 
	0x03, 0x3f, 0xff, 0xff, 0xff, 0xff, 0xff, 0xff, 0xff, 0xff, 0xff, 0xff, 0xff, 0x00, 0x00, 0x00, 
	0x00, 0x00, 0x00, 0xff, 0xff, 0xff, 0xff, 0xff, 0xff, 0xff, 0xff, 0xff, 0xff, 0xff, 0x3f, 0x03, 
	0x00, 0x00, 0x00, 0x01, 0x03, 0x07, 0x0f, 0x1f, 0x3f, 0x3f, 0x7f, 0x7f, 0x7f, 0x7f, 0xff, 0xff, 
	0xff, 0xff, 0x7f, 0x7f, 0x7f, 0x7f, 0x3f, 0x3f, 0x1f, 0x0f, 0x07, 0x03, 0x01, 0x00, 0x00, 0x00
};
// 'arrow-circle-down', 32x32px
const unsigned char fas_32x32_fa_arrow_circle_down [] PROGMEM = {
	0x00, 0x00, 0x00, 0x80, 0xc0, 0xe0, 0xf0, 0xf8, 0xfc, 0xfc, 0xfe, 0xfe, 0xfe, 0xfe, 0x7f, 0x3f, 
	0x3f, 0x7f, 0xfe, 0xfe, 0xfe, 0xfe, 0xfc, 0xfc, 0xf8, 0xf0, 0xe0, 0xc0, 0x80, 0x00, 0x00, 0x00, 
	0xc0, 0xfc, 0xff, 0xff, 0xff, 0xff, 0x7f, 0x3f, 0x3f, 0x3f, 0x7f, 0xff, 0xff, 0xff, 0x00, 0x00, 
	0x00, 0x00, 0xff, 0xff, 0xff, 0x7f, 0x3f, 0x3f, 0x3f, 0x7f, 0xff, 0xff, 0xff, 0xff, 0xfc, 0xc0, 
	0x03, 0x3f, 0xff, 0xff, 0xff, 0xff, 0xfe, 0xfc, 0xf8, 0xf0, 0xe0, 0xc0, 0x81, 0x03, 0x00, 0x00, 
	0x00, 0x00, 0x03, 0x81, 0xc0, 0xe0, 0xf0, 0xf8, 0xfc, 0xfe, 0xff, 0xff, 0xff, 0xff, 0x3f, 0x03, 
	0x00, 0x00, 0x00, 0x01, 0x03, 0x07, 0x0f, 0x1f, 0x3f, 0x3f, 0x7f, 0x7f, 0x7f, 0x7f, 0xfe, 0xfc, 
	0xfc, 0xfe, 0x7f, 0x7f, 0x7f, 0x7f, 0x3f, 0x3f, 0x1f, 0x0f, 0x07, 0x03, 0x01, 0x00, 0x00, 0x00
};
// 'arrow-circle-left', 32x32px
const unsigned char fas_32x32_fa_arrow_circle_left [] PROGMEM = {
	0x00, 0x00, 0x00, 0x80, 0xc0, 0xe0, 0xf0, 0xf8, 0xfc, 0xfc, 0xfe, 0xfe, 0xfe, 0xfe, 0x7f, 0x3f, 
	0x3f, 0x7f, 0xfe, 0xfe, 0xfe, 0xfe, 0xfc, 0xfc, 0xf8, 0xf0, 0xe0, 0xc0, 0x80, 0x00, 0x00, 0x00, 
	0xc0, 0xfc, 0xff, 0xff, 0xff, 0xff, 0x7f, 0x3f, 0x1f, 0x0f, 0x07, 0x03, 0x01, 0x00, 0x20, 0x30, 
	0x38, 0x3c, 0x3f, 0x3f, 0x3f, 0x3f, 0x3f, 0x3f, 0x3f, 0x7f, 0xff, 0xff, 0xff, 0xff, 0xfc, 0xc0, 
	0x03, 0x3f, 0xff, 0xff, 0xff, 0xff, 0xfe, 0xfc, 0xf8, 0xf0, 0xe0, 0xc0, 0x80, 0x00, 0x04, 0x0c, 
	0x1c, 0x3c, 0xfc, 0xfc, 0xfc, 0xfc, 0xfc, 0xfc, 0xfc, 0xfe, 0xff, 0xff, 0xff, 0xff, 0x3f, 0x03, 
	0x00, 0x00, 0x00, 0x01, 0x03, 0x07, 0x0f, 0x1f, 0x3f, 0x3f, 0x7f, 0x7f, 0x7f, 0x7f, 0xfe, 0xfc, 
	0xfc, 0xfe, 0x7f, 0x7f, 0x7f, 0x7f, 0x3f, 0x3f, 0x1f, 0x0f, 0x07, 0x03, 0x01, 0x00, 0x00, 0x00
};
// 'arrow-circle-right', 32x32px
const unsigned char fas_32x32_fa_arrow_circle_right [] PROGMEM = {
	0x00, 0x00, 0x00, 0x80, 0xc0, 0xe0, 0xf0, 0xf8, 0xfc, 0xfc, 0xfe, 0xfe, 0xfe, 0xfe, 0x7f, 0x3f, 
	0x3f, 0x7f, 0xfe, 0xfe, 0xfe, 0xfe, 0xfc, 0xfc, 0xf8, 0xf0, 0xe0, 0xc0, 0x80, 0x00, 0x00, 0x00, 
	0xc0, 0xfc, 0xff, 0xff, 0xff, 0xff, 0x7f, 0x3f, 0x3f, 0x3f, 0x3f, 0x3f, 0x3f, 0x3f, 0x3c, 0x38, 
	0x30, 0x20, 0x00, 0x01, 0x03, 0x07, 0x0f, 0x1f, 0x3f, 0x7f, 0xff, 0xff, 0xff, 0xff, 0xfc, 0xc0, 
	0x03, 0x3f, 0xff, 0xff, 0xff, 0xff, 0xfe, 0xfc, 0xfc, 0xfc, 0xfc, 0xfc, 0xfc, 0xfc, 0x3c, 0x1c, 
	0x0c, 0x04, 0x00, 0x80, 0xc0, 0xe0, 0xf0, 0xf8, 0xfc, 0xfe, 0xff, 0xff, 0xff, 0xff, 0x3f, 0x03, 
	0x00, 0x00, 0x00, 0x01, 0x03, 0x07, 0x0f, 0x1f, 0x3f, 0x3f, 0x7f, 0x7f, 0x7f, 0x7f, 0xfe, 0xfc, 
	0xfc, 0xfe, 0x7f, 0x7f, 0x7f, 0x7f, 0x3f, 0x3f, 0x1f, 0x0f, 0x07, 0x03, 0x01, 0x00, 0x00, 0x00
};
// 'arrow-circle-up', 32x32px
const unsigned char fas_32x32_fa_arrow_circle_up [] PROGMEM = {
	0x00, 0x00, 0x00, 0x80, 0xc0, 0xe0, 0xf0, 0xf8, 0xfc, 0xfc, 0xfe, 0xfe, 0xfe, 0xfe, 0x7f, 0x3f, 
	0x3f, 0x7f, 0xfe, 0xfe, 0xfe, 0xfe, 0xfc, 0xfc, 0xf8, 0xf0, 0xe0, 0xc0, 0x80, 0x00, 0x00, 0x00, 
	0xc0, 0xfc, 0xff, 0xff, 0xff, 0xff, 0x7f, 0x3f, 0x1f, 0x0f, 0x07, 0x03, 0x81, 0xc0, 0x00, 0x00, 
	0x00, 0x00, 0xc0, 0x81, 0x03, 0x07, 0x0f, 0x1f, 0x3f, 0x7f, 0xff, 0xff, 0xff, 0xff, 0xfc, 0xc0, 
	0x03, 0x3f, 0xff, 0xff, 0xff, 0xff, 0xfe, 0xfc, 0xfc, 0xfc, 0xfe, 0xff, 0xff, 0xff, 0x00, 0x00, 
	0x00, 0x00, 0xff, 0xff, 0xff, 0xfe, 0xfc, 0xfc, 0xfc, 0xfe, 0xff, 0xff, 0xff, 0xff, 0x3f, 0x03, 
	0x00, 0x00, 0x00, 0x01, 0x03, 0x07, 0x0f, 0x1f, 0x3f, 0x3f, 0x7f, 0x7f, 0x7f, 0x7f, 0xfe, 0xfc, 
	0xfc, 0xfe, 0x7f, 0x7f, 0x7f, 0x7f, 0x3f, 0x3f, 0x1f, 0x0f, 0x07, 0x03, 0x01, 0x00, 0x00, 0x00
};
// 'arrow-down', 32x32px
const unsigned char fas_32x32_fa_arrow_down [] PROGMEM = {
	0x00, 0x00, 0x00, 0x00, 0x00, 0x00, 0x00, 0x00, 0x00, 0x00, 0x00, 0x00, 0x00, 0xf0, 0xfc, 0xfc, 
	0xfc, 0xfc, 0xf0, 0x00, 0x00, 0x00, 0x00, 0x00, 0x00, 0x00, 0x00, 0x00, 0x00, 0x00, 0x00, 0x00, 
	0x00, 0x00, 0x00, 0x80, 0xc0, 0xe0, 0xc0, 0x80, 0x00, 0x00, 0x00, 0x00, 0x00, 0xff, 0xff, 0xff, 
	0xff, 0xff, 0xff, 0x00, 0x00, 0x00, 0x00, 0x00, 0x80, 0xc0, 0xe0, 0xc0, 0x80, 0x00, 0x00, 0x00, 
	0x00, 0x00, 0x01, 0x03, 0x07, 0x0f, 0x1f, 0x3f, 0x7f, 0xfe, 0xfc, 0xf8, 0xf0, 0xff, 0xff, 0xff, 
	0xff, 0xff, 0xff, 0xf0, 0xf8, 0xfc, 0xfe, 0x7f, 0x3f, 0x1f, 0x0f, 0x07, 0x03, 0x01, 0x00, 0x00, 
	0x00, 0x00, 0x00, 0x00, 0x00, 0x00, 0x00, 0x00, 0x00, 0x00, 0x01, 0x03, 0x07, 0x0f, 0x1f, 0x3f, 
	0x3f, 0x1f, 0x0f, 0x07, 0x03, 0x01, 0x00, 0x00, 0x00, 0x00, 0x00, 0x00, 0x00, 0x00, 0x00, 0x00
};
// 'arrow-left', 32x32px
const unsigned char fas_32x32_fa_arrow_left [] PROGMEM = {
	0x00, 0x00, 0x00, 0x00, 0x00, 0x00, 0x00, 0x00, 0x00, 0x00, 0x80, 0xc0, 0xe0, 0xf0, 0xf8, 0xfc, 
	0xf8, 0x70, 0x20, 0x00, 0x00, 0x00, 0x00, 0x00, 0x00, 0x00, 0x00, 0x00, 0x00, 0x00, 0x00, 0x00, 
	0x00, 0x00, 0x80, 0xc0, 0xe0, 0xf0, 0xf8, 0xfc, 0xfe, 0xff, 0xff, 0xff, 0xcf, 0xe7, 0xe3, 0xe1, 
	0xe0, 0xe0, 0xe0, 0xe0, 0xe0, 0xe0, 0xe0, 0xe0, 0xe0, 0xe0, 0xe0, 0xe0, 0xc0, 0xc0, 0x00, 0x00, 
	0x00, 0x00, 0x01, 0x03, 0x07, 0x0f, 0x1f, 0x3f, 0x7f, 0xff, 0xff, 0xff, 0xf3, 0xe7, 0xc7, 0x87, 
	0x07, 0x07, 0x07, 0x07, 0x07, 0x07, 0x07, 0x07, 0x07, 0x07, 0x07, 0x07, 0x03, 0x03, 0x00, 0x00, 
	0x00, 0x00, 0x00, 0x00, 0x00, 0x00, 0x00, 0x00, 0x00, 0x00, 0x01, 0x03, 0x07, 0x0f, 0x1f, 0x3f, 
	0x1f, 0x0e, 0x04, 0x00, 0x00, 0x00, 0x00, 0x00, 0x00, 0x00, 0x00, 0x00, 0x00, 0x00, 0x00, 0x00
};
// 'arrow-right', 32x32px
const unsigned char fas_32x32_fa_arrow_right [] PROGMEM = {
	0x00, 0x00, 0x00, 0x00, 0x00, 0x00, 0x00, 0x00, 0x00, 0x00, 0x00, 0x00, 0x00, 0x20, 0x70, 0xf8, 
	0xfc, 0xf8, 0xf0, 0xe0, 0xc0, 0x80, 0x00, 0x00, 0x00, 0x00, 0x00, 0x00, 0x00, 0x00, 0x00, 0x00, 
	0x00, 0x00, 0xc0, 0xc0, 0xe0, 0xe0, 0xe0, 0xe0, 0xe0, 0xe0, 0xe0, 0xe0, 0xe0, 0xe0, 0xe0, 0xe0, 
	0xe1, 0xe3, 0xe7, 0xcf, 0xff, 0xff, 0xff, 0xfe, 0xfc, 0xf8, 0xf0, 0xe0, 0xc0, 0x80, 0x00, 0x00, 
	0x00, 0x00, 0x03, 0x03, 0x07, 0x07, 0x07, 0x07, 0x07, 0x07, 0x07, 0x07, 0x07, 0x07, 0x07, 0x07, 
	0x87, 0xc7, 0xe7, 0xf3, 0xff, 0xff, 0xff, 0x7f, 0x3f, 0x1f, 0x0f, 0x07, 0x03, 0x01, 0x00, 0x00, 
	0x00, 0x00, 0x00, 0x00, 0x00, 0x00, 0x00, 0x00, 0x00, 0x00, 0x00, 0x00, 0x00, 0x04, 0x0e, 0x1f, 
	0x3f, 0x1f, 0x0f, 0x07, 0x03, 0x01, 0x00, 0x00, 0x00, 0x00, 0x00, 0x00, 0x00, 0x00, 0x00, 0x00
};
// 'arrows-alt', 32x32px
const unsigned char fas_32x32_fa_arrows_alt [] PROGMEM = {
	0x00, 0x00, 0x00, 0x00, 0x00, 0x00, 0x00, 0x00, 0x00, 0x00, 0xe0, 0xf0, 0xf8, 0xfc, 0xfe, 0xff, 
	0xff, 0xfe, 0xfc, 0xf8, 0xf0, 0xe0, 0x00, 0x00, 0x00, 0x00, 0x00, 0x00, 0x00, 0x00, 0x00, 0x00, 
	0x80, 0xc0, 0xe0, 0xf0, 0xf8, 0xfc, 0xfc, 0xfc, 0xc0, 0xc0, 0xc0, 0xc0, 0xc0, 0xc0, 0xff, 0xff, 
	0xff, 0xff, 0xc0, 0xc0, 0xc0, 0xc0, 0xc0, 0xc0, 0xfc, 0xfc, 0xfc, 0xf8, 0xf0, 0xe0, 0xc0, 0x80, 
	0x01, 0x03, 0x07, 0x0f, 0x1f, 0x3f, 0x3f, 0x3f, 0x03, 0x03, 0x03, 0x03, 0x03, 0x03, 0xff, 0xff, 
	0xff, 0xff, 0x03, 0x03, 0x03, 0x03, 0x03, 0x03, 0x3f, 0x3f, 0x3f, 0x1f, 0x0f, 0x07, 0x03, 0x01, 
	0x00, 0x00, 0x00, 0x00, 0x00, 0x00, 0x00, 0x00, 0x00, 0x00, 0x07, 0x0f, 0x1f, 0x3f, 0x7f, 0xff, 
	0xff, 0x7f, 0x3f, 0x1f, 0x0f, 0x07, 0x00, 0x00, 0x00, 0x00, 0x00, 0x00, 0x00, 0x00, 0x00, 0x00
};
// 'arrows-alt-h', 32x32px
const unsigned char fas_32x32_fa_arrows_alt_h [] PROGMEM = {
	0x00, 0x00, 0x00, 0x00, 0x00, 0x00, 0x00, 0x00, 0x00, 0x00, 0x00, 0x00, 0x00, 0x00, 0x00, 0x00, 
	0x00, 0x00, 0x00, 0x00, 0x00, 0x00, 0x00, 0x00, 0x00, 0x00, 0x00, 0x00, 0x00, 0x00, 0x00, 0x00, 
	0x80, 0xc0, 0xe0, 0xf0, 0xf8, 0xfc, 0xfe, 0xfe, 0xe0, 0xc0, 0xe0, 0xe0, 0xe0, 0xe0, 0xe0, 0xe0, 
	0xe0, 0xe0, 0xe0, 0xe0, 0xe0, 0xe0, 0xc0, 0xe0, 0xfe, 0xfe, 0xfc, 0xf8, 0xf0, 0xe0, 0xc0, 0x80, 
	0x01, 0x03, 0x07, 0x0f, 0x1f, 0x3f, 0x7f, 0x7f, 0x07, 0x03, 0x07, 0x07, 0x07, 0x07, 0x07, 0x07, 
	0x07, 0x07, 0x07, 0x07, 0x07, 0x07, 0x03, 0x07, 0x7f, 0x7f, 0x3f, 0x1f, 0x0f, 0x07, 0x03, 0x01, 
	0x00, 0x00, 0x00, 0x00, 0x00, 0x00, 0x00, 0x00, 0x00, 0x00, 0x00, 0x00, 0x00, 0x00, 0x00, 0x00, 
	0x00, 0x00, 0x00, 0x00, 0x00, 0x00, 0x00, 0x00, 0x00, 0x00, 0x00, 0x00, 0x00, 0x00, 0x00, 0x00
};
// 'arrows-alt-v', 32x32px
const unsigned char fas_32x32_fa_arrows_alt_v [] PROGMEM = {
	0x00, 0x00, 0x00, 0x00, 0x00, 0x00, 0x00, 0x00, 0x00, 0xc0, 0xe0, 0xf0, 0xf8, 0xfc, 0xfe, 0xff, 
	0xff, 0xfe, 0xfc, 0xf8, 0xf0, 0xe0, 0xc0, 0x00, 0x00, 0x00, 0x00, 0x00, 0x00, 0x00, 0x00, 0x00, 
	0x00, 0x00, 0x00, 0x00, 0x00, 0x00, 0x00, 0x00, 0x00, 0x00, 0x00, 0x00, 0x00, 0xff, 0xff, 0xff, 
	0xff, 0xff, 0xff, 0x00, 0x00, 0x00, 0x00, 0x00, 0x00, 0x00, 0x00, 0x00, 0x00, 0x00, 0x00, 0x00, 
	0x00, 0x00, 0x00, 0x00, 0x00, 0x00, 0x00, 0x00, 0x00, 0x00, 0x00, 0x00, 0x00, 0xff, 0xff, 0xff, 
	0xff, 0xff, 0xff, 0x00, 0x00, 0x00, 0x00, 0x00, 0x00, 0x00, 0x00, 0x00, 0x00, 0x00, 0x00, 0x00, 
	0x00, 0x00, 0x00, 0x00, 0x00, 0x00, 0x00, 0x00, 0x00, 0x03, 0x07, 0x0f, 0x1f, 0x3f, 0x7f, 0xff, 
	0xff, 0x7f, 0x3f, 0x1f, 0x0f, 0x07, 0x03, 0x00, 0x00, 0x00, 0x00, 0x00, 0x00, 0x00, 0x00, 0x00
};
// 'arrow-up', 32x32px
const unsigned char fas_32x32_fa_arrow_up [] PROGMEM = {
	0x00, 0x00, 0x00, 0x00, 0x00, 0x00, 0x00, 0x00, 0x00, 0x00, 0x80, 0xc0, 0xe0, 0xf0, 0xf8, 0xfc, 
	0xfc, 0xf8, 0xf0, 0xe0, 0xc0, 0x80, 0x00, 0x00, 0x00, 0x00, 0x00, 0x00, 0x00, 0x00, 0x00, 0x00, 
	0x00, 0x00, 0x80, 0xc0, 0xe0, 0xf0, 0xf8, 0xfc, 0xfe, 0x7f, 0x3f, 0x1f, 0x0f, 0xff, 0xff, 0xff, 
	0xff, 0xff, 0xff, 0x0f, 0x1f, 0x3f, 0x7f, 0xfe, 0xfc, 0xf8, 0xf0, 0xe0, 0xc0, 0x80, 0x00, 0x00, 
	0x00, 0x00, 0x00, 0x01, 0x03, 0x07, 0x03, 0x01, 0x00, 0x00, 0x00, 0x00, 0x00, 0xff, 0xff, 0xff, 
	0xff, 0xff, 0xff, 0x00, 0x00, 0x00, 0x00, 0x00, 0x01, 0x03, 0x07, 0x03, 0x01, 0x00, 0x00, 0x00, 
	0x00, 0x00, 0x00, 0x00, 0x00, 0x00, 0x00, 0x00, 0x00, 0x00, 0x00, 0x00, 0x00, 0x0f, 0x3f, 0x3f, 
	0x3f, 0x3f, 0x0f, 0x00, 0x00, 0x00, 0x00, 0x00, 0x00, 0x00, 0x00, 0x00, 0x00, 0x00, 0x00, 0x00
};
// 'assistive-listening-systems', 32x32px
const unsigned char fas_32x32_fa_assistive_listening_systems [] PROGMEM = {
	0x00, 0x00, 0x00, 0x00, 0x00, 0x00, 0x00, 0x00, 0x80, 0x80, 0xc0, 0xc0, 0xc0, 0xe0, 0xe0, 0xe0, 
	0xe0, 0xe0, 0xc6, 0xc7, 0x8f, 0x8f, 0x1e, 0x3e, 0x7c, 0xf8, 0xf0, 0xe0, 0xc0, 0x80, 0x00, 0x00, 
	0x00, 0x00, 0x00, 0x00, 0xe0, 0xf8, 0xfe, 0xff, 0x1f, 0x07, 0xc3, 0xe3, 0xf1, 0xf9, 0x79, 0x79, 
	0xf9, 0xf1, 0xe3, 0xc3, 0x07, 0x1f, 0xff, 0xfe, 0xf8, 0xe0, 0x01, 0x07, 0xff, 0xff, 0xfe, 0xf0, 
	0x00, 0x00, 0x00, 0x80, 0x81, 0x83, 0x03, 0x00, 0x60, 0xf0, 0xf1, 0x63, 0x03, 0x00, 0x00, 0x00, 
	0x00, 0x03, 0x83, 0xe1, 0xf0, 0xf8, 0xff, 0x7f, 0x1f, 0x07, 0x00, 0x00, 0x00, 0x03, 0x03, 0x03, 
	0xe0, 0xf0, 0xf0, 0x63, 0x07, 0x0f, 0x1f, 0x1e, 0x1c, 0x00, 0x00, 0x00, 0x00, 0xe0, 0xe0, 0xf0, 
	0xf0, 0xf8, 0x7f, 0x3f, 0x1f, 0x03, 0x00, 0x00, 0x00, 0x00, 0x00, 0x00, 0x00, 0x00, 0x00, 0x00
};
// 'asterisk', 32x32px
const unsigned char fas_32x32_fa_asterisk [] PROGMEM = {
	0x00, 0x00, 0x80, 0xc0, 0xc0, 0x80, 0x80, 0x00, 0x00, 0x00, 0x00, 0x00, 0x00, 0xfe, 0xff, 0xff, 
	0xff, 0xff, 0xfe, 0x00, 0x00, 0x00, 0x00, 0x00, 0x00, 0x80, 0x80, 0xc0, 0xc0, 0x80, 0x00, 0x00, 
	0x00, 0x02, 0x07, 0x0f, 0x0f, 0x1f, 0x3f, 0x3f, 0x7e, 0x7e, 0xfc, 0xfc, 0xf8, 0xff, 0xff, 0xff, 
	0xff, 0xff, 0xff, 0xf8, 0xfc, 0xfc, 0x7e, 0x7e, 0x3f, 0x3f, 0x1f, 0x0f, 0x0f, 0x07, 0x02, 0x00, 
	0x00, 0x40, 0xe0, 0xf0, 0xf0, 0xf8, 0xfc, 0xfc, 0x7e, 0x7e, 0x3f, 0x3f, 0x1f, 0xff, 0xff, 0xff, 
	0xff, 0xff, 0xff, 0x1f, 0x3f, 0x3f, 0x7e, 0x7e, 0xfc, 0xfc, 0xf8, 0xf0, 0xf0, 0xe0, 0x40, 0x00, 
	0x00, 0x00, 0x01, 0x03, 0x03, 0x01, 0x01, 0x00, 0x00, 0x00, 0x00, 0x00, 0x00, 0x7f, 0xff, 0xff, 
	0xff, 0xff, 0x7f, 0x00, 0x00, 0x00, 0x00, 0x00, 0x00, 0x01, 0x01, 0x03, 0x03, 0x01, 0x00, 0x00
};
// 'at', 32x32px
const unsigned char fas_32x32_fa_at [] PROGMEM = {
	0x00, 0x00, 0x00, 0x80, 0xc0, 0xe0, 0xf0, 0xf8, 0x7c, 0x7c, 0x3e, 0x1e, 0x1e, 0x1e, 0x1f, 0x1f, 
	0x1f, 0x1f, 0x1e, 0x1e, 0x1e, 0x3e, 0x3c, 0x7c, 0xf8, 0xf8, 0xf0, 0xe0, 0xc0, 0x80, 0x00, 0x00, 
	0xc0, 0xfc, 0xff, 0xff, 0xff, 0x07, 0x03, 0xc0, 0xf0, 0xf8, 0xfc, 0xfe, 0xff, 0x3f, 0x1f, 0x1f, 
	0x1f, 0x1f, 0xfe, 0xfe, 0xff, 0xff, 0xff, 0xfe, 0x00, 0x01, 0x03, 0xff, 0xff, 0xff, 0xfe, 0xe0, 
	0x03, 0x3f, 0xff, 0xff, 0xff, 0xe0, 0xc0, 0x0f, 0x3f, 0x7f, 0xff, 0xff, 0xfc, 0xf8, 0xf8, 0x78, 
	0x78, 0x3c, 0x7f, 0x7f, 0xff, 0xff, 0xff, 0xf0, 0xf0, 0x78, 0x7c, 0x3f, 0x3f, 0x1f, 0x07, 0x00, 
	0x00, 0x00, 0x00, 0x01, 0x03, 0x07, 0x0f, 0x1f, 0x3e, 0x3e, 0x7c, 0x78, 0x78, 0x78, 0xf8, 0xf8, 
	0xf8, 0xf8, 0x78, 0x78, 0x78, 0x7c, 0x3c, 0x3c, 0x1c, 0x00, 0x00, 0x00, 0x00, 0x00, 0x00, 0x00
};
// 'atlas', 32x32px
const unsigned char fas_32x32_fa_atlas [] PROGMEM = {
	0x00, 0x00, 0xf8, 0xfc, 0xfe, 0xff, 0xff, 0xff, 0xff, 0x7f, 0x3f, 0x1f, 0x9f, 0x0f, 0x0f, 0x8f, 
	0x8f, 0x0f, 0x0f, 0x9f, 0x1f, 0x3f, 0x7f, 0xff, 0xff, 0xff, 0xff, 0xff, 0xff, 0xff, 0x00, 0x00, 
	0x00, 0x00, 0xff, 0xff, 0xff, 0xff, 0xff, 0xff, 0x81, 0x00, 0x24, 0xe7, 0xe7, 0x00, 0x00, 0xe7, 
	0xe7, 0x00, 0x00, 0xe7, 0xe7, 0x24, 0x00, 0x81, 0xff, 0xff, 0xff, 0xff, 0xff, 0xff, 0x00, 0x00, 
	0x00, 0x00, 0xff, 0xff, 0xff, 0xff, 0xff, 0xff, 0xff, 0xfe, 0xfc, 0xf8, 0xf9, 0xf0, 0xf0, 0xf1, 
	0xf1, 0xf0, 0xf0, 0xf9, 0xf8, 0xfc, 0xfe, 0xff, 0xff, 0xff, 0xff, 0xff, 0xff, 0xff, 0x00, 0x00, 
	0x00, 0x00, 0x1f, 0x3f, 0x7f, 0xff, 0xf9, 0xf0, 0xf0, 0xf0, 0xf0, 0xf0, 0xf0, 0xf0, 0xf0, 0xf0, 
	0xf0, 0xf0, 0xf0, 0xf0, 0xf0, 0xf0, 0xf0, 0xf0, 0xf0, 0xf0, 0xff, 0xff, 0xff, 0xf0, 0x00, 0x00
};
// 'atom', 32x32px
const unsigned char fas_32x32_fa_atom [] PROGMEM = {
	0x00, 0x00, 0x00, 0x80, 0xc0, 0xc0, 0xe0, 0xe0, 0xe0, 0xe0, 0xf0, 0xfc, 0xfe, 0xfe, 0xdf, 0x8f, 
	0x8f, 0xdf, 0xfe, 0xfe, 0xfc, 0xf0, 0xe0, 0xe0, 0xe0, 0xe0, 0xc0, 0xc0, 0x80, 0x00, 0x00, 0x00, 
	0x00, 0x00, 0x1f, 0x7f, 0xff, 0xff, 0xf3, 0xf1, 0xff, 0xff, 0xff, 0x3f, 0x1f, 0x0f, 0x87, 0xc7, 
	0xc7, 0x87, 0x0f, 0x1f, 0x3f, 0xff, 0xff, 0xff, 0xf1, 0xf3, 0xff, 0xff, 0x7f, 0x1f, 0x00, 0x00, 
	0x00, 0x00, 0xf8, 0xfe, 0xff, 0xff, 0xcf, 0x8f, 0xff, 0xff, 0xff, 0xfc, 0xf8, 0xf0, 0xe1, 0xe3, 
	0xe3, 0xe1, 0xf0, 0xf8, 0xfc, 0xff, 0xff, 0xff, 0x8f, 0xcf, 0xff, 0xff, 0xfe, 0xf8, 0x00, 0x00, 
	0x00, 0x00, 0x00, 0x01, 0x03, 0x03, 0x07, 0x07, 0x07, 0x07, 0x0f, 0x3f, 0x7f, 0x7f, 0xfb, 0xf1, 
	0xf1, 0xfb, 0x7f, 0x7f, 0x3f, 0x0f, 0x07, 0x07, 0x07, 0x07, 0x03, 0x03, 0x01, 0x00, 0x00, 0x00
};
// 'audio-description', 32x32px
const unsigned char fas_32x32_fa_audio_description [] PROGMEM = {
	0xe0, 0xf0, 0xf0, 0xf0, 0xf0, 0xf0, 0xf0, 0xf0, 0xf0, 0xf0, 0xf0, 0xf0, 0xf0, 0xf0, 0xf0, 0xf0, 
	0xf0, 0xf0, 0xf0, 0xf0, 0xf0, 0xf0, 0xf0, 0xf0, 0xf0, 0xf0, 0xf0, 0xf0, 0xf0, 0xf0, 0xf0, 0xe0, 
	0xff, 0xff, 0xff, 0xff, 0xff, 0xff, 0x7f, 0x0f, 0x03, 0x83, 0x03, 0x03, 0x1f, 0xff, 0xff, 0xff, 
	0x07, 0x03, 0x03, 0x03, 0xe3, 0xe3, 0xc3, 0x07, 0x07, 0x0f, 0x3f, 0xff, 0xff, 0xff, 0xff, 0xff, 
	0xff, 0xff, 0xff, 0xff, 0xff, 0xc3, 0xc0, 0xc0, 0xf0, 0xf1, 0xf1, 0xf0, 0xc0, 0xc0, 0xc7, 0xff, 
	0xe0, 0xc0, 0xc0, 0xc0, 0xc7, 0xc7, 0xc3, 0xe0, 0xe0, 0xf0, 0xfc, 0xff, 0xff, 0xff, 0xff, 0xff, 
	0x07, 0x0f, 0x0f, 0x0f, 0x0f, 0x0f, 0x0f, 0x0f, 0x0f, 0x0f, 0x0f, 0x0f, 0x0f, 0x0f, 0x0f, 0x0f, 
	0x0f, 0x0f, 0x0f, 0x0f, 0x0f, 0x0f, 0x0f, 0x0f, 0x0f, 0x0f, 0x0f, 0x0f, 0x0f, 0x0f, 0x0f, 0x07
};
// 'award', 32x32px
const unsigned char fas_32x32_fa_award [] PROGMEM = {
	0x00, 0x00, 0x00, 0x00, 0x00, 0x80, 0xc0, 0xf0, 0xf8, 0xfc, 0xfc, 0x7e, 0x3f, 0x3f, 0x1f, 0x1f, 
	0x1f, 0x1f, 0x3f, 0x3f, 0x7e, 0xfc, 0xfc, 0xf8, 0xf0, 0xc0, 0x80, 0x00, 0x00, 0x00, 0x00, 0x00, 
	0x00, 0x00, 0x00, 0x00, 0x00, 0x7f, 0xff, 0xff, 0xff, 0xff, 0xe1, 0x80, 0x00, 0x00, 0x00, 0x00, 
	0x00, 0x00, 0x00, 0x00, 0x80, 0xe1, 0xff, 0xff, 0xff, 0xff, 0x7f, 0x00, 0x00, 0x00, 0x00, 0x00, 
	0x00, 0x00, 0x00, 0x00, 0x00, 0x00, 0xc0, 0xe7, 0xcf, 0xcf, 0x8f, 0x1f, 0x3f, 0x3f, 0x3e, 0x1e, 
	0x1e, 0x3e, 0x3f, 0x3f, 0x1f, 0x8f, 0xcf, 0xcf, 0xe7, 0xc0, 0x00, 0x00, 0x00, 0x00, 0x00, 0x00, 
	0x00, 0x00, 0x00, 0x00, 0x18, 0x1f, 0x1f, 0x1f, 0x3f, 0x7f, 0xff, 0xff, 0x7f, 0x0f, 0x03, 0x00, 
	0x00, 0x03, 0x0f, 0x7f, 0xff, 0xff, 0x7f, 0x3f, 0x1f, 0x1f, 0x1f, 0x18, 0x00, 0x00, 0x00, 0x00
};
// 'baby', 32x32px
const unsigned char fas_32x32_fa_baby [] PROGMEM = {
	0x00, 0x00, 0x00, 0x00, 0x00, 0x00, 0x00, 0x00, 0x00, 0x00, 0x00, 0x78, 0xfe, 0xfe, 0xff, 0xff, 
	0xff, 0xff, 0xfe, 0xfe, 0x78, 0x00, 0x00, 0x00, 0x00, 0x00, 0x00, 0x00, 0x00, 0x00, 0x00, 0x00, 
	0x00, 0x00, 0x00, 0x00, 0x0e, 0x1f, 0x3f, 0x3f, 0x7e, 0x7e, 0xfc, 0xf8, 0xf9, 0xf1, 0xf3, 0xf3, 
	0xf3, 0xf3, 0xf1, 0xf9, 0xf8, 0xfc, 0x7e, 0x7e, 0x3f, 0x3f, 0x1f, 0x0e, 0x00, 0x00, 0x00, 0x00, 
	0x00, 0x00, 0x00, 0x00, 0x00, 0x00, 0x00, 0x00, 0x80, 0xe0, 0xe0, 0xe3, 0xc3, 0x83, 0x03, 0x03, 
	0x03, 0x03, 0x83, 0xc3, 0xe3, 0xe0, 0xe0, 0x80, 0x00, 0x00, 0x00, 0x00, 0x00, 0x00, 0x00, 0x00, 
	0x00, 0x00, 0x00, 0x00, 0x00, 0x00, 0x00, 0x07, 0x0f, 0x3f, 0x7f, 0xff, 0xff, 0xf9, 0x70, 0x00, 
	0x00, 0x70, 0xf9, 0xff, 0xff, 0x7f, 0x3f, 0x0f, 0x07, 0x00, 0x00, 0x00, 0x00, 0x00, 0x00, 0x00
};
// 'baby-carriage', 32x32px
const unsigned char fas_32x32_fa_baby_carriage [] PROGMEM = {
	0x00, 0xc0, 0xf0, 0xf8, 0xfe, 0xff, 0xff, 0xff, 0xff, 0xfc, 0xf8, 0xe0, 0xc0, 0x00, 0x00, 0x00, 
	0x00, 0x00, 0x00, 0x00, 0x00, 0x00, 0x00, 0x00, 0x00, 0x80, 0xc0, 0xc0, 0xc0, 0xc0, 0xc0, 0xc0, 
	0xcf, 0xcf, 0xcf, 0xcf, 0xcf, 0xcf, 0xcf, 0xcf, 0xcf, 0xcf, 0xcf, 0xcf, 0xcf, 0xcf, 0xcc, 0xc8, 
	0xc0, 0xc0, 0xc0, 0xc0, 0xc0, 0xc0, 0xc0, 0xc0, 0xff, 0xff, 0xff, 0xff, 0x03, 0x03, 0x03, 0x03, 
	0x01, 0x87, 0x9f, 0xff, 0xff, 0xff, 0xff, 0xff, 0xff, 0xff, 0xff, 0xff, 0xff, 0xff, 0xff, 0xff, 
	0xff, 0xff, 0xff, 0xff, 0xff, 0xff, 0xff, 0xff, 0xff, 0x9f, 0x87, 0x01, 0x00, 0x00, 0x00, 0x00, 
	0x1e, 0x7f, 0x7f, 0xf3, 0xe1, 0xe1, 0xf3, 0x7f, 0x7f, 0x1f, 0x03, 0x03, 0x03, 0x03, 0x03, 0x03, 
	0x03, 0x03, 0x1f, 0x7f, 0x7f, 0xf3, 0xe1, 0xe1, 0xf3, 0x7f, 0x7f, 0x1e, 0x00, 0x00, 0x00, 0x00
};
// 'backspace', 32x32px
const unsigned char fas_32x32_fa_backspace [] PROGMEM = {
	0x00, 0x00, 0x00, 0x00, 0x00, 0x00, 0x00, 0x00, 0x80, 0xc0, 0xc0, 0xc0, 0xc0, 0xc0, 0xc0, 0xc0, 
	0xc0, 0xc0, 0xc0, 0xc0, 0xc0, 0xc0, 0xc0, 0xc0, 0xc0, 0xc0, 0xc0, 0xc0, 0xc0, 0xc0, 0x80, 0x00, 
	0x80, 0xc0, 0xe0, 0xf0, 0xf8, 0xfc, 0xfe, 0xff, 0xff, 0xff, 0xff, 0xff, 0xff, 0xff, 0xe7, 0xc3, 
	0x07, 0x0f, 0x1f, 0x1f, 0x0f, 0x07, 0x87, 0xc7, 0xef, 0xff, 0xff, 0xff, 0xff, 0xff, 0xff, 0xff, 
	0x01, 0x03, 0x07, 0x0f, 0x1f, 0x3f, 0x7f, 0xff, 0xff, 0xff, 0xff, 0xff, 0xff, 0xff, 0xe7, 0xc3, 
	0xe0, 0xf0, 0xf8, 0xf8, 0xf0, 0xe0, 0xe1, 0xe3, 0xf7, 0xff, 0xff, 0xff, 0xff, 0xff, 0xff, 0xff, 
	0x00, 0x00, 0x00, 0x00, 0x00, 0x00, 0x00, 0x00, 0x01, 0x03, 0x03, 0x03, 0x03, 0x03, 0x03, 0x03, 
	0x03, 0x03, 0x03, 0x03, 0x03, 0x03, 0x03, 0x03, 0x03, 0x03, 0x03, 0x03, 0x03, 0x03, 0x01, 0x00
};
// 'backward', 32x32px
const unsigned char fas_32x32_fa_backward [] PROGMEM = {
	0x00, 0x00, 0x00, 0x00, 0x00, 0x00, 0x00, 0x00, 0x00, 0x80, 0xc0, 0xe0, 0xe0, 0xf0, 0xf0, 0xe0, 
	0x00, 0x00, 0x00, 0x00, 0x00, 0x00, 0x00, 0x00, 0x00, 0x80, 0xc0, 0xe0, 0xe0, 0xf0, 0xf0, 0xe0, 
	0x80, 0xc0, 0xe0, 0xf0, 0xf8, 0xfc, 0xfc, 0xfe, 0xff, 0xff, 0xff, 0xff, 0xff, 0xff, 0xff, 0xff, 
	0xc0, 0xc0, 0xe0, 0xf0, 0xf8, 0xfc, 0xfc, 0xfe, 0xff, 0xff, 0xff, 0xff, 0xff, 0xff, 0xff, 0xff, 
	0x01, 0x03, 0x07, 0x0f, 0x1f, 0x3f, 0x3f, 0x7f, 0xff, 0xff, 0xff, 0xff, 0xff, 0xff, 0xff, 0xff, 
	0x03, 0x03, 0x07, 0x0f, 0x1f, 0x3f, 0x3f, 0x7f, 0xff, 0xff, 0xff, 0xff, 0xff, 0xff, 0xff, 0xff, 
	0x00, 0x00, 0x00, 0x00, 0x00, 0x00, 0x00, 0x00, 0x00, 0x01, 0x03, 0x07, 0x07, 0x0f, 0x0f, 0x07, 
	0x00, 0x00, 0x00, 0x00, 0x00, 0x00, 0x00, 0x00, 0x00, 0x01, 0x03, 0x07, 0x07, 0x0f, 0x0f, 0x07
};
// 'bacon', 32x32px
const unsigned char fas_32x32_fa_bacon [] PROGMEM = {
	0x00, 0x00, 0x00, 0x00, 0x00, 0x00, 0x00, 0x00, 0x00, 0x00, 0x00, 0x00, 0x00, 0x00, 0x00, 0x80, 
	0xc0, 0xc0, 0xe0, 0xf0, 0xf0, 0xf8, 0xf8, 0x7c, 0x7c, 0x3c, 0x38, 0x90, 0x80, 0xc0, 0x80, 0x00, 
	0x00, 0x00, 0x00, 0x00, 0x00, 0x00, 0x00, 0x00, 0x00, 0x00, 0x80, 0xe0, 0xf8, 0xfe, 0xff, 0x7f, 
	0x1f, 0x8f, 0xe7, 0xf3, 0xf9, 0xfc, 0xfc, 0x7e, 0x3e, 0x1f, 0x1f, 0x1f, 0x0f, 0x0f, 0x07, 0x03, 
	0xc0, 0xe0, 0xf0, 0xf0, 0xf8, 0xf8, 0xf8, 0x7c, 0x7e, 0x3f, 0x3f, 0x9f, 0xcf, 0xe7, 0xf1, 0xf8, 
	0xfe, 0xff, 0x7f, 0x1f, 0x07, 0x01, 0x00, 0x00, 0x00, 0x00, 0x00, 0x00, 0x00, 0x00, 0x00, 0x00, 
	0x00, 0x01, 0x03, 0x01, 0x09, 0x1c, 0x3c, 0x3e, 0x3e, 0x1f, 0x1f, 0x0f, 0x0f, 0x07, 0x03, 0x03, 
	0x01, 0x00, 0x00, 0x00, 0x00, 0x00, 0x00, 0x00, 0x00, 0x00, 0x00, 0x00, 0x00, 0x00, 0x00, 0x00
};
// 'bacteria', 32x32px
const unsigned char fas_32x32_fa_bacteria [] PROGMEM = {
	0x00, 0x00, 0x00, 0x00, 0x00, 0x00, 0xc0, 0xc0, 0xc0, 0xe0, 0xf0, 0xf0, 0xf0, 0xf0, 0xf8, 0xf8, 
	0xe0, 0xc0, 0xc0, 0x00, 0x00, 0x00, 0x00, 0x00, 0x00, 0x00, 0x00, 0x00, 0x00, 0x00, 0x00, 0x00, 
	0x00, 0xe0, 0xf0, 0xfe, 0xfe, 0x1f, 0x1f, 0x9f, 0xff, 0xff, 0xfb, 0x3f, 0x3f, 0x3f, 0x1f, 0x0f, 
	0x0f, 0x1f, 0x00, 0x00, 0x00, 0x80, 0xc8, 0xf8, 0xf8, 0xf8, 0xf8, 0xfc, 0xfc, 0xf0, 0xe0, 0x60, 
	0x06, 0x07, 0x0f, 0x3f, 0x3f, 0x1f, 0x1f, 0x1f, 0x1f, 0x13, 0x01, 0x00, 0x00, 0x00, 0xf8, 0xf0, 
	0xf0, 0xf8, 0xfc, 0xbc, 0x1c, 0x1f, 0xff, 0xff, 0xff, 0xff, 0xff, 0x7f, 0x7f, 0x0f, 0x07, 0x00, 
	0x00, 0x00, 0x00, 0x00, 0x00, 0x00, 0x00, 0x00, 0x00, 0x00, 0x00, 0x00, 0x00, 0x03, 0x03, 0x07, 
	0x1f, 0x1f, 0x0f, 0x0f, 0x0f, 0x0f, 0x07, 0x03, 0x03, 0x03, 0x00, 0x00, 0x00, 0x00, 0x00, 0x00
};
// 'bacterium', 32x32px
const unsigned char fas_32x32_fa_bacterium [] PROGMEM = {
	0x00, 0x00, 0x00, 0x00, 0x00, 0x00, 0x00, 0x00, 0x00, 0x00, 0xe0, 0xe0, 0xe0, 0xe0, 0xe0, 0xf0, 
	0xfe, 0xfe, 0xfc, 0xfc, 0xfc, 0xfc, 0xfc, 0xfe, 0xff, 0xff, 0xf8, 0xf0, 0xe0, 0xe0, 0xe0, 0xc0, 
	0x00, 0x00, 0x00, 0x00, 0x8c, 0xfc, 0xfc, 0xfc, 0xfe, 0xff, 0xff, 0xff, 0xff, 0xff, 0xcf, 0xcf, 
	0xff, 0xff, 0xff, 0xff, 0xff, 0xff, 0xff, 0xff, 0xff, 0xff, 0x7f, 0x7f, 0xff, 0xef, 0x00, 0x00, 
	0x00, 0x87, 0xff, 0xff, 0xff, 0xff, 0xff, 0xc3, 0x81, 0x81, 0x81, 0x81, 0xc3, 0xff, 0xff, 0xff, 
	0x7f, 0x7f, 0x67, 0x03, 0x03, 0x07, 0x07, 0x02, 0x00, 0x00, 0x00, 0x00, 0x00, 0x00, 0x00, 0x00, 
	0x03, 0x07, 0x07, 0x07, 0x0f, 0x1f, 0xff, 0xff, 0x7f, 0x3f, 0x3f, 0x3f, 0x1f, 0x3f, 0x3f, 0x3b, 
	0x00, 0x00, 0x00, 0x00, 0x00, 0x00, 0x00, 0x00, 0x00, 0x00, 0x00, 0x00, 0x00, 0x00, 0x00, 0x00
};
// 'bahai', 32x32px
const unsigned char fas_32x32_fa_bahai [] PROGMEM = {
	0x00, 0x00, 0x00, 0x00, 0x00, 0x30, 0xf0, 0xf0, 0xe0, 0xe0, 0xc0, 0x80, 0x80, 0xe0, 0xfc, 0xff, 
	0xff, 0xfc, 0xe0, 0x80, 0x80, 0xc0, 0xe0, 0xe0, 0xf0, 0xf0, 0x30, 0x00, 0x00, 0x00, 0x00, 0x00, 
	0x60, 0x60, 0xf0, 0xf0, 0xf0, 0xf0, 0xf0, 0xff, 0xff, 0xff, 0xff, 0x7f, 0x7f, 0x1f, 0x1f, 0x0f, 
	0x0f, 0x1f, 0x1f, 0x7f, 0x7f, 0xff, 0xff, 0xff, 0xff, 0xf0, 0xf0, 0xf0, 0xf0, 0xf0, 0x60, 0x60, 
	0x00, 0x00, 0x80, 0xc0, 0xe1, 0xf9, 0xff, 0xff, 0xff, 0xff, 0xff, 0xff, 0xfa, 0xf8, 0xe0, 0xf0, 
	0xf0, 0xe0, 0xf8, 0xfa, 0xff, 0xff, 0xff, 0xff, 0xff, 0xff, 0xf9, 0xe1, 0xc0, 0x80, 0x00, 0x00, 
	0x00, 0x00, 0x01, 0x01, 0x01, 0x01, 0x01, 0x00, 0x00, 0x00, 0xff, 0xff, 0x7f, 0x1f, 0x0f, 0x07, 
	0x07, 0x0f, 0x1f, 0x7f, 0xff, 0xff, 0x00, 0x00, 0x00, 0x01, 0x01, 0x01, 0x01, 0x01, 0x00, 0x00
};
// 'balance-scale', 32x32px
const unsigned char fas_32x32_fa_balance_scale [] PROGMEM = {
	0x00, 0x00, 0x00, 0x00, 0x00, 0xe0, 0xe0, 0xe0, 0xe0, 0xe0, 0xe0, 0xe0, 0xe0, 0xf0, 0xf8, 0xf8, 
	0xf8, 0xf8, 0xf0, 0xe0, 0xe0, 0xe0, 0xe0, 0xe0, 0xe0, 0xe0, 0xe0, 0x00, 0x00, 0x00, 0x00, 0x00, 
	0x00, 0x00, 0xc0, 0xf0, 0xfc, 0x3c, 0x1c, 0x3c, 0xf8, 0xe0, 0x80, 0x00, 0x01, 0x03, 0xff, 0xff, 
	0xff, 0xff, 0x03, 0x01, 0x00, 0x80, 0xe0, 0xf8, 0x3c, 0x1c, 0x3c, 0xfc, 0xf0, 0xc0, 0x00, 0x00, 
	0x3c, 0x7f, 0x7f, 0xfb, 0xf8, 0xf8, 0xf8, 0xf8, 0xf8, 0xfb, 0x7f, 0x7e, 0x18, 0x00, 0xff, 0xff, 
	0xff, 0xff, 0x00, 0x18, 0x7e, 0x7f, 0xfb, 0xf8, 0xf8, 0xf8, 0xf8, 0xf8, 0xfb, 0x7f, 0x7f, 0x3c, 
	0x00, 0x00, 0x00, 0x00, 0x00, 0x1c, 0x1c, 0x1c, 0x1c, 0x1c, 0x1c, 0x1c, 0x1c, 0x1c, 0x1f, 0x1f, 
	0x1f, 0x1f, 0x1c, 0x1c, 0x1c, 0x1c, 0x1c, 0x1c, 0x1c, 0x1c, 0x1c, 0x00, 0x00, 0x00, 0x00, 0x00
};
// 'balance-scale-left', 32x32px
const unsigned char fas_32x32_fa_balance_scale_left [] PROGMEM = {
	0x00, 0x00, 0x00, 0x00, 0x00, 0x00, 0x00, 0x00, 0x00, 0x00, 0x00, 0x00, 0xe0, 0xf0, 0xf8, 0xf8, 
	0xf8, 0xf8, 0xf0, 0xe0, 0xe0, 0xf0, 0x70, 0x70, 0x78, 0x38, 0x30, 0x00, 0x00, 0x00, 0x00, 0x00, 
	0x00, 0x00, 0x00, 0x00, 0x80, 0x8c, 0xde, 0x9e, 0x0e, 0x0f, 0x0f, 0x07, 0x07, 0x07, 0xff, 0xff, 
	0xff, 0xff, 0x03, 0x01, 0x80, 0xe0, 0xf8, 0x7e, 0x1f, 0x07, 0x0f, 0x3e, 0xf8, 0xe0, 0x80, 0x00, 
	0x80, 0xe0, 0xf8, 0x7e, 0x1f, 0x07, 0x03, 0x07, 0x1f, 0x7c, 0xf0, 0xc0, 0x00, 0x00, 0xff, 0xff, 
	0xff, 0xff, 0x00, 0x0e, 0x1f, 0x3f, 0x3f, 0x3c, 0x3c, 0x7c, 0x3c, 0x3c, 0x3c, 0x3f, 0x1f, 0x0e, 
	0x07, 0x0f, 0x0f, 0x1f, 0x1f, 0x1f, 0x1f, 0x1f, 0x1f, 0x1f, 0x0f, 0x07, 0x03, 0x00, 0x1f, 0x1f, 
	0x1f, 0x1f, 0x1c, 0x1c, 0x1c, 0x1c, 0x1c, 0x1c, 0x1c, 0x1c, 0x1c, 0x00, 0x00, 0x00, 0x00, 0x00
};
// 'balance-scale-right', 32x32px
const unsigned char fas_32x32_fa_balance_scale_right [] PROGMEM = {
	0x00, 0x00, 0x00, 0x00, 0x00, 0x30, 0x38, 0x78, 0x70, 0x70, 0xf0, 0xe0, 0xe0, 0xf0, 0xf8, 0xf8, 
	0xf8, 0xf8, 0xf0, 0xe0, 0x00, 0x00, 0x00, 0x00, 0x00, 0x00, 0x00, 0x00, 0x00, 0x00, 0x00, 0x00, 
	0x00, 0x80, 0xe0, 0xf8, 0x3e, 0x0f, 0x07, 0x1f, 0x7e, 0xf8, 0xe0, 0x80, 0x01, 0x03, 0xff, 0xff, 
	0xff, 0xff, 0x07, 0x07, 0x07, 0x0f, 0x0f, 0x0e, 0x9e, 0xde, 0x8c, 0x80, 0x00, 0x00, 0x00, 0x00, 
	0x0e, 0x1f, 0x3f, 0x3c, 0x3c, 0x3c, 0x7c, 0x3c, 0x3c, 0x3f, 0x3f, 0x1f, 0x0e, 0x00, 0xff, 0xff, 
	0xff, 0xff, 0x00, 0x00, 0xc0, 0xf0, 0x7c, 0x1f, 0x07, 0x03, 0x07, 0x1f, 0x7e, 0xf8, 0xe0, 0x80, 
	0x00, 0x00, 0x00, 0x00, 0x00, 0x1c, 0x1c, 0x1c, 0x1c, 0x1c, 0x1c, 0x1c, 0x1c, 0x1c, 0x1f, 0x1f, 
	0x1f, 0x1f, 0x00, 0x03, 0x07, 0x0f, 0x1f, 0x1f, 0x1f, 0x1f, 0x1f, 0x1f, 0x1f, 0x0f, 0x0f, 0x07
};
// 'ban', 32x32px
const unsigned char fas_32x32_fa_ban [] PROGMEM = {
	0x00, 0x00, 0x00, 0x80, 0xc0, 0xe0, 0xf0, 0xf8, 0xfc, 0xfc, 0x3e, 0x1e, 0x1e, 0x1e, 0x1f, 0x1f, 
	0x1f, 0x1f, 0x1e, 0x1e, 0x1e, 0x3e, 0x7c, 0x7c, 0xf8, 0xf0, 0xe0, 0xc0, 0x80, 0x00, 0x00, 0x00, 
	0xc0, 0xfc, 0xff, 0xff, 0xff, 0x07, 0x03, 0x03, 0x07, 0x0f, 0x1f, 0x3e, 0x7c, 0xf8, 0xf0, 0xe0, 
	0xc0, 0x80, 0x00, 0x00, 0x00, 0x00, 0x00, 0x00, 0x00, 0x03, 0x07, 0xff, 0xff, 0xff, 0xfc, 0xc0, 
	0x03, 0x3f, 0xff, 0xff, 0xff, 0xe0, 0xc0, 0x00, 0x00, 0x00, 0x00, 0x00, 0x00, 0x00, 0x01, 0x03, 
	0x07, 0x0f, 0x1f, 0x3e, 0x7c, 0xf8, 0xf0, 0xe0, 0xc0, 0xc0, 0xe0, 0xff, 0xff, 0xff, 0x3f, 0x03, 
	0x00, 0x00, 0x00, 0x01, 0x03, 0x07, 0x0f, 0x1f, 0x3e, 0x3e, 0x7c, 0x78, 0x78, 0x78, 0xf8, 0xf8, 
	0xf8, 0xf8, 0x78, 0x78, 0x78, 0x7c, 0x3f, 0x3f, 0x1f, 0x0f, 0x07, 0x03, 0x01, 0x00, 0x00, 0x00
};
// 'band-aid', 32x32px
const unsigned char fas_32x32_fa_band_aid [] PROGMEM = {
	0x00, 0x00, 0x00, 0x00, 0x00, 0x00, 0x00, 0x00, 0x00, 0x00, 0x00, 0x00, 0x00, 0x00, 0x00, 0x00, 
	0x00, 0x00, 0x00, 0x00, 0x00, 0x00, 0x00, 0x00, 0x00, 0x00, 0x00, 0x00, 0x00, 0x00, 0x00, 0x00, 
	0xfe, 0xff, 0xff, 0xff, 0xff, 0xff, 0xff, 0xff, 0x00, 0x00, 0xff, 0xff, 0xff, 0x8f, 0xdf, 0xff, 
	0xff, 0xdf, 0x8f, 0xff, 0xff, 0xff, 0x00, 0x00, 0xff, 0xff, 0xff, 0xff, 0xff, 0xff, 0xff, 0xfe, 
	0x7f, 0xff, 0xff, 0xff, 0xff, 0xff, 0xff, 0xff, 0x00, 0x00, 0xff, 0xff, 0xff, 0xf1, 0xfb, 0xff, 
	0xff, 0xfb, 0xf1, 0xff, 0xff, 0xff, 0x00, 0x00, 0xff, 0xff, 0xff, 0xff, 0xff, 0xff, 0xff, 0x7f, 
	0x00, 0x00, 0x00, 0x00, 0x00, 0x00, 0x00, 0x00, 0x00, 0x00, 0x00, 0x00, 0x00, 0x00, 0x00, 0x00, 
	0x00, 0x00, 0x00, 0x00, 0x00, 0x00, 0x00, 0x00, 0x00, 0x00, 0x00, 0x00, 0x00, 0x00, 0x00, 0x00
};
// 'barcode', 32x32px
const unsigned char fas_32x32_fa_barcode [] PROGMEM = {
	0xf0, 0xf0, 0x00, 0x00, 0x00, 0x00, 0xe0, 0x00, 0xf0, 0xf0, 0x00, 0xe0, 0xe0, 0xf0, 0x00, 0x00, 
	0xf0, 0x00, 0xe0, 0xf0, 0x00, 0xf0, 0x00, 0xf0, 0xf0, 0xf0, 0x00, 0xe0, 0xf0, 0xf0, 0xe0, 0xf0, 
	0xff, 0xff, 0x00, 0x00, 0x00, 0x00, 0xff, 0x00, 0xff, 0xff, 0x00, 0xff, 0xff, 0xff, 0x00, 0x00, 
	0xff, 0x00, 0xff, 0xff, 0x00, 0xff, 0x00, 0xff, 0xff, 0xff, 0x00, 0xff, 0xff, 0xff, 0xff, 0xff, 
	0xff, 0xff, 0x00, 0x00, 0x00, 0x00, 0xff, 0x00, 0xff, 0xff, 0x00, 0xff, 0xff, 0xff, 0x00, 0x00, 
	0xff, 0x00, 0xff, 0xff, 0x00, 0xff, 0x00, 0xff, 0xff, 0xff, 0x00, 0xff, 0xff, 0xff, 0xff, 0xff, 
	0x0f, 0x0f, 0x00, 0x00, 0x00, 0x00, 0x07, 0x00, 0x0f, 0x0f, 0x00, 0x07, 0x07, 0x0f, 0x00, 0x00, 
	0x0f, 0x00, 0x07, 0x0f, 0x00, 0x0f, 0x00, 0x0f, 0x0f, 0x0f, 0x00, 0x07, 0x0f, 0x0f, 0x07, 0x0f
};
// 'bars', 32x32px
const unsigned char fas_32x32_fa_bars [] PROGMEM = {
	0x00, 0x00, 0xf0, 0xf0, 0xf0, 0xf0, 0xf0, 0xf0, 0xf0, 0xf0, 0xf0, 0xf0, 0xf0, 0xf0, 0xf0, 0xf0, 
	0xf0, 0xf0, 0xf0, 0xf0, 0xf0, 0xf0, 0xf0, 0xf0, 0xf0, 0xf0, 0xf0, 0xf0, 0xf0, 0xf0, 0x00, 0x00, 
	0x00, 0x00, 0xc0, 0xc0, 0xc0, 0xc0, 0xc0, 0xc0, 0xc0, 0xc0, 0xc0, 0xc0, 0xc0, 0xc0, 0xc0, 0xc0, 
	0xc0, 0xc0, 0xc0, 0xc0, 0xc0, 0xc0, 0xc0, 0xc0, 0xc0, 0xc0, 0xc0, 0xc0, 0xc0, 0xc0, 0x00, 0x00, 
	0x00, 0x00, 0x03, 0x03, 0x03, 0x03, 0x03, 0x03, 0x03, 0x03, 0x03, 0x03, 0x03, 0x03, 0x03, 0x03, 
	0x03, 0x03, 0x03, 0x03, 0x03, 0x03, 0x03, 0x03, 0x03, 0x03, 0x03, 0x03, 0x03, 0x03, 0x00, 0x00, 
	0x00, 0x00, 0x0f, 0x0f, 0x0f, 0x0f, 0x0f, 0x0f, 0x0f, 0x0f, 0x0f, 0x0f, 0x0f, 0x0f, 0x0f, 0x0f, 
	0x0f, 0x0f, 0x0f, 0x0f, 0x0f, 0x0f, 0x0f, 0x0f, 0x0f, 0x0f, 0x0f, 0x0f, 0x0f, 0x0f, 0x00, 0x00
};
// 'baseball-ball', 32x32px
const unsigned char fas_32x32_fa_baseball_ball [] PROGMEM = {
	0x00, 0x00, 0x00, 0x80, 0x80, 0x80, 0x30, 0x78, 0xf8, 0xfc, 0xfc, 0xfe, 0xfe, 0xfe, 0xfe, 0xff, 
	0xff, 0xff, 0xfe, 0xfe, 0xfe, 0xfe, 0xfc, 0xfc, 0xf8, 0x78, 0x30, 0x80, 0x80, 0x80, 0x00, 0x00, 
	0x00, 0xf0, 0xfe, 0xff, 0xff, 0xff, 0xfe, 0xfc, 0x8f, 0x07, 0xff, 0xff, 0xff, 0xff, 0xff, 0xff, 
	0xff, 0xff, 0xff, 0xff, 0xff, 0xff, 0xff, 0x07, 0x8f, 0xfc, 0xfe, 0xff, 0xff, 0xff, 0xfe, 0xf0, 
	0x00, 0x0f, 0x7f, 0xff, 0xff, 0xff, 0x7f, 0x3f, 0x71, 0xf0, 0xff, 0xff, 0xff, 0xff, 0xff, 0xff, 
	0xff, 0xff, 0xff, 0xff, 0xff, 0xff, 0xff, 0xf0, 0x71, 0x3f, 0x7f, 0xff, 0xff, 0xff, 0x7f, 0x0f, 
	0x00, 0x00, 0x00, 0x01, 0x01, 0x01, 0x0c, 0x1e, 0x1f, 0x3f, 0x3f, 0x7f, 0x7f, 0x7f, 0x7f, 0xff, 
	0xff, 0xff, 0x7f, 0x7f, 0x7f, 0x7f, 0x3f, 0x3f, 0x1f, 0x1e, 0x0c, 0x01, 0x01, 0x00, 0x00, 0x00
};
// 'basketball-ball', 32x32px
const unsigned char fas_32x32_fa_basketball_ball [] PROGMEM = {
	0x00, 0x00, 0x00, 0x80, 0xc0, 0x80, 0x00, 0x18, 0x38, 0x7c, 0xfc, 0xfe, 0x7e, 0x1e, 0x00, 0x00, 
	0xe0, 0xfe, 0xff, 0xfe, 0xfe, 0xfe, 0xfc, 0x7c, 0x38, 0x18, 0x00, 0x80, 0xc0, 0x80, 0x00, 0x00, 
	0x00, 0x30, 0x3e, 0x3f, 0x1f, 0x1f, 0x1f, 0x8e, 0x8c, 0xc0, 0xc0, 0xe1, 0xc0, 0x80, 0x0c, 0x1f, 
	0x3f, 0x1f, 0x0f, 0x87, 0xc3, 0xe1, 0xf0, 0xf8, 0xfc, 0xfe, 0xff, 0xff, 0xff, 0x7f, 0x7e, 0x70, 
	0x00, 0x0e, 0x7e, 0xfe, 0xff, 0xff, 0xff, 0x7f, 0x3f, 0x1f, 0x0f, 0x87, 0xc3, 0xe1, 0xf0, 0xf8, 
	0xfc, 0xf8, 0x30, 0x01, 0x03, 0x87, 0x03, 0x03, 0x31, 0x71, 0xf8, 0xf8, 0xf8, 0xfc, 0x7c, 0x0c, 
	0x00, 0x00, 0x00, 0x01, 0x03, 0x01, 0x00, 0x18, 0x1c, 0x3e, 0x3f, 0x7f, 0x7f, 0x7f, 0xff, 0x7f, 
	0x07, 0x00, 0x00, 0x78, 0x7e, 0x7f, 0x3f, 0x3e, 0x1c, 0x18, 0x00, 0x01, 0x03, 0x01, 0x00, 0x00
};
// 'bath', 32x32px
const unsigned char fas_32x32_fa_bath [] PROGMEM = {
	0x00, 0x00, 0xfc, 0xfe, 0xff, 0x07, 0x07, 0x0f, 0xff, 0xfe, 0xfc, 0xfc, 0xfc, 0xfc, 0xfc, 0x78, 
	0x38, 0x18, 0x00, 0x00, 0x00, 0x00, 0x00, 0x00, 0x00, 0x00, 0x00, 0x00, 0x00, 0x00, 0x00, 0x00, 
	0x00, 0x00, 0xff, 0xff, 0xff, 0x00, 0x00, 0x00, 0x01, 0x0f, 0x0f, 0x07, 0x03, 0x01, 0x00, 0x00, 
	0x00, 0x00, 0x00, 0x00, 0x00, 0x00, 0x00, 0x00, 0x00, 0x00, 0x00, 0x00, 0x00, 0x00, 0x00, 0x00, 
	0x07, 0x07, 0xe7, 0xe7, 0xe7, 0xe7, 0xe7, 0xe7, 0xe7, 0xe7, 0xe7, 0xe7, 0xe7, 0xe7, 0xe7, 0xe7, 
	0xe7, 0xe7, 0xe7, 0xe7, 0xe7, 0xe7, 0xe7, 0xe7, 0xe7, 0xe7, 0xe7, 0xe7, 0xe7, 0xe7, 0x07, 0x07, 
	0x00, 0x00, 0x03, 0x0f, 0xff, 0xff, 0xff, 0xff, 0x3f, 0x3f, 0x3f, 0x3f, 0x3f, 0x3f, 0x3f, 0x3f, 
	0x3f, 0x3f, 0x3f, 0x3f, 0x3f, 0x3f, 0x3f, 0x3f, 0xff, 0xff, 0xff, 0xff, 0x0f, 0x03, 0x00, 0x00
};
// 'battery-empty', 32x32px
const unsigned char fas_32x32_fa_battery_empty [] PROGMEM = {
	0x00, 0x00, 0x00, 0x00, 0x00, 0x00, 0x00, 0x00, 0x00, 0x00, 0x00, 0x00, 0x00, 0x00, 0x00, 0x00, 
	0x00, 0x00, 0x00, 0x00, 0x00, 0x00, 0x00, 0x00, 0x00, 0x00, 0x00, 0x00, 0x00, 0x00, 0x00, 0x00, 
	0xfe, 0xff, 0xff, 0x07, 0x07, 0x07, 0x07, 0x07, 0x07, 0x07, 0x07, 0x07, 0x07, 0x07, 0x07, 0x07, 
	0x07, 0x07, 0x07, 0x07, 0x07, 0x07, 0x07, 0x07, 0x07, 0x07, 0x07, 0x3f, 0x7f, 0xff, 0xf8, 0xf8, 
	0x7f, 0xff, 0xff, 0xe0, 0xe0, 0xe0, 0xe0, 0xe0, 0xe0, 0xe0, 0xe0, 0xe0, 0xe0, 0xe0, 0xe0, 0xe0, 
	0xe0, 0xe0, 0xe0, 0xe0, 0xe0, 0xe0, 0xe0, 0xe0, 0xe0, 0xe0, 0xe0, 0xfc, 0xfe, 0xff, 0x1f, 0x1f, 
	0x00, 0x00, 0x00, 0x00, 0x00, 0x00, 0x00, 0x00, 0x00, 0x00, 0x00, 0x00, 0x00, 0x00, 0x00, 0x00, 
	0x00, 0x00, 0x00, 0x00, 0x00, 0x00, 0x00, 0x00, 0x00, 0x00, 0x00, 0x00, 0x00, 0x00, 0x00, 0x00
};
// 'battery-full', 32x32px
const unsigned char fas_32x32_fa_battery_full [] PROGMEM = {
	0x00, 0x00, 0x00, 0x00, 0x00, 0x00, 0x00, 0x00, 0x00, 0x00, 0x00, 0x00, 0x00, 0x00, 0x00, 0x00, 
	0x00, 0x00, 0x00, 0x00, 0x00, 0x00, 0x00, 0x00, 0x00, 0x00, 0x00, 0x00, 0x00, 0x00, 0x00, 0x00, 
	0xfe, 0xff, 0xff, 0x07, 0x07, 0xe7, 0xe7, 0xe7, 0xe7, 0xe7, 0xe7, 0xe7, 0xe7, 0xe7, 0xe7, 0xe7, 
	0xe7, 0xe7, 0xe7, 0xe7, 0xe7, 0xe7, 0xe7, 0xe7, 0xe7, 0xe7, 0x07, 0x3f, 0x7f, 0xff, 0xf8, 0xf8, 
	0x7f, 0xff, 0xff, 0xe0, 0xe0, 0xe7, 0xe7, 0xe7, 0xe7, 0xe7, 0xe7, 0xe7, 0xe7, 0xe7, 0xe7, 0xe7, 
	0xe7, 0xe7, 0xe7, 0xe7, 0xe7, 0xe7, 0xe7, 0xe7, 0xe7, 0xe7, 0xe0, 0xfc, 0xfe, 0xff, 0x1f, 0x1f, 
	0x00, 0x00, 0x00, 0x00, 0x00, 0x00, 0x00, 0x00, 0x00, 0x00, 0x00, 0x00, 0x00, 0x00, 0x00, 0x00, 
	0x00, 0x00, 0x00, 0x00, 0x00, 0x00, 0x00, 0x00, 0x00, 0x00, 0x00, 0x00, 0x00, 0x00, 0x00, 0x00
};
// 'battery-half', 32x32px
const unsigned char fas_32x32_fa_battery_half [] PROGMEM = {
	0x00, 0x00, 0x00, 0x00, 0x00, 0x00, 0x00, 0x00, 0x00, 0x00, 0x00, 0x00, 0x00, 0x00, 0x00, 0x00, 
	0x00, 0x00, 0x00, 0x00, 0x00, 0x00, 0x00, 0x00, 0x00, 0x00, 0x00, 0x00, 0x00, 0x00, 0x00, 0x00, 
	0xfe, 0xff, 0xff, 0x07, 0x07, 0xe7, 0xe7, 0xe7, 0xe7, 0xe7, 0xe7, 0xe7, 0xe7, 0xe7, 0xe7, 0xe7, 
	0x07, 0x07, 0x07, 0x07, 0x07, 0x07, 0x07, 0x07, 0x07, 0x07, 0x07, 0x3f, 0x7f, 0xff, 0xf8, 0xf8, 
	0x7f, 0xff, 0xff, 0xe0, 0xe0, 0xe7, 0xe7, 0xe7, 0xe7, 0xe7, 0xe7, 0xe7, 0xe7, 0xe7, 0xe7, 0xe7, 
	0xe0, 0xe0, 0xe0, 0xe0, 0xe0, 0xe0, 0xe0, 0xe0, 0xe0, 0xe0, 0xe0, 0xfc, 0xfe, 0xff, 0x1f, 0x1f, 
	0x00, 0x00, 0x00, 0x00, 0x00, 0x00, 0x00, 0x00, 0x00, 0x00, 0x00, 0x00, 0x00, 0x00, 0x00, 0x00, 
	0x00, 0x00, 0x00, 0x00, 0x00, 0x00, 0x00, 0x00, 0x00, 0x00, 0x00, 0x00, 0x00, 0x00, 0x00, 0x00
};
// 'battery-quarter', 32x32px
const unsigned char fas_32x32_fa_battery_quarter [] PROGMEM = {
	0x00, 0x00, 0x00, 0x00, 0x00, 0x00, 0x00, 0x00, 0x00, 0x00, 0x00, 0x00, 0x00, 0x00, 0x00, 0x00, 
	0x00, 0x00, 0x00, 0x00, 0x00, 0x00, 0x00, 0x00, 0x00, 0x00, 0x00, 0x00, 0x00, 0x00, 0x00, 0x00, 
	0xfe, 0xff, 0xff, 0x07, 0x07, 0xe7, 0xe7, 0xe7, 0xe7, 0xe7, 0xe7, 0x07, 0x07, 0x07, 0x07, 0x07, 
	0x07, 0x07, 0x07, 0x07, 0x07, 0x07, 0x07, 0x07, 0x07, 0x07, 0x07, 0x3f, 0x7f, 0xff, 0xf8, 0xf8, 
	0x7f, 0xff, 0xff, 0xe0, 0xe0, 0xe7, 0xe7, 0xe7, 0xe7, 0xe7, 0xe7, 0xe0, 0xe0, 0xe0, 0xe0, 0xe0, 
	0xe0, 0xe0, 0xe0, 0xe0, 0xe0, 0xe0, 0xe0, 0xe0, 0xe0, 0xe0, 0xe0, 0xfc, 0xfe, 0xff, 0x1f, 0x1f, 
	0x00, 0x00, 0x00, 0x00, 0x00, 0x00, 0x00, 0x00, 0x00, 0x00, 0x00, 0x00, 0x00, 0x00, 0x00, 0x00, 
	0x00, 0x00, 0x00, 0x00, 0x00, 0x00, 0x00, 0x00, 0x00, 0x00, 0x00, 0x00, 0x00, 0x00, 0x00, 0x00
};
// 'battery-three-quarters', 32x32px
const unsigned char fas_32x32_fa_battery_three_quarters [] PROGMEM = {
	0x00, 0x00, 0x00, 0x00, 0x00, 0x00, 0x00, 0x00, 0x00, 0x00, 0x00, 0x00, 0x00, 0x00, 0x00, 0x00, 
	0x00, 0x00, 0x00, 0x00, 0x00, 0x00, 0x00, 0x00, 0x00, 0x00, 0x00, 0x00, 0x00, 0x00, 0x00, 0x00, 
	0xfe, 0xff, 0xff, 0x07, 0x07, 0xe7, 0xe7, 0xe7, 0xe7, 0xe7, 0xe7, 0xe7, 0xe7, 0xe7, 0xe7, 0xe7, 
	0xe7, 0xe7, 0xe7, 0xe7, 0xe7, 0x07, 0x07, 0x07, 0x07, 0x07, 0x07, 0x3f, 0x7f, 0xff, 0xf8, 0xf8, 
	0x7f, 0xff, 0xff, 0xe0, 0xe0, 0xe7, 0xe7, 0xe7, 0xe7, 0xe7, 0xe7, 0xe7, 0xe7, 0xe7, 0xe7, 0xe7, 
	0xe7, 0xe7, 0xe7, 0xe7, 0xe7, 0xe0, 0xe0, 0xe0, 0xe0, 0xe0, 0xe0, 0xfc, 0xfe, 0xff, 0x1f, 0x1f, 
	0x00, 0x00, 0x00, 0x00, 0x00, 0x00, 0x00, 0x00, 0x00, 0x00, 0x00, 0x00, 0x00, 0x00, 0x00, 0x00, 
	0x00, 0x00, 0x00, 0x00, 0x00, 0x00, 0x00, 0x00, 0x00, 0x00, 0x00, 0x00, 0x00, 0x00, 0x00, 0x00
};
// 'bed', 32x32px
const unsigned char fas_32x32_fa_bed [] PROGMEM = {
	0xc0, 0xc0, 0xc0, 0x00, 0x00, 0x00, 0x00, 0x00, 0x00, 0x00, 0x00, 0x00, 0x00, 0x00, 0x00, 0x00, 
	0x00, 0x00, 0x00, 0x00, 0x00, 0x00, 0x00, 0x00, 0x00, 0x00, 0x00, 0x00, 0x00, 0x00, 0x00, 0x00, 
	0xff, 0xff, 0xff, 0x00, 0x00, 0x3c, 0x7e, 0xff, 0xff, 0xff, 0xff, 0x7e, 0x3c, 0x00, 0xfc, 0xfe, 
	0xfe, 0xfe, 0xfe, 0xfe, 0xfe, 0xfe, 0xfe, 0xfe, 0xfe, 0xfe, 0xfe, 0xfc, 0xfc, 0xfc, 0xf8, 0xe0, 
	0xff, 0xff, 0xff, 0x7e, 0x3c, 0x7c, 0x7c, 0x7c, 0x7c, 0x7c, 0x7c, 0x7c, 0x7c, 0x7c, 0x7f, 0x7f, 
	0x7f, 0x7f, 0x7f, 0x7f, 0x7f, 0x7f, 0x7f, 0x7f, 0x7f, 0x7f, 0x7f, 0x3f, 0x7f, 0xff, 0xff, 0xff, 
	0x03, 0x03, 0x03, 0x00, 0x00, 0x00, 0x00, 0x00, 0x00, 0x00, 0x00, 0x00, 0x00, 0x00, 0x00, 0x00, 
	0x00, 0x00, 0x00, 0x00, 0x00, 0x00, 0x00, 0x00, 0x00, 0x00, 0x00, 0x00, 0x00, 0x03, 0x03, 0x03
};
// 'beer', 32x32px
const unsigned char fas_32x32_fa_beer [] PROGMEM = {
	0x00, 0x00, 0xfc, 0xfc, 0xfc, 0xfc, 0xfc, 0xfc, 0xfc, 0xfc, 0xfc, 0xfc, 0xfc, 0xfc, 0xfc, 0xfc, 
	0xfc, 0xfc, 0xfc, 0xfc, 0xfc, 0xfc, 0xc0, 0xc0, 0xc0, 0xc0, 0xc0, 0x80, 0x80, 0x00, 0x00, 0x00, 
	0x00, 0x00, 0xff, 0xff, 0xff, 0xff, 0xff, 0xff, 0x00, 0x00, 0xff, 0xff, 0xff, 0xff, 0x00, 0x00, 
	0xff, 0xff, 0xff, 0xff, 0xff, 0xff, 0x03, 0x03, 0x03, 0x03, 0xff, 0xff, 0xff, 0xfe, 0x00, 0x00, 
	0x00, 0x00, 0xff, 0xff, 0xff, 0xff, 0xff, 0xff, 0x00, 0x00, 0xff, 0xff, 0xff, 0xff, 0x00, 0x00, 
	0xff, 0xff, 0xff, 0xff, 0xff, 0xff, 0xe0, 0xe0, 0xf0, 0xf0, 0xff, 0x7f, 0x7f, 0x1f, 0x00, 0x00, 
	0x00, 0x00, 0x3f, 0x3f, 0x3f, 0x3f, 0x3f, 0x3f, 0x3f, 0x3f, 0x3f, 0x3f, 0x3f, 0x3f, 0x3f, 0x3f, 
	0x3f, 0x3f, 0x3f, 0x3f, 0x3f, 0x3f, 0x03, 0x01, 0x01, 0x00, 0x00, 0x00, 0x00, 0x00, 0x00, 0x00
};
// 'bell', 32x32px
const unsigned char fas_32x32_fa_bell [] PROGMEM = {
	0x00, 0x00, 0x00, 0x00, 0x00, 0x00, 0x00, 0x00, 0xc0, 0xe0, 0xe0, 0xf0, 0xf0, 0xf8, 0xfe, 0xff, 
	0xff, 0xfe, 0xf8, 0xf0, 0xf0, 0xe0, 0xe0, 0xc0, 0x00, 0x00, 0x00, 0x00, 0x00, 0x00, 0x00, 0x00, 
	0x00, 0x00, 0x00, 0x00, 0x00, 0x00, 0xfc, 0xff, 0xff, 0xff, 0xff, 0xff, 0xff, 0xff, 0xff, 0xff, 
	0xff, 0xff, 0xff, 0xff, 0xff, 0xff, 0xff, 0xff, 0xff, 0xfc, 0x00, 0x00, 0x00, 0x00, 0x00, 0x00, 
	0x00, 0x00, 0x80, 0xc0, 0xf0, 0xfe, 0xff, 0xff, 0xff, 0xff, 0xff, 0xff, 0xff, 0xff, 0xff, 0xff, 
	0xff, 0xff, 0xff, 0xff, 0xff, 0xff, 0xff, 0xff, 0xff, 0xff, 0xfe, 0xf0, 0xc0, 0x80, 0x00, 0x00, 
	0x00, 0x00, 0x01, 0x03, 0x03, 0x03, 0x03, 0x03, 0x03, 0x03, 0x03, 0x03, 0x33, 0x73, 0xf3, 0xf3, 
	0xf3, 0xf3, 0x73, 0x33, 0x03, 0x03, 0x03, 0x03, 0x03, 0x03, 0x03, 0x03, 0x03, 0x01, 0x00, 0x00
};
// 'bell-slash', 32x32px
const unsigned char fas_32x32_fa_bell_slash [] PROGMEM = {
	0x30, 0x78, 0xf8, 0xf0, 0xe0, 0xc0, 0xc0, 0x80, 0x00, 0x00, 0x00, 0x80, 0xc0, 0xc0, 0xf0, 0xf8, 
	0xf8, 0xf0, 0xc0, 0xc0, 0x80, 0x00, 0x00, 0x00, 0x00, 0x00, 0x00, 0x00, 0x00, 0x00, 0x00, 0x00, 
	0x00, 0x00, 0x00, 0x00, 0x01, 0x03, 0x07, 0x07, 0x0f, 0x1f, 0x3f, 0x7f, 0x7f, 0xff, 0xff, 0xff, 
	0xff, 0xff, 0xff, 0xff, 0xff, 0xff, 0xfe, 0xf8, 0x00, 0x00, 0x00, 0x00, 0x00, 0x00, 0x00, 0x00, 
	0x00, 0x00, 0x00, 0x00, 0x00, 0xe0, 0xf0, 0xfe, 0xff, 0xfe, 0xfc, 0xf8, 0xf8, 0xf0, 0xe1, 0xc3, 
	0xc3, 0x87, 0x0f, 0x1f, 0x3f, 0x3f, 0x7f, 0xff, 0xfc, 0xf0, 0xe0, 0x80, 0x00, 0x00, 0x00, 0x00, 
	0x00, 0x00, 0x00, 0x00, 0x00, 0x00, 0x00, 0x00, 0x00, 0x00, 0x00, 0x00, 0x00, 0x0c, 0x1c, 0x1c, 
	0x1c, 0x1c, 0x0c, 0x00, 0x00, 0x00, 0x00, 0x00, 0x01, 0x03, 0x03, 0x07, 0x0f, 0x1f, 0x1e, 0x0c
};
// 'bezier-curve', 32x32px
const unsigned char fas_32x32_fa_bezier_curve [] PROGMEM = {
	0x80, 0xc0, 0xc0, 0xe0, 0xc0, 0xc0, 0x80, 0x80, 0x80, 0x80, 0x00, 0x00, 0xe0, 0xe0, 0xe0, 0xe0, 
	0xe0, 0xe0, 0xe0, 0xe0, 0x00, 0x00, 0x80, 0x80, 0x80, 0x80, 0xc0, 0xc0, 0xe0, 0xc0, 0xc0, 0x80, 
	0x07, 0x07, 0x0f, 0x0f, 0x0f, 0x87, 0xe3, 0xf3, 0x7b, 0x3f, 0x00, 0x00, 0x0f, 0x1f, 0x1f, 0x1f, 
	0x1f, 0x1f, 0x1f, 0x0f, 0x00, 0x00, 0x3f, 0x7b, 0xf3, 0xe3, 0x87, 0x0f, 0x0f, 0x0f, 0x07, 0x07, 
	0x00, 0x00, 0xf8, 0xf8, 0xf8, 0xfb, 0xfb, 0xf9, 0xf8, 0xf0, 0x00, 0x00, 0x00, 0x00, 0x00, 0x00, 
	0x00, 0x00, 0x00, 0x00, 0x00, 0x00, 0xf0, 0xf8, 0xf9, 0xfb, 0xfb, 0xf8, 0xf8, 0xf8, 0x00, 0x00, 
	0x00, 0x00, 0x07, 0x07, 0x07, 0x07, 0x07, 0x07, 0x07, 0x03, 0x00, 0x00, 0x00, 0x00, 0x00, 0x00, 
	0x00, 0x00, 0x00, 0x00, 0x00, 0x00, 0x03, 0x07, 0x07, 0x07, 0x07, 0x07, 0x07, 0x07, 0x00, 0x00
};
// 'bible', 32x32px
const unsigned char fas_32x32_fa_bible [] PROGMEM = {
	0x00, 0x00, 0xf8, 0xfc, 0xfe, 0xff, 0xff, 0xff, 0xff, 0xff, 0xff, 0xff, 0xff, 0xff, 0xff, 0x0f, 
	0x0f, 0x0f, 0x0f, 0xff, 0xff, 0xff, 0xff, 0xff, 0xff, 0xff, 0xff, 0xff, 0xff, 0xff, 0x00, 0x00, 
	0x00, 0x00, 0xff, 0xff, 0xff, 0xff, 0xff, 0xff, 0xff, 0xff, 0xff, 0xf0, 0xf0, 0xf0, 0xf0, 0x00, 
	0x00, 0x00, 0x00, 0xf0, 0xf0, 0xf0, 0xf0, 0xff, 0xff, 0xff, 0xff, 0xff, 0xff, 0xff, 0x00, 0x00, 
	0x00, 0x00, 0xff, 0xff, 0xff, 0xff, 0xff, 0xff, 0xff, 0xff, 0xff, 0xff, 0xff, 0xff, 0xff, 0xf0, 
	0xf0, 0xf0, 0xf0, 0xff, 0xff, 0xff, 0xff, 0xff, 0xff, 0xff, 0xff, 0xff, 0xff, 0xff, 0x00, 0x00, 
	0x00, 0x00, 0x1f, 0x3f, 0x7f, 0xff, 0xf9, 0xf0, 0xf0, 0xf0, 0xf0, 0xf0, 0xf0, 0xf0, 0xf0, 0xf0, 
	0xf0, 0xf0, 0xf0, 0xf0, 0xf0, 0xf0, 0xf0, 0xf0, 0xf0, 0xf0, 0xff, 0xff, 0xff, 0xf0, 0x00, 0x00
};
// 'bicycle', 32x32px
const unsigned char fas_32x32_fa_bicycle [] PROGMEM = {
	0x00, 0x00, 0x00, 0x00, 0x00, 0x00, 0x00, 0x00, 0x00, 0x00, 0x00, 0x00, 0x00, 0x00, 0x80, 0xc0, 
	0xc0, 0xc0, 0xc0, 0x80, 0x00, 0x00, 0x00, 0x00, 0x00, 0x00, 0x00, 0x00, 0x00, 0x00, 0x00, 0x00, 
	0x00, 0x80, 0xc0, 0xe0, 0xe0, 0x60, 0x62, 0xe7, 0xe7, 0xf7, 0xff, 0x9f, 0x0e, 0x0c, 0x0c, 0x0d, 
	0x8d, 0xcd, 0xff, 0x7f, 0xbe, 0xfc, 0xf0, 0xe0, 0xe0, 0x60, 0x60, 0xe0, 0xe0, 0xc0, 0x80, 0x00, 
	0x3e, 0x7f, 0xf7, 0xc1, 0x80, 0x9c, 0x9f, 0x9f, 0x9f, 0xdd, 0xff, 0x7f, 0x1e, 0x1c, 0x1c, 0x1e, 
	0x0f, 0x03, 0x01, 0x1e, 0x7f, 0xff, 0xc1, 0x83, 0x8f, 0x9e, 0x8c, 0x80, 0xc1, 0xf7, 0x7f, 0x3e, 
	0x00, 0x00, 0x00, 0x01, 0x01, 0x03, 0x03, 0x03, 0x01, 0x01, 0x00, 0x00, 0x00, 0x00, 0x00, 0x00, 
	0x00, 0x00, 0x00, 0x00, 0x00, 0x00, 0x01, 0x01, 0x03, 0x03, 0x03, 0x01, 0x01, 0x00, 0x00, 0x00
};
// 'biking', 32x32px
const unsigned char fas_32x32_fa_biking [] PROGMEM = {
	0x00, 0x00, 0x00, 0x00, 0x00, 0x00, 0x00, 0x00, 0x00, 0x00, 0x00, 0x00, 0x00, 0x00, 0x00, 0x00, 
	0x00, 0x00, 0x78, 0xf8, 0xf8, 0x78, 0x00, 0x00, 0x00, 0x00, 0x00, 0x00, 0x00, 0x00, 0x00, 0x00, 
	0x00, 0x00, 0x00, 0x00, 0x00, 0x00, 0x00, 0x00, 0x00, 0x00, 0xe0, 0xf0, 0xf8, 0xfc, 0xfe, 0xbf, 
	0x1f, 0x1f, 0x1e, 0x3c, 0x3c, 0x38, 0x38, 0x38, 0x38, 0x10, 0x00, 0x00, 0x00, 0x00, 0x00, 0x00, 
	0xf0, 0xfc, 0xfe, 0x1e, 0x0f, 0x07, 0x07, 0x0f, 0x0f, 0xbe, 0xfe, 0xf9, 0xf1, 0x03, 0xff, 0xff, 
	0xff, 0xfe, 0x00, 0xf0, 0xf8, 0xfe, 0xbe, 0x0f, 0x0f, 0x07, 0x07, 0x0f, 0x1e, 0xfe, 0xfc, 0xf0, 
	0x01, 0x07, 0x0f, 0x0f, 0x1e, 0x1c, 0x1c, 0x1e, 0x1e, 0x0f, 0x0f, 0x03, 0x01, 0x00, 0x01, 0x03, 
	0x03, 0x01, 0x00, 0x01, 0x03, 0x0f, 0x0f, 0x1e, 0x1e, 0x1c, 0x1c, 0x1e, 0x0f, 0x0f, 0x07, 0x01
};
// 'binoculars', 32x32px
const unsigned char fas_32x32_fa_binoculars [] PROGMEM = {
	0x00, 0x00, 0x00, 0x00, 0x00, 0x00, 0x3c, 0x3c, 0x3c, 0x3c, 0x3c, 0x3c, 0x00, 0x00, 0x00, 0x00, 
	0x00, 0x00, 0x00, 0x00, 0x3c, 0x3c, 0x3c, 0x3c, 0x3c, 0x3c, 0x00, 0x00, 0x00, 0x00, 0x00, 0x00, 
	0x00, 0x00, 0x00, 0xe0, 0xfe, 0xff, 0xff, 0xff, 0xff, 0xff, 0xff, 0xff, 0x00, 0x00, 0xff, 0xff, 
	0xff, 0xff, 0x00, 0x00, 0xff, 0xff, 0xff, 0xff, 0xff, 0xff, 0xff, 0xfe, 0xe0, 0x00, 0x00, 0x00, 
	0xe0, 0xfc, 0xff, 0xff, 0xff, 0xff, 0xff, 0xff, 0xff, 0xff, 0x03, 0x03, 0x00, 0x00, 0x03, 0x03, 
	0x03, 0x03, 0x00, 0x00, 0x03, 0x03, 0xff, 0xff, 0xff, 0xff, 0xff, 0xff, 0xff, 0xff, 0xfc, 0xe0, 
	0x1f, 0x3f, 0x3f, 0x3f, 0x3f, 0x3f, 0x3f, 0x3f, 0x3f, 0x1f, 0x00, 0x00, 0x00, 0x00, 0x00, 0x00, 
	0x00, 0x00, 0x00, 0x00, 0x00, 0x00, 0x1f, 0x3f, 0x3f, 0x3f, 0x3f, 0x3f, 0x3f, 0x3f, 0x3f, 0x1f
};
// 'biohazard', 32x32px
const unsigned char fas_32x32_fa_biohazard [] PROGMEM = {
	0x00, 0x00, 0x00, 0x00, 0x00, 0x00, 0x00, 0xf0, 0xf8, 0xcc, 0x00, 0x00, 0xc0, 0xc0, 0xc0, 0xe0, 
	0xe0, 0xc0, 0xc0, 0xc0, 0x00, 0x00, 0xcc, 0xf8, 0xf0, 0x00, 0x00, 0x00, 0x00, 0x00, 0x00, 0x00, 
	0x00, 0x80, 0xc0, 0xe0, 0xf0, 0xf0, 0xf8, 0xff, 0xff, 0xff, 0xff, 0xfc, 0xfc, 0xf9, 0x78, 0x38, 
	0x38, 0x78, 0xf9, 0xfc, 0xfc, 0xff, 0xff, 0xff, 0xff, 0xf8, 0xf0, 0xf0, 0xe0, 0xc0, 0x80, 0x00, 
	0x03, 0x01, 0x01, 0x00, 0x00, 0x3e, 0x7e, 0xf8, 0xe0, 0x81, 0x03, 0x07, 0xff, 0xfc, 0xf8, 0xf8, 
	0xf8, 0xf8, 0xfc, 0xff, 0x07, 0x03, 0x81, 0xe0, 0xf8, 0x7e, 0x3e, 0x00, 0x00, 0x01, 0x01, 0x03, 
	0x00, 0x00, 0x00, 0x00, 0x00, 0x00, 0x00, 0x21, 0x33, 0x33, 0x38, 0x3c, 0x1f, 0x1f, 0x0f, 0x07, 
	0x07, 0x0f, 0x1f, 0x1f, 0x3c, 0x38, 0x33, 0x33, 0x21, 0x00, 0x00, 0x00, 0x00, 0x00, 0x00, 0x00
};
// 'birthday-cake', 32x32px
const unsigned char fas_32x32_fa_birthday_cake [] PROGMEM = {
	0x00, 0x00, 0x00, 0x00, 0x00, 0x00, 0x98, 0xbc, 0xbf, 0x9e, 0x00, 0x00, 0x00, 0x00, 0x98, 0xbc, 
	0xbf, 0x9e, 0x00, 0x00, 0x00, 0x00, 0x98, 0xbc, 0xbf, 0x9e, 0x00, 0x00, 0x00, 0x00, 0x00, 0x00, 
	0x00, 0x00, 0x00, 0x00, 0x00, 0x00, 0xff, 0xff, 0xff, 0xff, 0x00, 0x00, 0x00, 0x00, 0xff, 0xff, 
	0xff, 0xff, 0x00, 0x00, 0x00, 0x00, 0xff, 0xff, 0xff, 0xff, 0x00, 0x00, 0x00, 0x00, 0x00, 0x00, 
	0x00, 0x00, 0xfe, 0x7f, 0x7f, 0x3f, 0x3f, 0x3f, 0x3f, 0x7f, 0xff, 0xff, 0xff, 0x7f, 0x3f, 0x3f, 
	0x3f, 0x3f, 0x7f, 0xff, 0xff, 0xff, 0x7f, 0x3f, 0x3f, 0x3f, 0x3f, 0x7f, 0x7f, 0xfe, 0x00, 0x00, 
	0x00, 0x00, 0xfc, 0xfc, 0xfe, 0xff, 0xff, 0xff, 0xfe, 0xfc, 0xfc, 0xfc, 0xfc, 0xfe, 0xfe, 0xff, 
	0xff, 0xfe, 0xfe, 0xfc, 0xfc, 0xfc, 0xfc, 0xfe, 0xff, 0xff, 0xff, 0xfe, 0xfc, 0xfc, 0x00, 0x00
};
// 'blender', 32x32px
const unsigned char fas_32x32_fa_blender [] PROGMEM = {
	0xfe, 0xff, 0xff, 0xff, 0x0f, 0x0f, 0x0f, 0x0f, 0x3f, 0xff, 0xff, 0xff, 0xff, 0xff, 0xff, 0xff, 
	0xff, 0xff, 0xff, 0xff, 0xcf, 0xcf, 0xcf, 0xcf, 0xcf, 0xcf, 0xcf, 0xcf, 0xcf, 0xcf, 0x0f, 0x03, 
	0x7f, 0xff, 0xff, 0xff, 0xf0, 0xf0, 0xf0, 0xf0, 0xf0, 0xff, 0xff, 0xff, 0xff, 0xff, 0xff, 0xff, 
	0xff, 0xff, 0xff, 0xff, 0xf3, 0xf3, 0xf3, 0xf3, 0xf3, 0xf3, 0xf3, 0xf3, 0x13, 0x01, 0x00, 0x00, 
	0x00, 0x00, 0x00, 0x00, 0x00, 0x00, 0x00, 0x00, 0x00, 0x01, 0x3f, 0x3f, 0x3f, 0x3f, 0x3f, 0x3f, 
	0x3f, 0x3f, 0x3f, 0x3f, 0x3c, 0x3c, 0x3c, 0x3c, 0x3c, 0x3c, 0x0c, 0x00, 0x00, 0x00, 0x00, 0x00, 
	0x00, 0x00, 0x00, 0x00, 0x00, 0x00, 0x7c, 0xfe, 0xff, 0xff, 0xff, 0xff, 0xff, 0xff, 0xff, 0xff, 
	0xe7, 0xc3, 0xc3, 0xe7, 0xff, 0xff, 0xff, 0xff, 0xff, 0xff, 0xff, 0xff, 0xfe, 0x7c, 0x00, 0x00
};
// 'blender-phone', 32x32px
const unsigned char fas_32x32_fa_blender_phone [] PROGMEM = {
	0x00, 0xc0, 0xf0, 0xf8, 0xfc, 0xfc, 0xfc, 0xf8, 0x30, 0x00, 0x00, 0xfc, 0xfc, 0xfc, 0xfc, 0xfc, 
	0xfc, 0xfc, 0xfc, 0xfc, 0xfc, 0xbc, 0xbc, 0xbc, 0xbc, 0xbc, 0xbc, 0xbc, 0xbc, 0xbc, 0x1c, 0x0c, 
	0xff, 0xff, 0xff, 0x83, 0x01, 0x01, 0x01, 0x00, 0x00, 0x00, 0x00, 0xff, 0xff, 0xff, 0xff, 0xff, 
	0xff, 0xff, 0xff, 0xff, 0xff, 0xf7, 0xf7, 0xf7, 0xf7, 0xf7, 0xf7, 0xf7, 0x67, 0x07, 0x00, 0x00, 
	0x01, 0x07, 0x1f, 0x3f, 0x7f, 0x7f, 0x7f, 0x3e, 0x18, 0x80, 0x80, 0x9f, 0x9f, 0x9f, 0x9f, 0x9f, 
	0x9f, 0x9f, 0x9f, 0x9f, 0x9f, 0x9e, 0x9c, 0x9c, 0x9c, 0x9c, 0x9c, 0x80, 0x80, 0x00, 0x00, 0x00, 
	0x00, 0x00, 0x00, 0x00, 0x00, 0x00, 0x00, 0x1e, 0x3f, 0x3f, 0x3f, 0x3f, 0x3f, 0x3f, 0x3f, 0x3f, 
	0x3f, 0x31, 0x31, 0x31, 0x3f, 0x3f, 0x3f, 0x3f, 0x3f, 0x3f, 0x3f, 0x3f, 0x3f, 0x3f, 0x00, 0x00
};
// 'blind', 32x32px
const unsigned char fas_32x32_fa_blind [] PROGMEM = {
	0x00, 0x00, 0x00, 0x00, 0x00, 0x00, 0x00, 0x8c, 0xdf, 0xff, 0xff, 0xdf, 0x8c, 0x00, 0x00, 0x00, 
	0x00, 0x00, 0x00, 0x00, 0x00, 0x00, 0x00, 0x00, 0x00, 0x00, 0x00, 0x00, 0x00, 0x00, 0x00, 0x00, 
	0x00, 0x00, 0x00, 0x00, 0xf8, 0xfe, 0xff, 0x0f, 0xff, 0xff, 0xff, 0xff, 0xdf, 0x1f, 0x3e, 0xf8, 
	0xf0, 0xe0, 0x80, 0x00, 0x00, 0x00, 0x00, 0x00, 0x00, 0x00, 0x00, 0x00, 0x00, 0x00, 0x00, 0x00, 
	0x00, 0x00, 0x00, 0x00, 0x07, 0x07, 0x07, 0xe0, 0xff, 0xff, 0xff, 0xff, 0xff, 0xe0, 0x80, 0x00, 
	0x01, 0x03, 0x03, 0x07, 0x18, 0x60, 0xc0, 0x00, 0x00, 0x00, 0x00, 0x00, 0x00, 0x00, 0x00, 0x00, 
	0x00, 0x00, 0x00, 0x00, 0x20, 0xf8, 0xff, 0xff, 0x3f, 0x0f, 0x01, 0x07, 0x1f, 0x7f, 0xff, 0xfc, 
	0x70, 0x00, 0x00, 0x00, 0x00, 0x00, 0x00, 0x03, 0x0e, 0x18, 0x60, 0xc0, 0x00, 0x00, 0x00, 0x00
};
// 'blog', 32x32px
const unsigned char fas_32x32_fa_blog [] PROGMEM = {
	0xc0, 0xc0, 0xc0, 0xc0, 0xc0, 0xc0, 0x00, 0x00, 0x00, 0x00, 0x00, 0x00, 0xcf, 0xcf, 0xcf, 0xcf, 
	0x9f, 0x9e, 0x1e, 0x3e, 0x3c, 0x7c, 0xf8, 0xf0, 0xf0, 0xe0, 0xc0, 0x80, 0x00, 0x00, 0x00, 0x00, 
	0xff, 0xff, 0xff, 0xff, 0xff, 0xff, 0x00, 0x00, 0x00, 0x80, 0xc0, 0xc0, 0x83, 0x83, 0x03, 0x07, 
	0x07, 0x0f, 0x0f, 0x1f, 0x7e, 0xfc, 0xf8, 0xf1, 0xc3, 0x07, 0x1f, 0xff, 0xfe, 0xfc, 0xf0, 0x80, 
	0xff, 0xff, 0xff, 0xff, 0xff, 0xff, 0x00, 0x00, 0x00, 0x0f, 0x0f, 0x1f, 0xff, 0xff, 0xff, 0xfe, 
	0xfc, 0xf0, 0x00, 0x00, 0x00, 0x01, 0x0f, 0x0f, 0x0f, 0x0f, 0x00, 0x00, 0x0f, 0x0f, 0x0f, 0x0f, 
	0x03, 0x0f, 0x1f, 0x3f, 0x7f, 0x7f, 0xfe, 0xfc, 0xfc, 0xfc, 0xfc, 0xfe, 0x7f, 0x7f, 0x3f, 0x1f, 
	0x0f, 0x03, 0x00, 0x00, 0x00, 0x00, 0x00, 0x00, 0x00, 0x00, 0x00, 0x00, 0x00, 0x00, 0x00, 0x00
};
// 'bold', 32x32px
const unsigned char fas_32x32_fa_bold [] PROGMEM = {
	0x00, 0x00, 0x00, 0x00, 0x00, 0x7c, 0x7c, 0x7c, 0xfc, 0xfc, 0xfc, 0xfc, 0xfc, 0x7c, 0x7c, 0x7c, 
	0x7c, 0x7c, 0x7c, 0x7c, 0xfc, 0xf8, 0xf8, 0xf0, 0xe0, 0xc0, 0x00, 0x00, 0x00, 0x00, 0x00, 0x00, 
	0x00, 0x00, 0x00, 0x00, 0x00, 0x00, 0x00, 0x00, 0xff, 0xff, 0xff, 0xff, 0xff, 0xe0, 0xe0, 0xe0, 
	0xe0, 0xe0, 0xe0, 0xe0, 0xf0, 0xff, 0xff, 0xff, 0xff, 0xbf, 0x06, 0x00, 0x00, 0x00, 0x00, 0x00, 
	0x00, 0x00, 0x00, 0x00, 0x00, 0x00, 0x00, 0x00, 0xff, 0xff, 0xff, 0xff, 0xff, 0x03, 0x03, 0x03, 
	0x03, 0x03, 0x03, 0x03, 0x07, 0x8f, 0xff, 0xff, 0xff, 0xff, 0xfe, 0xfc, 0x00, 0x00, 0x00, 0x00, 
	0x00, 0x00, 0x00, 0x00, 0x00, 0x3e, 0x3e, 0x3e, 0x3f, 0x3f, 0x3f, 0x3f, 0x3f, 0x3e, 0x3e, 0x3e, 
	0x3e, 0x3e, 0x3e, 0x3e, 0x3f, 0x3f, 0x1f, 0x1f, 0x0f, 0x0f, 0x03, 0x01, 0x00, 0x00, 0x00, 0x00
};
// 'bolt', 32x32px
const unsigned char fas_32x32_fa_bolt [] PROGMEM = {
	0x00, 0x00, 0x00, 0x00, 0x00, 0x00, 0x00, 0xe0, 0xff, 0xff, 0xff, 0xff, 0xff, 0xff, 0xff, 0xff, 
	0xff, 0xff, 0x3f, 0x07, 0x00, 0x00, 0x00, 0x00, 0x00, 0x00, 0x00, 0x00, 0x00, 0x00, 0x00, 0x00, 
	0x00, 0x00, 0x00, 0x00, 0x00, 0x00, 0xf0, 0xff, 0xff, 0xff, 0xff, 0xff, 0xff, 0xff, 0xff, 0xff, 
	0xff, 0xff, 0xfc, 0xfc, 0xfc, 0xfc, 0xfc, 0xfc, 0x7c, 0x1c, 0x00, 0x00, 0x00, 0x00, 0x00, 0x00, 
	0x00, 0x00, 0x00, 0x00, 0x00, 0x00, 0x03, 0x03, 0x03, 0x03, 0x03, 0x03, 0x03, 0x03, 0xf3, 0xff, 
	0xff, 0xff, 0xff, 0x7f, 0x1f, 0x0f, 0x03, 0x00, 0x00, 0x00, 0x00, 0x00, 0x00, 0x00, 0x00, 0x00, 
	0x00, 0x00, 0x00, 0x00, 0x00, 0x00, 0x00, 0x00, 0x00, 0x00, 0x00, 0x00, 0xf0, 0xff, 0xff, 0x3f, 
	0x0f, 0x07, 0x01, 0x00, 0x00, 0x00, 0x00, 0x00, 0x00, 0x00, 0x00, 0x00, 0x00, 0x00, 0x00, 0x00
};
// 'bomb', 32x32px
const unsigned char fas_32x32_fa_bomb [] PROGMEM = {
	0x00, 0x00, 0x00, 0x00, 0x00, 0x00, 0x00, 0x80, 0x80, 0xc0, 0xc0, 0xc0, 0xc0, 0xc0, 0xc0, 0xc0, 
	0xc0, 0x80, 0x80, 0xc0, 0xc0, 0xc0, 0x80, 0x80, 0xc6, 0xe6, 0x64, 0x07, 0x44, 0xfe, 0xd6, 0x10, 
	0x80, 0xe0, 0xf8, 0xfc, 0xfe, 0x7f, 0x1f, 0x8f, 0xcf, 0xe7, 0xe7, 0xe7, 0xff, 0xff, 0xff, 0xff, 
	0xff, 0xff, 0xff, 0xff, 0xff, 0xff, 0xff, 0xff, 0xff, 0x9c, 0x00, 0x00, 0x00, 0x00, 0x00, 0x00, 
	0x7f, 0xff, 0xff, 0xff, 0xff, 0xfc, 0xfc, 0xff, 0xff, 0xff, 0xff, 0xff, 0xff, 0xff, 0xff, 0xff, 
	0xff, 0xff, 0xff, 0xff, 0xff, 0xff, 0xff, 0xff, 0xff, 0x7f, 0x00, 0x00, 0x00, 0x00, 0x00, 0x00, 
	0x00, 0x01, 0x07, 0x0f, 0x1f, 0x3f, 0x3f, 0x7f, 0x7f, 0xff, 0xff, 0xff, 0xff, 0xff, 0xff, 0xff, 
	0xff, 0x7f, 0x7f, 0x3f, 0x3f, 0x1f, 0x0f, 0x07, 0x01, 0x00, 0x00, 0x00, 0x00, 0x00, 0x00, 0x00
};
// 'bone', 32x32px
const unsigned char fas_32x32_fa_bone [] PROGMEM = {
	0x00, 0x00, 0x00, 0x00, 0x00, 0x00, 0x00, 0x00, 0x00, 0x00, 0x00, 0x00, 0x00, 0x00, 0x00, 0x00, 
	0x00, 0x00, 0x00, 0x00, 0x00, 0x00, 0x00, 0x00, 0x00, 0x00, 0x00, 0x00, 0x00, 0x00, 0x00, 0x00, 
	0x3c, 0x7e, 0xff, 0xff, 0xff, 0xff, 0xfe, 0xf8, 0xe0, 0xe0, 0xe0, 0xe0, 0xe0, 0xe0, 0xe0, 0xe0, 
	0xe0, 0xe0, 0xe0, 0xe0, 0xe0, 0xe0, 0xe0, 0xe0, 0xf8, 0xfe, 0xff, 0xff, 0xff, 0xff, 0x7e, 0x3c, 
	0x3c, 0x7e, 0xff, 0xff, 0xff, 0xff, 0x7f, 0x1f, 0x07, 0x07, 0x07, 0x07, 0x07, 0x07, 0x07, 0x07, 
	0x07, 0x07, 0x07, 0x07, 0x07, 0x07, 0x07, 0x07, 0x1f, 0x7f, 0xff, 0xff, 0xff, 0xff, 0x7e, 0x3c, 
	0x00, 0x00, 0x00, 0x00, 0x00, 0x00, 0x00, 0x00, 0x00, 0x00, 0x00, 0x00, 0x00, 0x00, 0x00, 0x00, 
	0x00, 0x00, 0x00, 0x00, 0x00, 0x00, 0x00, 0x00, 0x00, 0x00, 0x00, 0x00, 0x00, 0x00, 0x00, 0x00
};
// 'bong', 32x32px
const unsigned char fas_32x32_fa_bong [] PROGMEM = {
	0x00, 0x00, 0x00, 0x00, 0x00, 0x00, 0x0f, 0x0f, 0xff, 0xff, 0xff, 0x0f, 0x0f, 0x0f, 0x0f, 0x0f, 
	0x0f, 0xff, 0xff, 0xff, 0x0f, 0x0f, 0x00, 0x00, 0x00, 0x00, 0x00, 0x00, 0x00, 0x00, 0x00, 0x00, 
	0x00, 0x00, 0x00, 0x00, 0x00, 0x80, 0x80, 0xc0, 0xff, 0xff, 0xff, 0x00, 0x00, 0x00, 0x00, 0x00, 
	0x00, 0xff, 0xff, 0xff, 0xc0, 0x80, 0x80, 0xc0, 0xf8, 0xfc, 0xfc, 0xf8, 0xf0, 0x60, 0x00, 0x00, 
	0x00, 0x00, 0xf0, 0xfc, 0xfe, 0xff, 0xf7, 0xf3, 0xf1, 0xf0, 0xf0, 0xf0, 0xf0, 0xf0, 0xf0, 0xf0, 
	0xf0, 0xf0, 0xf0, 0xf1, 0xf3, 0xf7, 0xff, 0xff, 0xff, 0xf1, 0x00, 0x00, 0x00, 0x00, 0x00, 0x00, 
	0x00, 0x00, 0x0f, 0x3f, 0x7f, 0xff, 0xff, 0xff, 0xff, 0xff, 0xff, 0xff, 0xff, 0xff, 0xff, 0xff, 
	0xff, 0xff, 0xff, 0xff, 0xff, 0xff, 0xff, 0x7f, 0x3f, 0x0f, 0x00, 0x00, 0x00, 0x00, 0x00, 0x00
};
// 'book', 32x32px
const unsigned char fas_32x32_fa_book [] PROGMEM = {
	0x00, 0x00, 0xf8, 0xfc, 0xfe, 0xff, 0xff, 0xff, 0xff, 0xff, 0xff, 0xff, 0xff, 0xff, 0xff, 0xff, 
	0xff, 0xff, 0xff, 0xff, 0xff, 0xff, 0xff, 0xff, 0xff, 0xff, 0xff, 0xff, 0xff, 0xff, 0x00, 0x00, 
	0x00, 0x00, 0xff, 0xff, 0xff, 0xff, 0xff, 0xff, 0xff, 0xff, 0xcc, 0xcc, 0xcc, 0xcc, 0xcc, 0xcc, 
	0xcc, 0xcc, 0xcc, 0xcc, 0xcc, 0xcc, 0xcc, 0xcc, 0xff, 0xff, 0xff, 0xff, 0xff, 0xff, 0x00, 0x00, 
	0x00, 0x00, 0xff, 0xff, 0xff, 0xff, 0xff, 0xff, 0xff, 0xff, 0xff, 0xff, 0xff, 0xff, 0xff, 0xff, 
	0xff, 0xff, 0xff, 0xff, 0xff, 0xff, 0xff, 0xff, 0xff, 0xff, 0xff, 0xff, 0xff, 0xff, 0x00, 0x00, 
	0x00, 0x00, 0x1f, 0x3f, 0x7f, 0xff, 0xf9, 0xf0, 0xf0, 0xf0, 0xf0, 0xf0, 0xf0, 0xf0, 0xf0, 0xf0, 
	0xf0, 0xf0, 0xf0, 0xf0, 0xf0, 0xf0, 0xf0, 0xf0, 0xf0, 0xf0, 0xff, 0xff, 0xff, 0xf0, 0x00, 0x00
};
// 'book-dead', 32x32px
const unsigned char fas_32x32_fa_book_dead [] PROGMEM = {
	0x00, 0x00, 0xf8, 0xfc, 0xfe, 0xff, 0xff, 0xff, 0xff, 0xff, 0xff, 0xff, 0x3f, 0x1f, 0x8f, 0x8f, 
	0x0f, 0x0f, 0x8f, 0x8f, 0x1f, 0x3f, 0xff, 0xff, 0xff, 0xff, 0xff, 0xff, 0xff, 0xff, 0x00, 0x00, 
	0x00, 0x00, 0xff, 0xff, 0xff, 0xff, 0xff, 0xff, 0xff, 0xff, 0x9f, 0x9f, 0x3e, 0x3c, 0x30, 0x70, 
	0x70, 0x70, 0x70, 0x30, 0x3c, 0x3e, 0x9f, 0x9f, 0xff, 0xff, 0xff, 0xff, 0xff, 0xff, 0x00, 0x00, 
	0x00, 0x00, 0xff, 0xff, 0xff, 0xff, 0xff, 0xff, 0xff, 0xff, 0xf3, 0xf3, 0xf9, 0xf9, 0xf8, 0xfc, 
	0xfc, 0xfc, 0xfc, 0xf8, 0xf9, 0xf9, 0xf3, 0xf3, 0xff, 0xff, 0xff, 0xff, 0xff, 0xff, 0x00, 0x00, 
	0x00, 0x00, 0x1f, 0x3f, 0x7f, 0xff, 0xf9, 0xf0, 0xf0, 0xf0, 0xf0, 0xf0, 0xf0, 0xf0, 0xf0, 0xf0, 
	0xf0, 0xf0, 0xf0, 0xf0, 0xf0, 0xf0, 0xf0, 0xf0, 0xf0, 0xf0, 0xff, 0xff, 0xff, 0xf0, 0x00, 0x00
};
// 'bookmark', 32x32px
const unsigned char fas_32x32_fa_bookmark [] PROGMEM = {
	0x00, 0x00, 0x00, 0x00, 0xfe, 0xff, 0xff, 0xff, 0xff, 0xff, 0xff, 0xff, 0xff, 0xff, 0xff, 0xff, 
	0xff, 0xff, 0xff, 0xff, 0xff, 0xff, 0xff, 0xff, 0xff, 0xff, 0xff, 0xfe, 0x00, 0x00, 0x00, 0x00, 
	0x00, 0x00, 0x00, 0x00, 0xff, 0xff, 0xff, 0xff, 0xff, 0xff, 0xff, 0xff, 0xff, 0xff, 0xff, 0xff, 
	0xff, 0xff, 0xff, 0xff, 0xff, 0xff, 0xff, 0xff, 0xff, 0xff, 0xff, 0xff, 0x00, 0x00, 0x00, 0x00, 
	0x00, 0x00, 0x00, 0x00, 0xff, 0xff, 0xff, 0xff, 0xff, 0xff, 0xff, 0xff, 0xff, 0xff, 0xff, 0xff, 
	0xff, 0xff, 0xff, 0xff, 0xff, 0xff, 0xff, 0xff, 0xff, 0xff, 0xff, 0xff, 0x00, 0x00, 0x00, 0x00, 
	0x00, 0x00, 0x00, 0x00, 0xff, 0x7f, 0x7f, 0x3f, 0x1f, 0x1f, 0x0f, 0x0f, 0x07, 0x07, 0x03, 0x01, 
	0x01, 0x03, 0x07, 0x07, 0x0f, 0x0f, 0x1f, 0x1f, 0x3f, 0x7f, 0x7f, 0xff, 0x00, 0x00, 0x00, 0x00
};
// 'book-medical', 32x32px
const unsigned char fas_32x32_fa_book_medical [] PROGMEM = {
	0x00, 0x00, 0xf8, 0xfc, 0xfe, 0xff, 0xff, 0xff, 0xff, 0xff, 0xff, 0xff, 0xff, 0xff, 0xff, 0x3f, 
	0x3f, 0x3f, 0x3f, 0xff, 0xff, 0xff, 0xff, 0xff, 0xff, 0xff, 0xff, 0xff, 0xff, 0xff, 0x00, 0x00, 
	0x00, 0x00, 0xff, 0xff, 0xff, 0xff, 0xff, 0xff, 0xff, 0xff, 0xff, 0xc3, 0xc3, 0xc3, 0xc3, 0x00, 
	0x00, 0x00, 0x00, 0xc3, 0xc3, 0xc3, 0xc3, 0xff, 0xff, 0xff, 0xff, 0xff, 0xff, 0xff, 0x00, 0x00, 
	0x00, 0x00, 0xff, 0xff, 0xff, 0xff, 0xff, 0xff, 0xff, 0xff, 0xff, 0xff, 0xff, 0xff, 0xff, 0xfc, 
	0xfc, 0xfc, 0xfc, 0xff, 0xff, 0xff, 0xff, 0xff, 0xff, 0xff, 0xff, 0xff, 0xff, 0xff, 0x00, 0x00, 
	0x00, 0x00, 0x1f, 0x3f, 0x7f, 0xff, 0xf9, 0xf0, 0xf0, 0xf0, 0xf0, 0xf0, 0xf0, 0xf0, 0xf0, 0xf0, 
	0xf0, 0xf0, 0xf0, 0xf0, 0xf0, 0xf0, 0xf0, 0xf0, 0xf0, 0xf0, 0xff, 0xff, 0xff, 0xf0, 0x00, 0x00
};
// 'book-open', 32x32px
const unsigned char fas_32x32_fa_book_open [] PROGMEM = {
	0xf0, 0xf0, 0xf0, 0xf0, 0xf0, 0xf0, 0xf0, 0xf0, 0xe0, 0xe0, 0xe0, 0xe0, 0xc0, 0xc0, 0x80, 0x00, 
	0x00, 0x80, 0xc0, 0xc0, 0xe0, 0xe0, 0xe0, 0xe0, 0xf0, 0xf0, 0xf0, 0xf0, 0xf0, 0xf0, 0xf0, 0xf0, 
	0xff, 0xff, 0xff, 0xff, 0xff, 0xff, 0xff, 0xff, 0xff, 0xff, 0xff, 0xff, 0xff, 0xff, 0xff, 0x00, 
	0x00, 0xff, 0xff, 0xff, 0xff, 0xff, 0xff, 0xff, 0xff, 0xff, 0xff, 0xff, 0xff, 0xff, 0xff, 0xff, 
	0xff, 0xff, 0xff, 0xff, 0xff, 0xff, 0xff, 0xff, 0xff, 0xff, 0xff, 0xff, 0xff, 0xff, 0xff, 0x00, 
	0x00, 0xff, 0xff, 0xff, 0xff, 0xff, 0xff, 0xff, 0xff, 0xff, 0xff, 0xff, 0xff, 0xff, 0xff, 0xff, 
	0x01, 0x03, 0x03, 0x03, 0x03, 0x03, 0x03, 0x03, 0x03, 0x07, 0x07, 0x07, 0x0f, 0x0f, 0x0f, 0x00, 
	0x00, 0x0f, 0x0f, 0x0f, 0x07, 0x07, 0x07, 0x03, 0x03, 0x03, 0x03, 0x03, 0x03, 0x03, 0x03, 0x01
};
// 'book-reader', 32x32px
const unsigned char fas_32x32_fa_book_reader [] PROGMEM = {
	0x00, 0x00, 0x00, 0x00, 0x00, 0x00, 0x00, 0x00, 0x00, 0x00, 0xf0, 0xfc, 0xfe, 0xff, 0xff, 0xff, 
	0xff, 0xff, 0xff, 0xfe, 0xfc, 0xf0, 0x00, 0x00, 0x00, 0x00, 0x00, 0x00, 0x00, 0x00, 0x00, 0x00, 
	0xf0, 0xf0, 0xf0, 0xf0, 0xf0, 0xf0, 0xf0, 0xe0, 0xe0, 0xe0, 0xe0, 0xc3, 0xc7, 0xc7, 0x8f, 0x0f, 
	0x0f, 0x8f, 0xc7, 0xc7, 0xc3, 0xe0, 0xe0, 0xe0, 0xe0, 0xf0, 0xf0, 0xf0, 0xf0, 0xf0, 0xf0, 0xf0, 
	0xff, 0xff, 0xff, 0xff, 0xff, 0xff, 0xff, 0xff, 0xff, 0xff, 0xff, 0xff, 0xff, 0xff, 0xff, 0x00, 
	0x00, 0xff, 0xff, 0xff, 0xff, 0xff, 0xff, 0xff, 0xff, 0xff, 0xff, 0xff, 0xff, 0xff, 0xff, 0xff, 
	0x1f, 0x1f, 0x1f, 0x1f, 0x3f, 0x3f, 0x3f, 0x3f, 0x3f, 0x3f, 0x7f, 0x7f, 0x7f, 0xff, 0xff, 0x00, 
	0x00, 0xff, 0xff, 0x7f, 0x7f, 0x7f, 0x3f, 0x3f, 0x3f, 0x3f, 0x3f, 0x3f, 0x1f, 0x1f, 0x1f, 0x1f
};
// 'border-all', 32x32px
const unsigned char fas_32x32_fa_border_all [] PROGMEM = {
	0x00, 0x00, 0xf8, 0xfc, 0xfc, 0xfc, 0x3c, 0x3c, 0x3c, 0x3c, 0x3c, 0x3c, 0x3c, 0x3c, 0xfc, 0xfc, 
	0xfc, 0xfc, 0x3c, 0x3c, 0x3c, 0x3c, 0x3c, 0x3c, 0x3c, 0x3c, 0xfc, 0xfc, 0xfc, 0xf8, 0x00, 0x00, 
	0x00, 0x00, 0xff, 0xff, 0xff, 0xff, 0xc0, 0xc0, 0xc0, 0xc0, 0xc0, 0xc0, 0xc0, 0xc0, 0xff, 0xff, 
	0xff, 0xff, 0xc0, 0xc0, 0xc0, 0xc0, 0xc0, 0xc0, 0xc0, 0xc0, 0xff, 0xff, 0xff, 0xff, 0x00, 0x00, 
	0x00, 0x00, 0xff, 0xff, 0xff, 0xff, 0x03, 0x03, 0x03, 0x03, 0x03, 0x03, 0x03, 0x03, 0xff, 0xff, 
	0xff, 0xff, 0x03, 0x03, 0x03, 0x03, 0x03, 0x03, 0x03, 0x03, 0xff, 0xff, 0xff, 0xff, 0x00, 0x00, 
	0x00, 0x00, 0x1f, 0x3f, 0x3f, 0x3f, 0x3c, 0x3c, 0x3c, 0x3c, 0x3c, 0x3c, 0x3c, 0x3c, 0x3f, 0x3f, 
	0x3f, 0x3f, 0x3c, 0x3c, 0x3c, 0x3c, 0x3c, 0x3c, 0x3c, 0x3c, 0x3f, 0x3f, 0x3f, 0x1f, 0x00, 0x00
};
// 'border-none', 32x32px
const unsigned char fas_32x32_fa_border_none [] PROGMEM = {
	0x00, 0x00, 0x3c, 0x3c, 0x3c, 0x3c, 0x00, 0x00, 0x3c, 0x3c, 0x3c, 0x3c, 0x00, 0x00, 0x3c, 0x3c, 
	0x3c, 0x3c, 0x00, 0x00, 0x3c, 0x3c, 0x3c, 0x3c, 0x00, 0x00, 0x3c, 0x3c, 0x3c, 0x3c, 0x00, 0x00, 
	0x00, 0x00, 0xcf, 0xcf, 0xcf, 0xcf, 0x00, 0x00, 0xc0, 0xc0, 0xc0, 0xc0, 0x00, 0x00, 0xcf, 0xcf, 
	0xcf, 0xcf, 0x00, 0x00, 0xc0, 0xc0, 0xc0, 0xc0, 0x00, 0x00, 0xcf, 0xcf, 0xcf, 0xcf, 0x00, 0x00, 
	0x00, 0x00, 0xf3, 0xf3, 0xf3, 0xf3, 0x00, 0x00, 0x03, 0x03, 0x03, 0x03, 0x00, 0x00, 0xf3, 0xf3, 
	0xf3, 0xf3, 0x00, 0x00, 0x03, 0x03, 0x03, 0x03, 0x00, 0x00, 0xf3, 0xf3, 0xf3, 0xf3, 0x00, 0x00, 
	0x00, 0x00, 0x3c, 0x3c, 0x3c, 0x3c, 0x00, 0x00, 0x3c, 0x3c, 0x3c, 0x3c, 0x00, 0x00, 0x3c, 0x3c, 
	0x3c, 0x3c, 0x00, 0x00, 0x3c, 0x3c, 0x3c, 0x3c, 0x00, 0x00, 0x3c, 0x3c, 0x3c, 0x3c, 0x00, 0x00
};
// 'border-style', 32x32px
const unsigned char fas_32x32_fa_border_style [] PROGMEM = {
	0x00, 0x00, 0xf8, 0xfc, 0xfc, 0xfc, 0x3c, 0x3c, 0x3c, 0x3c, 0x3c, 0x3c, 0x3c, 0x3c, 0x3c, 0x3c, 
	0x3c, 0x3c, 0x3c, 0x3c, 0x3c, 0x3c, 0x3c, 0x3c, 0x3c, 0x3c, 0x3c, 0x3c, 0x3c, 0x3c, 0x00, 0x00, 
	0x00, 0x00, 0xff, 0xff, 0xff, 0xff, 0x00, 0x00, 0x00, 0x00, 0x00, 0x00, 0x00, 0x00, 0x00, 0x00, 
	0x00, 0x00, 0x00, 0x00, 0x00, 0x00, 0x00, 0x00, 0x00, 0x00, 0xcf, 0xcf, 0xcf, 0xcf, 0x00, 0x00, 
	0x00, 0x00, 0xff, 0xff, 0xff, 0xff, 0x00, 0x00, 0x00, 0x00, 0x00, 0x00, 0x00, 0x00, 0x00, 0x00, 
	0x00, 0x00, 0x00, 0x00, 0x00, 0x00, 0x00, 0x00, 0x00, 0x00, 0xf3, 0xf3, 0xf3, 0xf3, 0x00, 0x00, 
	0x00, 0x00, 0x3f, 0x3f, 0x3f, 0x3f, 0x00, 0x00, 0x3c, 0x3c, 0x3c, 0x3c, 0x00, 0x00, 0x3c, 0x3c, 
	0x3c, 0x3c, 0x00, 0x00, 0x3c, 0x3c, 0x3c, 0x3c, 0x00, 0x00, 0x3c, 0x3c, 0x3c, 0x3c, 0x00, 0x00
};
// 'bowling-ball', 32x32px
const unsigned char fas_32x32_fa_bowling_ball [] PROGMEM = {
	0x00, 0x00, 0x00, 0x80, 0xc0, 0xe0, 0xf0, 0xf8, 0xf8, 0xfc, 0xfc, 0xfe, 0xfe, 0x0e, 0x0e, 0x0f, 
	0xff, 0xff, 0xfe, 0xfe, 0xfe, 0xfe, 0xfc, 0xfc, 0xf8, 0xf8, 0xf0, 0xe0, 0xc0, 0x80, 0x00, 0x00, 
	0x00, 0xf0, 0xfe, 0xff, 0xff, 0xff, 0xff, 0xf0, 0xf0, 0xf0, 0xff, 0xff, 0xff, 0xff, 0x87, 0x87, 
	0x87, 0xff, 0xff, 0xff, 0xff, 0xff, 0xff, 0xff, 0xff, 0xff, 0xff, 0xff, 0xff, 0xff, 0xfe, 0xf0, 
	0x00, 0x0f, 0x7f, 0xff, 0xff, 0xff, 0xff, 0xff, 0xff, 0xff, 0xff, 0xff, 0xff, 0xff, 0xff, 0xff, 
	0xff, 0xff, 0xff, 0xff, 0xff, 0xff, 0xff, 0xff, 0xff, 0xff, 0xff, 0xff, 0xff, 0xff, 0x7f, 0x0f, 
	0x00, 0x00, 0x00, 0x01, 0x03, 0x07, 0x0f, 0x1f, 0x1f, 0x3f, 0x3f, 0x7f, 0x7f, 0x7f, 0x7f, 0xff, 
	0xff, 0xff, 0x7f, 0x7f, 0x7f, 0x7f, 0x3f, 0x3f, 0x1f, 0x1f, 0x0f, 0x07, 0x03, 0x01, 0x00, 0x00
};
// 'box', 32x32px
const unsigned char fas_32x32_fa_box [] PROGMEM = {
	0x00, 0x80, 0xf0, 0xfc, 0xff, 0xff, 0xff, 0xff, 0xff, 0xff, 0xff, 0xff, 0xff, 0xff, 0xff, 0x00, 
	0x00, 0xff, 0xff, 0xff, 0xff, 0xff, 0xff, 0xff, 0xff, 0xff, 0xff, 0xff, 0xfc, 0xf0, 0x80, 0x00, 
	0xcc, 0xcf, 0xcf, 0xcf, 0xcf, 0xcf, 0xcf, 0xcf, 0xcf, 0xcf, 0xcf, 0xcf, 0xcf, 0xcf, 0xcf, 0xc0, 
	0xc0, 0xcf, 0xcf, 0xcf, 0xcf, 0xcf, 0xcf, 0xcf, 0xcf, 0xcf, 0xcf, 0xcf, 0xcf, 0xcf, 0xcf, 0xcc, 
	0xff, 0xff, 0xff, 0xff, 0xff, 0xff, 0xff, 0xff, 0xff, 0xff, 0xff, 0xff, 0xff, 0xff, 0xff, 0xff, 
	0xff, 0xff, 0xff, 0xff, 0xff, 0xff, 0xff, 0xff, 0xff, 0xff, 0xff, 0xff, 0xff, 0xff, 0xff, 0xff, 
	0x7f, 0xff, 0xff, 0xff, 0xff, 0xff, 0xff, 0xff, 0xff, 0xff, 0xff, 0xff, 0xff, 0xff, 0xff, 0xff, 
	0xff, 0xff, 0xff, 0xff, 0xff, 0xff, 0xff, 0xff, 0xff, 0xff, 0xff, 0xff, 0xff, 0xff, 0xff, 0x7f
};
// 'boxes', 32x32px
const unsigned char fas_32x32_fa_boxes [] PROGMEM = {
	0x00, 0x00, 0x00, 0x00, 0x00, 0x00, 0x00, 0x00, 0x00, 0xfc, 0xfc, 0xfc, 0xfc, 0xfc, 0x80, 0xc0, 
	0xc0, 0x80, 0xfc, 0xfc, 0xfc, 0xfc, 0xfc, 0x00, 0x00, 0x00, 0x00, 0x00, 0x00, 0x00, 0x00, 0x00, 
	0x00, 0x00, 0x00, 0x00, 0x00, 0x00, 0x00, 0x00, 0x00, 0x3f, 0x3f, 0x3f, 0x3f, 0x3f, 0x3f, 0x3f, 
	0x3f, 0x3f, 0x3f, 0x3f, 0x3f, 0x3f, 0x3f, 0x00, 0x00, 0x00, 0x00, 0x00, 0x00, 0x00, 0x00, 0x00, 
	0xfc, 0xfc, 0xfc, 0xfc, 0xfc, 0xc0, 0xc0, 0xc0, 0xc0, 0xfc, 0xfc, 0xfc, 0xfc, 0xfc, 0x00, 0x00, 
	0x00, 0x00, 0xfc, 0xfc, 0xfc, 0xfc, 0xfc, 0xc0, 0xc0, 0xc0, 0xc0, 0xfc, 0xfc, 0xfc, 0xfc, 0xfc, 
	0x3f, 0x3f, 0x3f, 0x3f, 0x3f, 0x3f, 0x3f, 0x3f, 0x3f, 0x3f, 0x3f, 0x3f, 0x3f, 0x3f, 0x00, 0x00, 
	0x00, 0x00, 0x3f, 0x3f, 0x3f, 0x3f, 0x3f, 0x3f, 0x3f, 0x3f, 0x3f, 0x3f, 0x3f, 0x3f, 0x3f, 0x3f
};
// 'box-open', 32x32px
const unsigned char fas_32x32_fa_box_open [] PROGMEM = {
	0x00, 0x80, 0xe0, 0xe0, 0xe0, 0xe0, 0xe0, 0xe0, 0xe0, 0xe0, 0xc0, 0xc0, 0xc0, 0xc0, 0xc0, 0x40, 
	0x40, 0xc0, 0xc0, 0xc0, 0xc0, 0xc0, 0xe0, 0xe0, 0xe0, 0xe0, 0xe0, 0xe0, 0xe0, 0xe0, 0x80, 0x00, 
	0x06, 0x0f, 0x0f, 0xcf, 0xdf, 0x9f, 0x9f, 0xbf, 0xbf, 0x3f, 0x3f, 0x3f, 0x8f, 0xc7, 0xf1, 0xfc, 
	0xfc, 0xf1, 0xc7, 0x8f, 0x3f, 0x3f, 0x3f, 0xbf, 0xbf, 0x9f, 0x9f, 0xdf, 0xcf, 0x0f, 0x0f, 0x06, 
	0x00, 0x00, 0x00, 0xff, 0xff, 0xff, 0xff, 0xff, 0xff, 0xff, 0xff, 0xff, 0xff, 0xff, 0xff, 0xff, 
	0xff, 0xff, 0xff, 0xff, 0xff, 0xff, 0xff, 0xff, 0xff, 0xff, 0xff, 0xff, 0xff, 0x00, 0x00, 0x00, 
	0x00, 0x00, 0x00, 0x00, 0x01, 0x01, 0x01, 0x01, 0x03, 0x03, 0x03, 0x03, 0x07, 0x07, 0x07, 0x07, 
	0x07, 0x07, 0x07, 0x07, 0x03, 0x03, 0x03, 0x03, 0x01, 0x01, 0x01, 0x01, 0x00, 0x00, 0x00, 0x00
};
// 'box-tissue', 32x32px
const unsigned char fas_32x32_fa_box_tissue [] PROGMEM = {
	0x00, 0x00, 0x00, 0x00, 0x03, 0x7f, 0xff, 0xff, 0xff, 0xff, 0xff, 0xff, 0xff, 0xff, 0xff, 0xfe, 
	0xfc, 0xf0, 0xe0, 0xc0, 0xc0, 0xc0, 0xc0, 0xc0, 0xc0, 0xc0, 0xc0, 0xc0, 0x00, 0x00, 0x00, 0x00, 
	0x80, 0xc0, 0xc0, 0xc0, 0xc0, 0x00, 0x07, 0xff, 0xff, 0xff, 0xff, 0xff, 0xff, 0xff, 0xff, 0xff, 
	0xff, 0xff, 0xff, 0xff, 0xff, 0xff, 0xff, 0xff, 0xff, 0x3f, 0x07, 0xc0, 0xc0, 0xc0, 0xc0, 0x80, 
	0xff, 0xff, 0xff, 0xff, 0xf3, 0xf3, 0xf0, 0xf0, 0xf3, 0xf3, 0xf3, 0xf3, 0xf3, 0xf3, 0xf3, 0xf3, 
	0xf3, 0xf3, 0xf3, 0xf3, 0xf3, 0xf3, 0xf3, 0xf3, 0xf1, 0xf0, 0xf2, 0xf3, 0xff, 0xff, 0xff, 0xff, 
	0x7c, 0xfc, 0xfc, 0xfc, 0xfc, 0xfc, 0xfc, 0xfc, 0xfc, 0xfc, 0xfc, 0xfc, 0xfc, 0xfc, 0xfc, 0xfc, 
	0xfc, 0xfc, 0xfc, 0xfc, 0xfc, 0xfc, 0xfc, 0xfc, 0xfc, 0xfc, 0xfc, 0xfc, 0xfc, 0xfc, 0xfc, 0x7c
};
// 'braille', 32x32px
const unsigned char fas_32x32_fa_braille [] PROGMEM = {
	0xc0, 0xe0, 0xe0, 0xe0, 0xe0, 0xc0, 0x00, 0x00, 0xc0, 0xe0, 0xe0, 0xe0, 0xe0, 0xc0, 0x00, 0x00, 
	0x00, 0x00, 0x00, 0xc0, 0xe0, 0xe0, 0xe0, 0xe0, 0xe0, 0x80, 0x00, 0x00, 0x00, 0x80, 0xc0, 0x80, 
	0xc3, 0xe7, 0xe7, 0xe7, 0xe7, 0xc3, 0x00, 0x00, 0x03, 0x07, 0x87, 0xc7, 0x87, 0x03, 0x00, 0x00, 
	0x00, 0x00, 0x00, 0x01, 0x03, 0x87, 0xc7, 0x87, 0x03, 0x01, 0x00, 0x00, 0x00, 0x81, 0xc1, 0x81, 
	0x03, 0x07, 0x87, 0x87, 0x87, 0x03, 0x00, 0x00, 0x00, 0x00, 0x81, 0x83, 0x81, 0x00, 0x00, 0x00, 
	0x00, 0x00, 0x00, 0x00, 0x00, 0x81, 0x83, 0x81, 0x00, 0x00, 0x00, 0x00, 0x00, 0x81, 0x83, 0x81, 
	0x00, 0x00, 0x03, 0x03, 0x01, 0x00, 0x00, 0x00, 0x00, 0x00, 0x03, 0x03, 0x01, 0x00, 0x00, 0x00, 
	0x00, 0x00, 0x00, 0x00, 0x00, 0x01, 0x03, 0x01, 0x00, 0x00, 0x00, 0x00, 0x00, 0x01, 0x03, 0x01
};
// 'brain', 32x32px
const unsigned char fas_32x32_fa_brain [] PROGMEM = {
	0x00, 0x00, 0x00, 0x00, 0x80, 0xc0, 0xe0, 0xe0, 0xf0, 0xf8, 0xfc, 0xfc, 0xfc, 0xfc, 0xf0, 0x00, 
	0x00, 0xf0, 0xfc, 0xfc, 0xfc, 0xfc, 0xf8, 0xf0, 0xe0, 0xe0, 0xc0, 0x80, 0x00, 0x00, 0x00, 0x00, 
	0x00, 0x80, 0xf8, 0xfe, 0xff, 0xff, 0xff, 0xff, 0xff, 0xff, 0xff, 0xff, 0xff, 0xff, 0xff, 0x00, 
	0x00, 0xff, 0xff, 0xff, 0xff, 0xff, 0xff, 0xff, 0xff, 0xff, 0xff, 0xff, 0xfe, 0xf8, 0x80, 0x00, 
	0x1f, 0x3f, 0x7f, 0xff, 0xff, 0xff, 0xff, 0xff, 0xff, 0xff, 0xff, 0xff, 0xff, 0xff, 0xff, 0x00, 
	0x00, 0xff, 0xff, 0xff, 0xff, 0xff, 0xff, 0xff, 0xff, 0xff, 0xff, 0xff, 0xff, 0x7f, 0x3f, 0x1f, 
	0x00, 0x00, 0x00, 0x03, 0x07, 0x07, 0x07, 0x0f, 0x1f, 0x3f, 0x3f, 0x3f, 0x3f, 0x1f, 0x0f, 0x00, 
	0x00, 0x0f, 0x1f, 0x3f, 0x3f, 0x3f, 0x3f, 0x1f, 0x0f, 0x07, 0x07, 0x07, 0x03, 0x00, 0x00, 0x00
};
// 'bread-slice', 32x32px
const unsigned char fas_32x32_fa_bread_slice [] PROGMEM = {
	0x00, 0x80, 0xc0, 0xc0, 0xe0, 0xf0, 0xf0, 0xf8, 0xf8, 0xf8, 0xfc, 0xfc, 0xfc, 0xfc, 0xfc, 0xfc, 
	0xfc, 0xfc, 0xfc, 0xfc, 0xfc, 0xfc, 0xf8, 0xf8, 0xf8, 0xf0, 0xf0, 0xe0, 0xc0, 0xc0, 0x80, 0x00, 
	0x1e, 0x3f, 0x3f, 0x7f, 0xff, 0xff, 0xff, 0xff, 0xff, 0xff, 0xff, 0xff, 0xff, 0xff, 0xff, 0xff, 
	0xff, 0xff, 0xff, 0xff, 0xff, 0xff, 0xff, 0xff, 0xff, 0xff, 0xff, 0xff, 0x7f, 0x3f, 0x3f, 0x1e, 
	0x00, 0x00, 0x00, 0x00, 0xff, 0xff, 0xff, 0xff, 0xff, 0xff, 0xff, 0xff, 0xff, 0xff, 0xff, 0xff, 
	0xff, 0xff, 0xff, 0xff, 0xff, 0xff, 0xff, 0xff, 0xff, 0xff, 0xff, 0xff, 0x00, 0x00, 0x00, 0x00, 
	0x00, 0x00, 0x00, 0x00, 0x3f, 0x3f, 0x3f, 0x3f, 0x3f, 0x3f, 0x3f, 0x3f, 0x3f, 0x3f, 0x3f, 0x3f, 
	0x3f, 0x3f, 0x3f, 0x3f, 0x3f, 0x3f, 0x3f, 0x3f, 0x3f, 0x3f, 0x3f, 0x3f, 0x00, 0x00, 0x00, 0x00
};
// 'briefcase', 32x32px
const unsigned char fas_32x32_fa_briefcase [] PROGMEM = {
	0x00, 0x00, 0x00, 0x00, 0x00, 0x00, 0x00, 0x00, 0xf8, 0xfc, 0xfc, 0xfc, 0x3c, 0x3c, 0x3c, 0x3c, 
	0x3c, 0x3c, 0x3c, 0x3c, 0xfc, 0xfc, 0xfc, 0xf8, 0x00, 0x00, 0x00, 0x00, 0x00, 0x00, 0x00, 0x00, 
	0xfe, 0xff, 0xff, 0xff, 0xff, 0xff, 0xff, 0xff, 0xff, 0xff, 0xff, 0xff, 0xff, 0xff, 0xff, 0xff, 
	0xff, 0xff, 0xff, 0xff, 0xff, 0xff, 0xff, 0xff, 0xff, 0xff, 0xff, 0xff, 0xff, 0xff, 0xff, 0xfe, 
	0xfc, 0xfc, 0xfc, 0xfc, 0xfc, 0xfc, 0xfc, 0xfc, 0xfc, 0xfc, 0xfc, 0xfc, 0xc0, 0xc0, 0xc0, 0xc0, 
	0xc0, 0xc0, 0xc0, 0xc0, 0xfc, 0xfc, 0xfc, 0xfc, 0xfc, 0xfc, 0xfc, 0xfc, 0xfc, 0xfc, 0xfc, 0xfc, 
	0x1f, 0x3f, 0x3f, 0x3f, 0x3f, 0x3f, 0x3f, 0x3f, 0x3f, 0x3f, 0x3f, 0x3f, 0x3f, 0x3f, 0x3f, 0x3f, 
	0x3f, 0x3f, 0x3f, 0x3f, 0x3f, 0x3f, 0x3f, 0x3f, 0x3f, 0x3f, 0x3f, 0x3f, 0x3f, 0x3f, 0x3f, 0x1f
};
// 'briefcase-medical', 32x32px
const unsigned char fas_32x32_fa_briefcase_medical [] PROGMEM = {
	0x00, 0x00, 0x00, 0x00, 0x00, 0x00, 0x00, 0x00, 0xf8, 0xfc, 0xfc, 0xfc, 0x3c, 0x3c, 0x3c, 0x3c, 
	0x3c, 0x3c, 0x3c, 0x3c, 0xfc, 0xfc, 0xfc, 0xf8, 0x00, 0x00, 0x00, 0x00, 0x00, 0x00, 0x00, 0x00, 
	0xfe, 0xff, 0xff, 0xff, 0xff, 0xff, 0xff, 0xff, 0xff, 0xff, 0xff, 0xff, 0xff, 0xff, 0x3f, 0x3f, 
	0x3f, 0x3f, 0xff, 0xff, 0xff, 0xff, 0xff, 0xff, 0xff, 0xff, 0xff, 0xff, 0xff, 0xff, 0xff, 0xfe, 
	0xff, 0xff, 0xff, 0xff, 0xff, 0xff, 0xff, 0xff, 0xff, 0xff, 0xc3, 0xc3, 0xc3, 0xc3, 0x00, 0x00, 
	0x00, 0x00, 0xc3, 0xc3, 0xc3, 0xc3, 0xff, 0xff, 0xff, 0xff, 0xff, 0xff, 0xff, 0xff, 0xff, 0xff, 
	0x7f, 0xff, 0xff, 0xff, 0xff, 0xff, 0xff, 0xff, 0xff, 0xff, 0xff, 0xff, 0xff, 0xff, 0xfc, 0xfc, 
	0xfc, 0xfc, 0xff, 0xff, 0xff, 0xff, 0xff, 0xff, 0xff, 0xff, 0xff, 0xff, 0xff, 0xff, 0xff, 0x7f
};
// 'broadcast-tower', 32x32px
const unsigned char fas_32x32_fa_broadcast_tower [] PROGMEM = {
	0xe0, 0xf8, 0xf8, 0x78, 0x08, 0x00, 0x00, 0xc0, 0xc0, 0xc0, 0x00, 0x00, 0x00, 0x80, 0x80, 0xc0, 
	0xc0, 0x80, 0x80, 0x00, 0x00, 0x00, 0xc0, 0xc0, 0xc0, 0x00, 0x00, 0x08, 0x78, 0xf8, 0xf8, 0xe0, 
	0x3f, 0xff, 0xff, 0xf0, 0x00, 0x00, 0x07, 0x1f, 0x1f, 0x1f, 0x00, 0x00, 0xe0, 0xff, 0xff, 0x7f, 
	0x7f, 0xff, 0xff, 0xe0, 0x00, 0x00, 0x1f, 0x1f, 0x1f, 0x07, 0x00, 0x00, 0xf0, 0xff, 0xff, 0x3f, 
	0x00, 0x00, 0x00, 0x00, 0x00, 0x00, 0x00, 0x00, 0x80, 0xe0, 0xfc, 0xff, 0x7f, 0x3f, 0x79, 0x78, 
	0x78, 0x79, 0x3f, 0x7f, 0xff, 0xfc, 0xe0, 0x80, 0x00, 0x00, 0x00, 0x00, 0x00, 0x00, 0x00, 0x00, 
	0x00, 0x00, 0x00, 0x00, 0x00, 0x00, 0x00, 0x1c, 0x1f, 0x1f, 0x07, 0x00, 0x00, 0x00, 0x00, 0x00, 
	0x00, 0x00, 0x00, 0x00, 0x00, 0x07, 0x1f, 0x1f, 0x1c, 0x00, 0x00, 0x00, 0x00, 0x00, 0x00, 0x00
};
// 'broom', 32x32px
const unsigned char fas_32x32_fa_broom [] PROGMEM = {
	0x00, 0x00, 0x00, 0x00, 0x00, 0x00, 0x00, 0x00, 0x00, 0x00, 0x00, 0x00, 0x00, 0x00, 0x00, 0x00, 
	0x00, 0x00, 0x00, 0x00, 0x00, 0x00, 0x00, 0x00, 0x80, 0xc0, 0xc0, 0xe0, 0xf0, 0x78, 0x78, 0x30, 
	0x00, 0x00, 0x00, 0x00, 0x00, 0x80, 0x80, 0x80, 0xc0, 0xc0, 0xc0, 0xc0, 0xc0, 0x80, 0x10, 0x7c, 
	0xfc, 0xf8, 0xf0, 0xf8, 0xfc, 0x3c, 0x1e, 0x0f, 0x07, 0x07, 0x03, 0x01, 0x00, 0x00, 0x00, 0x00, 
	0x00, 0x00, 0x18, 0xce, 0xef, 0xff, 0xff, 0xff, 0xff, 0xff, 0xff, 0xff, 0xff, 0xff, 0xff, 0xfe, 
	0x38, 0x01, 0x03, 0x03, 0x03, 0x03, 0x00, 0x00, 0x00, 0x00, 0x00, 0x00, 0x00, 0x00, 0x00, 0x00, 
	0x1c, 0x1e, 0x1f, 0x1f, 0x1f, 0x1f, 0x1f, 0x1f, 0x1f, 0x1f, 0x0f, 0x0f, 0x0f, 0x07, 0x03, 0x00, 
	0x00, 0x00, 0x00, 0x00, 0x00, 0x00, 0x00, 0x00, 0x00, 0x00, 0x00, 0x00, 0x00, 0x00, 0x00, 0x00
};
// 'brush', 32x32px
const unsigned char fas_32x32_fa_brush [] PROGMEM = {
	0x00, 0x00, 0x00, 0x00, 0xff, 0xff, 0xff, 0xff, 0xff, 0xff, 0xff, 0xff, 0xff, 0xff, 0xff, 0xff, 
	0xff, 0xff, 0xff, 0xff, 0xff, 0xff, 0xff, 0xff, 0xff, 0xff, 0xff, 0xff, 0x00, 0x00, 0x00, 0x00, 
	0x00, 0x00, 0x00, 0x00, 0xff, 0xff, 0xff, 0xff, 0xff, 0xff, 0xff, 0xff, 0xff, 0xff, 0xff, 0xff, 
	0xff, 0xff, 0xff, 0xff, 0xff, 0xff, 0xff, 0xff, 0xff, 0xff, 0xff, 0xff, 0x00, 0x00, 0x00, 0x00, 
	0x00, 0x00, 0x00, 0x00, 0x3c, 0x7c, 0xfc, 0xfc, 0xfc, 0xfc, 0xfc, 0xfc, 0xfc, 0xfc, 0xfc, 0xfc, 
	0xfc, 0xfc, 0xfc, 0xfc, 0xfc, 0xfc, 0xfc, 0xfc, 0xfc, 0xfc, 0x7c, 0x3c, 0x00, 0x00, 0x00, 0x00, 
	0x00, 0x00, 0x00, 0x00, 0x00, 0x00, 0x00, 0x00, 0x00, 0x00, 0x00, 0x00, 0x3f, 0x7f, 0xff, 0xe7, 
	0xe7, 0xff, 0x7f, 0x3f, 0x00, 0x00, 0x00, 0x00, 0x00, 0x00, 0x00, 0x00, 0x00, 0x00, 0x00, 0x00
};
// 'bug', 32x32px
const unsigned char fas_32x32_fa_bug [] PROGMEM = {
	0x00, 0x00, 0x80, 0xc0, 0xc0, 0x80, 0x00, 0x00, 0x00, 0x70, 0x78, 0x7c, 0x7e, 0x7f, 0x7f, 0x7f, 
	0x7f, 0x7f, 0x7f, 0x7e, 0x7c, 0x78, 0x70, 0x00, 0x00, 0x00, 0x80, 0xc0, 0xc0, 0x80, 0x00, 0x00, 
	0x00, 0x00, 0x01, 0x03, 0x07, 0xff, 0xff, 0xfe, 0xfc, 0xfc, 0xfc, 0xfc, 0xfc, 0xfc, 0xfc, 0x3c, 
	0x3c, 0xfc, 0xfc, 0xfc, 0xfc, 0xfc, 0xfc, 0xfc, 0xfe, 0xff, 0xff, 0x07, 0x03, 0x01, 0x00, 0x00, 
	0x06, 0x0f, 0x0f, 0x0f, 0x0f, 0x3f, 0xff, 0xff, 0xff, 0xff, 0xff, 0xff, 0xff, 0xff, 0xff, 0x00, 
	0x00, 0xff, 0xff, 0xff, 0xff, 0xff, 0xff, 0xff, 0xff, 0xff, 0x3f, 0x0f, 0x0f, 0x0f, 0x0f, 0x06, 
	0x00, 0x00, 0x60, 0xf0, 0xf8, 0x7c, 0x3f, 0x1f, 0x0f, 0x1f, 0x1f, 0x3f, 0x3f, 0x3f, 0x1f, 0x00, 
	0x00, 0x1f, 0x3f, 0x3f, 0x3f, 0x1f, 0x1f, 0x0f, 0x1f, 0x3f, 0x7c, 0xf8, 0xf0, 0x60, 0x00, 0x00
};
// 'building', 32x32px
const unsigned char fas_32x32_fa_building [] PROGMEM = {
	0x00, 0x00, 0x00, 0x00, 0xff, 0xff, 0xff, 0xff, 0xff, 0xff, 0x0f, 0x0f, 0x0f, 0x0f, 0xff, 0xff, 
	0xff, 0xff, 0x0f, 0x0f, 0x0f, 0x0f, 0xff, 0xff, 0xff, 0xff, 0xff, 0xff, 0x00, 0x00, 0x00, 0x00, 
	0x00, 0x00, 0x00, 0x00, 0xff, 0xff, 0xff, 0xff, 0xff, 0xff, 0xc3, 0xc3, 0xc3, 0xc3, 0xff, 0xff, 
	0xff, 0xff, 0xc3, 0xc3, 0xc3, 0xc3, 0xff, 0xff, 0xff, 0xff, 0xff, 0xff, 0x00, 0x00, 0x00, 0x00, 
	0x00, 0x00, 0x00, 0x00, 0xff, 0xff, 0xff, 0xff, 0xff, 0xff, 0xf0, 0xf0, 0xf0, 0xf0, 0xff, 0xff, 
	0xff, 0xff, 0xf0, 0xf0, 0xf0, 0xf0, 0xff, 0xff, 0xff, 0xff, 0xff, 0xff, 0x00, 0x00, 0x00, 0x00, 
	0x00, 0x00, 0xc0, 0xc0, 0xff, 0xff, 0xff, 0xff, 0xff, 0xff, 0xff, 0xff, 0xff, 0xff, 0xc0, 0xc0, 
	0xc0, 0xc0, 0xff, 0xff, 0xff, 0xff, 0xff, 0xff, 0xff, 0xff, 0xff, 0xff, 0xc0, 0xc0, 0x00, 0x00
};
// 'bullhorn', 32x32px
const unsigned char fas_32x32_fa_bullhorn [] PROGMEM = {
	0x00, 0x00, 0x00, 0x00, 0x00, 0x00, 0x00, 0x00, 0x00, 0x00, 0x00, 0x00, 0x00, 0x00, 0x00, 0x00, 
	0x00, 0x00, 0x00, 0x00, 0x80, 0x80, 0xc0, 0xe0, 0xe0, 0xf0, 0xf8, 0xfc, 0xfc, 0xfc, 0x00, 0x00, 
	0xf8, 0xfc, 0xfe, 0xfe, 0xfe, 0xfe, 0xfe, 0xfe, 0xfe, 0xfe, 0xfe, 0xfe, 0xfe, 0xfe, 0x1e, 0x0e, 
	0x0e, 0x0e, 0x0f, 0x0f, 0x07, 0x07, 0x03, 0x03, 0x01, 0x00, 0x00, 0xff, 0xff, 0xff, 0xf0, 0xe0, 
	0x0f, 0x1f, 0x1f, 0x1f, 0x1f, 0xff, 0xff, 0xff, 0xff, 0xff, 0xff, 0xff, 0x3f, 0x1f, 0x1c, 0x1c, 
	0x1c, 0x3c, 0x3c, 0x38, 0x78, 0x78, 0xf0, 0xf0, 0xe0, 0xc0, 0xc0, 0xff, 0xff, 0xff, 0x03, 0x01, 
	0x00, 0x00, 0x00, 0x00, 0x00, 0x01, 0x1f, 0x3f, 0x3f, 0x3f, 0x3f, 0x3f, 0x3f, 0x38, 0x00, 0x00, 
	0x00, 0x00, 0x00, 0x00, 0x00, 0x00, 0x00, 0x01, 0x03, 0x03, 0x07, 0x0f, 0x0f, 0x0f, 0x00, 0x00
};
// 'bullseye', 32x32px
const unsigned char fas_32x32_fa_bullseye [] PROGMEM = {
	0x00, 0x00, 0x00, 0x80, 0xc0, 0xe0, 0xf0, 0xf8, 0xf8, 0x7c, 0x3c, 0x3e, 0x1e, 0x1e, 0x1e, 0x1f, 
	0x1f, 0x1f, 0x1e, 0x1e, 0x1e, 0x3e, 0x3c, 0x7c, 0xf8, 0xf8, 0xf0, 0xe0, 0xc0, 0x80, 0x00, 0x00, 
	0x00, 0xf0, 0xfe, 0xff, 0xff, 0x1f, 0x03, 0x01, 0x00, 0xf0, 0xf8, 0xfc, 0xfe, 0x1e, 0x1f, 0x0f, 
	0x0f, 0x0f, 0x1f, 0x1e, 0xfe, 0xfc, 0xf8, 0xf0, 0x00, 0x01, 0x03, 0x1f, 0xff, 0xff, 0xfe, 0xf0, 
	0x00, 0x0f, 0x7f, 0xff, 0xff, 0xf8, 0xc0, 0x80, 0x00, 0x0f, 0x1f, 0x3f, 0x7f, 0x78, 0xf8, 0xf0, 
	0xf0, 0xf0, 0xf8, 0x78, 0x7f, 0x3f, 0x1f, 0x0f, 0x00, 0x80, 0xc0, 0xf8, 0xff, 0xff, 0x7f, 0x0f, 
	0x00, 0x00, 0x00, 0x01, 0x03, 0x07, 0x0f, 0x1f, 0x1f, 0x3e, 0x3c, 0x7c, 0x78, 0x78, 0x78, 0xf8, 
	0xf8, 0xf8, 0x78, 0x78, 0x78, 0x7c, 0x3c, 0x3e, 0x1f, 0x1f, 0x0f, 0x07, 0x03, 0x01, 0x00, 0x00
};
// 'burn', 32x32px
const unsigned char fas_32x32_fa_burn [] PROGMEM = {
	0x00, 0x00, 0x00, 0x00, 0x00, 0x00, 0x00, 0x00, 0x00, 0x80, 0xc0, 0xf0, 0xf8, 0xfc, 0xfe, 0xff, 
	0xff, 0xfe, 0xfc, 0xf8, 0xf0, 0xc0, 0x80, 0x00, 0x00, 0x00, 0x00, 0x00, 0x00, 0x00, 0x00, 0x00, 
	0x00, 0x00, 0x00, 0x00, 0x80, 0xe0, 0xf8, 0xfc, 0xff, 0xff, 0xff, 0xff, 0xff, 0x7f, 0x3f, 0x1f, 
	0x1f, 0x3f, 0x7f, 0xff, 0xff, 0xff, 0xff, 0xff, 0xfc, 0xf8, 0xe0, 0x80, 0x00, 0x00, 0x00, 0x00, 
	0x00, 0x00, 0x00, 0x00, 0x7f, 0xff, 0xff, 0xff, 0xff, 0xff, 0x0f, 0x03, 0x00, 0x00, 0x00, 0x00, 
	0x00, 0x00, 0x00, 0x00, 0x03, 0x0f, 0xff, 0xff, 0xff, 0xff, 0xff, 0x7f, 0x00, 0x00, 0x00, 0x00, 
	0x00, 0x00, 0x00, 0x00, 0x00, 0x03, 0x07, 0x1f, 0x1f, 0x3f, 0x7f, 0x7c, 0xf8, 0xf8, 0xf0, 0xf0, 
	0xf0, 0xf0, 0xf8, 0xf8, 0x7c, 0x7f, 0x3f, 0x1f, 0x1f, 0x07, 0x03, 0x00, 0x00, 0x00, 0x00, 0x00
};
// 'bus', 32x32px
const unsigned char fas_32x32_fa_bus [] PROGMEM = {
	0x00, 0x00, 0xf0, 0xf8, 0xfc, 0xfc, 0x7e, 0x3e, 0x3e, 0x3f, 0x3f, 0x3f, 0x3f, 0x3f, 0x3f, 0x3f, 
	0x3f, 0x3f, 0x3f, 0x3f, 0x3f, 0x3f, 0x3f, 0x3e, 0x3e, 0x7e, 0xfc, 0xfc, 0xf8, 0xf0, 0x00, 0x00, 
	0xff, 0xff, 0xff, 0xff, 0xff, 0xff, 0x00, 0x00, 0x00, 0x00, 0x00, 0x00, 0x00, 0x00, 0x00, 0x00, 
	0x00, 0x00, 0x00, 0x00, 0x00, 0x00, 0x00, 0x00, 0x00, 0x00, 0xff, 0xff, 0xff, 0xff, 0xff, 0xff, 
	0x00, 0x00, 0xff, 0xff, 0xff, 0x3f, 0x1e, 0x1c, 0x3c, 0xfc, 0xfc, 0xfc, 0xfc, 0xfc, 0xfc, 0xfc, 
	0xfc, 0xfc, 0xfc, 0xfc, 0xfc, 0xfc, 0xfc, 0x3c, 0x1c, 0x1e, 0x3f, 0xff, 0xff, 0xff, 0x00, 0x00, 
	0x00, 0x00, 0x07, 0x0f, 0x7f, 0xff, 0xfe, 0xfe, 0xff, 0x7f, 0x0f, 0x0f, 0x0f, 0x0f, 0x0f, 0x0f, 
	0x0f, 0x0f, 0x0f, 0x0f, 0x0f, 0x0f, 0x7f, 0xff, 0xfe, 0xfe, 0xff, 0x7f, 0x0f, 0x0f, 0x00, 0x00
};
// 'bus-alt', 32x32px
const unsigned char fas_32x32_fa_bus_alt [] PROGMEM = {
	0x00, 0x00, 0xf0, 0xf8, 0xfc, 0xfc, 0xfe, 0xfe, 0xfe, 0xff, 0xcf, 0xcf, 0xcf, 0xcf, 0xcf, 0xcf, 
	0xcf, 0xcf, 0xcf, 0xcf, 0xcf, 0xcf, 0xff, 0xfe, 0xfe, 0xfe, 0xfc, 0xfc, 0xf8, 0xf0, 0x00, 0x00, 
	0xff, 0xff, 0xff, 0xff, 0xff, 0xff, 0x01, 0x00, 0x00, 0x00, 0x00, 0x00, 0x00, 0x00, 0x00, 0xff, 
	0xff, 0x00, 0x00, 0x00, 0x00, 0x00, 0x00, 0x00, 0x00, 0x01, 0xff, 0xff, 0xff, 0xff, 0xff, 0xff, 
	0x00, 0x00, 0xff, 0xff, 0xff, 0x3f, 0x1e, 0x1c, 0x3c, 0xfc, 0xfc, 0xfc, 0xfc, 0xfc, 0xfc, 0xff, 
	0xff, 0xfc, 0xfc, 0xfc, 0xfc, 0xfc, 0xfc, 0x3c, 0x1c, 0x1e, 0x3f, 0xff, 0xff, 0xff, 0x00, 0x00, 
	0x00, 0x00, 0x07, 0x0f, 0x7f, 0xff, 0xfe, 0xfe, 0xff, 0x7f, 0x0f, 0x0f, 0x0f, 0x0f, 0x0f, 0x0f, 
	0x0f, 0x0f, 0x0f, 0x0f, 0x0f, 0x0f, 0x7f, 0xff, 0xfe, 0xfe, 0xff, 0x7f, 0x0f, 0x0f, 0x00, 0x00
};
// 'business-time', 32x32px
const unsigned char fas_32x32_fa_business_time [] PROGMEM = {
	0x00, 0x00, 0x00, 0x00, 0x00, 0x00, 0xe0, 0xf8, 0xf8, 0xf8, 0x38, 0x38, 0x38, 0x38, 0x38, 0x38, 
	0xf8, 0xf8, 0xf0, 0x00, 0x00, 0x00, 0x00, 0x00, 0x00, 0x00, 0x00, 0x00, 0x00, 0x00, 0x00, 0x00, 
	0x3e, 0x3f, 0x3f, 0x3f, 0x3f, 0x3f, 0x3f, 0x3f, 0x3f, 0x3f, 0x3f, 0x3f, 0x3f, 0x3f, 0x3f, 0x3f, 
	0x3f, 0x3f, 0x3f, 0x3f, 0x3f, 0x9f, 0x9f, 0xdf, 0xdf, 0xcc, 0x80, 0x80, 0x80, 0x00, 0x00, 0x00, 
	0xff, 0xff, 0xff, 0xff, 0xff, 0xff, 0xff, 0xff, 0xff, 0xff, 0xf8, 0xf8, 0xf8, 0xf8, 0xf8, 0xf8, 
	0x00, 0x00, 0xfc, 0xfe, 0xff, 0xff, 0xff, 0xff, 0xc3, 0x83, 0x9f, 0xdf, 0xff, 0xff, 0xfe, 0xf8, 
	0x01, 0x03, 0x03, 0x03, 0x03, 0x03, 0x03, 0x03, 0x03, 0x03, 0x03, 0x03, 0x03, 0x03, 0x03, 0x03, 
	0x03, 0x00, 0x01, 0x07, 0x0f, 0x0f, 0x1f, 0x1f, 0x1f, 0x1f, 0x1f, 0x1f, 0x0f, 0x07, 0x03, 0x01
};
// 'calculator', 32x32px
const unsigned char fas_32x32_fa_calculator [] PROGMEM = {
	0x00, 0x00, 0xfe, 0xff, 0xff, 0xff, 0x0f, 0x0f, 0x0f, 0x0f, 0x0f, 0x0f, 0x0f, 0x0f, 0x0f, 0x0f, 
	0x0f, 0x0f, 0x0f, 0x0f, 0x0f, 0x0f, 0x0f, 0x0f, 0x0f, 0x0f, 0xff, 0xff, 0xff, 0xfe, 0x00, 0x00, 
	0x00, 0x00, 0xff, 0xff, 0xff, 0xff, 0xf0, 0xf0, 0xf0, 0xf0, 0xf0, 0xf0, 0xf0, 0xf0, 0xf0, 0xf0, 
	0xf0, 0xf0, 0xf0, 0xf0, 0xf0, 0xf0, 0xf0, 0xf0, 0xf0, 0xf0, 0xff, 0xff, 0xff, 0xff, 0x00, 0x00, 
	0x00, 0x00, 0xff, 0xff, 0xff, 0xff, 0xf0, 0xf0, 0xf0, 0xf0, 0xff, 0xff, 0xff, 0xff, 0xf0, 0xf0, 
	0xf0, 0xf0, 0xff, 0xff, 0xff, 0xff, 0x00, 0x00, 0x00, 0x00, 0xff, 0xff, 0xff, 0xff, 0x00, 0x00, 
	0x00, 0x00, 0x7f, 0xff, 0xff, 0xff, 0xf0, 0xf0, 0xf0, 0xf0, 0xff, 0xff, 0xff, 0xff, 0xf0, 0xf0, 
	0xf0, 0xf0, 0xff, 0xff, 0xff, 0xff, 0xf0, 0xf0, 0xf0, 0xf0, 0xff, 0xff, 0xff, 0x7f, 0x00, 0x00
};
// 'calendar', 32x32px
const unsigned char fas_32x32_fa_calendar [] PROGMEM = {
	0x00, 0x00, 0xe0, 0xf0, 0xf0, 0xf0, 0xf0, 0xf0, 0xff, 0xff, 0xff, 0xff, 0xf0, 0xf0, 0xf0, 0xf0, 
	0xf0, 0xf0, 0xf0, 0xf0, 0xff, 0xff, 0xff, 0xff, 0xf0, 0xf0, 0xf0, 0xf0, 0xf0, 0xe0, 0x00, 0x00, 
	0x00, 0x00, 0xf3, 0xf3, 0xf3, 0xf3, 0xf3, 0xf3, 0xf3, 0xf3, 0xf3, 0xf3, 0xf3, 0xf3, 0xf3, 0xf3, 
	0xf3, 0xf3, 0xf3, 0xf3, 0xf3, 0xf3, 0xf3, 0xf3, 0xf3, 0xf3, 0xf3, 0xf3, 0xf3, 0xf3, 0x00, 0x00, 
	0x00, 0x00, 0xff, 0xff, 0xff, 0xff, 0xff, 0xff, 0xff, 0xff, 0xff, 0xff, 0xff, 0xff, 0xff, 0xff, 
	0xff, 0xff, 0xff, 0xff, 0xff, 0xff, 0xff, 0xff, 0xff, 0xff, 0xff, 0xff, 0xff, 0xff, 0x00, 0x00, 
	0x00, 0x00, 0x7f, 0xff, 0xff, 0xff, 0xff, 0xff, 0xff, 0xff, 0xff, 0xff, 0xff, 0xff, 0xff, 0xff, 
	0xff, 0xff, 0xff, 0xff, 0xff, 0xff, 0xff, 0xff, 0xff, 0xff, 0xff, 0xff, 0xff, 0x7f, 0x00, 0x00
};
// 'calendar-alt', 32x32px
const unsigned char fas_32x32_fa_calendar_alt [] PROGMEM = {
	0x00, 0x00, 0xe0, 0xf0, 0xf0, 0xf0, 0xf0, 0xf0, 0xff, 0xff, 0xff, 0xff, 0xf0, 0xf0, 0xf0, 0xf0, 
	0xf0, 0xf0, 0xf0, 0xf0, 0xff, 0xff, 0xff, 0xff, 0xf0, 0xf0, 0xf0, 0xf0, 0xf0, 0xe0, 0x00, 0x00, 
	0x00, 0x00, 0xf3, 0xf3, 0xf3, 0xf3, 0xf3, 0xf3, 0xf3, 0xf3, 0xf3, 0xf3, 0xf3, 0xf3, 0xf3, 0xf3, 
	0xf3, 0xf3, 0xf3, 0xf3, 0xf3, 0xf3, 0xf3, 0xf3, 0xf3, 0xf3, 0xf3, 0xf3, 0xf3, 0xf3, 0x00, 0x00, 
	0x00, 0x00, 0xff, 0xff, 0xff, 0xff, 0xf0, 0xf0, 0xf0, 0xf0, 0xff, 0xff, 0xff, 0xff, 0xf0, 0xf0, 
	0xf0, 0xf0, 0xff, 0xff, 0xff, 0xff, 0xf0, 0xf0, 0xf0, 0xf0, 0xff, 0xff, 0xff, 0xff, 0x00, 0x00, 
	0x00, 0x00, 0x7f, 0xff, 0xff, 0xff, 0xf0, 0xf0, 0xf0, 0xf0, 0xff, 0xff, 0xff, 0xff, 0xf0, 0xf0, 
	0xf0, 0xf0, 0xff, 0xff, 0xff, 0xff, 0xf0, 0xf0, 0xf0, 0xf0, 0xff, 0xff, 0xff, 0x7f, 0x00, 0x00
};
// 'calendar-check', 32x32px
const unsigned char fas_32x32_fa_calendar_check [] PROGMEM = {
	0x00, 0x00, 0xe0, 0xf0, 0xf0, 0xf0, 0xf0, 0xf0, 0xff, 0xff, 0xff, 0xff, 0xf0, 0xf0, 0xf0, 0xf0, 
	0xf0, 0xf0, 0xf0, 0xf0, 0xff, 0xff, 0xff, 0xff, 0xf0, 0xf0, 0xf0, 0xf0, 0xf0, 0xe0, 0x00, 0x00, 
	0x00, 0x00, 0xf3, 0xf3, 0xf3, 0xf3, 0xf3, 0xf3, 0xf3, 0xf3, 0xf3, 0xf3, 0xf3, 0xf3, 0xf3, 0xf3, 
	0xf3, 0xf3, 0xf3, 0xf3, 0xf3, 0xf3, 0xf3, 0xf3, 0xf3, 0xf3, 0xf3, 0xf3, 0xf3, 0xf3, 0x00, 0x00, 
	0x00, 0x00, 0xff, 0xff, 0xff, 0xff, 0xff, 0xff, 0xbf, 0x1f, 0x0f, 0x0f, 0x1f, 0x3f, 0x3f, 0x1f, 
	0x1f, 0x0f, 0x07, 0x83, 0xc1, 0xe0, 0xf1, 0xfb, 0xff, 0xff, 0xff, 0xff, 0xff, 0xff, 0x00, 0x00, 
	0x00, 0x00, 0x7f, 0xff, 0xff, 0xff, 0xff, 0xff, 0xff, 0xff, 0xfe, 0xfc, 0xf8, 0xf0, 0xf0, 0xf8, 
	0xfc, 0xfe, 0xff, 0xff, 0xff, 0xff, 0xff, 0xff, 0xff, 0xff, 0xff, 0xff, 0xff, 0x7f, 0x00, 0x00
};
// 'calendar-day', 32x32px
const unsigned char fas_32x32_fa_calendar_day [] PROGMEM = {
	0x00, 0x00, 0xe0, 0xf0, 0xf0, 0xf0, 0xf0, 0xf0, 0xff, 0xff, 0xff, 0xff, 0xf0, 0xf0, 0xf0, 0xf0, 
	0xf0, 0xf0, 0xf0, 0xf0, 0xff, 0xff, 0xff, 0xff, 0xf0, 0xf0, 0xf0, 0xf0, 0xf0, 0xe0, 0x00, 0x00, 
	0x00, 0x00, 0xf3, 0xf3, 0xf3, 0xf3, 0xf3, 0xf3, 0xf3, 0xf3, 0xf3, 0xf3, 0xf3, 0xf3, 0xf3, 0xf3, 
	0xf3, 0xf3, 0xf3, 0xf3, 0xf3, 0xf3, 0xf3, 0xf3, 0xf3, 0xf3, 0xf3, 0xf3, 0xf3, 0xf3, 0x00, 0x00, 
	0x00, 0x00, 0xff, 0xff, 0xff, 0xff, 0x00, 0x00, 0x00, 0x00, 0x00, 0x00, 0x00, 0x00, 0xff, 0xff, 
	0xff, 0xff, 0xff, 0xff, 0xff, 0xff, 0xff, 0xff, 0xff, 0xff, 0xff, 0xff, 0xff, 0xff, 0x00, 0x00, 
	0x00, 0x00, 0x7f, 0xff, 0xff, 0xff, 0xff, 0xff, 0xff, 0xff, 0xff, 0xff, 0xff, 0xff, 0xff, 0xff, 
	0xff, 0xff, 0xff, 0xff, 0xff, 0xff, 0xff, 0xff, 0xff, 0xff, 0xff, 0xff, 0xff, 0x7f, 0x00, 0x00
};
// 'calendar-minus', 32x32px
const unsigned char fas_32x32_fa_calendar_minus [] PROGMEM = {
	0x00, 0x00, 0xe0, 0xf0, 0xf0, 0xf0, 0xf0, 0xf0, 0xff, 0xff, 0xff, 0xff, 0xf0, 0xf0, 0xf0, 0xf0, 
	0xf0, 0xf0, 0xf0, 0xf0, 0xff, 0xff, 0xff, 0xff, 0xf0, 0xf0, 0xf0, 0xf0, 0xf0, 0xe0, 0x00, 0x00, 
	0x00, 0x00, 0xf3, 0xf3, 0xf3, 0xf3, 0xf3, 0xf3, 0xf3, 0xf3, 0xf3, 0xf3, 0xf3, 0xf3, 0xf3, 0xf3, 
	0xf3, 0xf3, 0xf3, 0xf3, 0xf3, 0xf3, 0xf3, 0xf3, 0xf3, 0xf3, 0xf3, 0xf3, 0xf3, 0xf3, 0x00, 0x00, 
	0x00, 0x00, 0xff, 0xff, 0xff, 0xff, 0xff, 0xff, 0xff, 0xff, 0x0f, 0x0f, 0x0f, 0x0f, 0x0f, 0x0f, 
	0x0f, 0x0f, 0x0f, 0x0f, 0x0f, 0x0f, 0xff, 0xff, 0xff, 0xff, 0xff, 0xff, 0xff, 0xff, 0x00, 0x00, 
	0x00, 0x00, 0x7f, 0xff, 0xff, 0xff, 0xff, 0xff, 0xff, 0xff, 0xff, 0xff, 0xff, 0xff, 0xff, 0xff, 
	0xff, 0xff, 0xff, 0xff, 0xff, 0xff, 0xff, 0xff, 0xff, 0xff, 0xff, 0xff, 0xff, 0x7f, 0x00, 0x00
};
// 'calendar-plus', 32x32px
const unsigned char fas_32x32_fa_calendar_plus [] PROGMEM = {
	0x00, 0x00, 0xe0, 0xf0, 0xf0, 0xf0, 0xf0, 0xf0, 0xff, 0xff, 0xff, 0xff, 0xf0, 0xf0, 0xf0, 0xf0, 
	0xf0, 0xf0, 0xf0, 0xf0, 0xff, 0xff, 0xff, 0xff, 0xf0, 0xf0, 0xf0, 0xf0, 0xf0, 0xe0, 0x00, 0x00, 
	0x00, 0x00, 0xf3, 0xf3, 0xf3, 0xf3, 0xf3, 0xf3, 0xf3, 0xf3, 0xf3, 0xf3, 0xf3, 0xf3, 0xf3, 0xf3, 
	0xf3, 0xf3, 0xf3, 0xf3, 0xf3, 0xf3, 0xf3, 0xf3, 0xf3, 0xf3, 0xf3, 0xf3, 0xf3, 0xf3, 0x00, 0x00, 
	0x00, 0x00, 0xff, 0xff, 0xff, 0xff, 0xff, 0xff, 0xff, 0xff, 0x0f, 0x0f, 0x0f, 0x0f, 0x00, 0x00, 
	0x00, 0x00, 0x0f, 0x0f, 0x0f, 0x0f, 0xff, 0xff, 0xff, 0xff, 0xff, 0xff, 0xff, 0xff, 0x00, 0x00, 
	0x00, 0x00, 0x7f, 0xff, 0xff, 0xff, 0xff, 0xff, 0xff, 0xff, 0xff, 0xff, 0xff, 0xff, 0xf0, 0xf0, 
	0xf0, 0xf0, 0xff, 0xff, 0xff, 0xff, 0xff, 0xff, 0xff, 0xff, 0xff, 0xff, 0xff, 0x7f, 0x00, 0x00
};
// 'calendar-times', 32x32px
const unsigned char fas_32x32_fa_calendar_times [] PROGMEM = {
	0x00, 0x00, 0xe0, 0xf0, 0xf0, 0xf0, 0xf0, 0xf0, 0xff, 0xff, 0xff, 0xff, 0xf0, 0xf0, 0xf0, 0xf0, 
	0xf0, 0xf0, 0xf0, 0xf0, 0xff, 0xff, 0xff, 0xff, 0xf0, 0xf0, 0xf0, 0xf0, 0xf0, 0xe0, 0x00, 0x00, 
	0x00, 0x00, 0xf3, 0xf3, 0xf3, 0xf3, 0xf3, 0xf3, 0xf3, 0xf3, 0xf3, 0xf3, 0xf3, 0xf3, 0xf3, 0xf3, 
	0xf3, 0xf3, 0xf3, 0xf3, 0xf3, 0xf3, 0xf3, 0xf3, 0xf3, 0xf3, 0xf3, 0xf3, 0xf3, 0xf3, 0x00, 0x00, 
	0x00, 0x00, 0xff, 0xff, 0xff, 0xff, 0xff, 0xff, 0xff, 0xff, 0xfb, 0xf1, 0x60, 0x01, 0x03, 0x07, 
	0x07, 0x03, 0x01, 0x60, 0xf1, 0xfb, 0xff, 0xff, 0xff, 0xff, 0xff, 0xff, 0xff, 0xff, 0x00, 0x00, 
	0x00, 0x00, 0x7f, 0xff, 0xff, 0xff, 0xff, 0xff, 0xff, 0xff, 0xfd, 0xf8, 0xf0, 0xf8, 0xfc, 0xfe, 
	0xfe, 0xfc, 0xf8, 0xf0, 0xf8, 0xfd, 0xff, 0xff, 0xff, 0xff, 0xff, 0xff, 0xff, 0x7f, 0x00, 0x00
};
// 'calendar-week', 32x32px
const unsigned char fas_32x32_fa_calendar_week [] PROGMEM = {
	0x00, 0x00, 0xe0, 0xf0, 0xf0, 0xf0, 0xf0, 0xf0, 0xff, 0xff, 0xff, 0xff, 0xf0, 0xf0, 0xf0, 0xf0, 
	0xf0, 0xf0, 0xf0, 0xf0, 0xff, 0xff, 0xff, 0xff, 0xf0, 0xf0, 0xf0, 0xf0, 0xf0, 0xe0, 0x00, 0x00, 
	0x00, 0x00, 0xf3, 0xf3, 0xf3, 0xf3, 0xf3, 0xf3, 0xf3, 0xf3, 0xf3, 0xf3, 0xf3, 0xf3, 0xf3, 0xf3, 
	0xf3, 0xf3, 0xf3, 0xf3, 0xf3, 0xf3, 0xf3, 0xf3, 0xf3, 0xf3, 0xf3, 0xf3, 0xf3, 0xf3, 0x00, 0x00, 
	0x00, 0x00, 0xff, 0xff, 0xff, 0xff, 0xc0, 0xc0, 0xc0, 0xc0, 0xc0, 0xc0, 0xc0, 0xc0, 0xc0, 0xc0, 
	0xc0, 0xc0, 0xc0, 0xc0, 0xc0, 0xc0, 0xc0, 0xc0, 0xc0, 0xc0, 0xff, 0xff, 0xff, 0xff, 0x00, 0x00, 
	0x00, 0x00, 0x7f, 0xff, 0xff, 0xff, 0xff, 0xff, 0xff, 0xff, 0xff, 0xff, 0xff, 0xff, 0xff, 0xff, 
	0xff, 0xff, 0xff, 0xff, 0xff, 0xff, 0xff, 0xff, 0xff, 0xff, 0xff, 0xff, 0xff, 0x7f, 0x00, 0x00
};
// 'camera', 32x32px
const unsigned char fas_32x32_fa_camera [] PROGMEM = {
	0x80, 0xc0, 0xc0, 0xc0, 0xc0, 0xc0, 0xc0, 0xc0, 0xc0, 0xf8, 0xfc, 0xfc, 0xfc, 0xfc, 0xfc, 0xfc, 
	0xfc, 0xfc, 0xfc, 0xfc, 0xfc, 0xfc, 0xf8, 0xc0, 0xc0, 0xc0, 0xc0, 0xc0, 0xc0, 0xc0, 0xc0, 0x80, 
	0xff, 0xff, 0xff, 0xff, 0xff, 0xff, 0xff, 0xff, 0xff, 0x3f, 0x1f, 0x8f, 0xc7, 0xe7, 0xe7, 0xe7, 
	0xe7, 0xe7, 0xe7, 0xc7, 0x8f, 0x1f, 0x3f, 0xff, 0xff, 0xff, 0xff, 0xff, 0xff, 0xff, 0xff, 0xff, 
	0xff, 0xff, 0xff, 0xff, 0xff, 0xff, 0xff, 0xff, 0xff, 0xc0, 0x80, 0x1f, 0x3f, 0x7f, 0x7f, 0x7f, 
	0x7f, 0x7f, 0x7f, 0x3f, 0x1f, 0x80, 0xc0, 0xff, 0xff, 0xff, 0xff, 0xff, 0xff, 0xff, 0xff, 0xff, 
	0x1f, 0x3f, 0x3f, 0x3f, 0x3f, 0x3f, 0x3f, 0x3f, 0x3f, 0x3f, 0x3f, 0x3f, 0x3e, 0x3e, 0x3e, 0x3e, 
	0x3e, 0x3e, 0x3e, 0x3e, 0x3f, 0x3f, 0x3f, 0x3f, 0x3f, 0x3f, 0x3f, 0x3f, 0x3f, 0x3f, 0x3f, 0x1f
};
// 'camera-retro', 32x32px
const unsigned char fas_32x32_fa_camera_retro [] PROGMEM = {
	0xf8, 0xfc, 0x4c, 0x4c, 0x4c, 0x4c, 0x4c, 0x4c, 0x4c, 0x4c, 0x7c, 0x3c, 0x1c, 0x0c, 0x0c, 0x0c, 
	0x0c, 0x0c, 0x0c, 0x0c, 0x0c, 0x0c, 0x0c, 0x0c, 0x0c, 0x0c, 0x0c, 0x0c, 0x0c, 0x0c, 0xfc, 0xf8, 
	0xff, 0xff, 0xfc, 0xfc, 0xfc, 0xfc, 0xfc, 0xfc, 0xfc, 0x7c, 0x3c, 0x1c, 0x8c, 0xcc, 0x4c, 0x4c, 
	0x4c, 0xcc, 0xcc, 0x8c, 0x1c, 0x3c, 0x7c, 0xfc, 0xfc, 0xfc, 0xfc, 0xfc, 0xfc, 0xfc, 0xff, 0xff, 
	0xff, 0xff, 0xff, 0xff, 0xff, 0xff, 0xff, 0xff, 0xff, 0x80, 0x00, 0x3f, 0x71, 0xf0, 0xfc, 0xfe, 
	0xfe, 0xff, 0xff, 0x7f, 0x3f, 0x00, 0x80, 0xff, 0xff, 0xff, 0xff, 0xff, 0xff, 0xff, 0xff, 0xff, 
	0x1f, 0x3f, 0x3f, 0x3f, 0x3f, 0x3f, 0x3f, 0x3f, 0x3f, 0x3f, 0x3f, 0x3e, 0x3c, 0x3c, 0x3c, 0x3c, 
	0x3c, 0x3c, 0x3c, 0x3c, 0x3e, 0x3f, 0x3f, 0x3f, 0x3f, 0x3f, 0x3f, 0x3f, 0x3f, 0x3f, 0x3f, 0x1f
};
// 'campground', 32x32px
const unsigned char fas_32x32_fa_campground [] PROGMEM = {
	0x00, 0x00, 0x00, 0x00, 0x00, 0x00, 0x00, 0x00, 0x00, 0x00, 0x00, 0x30, 0x78, 0xf8, 0xf0, 0xe0, 
	0xe0, 0xf0, 0xf8, 0x78, 0x30, 0x00, 0x00, 0x00, 0x00, 0x00, 0x00, 0x00, 0x00, 0x00, 0x00, 0x00, 
	0x00, 0x00, 0x00, 0x00, 0x00, 0x00, 0x00, 0x00, 0x00, 0x80, 0xc0, 0xf0, 0xf8, 0xfc, 0xff, 0xff, 
	0xff, 0xff, 0xfc, 0xf8, 0xf0, 0xc0, 0x80, 0x00, 0x00, 0x00, 0x00, 0x00, 0x00, 0x00, 0x00, 0x00, 
	0x00, 0x00, 0x00, 0x00, 0xc0, 0xe0, 0xf8, 0xfc, 0xfe, 0xff, 0xff, 0xff, 0x7f, 0x1f, 0x0f, 0x03, 
	0x03, 0x0f, 0x1f, 0x7f, 0xff, 0xff, 0xff, 0xfe, 0xfc, 0xf8, 0xe0, 0xc0, 0x00, 0x00, 0x00, 0x00, 
	0x1c, 0x1c, 0x1e, 0x1f, 0x1f, 0x1f, 0x1f, 0x1f, 0x1f, 0x1f, 0x1f, 0x1c, 0x1c, 0x1c, 0x1c, 0x1c, 
	0x1c, 0x1c, 0x1c, 0x1c, 0x1c, 0x1f, 0x1f, 0x1f, 0x1f, 0x1f, 0x1f, 0x1f, 0x1f, 0x1e, 0x1c, 0x1c
};
// 'candy-cane', 32x32px
const unsigned char fas_32x32_fa_candy_cane [] PROGMEM = {
	0x00, 0x00, 0x00, 0x00, 0x00, 0x00, 0x00, 0x00, 0x00, 0x00, 0x00, 0x00, 0x00, 0x00, 0x18, 0x7c, 
	0xfc, 0xfe, 0xfe, 0xc3, 0xc7, 0xff, 0xff, 0xff, 0xff, 0x9e, 0x8e, 0xcc, 0xfc, 0xf8, 0xe0, 0xc0, 
	0x00, 0x00, 0x00, 0x00, 0x00, 0x00, 0x00, 0x00, 0x00, 0x00, 0x00, 0x00, 0x00, 0x00, 0x00, 0x00, 
	0x01, 0x81, 0xc3, 0xc1, 0xe1, 0xe0, 0xf0, 0xf9, 0xff, 0xff, 0xf3, 0xe7, 0xe7, 0xff, 0x7f, 0x1f, 
	0x00, 0x00, 0x00, 0x80, 0x80, 0xc0, 0xc0, 0xe0, 0xf0, 0xf0, 0xf8, 0xf8, 0xfc, 0xee, 0xce, 0x8f, 
	0x9f, 0xff, 0xff, 0x7f, 0x7e, 0x3c, 0x18, 0x1d, 0x0f, 0x0f, 0x07, 0x03, 0x03, 0x01, 0x00, 0x00, 
	0x0e, 0x3f, 0x7f, 0xff, 0xff, 0xff, 0x7e, 0x3c, 0x38, 0x19, 0x1f, 0x0f, 0x07, 0x07, 0x03, 0x03, 
	0x01, 0x00, 0x00, 0x00, 0x00, 0x00, 0x00, 0x00, 0x00, 0x00, 0x00, 0x00, 0x00, 0x00, 0x00, 0x00
};
// 'cannabis', 32x32px
const unsigned char fas_32x32_fa_cannabis [] PROGMEM = {
	0x00, 0x00, 0x00, 0x00, 0x00, 0x00, 0x00, 0x00, 0x00, 0x00, 0x00, 0x00, 0xc0, 0xf0, 0xfc, 0xff, 
	0xff, 0xfc, 0xf0, 0xc0, 0x00, 0x00, 0x00, 0x00, 0x00, 0x00, 0x00, 0x00, 0x00, 0x00, 0x00, 0x00, 
	0x1e, 0x7e, 0xfc, 0xfc, 0xfc, 0xf8, 0xf8, 0xf0, 0xf0, 0xe0, 0xc0, 0xfc, 0xff, 0xff, 0xff, 0xff, 
	0xff, 0xff, 0xff, 0xff, 0xfc, 0xc0, 0xe0, 0xf0, 0xf0, 0xf8, 0xf8, 0xfc, 0xfc, 0xfc, 0x7e, 0x1e, 
	0xc0, 0xc0, 0xc1, 0xe7, 0xef, 0xff, 0xff, 0xff, 0xff, 0xff, 0xff, 0xff, 0xff, 0xff, 0xff, 0xff, 
	0xff, 0xff, 0xff, 0xff, 0xff, 0xff, 0xff, 0xff, 0xff, 0xff, 0xff, 0xef, 0xe7, 0xc1, 0xc0, 0xc0, 
	0x00, 0x01, 0x01, 0x01, 0x03, 0x03, 0x03, 0x03, 0x03, 0x3f, 0x3f, 0x1f, 0x1f, 0x0f, 0x0f, 0xff, 
	0xff, 0x0f, 0x0f, 0x1f, 0x1f, 0x3f, 0x3f, 0x03, 0x03, 0x03, 0x03, 0x03, 0x01, 0x01, 0x01, 0x00
};
// 'capsules', 32x32px
const unsigned char fas_32x32_fa_capsules [] PROGMEM = {
	0x80, 0xc0, 0xe0, 0xf0, 0xf0, 0x70, 0x70, 0xf0, 0xf0, 0xe0, 0xe0, 0x80, 0x00, 0x00, 0x80, 0xc0, 
	0xc0, 0xc0, 0xe0, 0xc0, 0xc0, 0xc0, 0x80, 0x00, 0x00, 0x00, 0x00, 0x00, 0x00, 0x00, 0x00, 0x00, 
	0xff, 0xff, 0xff, 0xff, 0x00, 0x00, 0x00, 0x00, 0x01, 0xff, 0xff, 0xff, 0xff, 0xff, 0xff, 0xff, 
	0xc3, 0x81, 0x01, 0x01, 0x03, 0x07, 0x1f, 0x3f, 0xfe, 0xf8, 0xf0, 0xc0, 0x80, 0x00, 0x00, 0x00, 
	0xff, 0xff, 0xff, 0xff, 0xff, 0xff, 0xff, 0xff, 0xff, 0xff, 0xff, 0xff, 0x00, 0x00, 0x01, 0x07, 
	0x0f, 0x3f, 0x7e, 0xfc, 0xfc, 0xfe, 0xff, 0xff, 0xff, 0xff, 0xff, 0xff, 0xff, 0xff, 0xfc, 0xf8, 
	0x01, 0x03, 0x07, 0x0f, 0x0f, 0x0f, 0x0f, 0x0f, 0x0f, 0x07, 0x07, 0x01, 0x00, 0x00, 0x00, 0x00, 
	0x00, 0x00, 0x00, 0x00, 0x03, 0x07, 0x07, 0x0f, 0x0f, 0x0f, 0x0f, 0x0f, 0x0f, 0x07, 0x03, 0x01
};
// 'car', 32x32px
const unsigned char fas_32x32_fa_car [] PROGMEM = {
	0x00, 0x00, 0x00, 0x00, 0x00, 0x00, 0x80, 0xc0, 0xe0, 0xf0, 0xf0, 0xf0, 0xf0, 0xf0, 0xf0, 0xf0, 
	0xf0, 0xf0, 0xf0, 0xf0, 0xf0, 0xf0, 0xf0, 0xe0, 0xc0, 0x80, 0x00, 0x00, 0x00, 0x00, 0x00, 0x00, 
	0x38, 0xb8, 0xf8, 0xf8, 0xf8, 0xff, 0xff, 0xff, 0xef, 0xe3, 0xe1, 0xe0, 0xe0, 0xe0, 0xe0, 0xe0, 
	0xe0, 0xe0, 0xe0, 0xe0, 0xe0, 0xe1, 0xe3, 0xef, 0xff, 0xff, 0xff, 0xf8, 0xf8, 0xf8, 0xb8, 0x38, 
	0x00, 0x3f, 0xff, 0xff, 0xf9, 0xf0, 0xf0, 0xf1, 0xf3, 0xff, 0xff, 0xff, 0xff, 0xff, 0xff, 0xff, 
	0xff, 0xff, 0xff, 0xff, 0xff, 0xff, 0xff, 0xf3, 0xf1, 0xf0, 0xf0, 0xf9, 0xff, 0xff, 0x3f, 0x00, 
	0x00, 0x00, 0x07, 0x0f, 0x0f, 0x0f, 0x0f, 0x07, 0x00, 0x00, 0x00, 0x00, 0x00, 0x00, 0x00, 0x00, 
	0x00, 0x00, 0x00, 0x00, 0x00, 0x00, 0x00, 0x00, 0x07, 0x0f, 0x0f, 0x0f, 0x0f, 0x07, 0x00, 0x00
};
// 'car-alt', 32x32px
const unsigned char fas_32x32_fa_car_alt [] PROGMEM = {
	0x00, 0x00, 0x00, 0x00, 0x00, 0x00, 0x80, 0xc0, 0xe0, 0xf0, 0xf0, 0xf0, 0xf0, 0xf0, 0xf0, 0xf0, 
	0xf0, 0xf0, 0xf0, 0xf0, 0xf0, 0xf0, 0xf0, 0xe0, 0xc0, 0x80, 0x00, 0x00, 0x00, 0x00, 0x00, 0x00, 
	0x00, 0x80, 0xc0, 0xe0, 0xf8, 0xff, 0xff, 0xff, 0xef, 0xe3, 0xe1, 0xe0, 0xe0, 0xe0, 0xe0, 0xe0, 
	0xe0, 0xe0, 0xe0, 0xe0, 0xe0, 0xe1, 0xe3, 0xef, 0xff, 0xff, 0xff, 0xf8, 0xe0, 0xc0, 0x80, 0x00, 
	0x00, 0x3f, 0xff, 0xff, 0xf9, 0xf0, 0xf0, 0xf1, 0xf3, 0xff, 0xff, 0xff, 0xff, 0xff, 0xff, 0xff, 
	0xff, 0xff, 0xff, 0xff, 0xff, 0xff, 0xff, 0xf3, 0xf1, 0xf0, 0xf0, 0xf9, 0xff, 0xff, 0x3f, 0x00, 
	0x00, 0x00, 0x07, 0x0f, 0x0f, 0x0f, 0x0f, 0x07, 0x00, 0x00, 0x00, 0x00, 0x00, 0x00, 0x00, 0x00, 
	0x00, 0x00, 0x00, 0x00, 0x00, 0x00, 0x00, 0x00, 0x07, 0x0f, 0x0f, 0x0f, 0x0f, 0x07, 0x00, 0x00
};
// 'caravan', 32x32px
const unsigned char fas_32x32_fa_caravan [] PROGMEM = {
	0xf0, 0xf8, 0xf8, 0xf8, 0xf8, 0xf8, 0xf8, 0xf8, 0xf8, 0xf8, 0xf8, 0xf8, 0xf8, 0xf8, 0xf8, 0xf8, 
	0xf8, 0xf8, 0xf8, 0xf8, 0xf8, 0xf8, 0xf8, 0xf8, 0xf0, 0xe0, 0xe0, 0x80, 0x00, 0x00, 0x00, 0x00, 
	0xff, 0xff, 0xff, 0xc1, 0xc0, 0xc0, 0xc0, 0xc0, 0xc0, 0xc0, 0xc0, 0xc0, 0xc1, 0xff, 0xff, 0xff, 
	0x00, 0x00, 0x00, 0x00, 0x40, 0x40, 0xff, 0xff, 0xff, 0xff, 0xff, 0xff, 0xfe, 0x00, 0x00, 0x00, 
	0x1f, 0x3f, 0x3f, 0x7f, 0x7f, 0xff, 0xff, 0x1f, 0x0f, 0x0f, 0x0f, 0x1f, 0xff, 0xff, 0x7f, 0x3f, 
	0x78, 0x78, 0x78, 0x78, 0x78, 0x78, 0x7f, 0x7f, 0x7f, 0x7f, 0x7f, 0x7f, 0x7f, 0x78, 0x78, 0x38, 
	0x00, 0x00, 0x00, 0x00, 0x00, 0x01, 0x03, 0x07, 0x06, 0x06, 0x06, 0x07, 0x03, 0x01, 0x00, 0x00, 
	0x00, 0x00, 0x00, 0x00, 0x00, 0x00, 0x00, 0x00, 0x00, 0x00, 0x00, 0x00, 0x00, 0x00, 0x00, 0x00
};
// 'car-battery', 32x32px
const unsigned char fas_32x32_fa_car_battery [] PROGMEM = {
	0x00, 0x00, 0x00, 0x00, 0xf0, 0xf0, 0xf0, 0xf0, 0xf0, 0xf0, 0xf0, 0xf0, 0x00, 0x00, 0x00, 0x00, 
	0x00, 0x00, 0x00, 0x00, 0xf0, 0xf0, 0xf0, 0xf0, 0xf0, 0xf0, 0xf0, 0xf0, 0x00, 0x00, 0x00, 0x00, 
	0xfe, 0xff, 0xff, 0xff, 0x7f, 0x7f, 0x7f, 0x7f, 0x7f, 0x7f, 0x7f, 0x7f, 0xff, 0xff, 0xff, 0xff, 
	0xff, 0xff, 0xff, 0xff, 0x7f, 0x7f, 0x7f, 0x0f, 0x0f, 0x7f, 0x7f, 0x7f, 0xff, 0xff, 0xff, 0xfe, 
	0xff, 0xff, 0xff, 0xff, 0xfe, 0xfe, 0xfe, 0xfe, 0xfe, 0xfe, 0xfe, 0xfe, 0xff, 0xff, 0xff, 0xff, 
	0xff, 0xff, 0xff, 0xff, 0xfe, 0xfe, 0xfe, 0xf0, 0xf0, 0xfe, 0xfe, 0xfe, 0xff, 0xff, 0xff, 0xff, 
	0x07, 0x0f, 0x0f, 0x0f, 0x0f, 0x0f, 0x0f, 0x0f, 0x0f, 0x0f, 0x0f, 0x0f, 0x0f, 0x0f, 0x0f, 0x0f, 
	0x0f, 0x0f, 0x0f, 0x0f, 0x0f, 0x0f, 0x0f, 0x0f, 0x0f, 0x0f, 0x0f, 0x0f, 0x0f, 0x0f, 0x0f, 0x07
};
// 'car-crash', 32x32px
const unsigned char fas_32x32_fa_car_crash [] PROGMEM = {
	0x00, 0x80, 0x80, 0x80, 0x00, 0x00, 0xf8, 0xf0, 0xe0, 0xc0, 0xc0, 0xe0, 0xf0, 0x30, 0x00, 0x80, 
	0x80, 0x80, 0x80, 0x80, 0x80, 0x80, 0x80, 0x00, 0x00, 0x00, 0x00, 0x00, 0x00, 0x00, 0x00, 0x00, 
	0x60, 0x60, 0x73, 0x7f, 0x7f, 0xff, 0xff, 0x1f, 0x8f, 0xe7, 0xe7, 0x73, 0x78, 0x7e, 0xff, 0xef, 
	0xe7, 0xc3, 0xc3, 0xc3, 0xc3, 0x87, 0x87, 0x87, 0x07, 0x0f, 0x1e, 0xfe, 0xfc, 0xf8, 0x00, 0x00, 
	0x00, 0x00, 0x00, 0x00, 0x0f, 0x07, 0x01, 0x00, 0xff, 0xff, 0xff, 0xfc, 0x3c, 0x3c, 0x3f, 0x3f, 
	0x7f, 0x7f, 0x7f, 0x7f, 0xff, 0xff, 0xff, 0xff, 0xff, 0xff, 0xcf, 0xc7, 0xc7, 0xff, 0xff, 0x7c, 
	0x00, 0x00, 0x00, 0x00, 0x00, 0x00, 0x00, 0x00, 0x00, 0x00, 0x00, 0x00, 0x00, 0x00, 0x00, 0x00, 
	0x00, 0x00, 0x00, 0x00, 0x00, 0x00, 0x00, 0x01, 0x01, 0x0f, 0x1f, 0x1f, 0x1f, 0x07, 0x01, 0x00
};
// 'caret-down', 32x32px
const unsigned char fas_32x32_fa_caret_down [] PROGMEM = {
	0x00, 0x00, 0x00, 0x00, 0x00, 0x00, 0x00, 0x00, 0x00, 0x00, 0x00, 0x00, 0x00, 0x00, 0x00, 0x00, 
	0x00, 0x00, 0x00, 0x00, 0x00, 0x00, 0x00, 0x00, 0x00, 0x00, 0x00, 0x00, 0x00, 0x00, 0x00, 0x00, 
	0x00, 0x00, 0x00, 0x00, 0x00, 0x00, 0x00, 0x70, 0xf0, 0xf0, 0xf0, 0xf0, 0xf0, 0xf0, 0xf0, 0xf0, 
	0xf0, 0xf0, 0xf0, 0xf0, 0xf0, 0xf0, 0xf0, 0xf0, 0x70, 0x00, 0x00, 0x00, 0x00, 0x00, 0x00, 0x00, 
	0x00, 0x00, 0x00, 0x00, 0x00, 0x00, 0x00, 0x00, 0x00, 0x01, 0x03, 0x07, 0x0f, 0x1f, 0x3f, 0x3f, 
	0x3f, 0x3f, 0x1f, 0x0f, 0x07, 0x03, 0x01, 0x00, 0x00, 0x00, 0x00, 0x00, 0x00, 0x00, 0x00, 0x00, 
	0x00, 0x00, 0x00, 0x00, 0x00, 0x00, 0x00, 0x00, 0x00, 0x00, 0x00, 0x00, 0x00, 0x00, 0x00, 0x00, 
	0x00, 0x00, 0x00, 0x00, 0x00, 0x00, 0x00, 0x00, 0x00, 0x00, 0x00, 0x00, 0x00, 0x00, 0x00, 0x00
};
// 'caret-left', 32x32px
const unsigned char fas_32x32_fa_caret_left [] PROGMEM = {
	0x00, 0x00, 0x00, 0x00, 0x00, 0x00, 0x00, 0x00, 0x00, 0x00, 0x00, 0x00, 0x00, 0x00, 0x00, 0x00, 
	0x00, 0x00, 0x00, 0x80, 0x80, 0x80, 0x00, 0x00, 0x00, 0x00, 0x00, 0x00, 0x00, 0x00, 0x00, 0x00, 
	0x00, 0x00, 0x00, 0x00, 0x00, 0x00, 0x00, 0x00, 0x00, 0x00, 0x00, 0x00, 0xc0, 0xe0, 0xf0, 0xf8, 
	0xfc, 0xfe, 0xff, 0xff, 0xff, 0xff, 0x00, 0x00, 0x00, 0x00, 0x00, 0x00, 0x00, 0x00, 0x00, 0x00, 
	0x00, 0x00, 0x00, 0x00, 0x00, 0x00, 0x00, 0x00, 0x00, 0x00, 0x00, 0x00, 0x03, 0x07, 0x0f, 0x1f, 
	0x3f, 0x7f, 0xff, 0xff, 0xff, 0xff, 0x00, 0x00, 0x00, 0x00, 0x00, 0x00, 0x00, 0x00, 0x00, 0x00, 
	0x00, 0x00, 0x00, 0x00, 0x00, 0x00, 0x00, 0x00, 0x00, 0x00, 0x00, 0x00, 0x00, 0x00, 0x00, 0x00, 
	0x00, 0x00, 0x00, 0x01, 0x01, 0x01, 0x00, 0x00, 0x00, 0x00, 0x00, 0x00, 0x00, 0x00, 0x00, 0x00
};
// 'caret-right', 32x32px
const unsigned char fas_32x32_fa_caret_right [] PROGMEM = {
	0x00, 0x00, 0x00, 0x00, 0x00, 0x00, 0x00, 0x00, 0x00, 0x00, 0x80, 0x80, 0x80, 0x00, 0x00, 0x00, 
	0x00, 0x00, 0x00, 0x00, 0x00, 0x00, 0x00, 0x00, 0x00, 0x00, 0x00, 0x00, 0x00, 0x00, 0x00, 0x00, 
	0x00, 0x00, 0x00, 0x00, 0x00, 0x00, 0x00, 0x00, 0x00, 0x00, 0xff, 0xff, 0xff, 0xff, 0xfe, 0xfc, 
	0xf8, 0xf0, 0xe0, 0xc0, 0x00, 0x00, 0x00, 0x00, 0x00, 0x00, 0x00, 0x00, 0x00, 0x00, 0x00, 0x00, 
	0x00, 0x00, 0x00, 0x00, 0x00, 0x00, 0x00, 0x00, 0x00, 0x00, 0xff, 0xff, 0xff, 0xff, 0x7f, 0x3f, 
	0x1f, 0x0f, 0x07, 0x03, 0x00, 0x00, 0x00, 0x00, 0x00, 0x00, 0x00, 0x00, 0x00, 0x00, 0x00, 0x00, 
	0x00, 0x00, 0x00, 0x00, 0x00, 0x00, 0x00, 0x00, 0x00, 0x00, 0x01, 0x01, 0x01, 0x00, 0x00, 0x00, 
	0x00, 0x00, 0x00, 0x00, 0x00, 0x00, 0x00, 0x00, 0x00, 0x00, 0x00, 0x00, 0x00, 0x00, 0x00, 0x00
};
// 'caret-square-down', 32x32px
const unsigned char fas_32x32_fa_caret_square_down [] PROGMEM = {
	0x00, 0x00, 0xf8, 0xfc, 0xfc, 0xfc, 0xfc, 0xfc, 0xfc, 0xfc, 0xfc, 0xfc, 0xfc, 0xfc, 0xfc, 0xfc, 
	0xfc, 0xfc, 0xfc, 0xfc, 0xfc, 0xfc, 0xfc, 0xfc, 0xfc, 0xfc, 0xfc, 0xfc, 0xfc, 0xf8, 0x00, 0x00, 
	0x00, 0x00, 0xff, 0xff, 0xff, 0xff, 0xff, 0xff, 0xdf, 0x9f, 0x1f, 0x1f, 0x1f, 0x1f, 0x1f, 0x1f, 
	0x1f, 0x1f, 0x1f, 0x1f, 0x1f, 0x1f, 0x9f, 0xdf, 0xff, 0xff, 0xff, 0xff, 0xff, 0xff, 0x00, 0x00, 
	0x00, 0x00, 0xff, 0xff, 0xff, 0xff, 0xff, 0xff, 0xff, 0xff, 0xff, 0xfe, 0xfc, 0xf8, 0xf0, 0xe0, 
	0xe0, 0xf0, 0xf8, 0xfc, 0xfe, 0xff, 0xff, 0xff, 0xff, 0xff, 0xff, 0xff, 0xff, 0xff, 0x00, 0x00, 
	0x00, 0x00, 0x1f, 0x3f, 0x3f, 0x3f, 0x3f, 0x3f, 0x3f, 0x3f, 0x3f, 0x3f, 0x3f, 0x3f, 0x3f, 0x3f, 
	0x3f, 0x3f, 0x3f, 0x3f, 0x3f, 0x3f, 0x3f, 0x3f, 0x3f, 0x3f, 0x3f, 0x3f, 0x3f, 0x1f, 0x00, 0x00
};
// 'caret-square-left', 32x32px
const unsigned char fas_32x32_fa_caret_square_left [] PROGMEM = {
	0x00, 0x00, 0xf8, 0xfc, 0xfc, 0xfc, 0xfc, 0xfc, 0xfc, 0xfc, 0xfc, 0xfc, 0xfc, 0xfc, 0xfc, 0xfc, 
	0xfc, 0xfc, 0xfc, 0xfc, 0xfc, 0xfc, 0xfc, 0xfc, 0xfc, 0xfc, 0xfc, 0xfc, 0xfc, 0xf8, 0x00, 0x00, 
	0x00, 0x00, 0xff, 0xff, 0xff, 0xff, 0xff, 0xff, 0xff, 0xff, 0xff, 0x7f, 0x3f, 0x1f, 0x0f, 0x07, 
	0x03, 0x01, 0x00, 0xff, 0xff, 0xff, 0xff, 0xff, 0xff, 0xff, 0xff, 0xff, 0xff, 0xff, 0x00, 0x00, 
	0x00, 0x00, 0xff, 0xff, 0xff, 0xff, 0xff, 0xff, 0xff, 0xff, 0xff, 0xfe, 0xfc, 0xf8, 0xf0, 0xe0, 
	0xc0, 0x80, 0x00, 0xff, 0xff, 0xff, 0xff, 0xff, 0xff, 0xff, 0xff, 0xff, 0xff, 0xff, 0x00, 0x00, 
	0x00, 0x00, 0x1f, 0x3f, 0x3f, 0x3f, 0x3f, 0x3f, 0x3f, 0x3f, 0x3f, 0x3f, 0x3f, 0x3f, 0x3f, 0x3f, 
	0x3f, 0x3f, 0x3f, 0x3f, 0x3f, 0x3f, 0x3f, 0x3f, 0x3f, 0x3f, 0x3f, 0x3f, 0x3f, 0x1f, 0x00, 0x00
};
// 'caret-square-right', 32x32px
const unsigned char fas_32x32_fa_caret_square_right [] PROGMEM = {
	0x00, 0x00, 0xf8, 0xfc, 0xfc, 0xfc, 0xfc, 0xfc, 0xfc, 0xfc, 0xfc, 0xfc, 0xfc, 0xfc, 0xfc, 0xfc, 
	0xfc, 0xfc, 0xfc, 0xfc, 0xfc, 0xfc, 0xfc, 0xfc, 0xfc, 0xfc, 0xfc, 0xfc, 0xfc, 0xf8, 0x00, 0x00, 
	0x00, 0x00, 0xff, 0xff, 0xff, 0xff, 0xff, 0xff, 0xff, 0xff, 0xff, 0xff, 0xff, 0x00, 0x01, 0x03, 
	0x07, 0x0f, 0x1f, 0x3f, 0x7f, 0xff, 0xff, 0xff, 0xff, 0xff, 0xff, 0xff, 0xff, 0xff, 0x00, 0x00, 
	0x00, 0x00, 0xff, 0xff, 0xff, 0xff, 0xff, 0xff, 0xff, 0xff, 0xff, 0xff, 0xff, 0x00, 0x80, 0xc0, 
	0xe0, 0xf0, 0xf8, 0xfc, 0xfe, 0xff, 0xff, 0xff, 0xff, 0xff, 0xff, 0xff, 0xff, 0xff, 0x00, 0x00, 
	0x00, 0x00, 0x1f, 0x3f, 0x3f, 0x3f, 0x3f, 0x3f, 0x3f, 0x3f, 0x3f, 0x3f, 0x3f, 0x3f, 0x3f, 0x3f, 
	0x3f, 0x3f, 0x3f, 0x3f, 0x3f, 0x3f, 0x3f, 0x3f, 0x3f, 0x3f, 0x3f, 0x3f, 0x3f, 0x1f, 0x00, 0x00
};
// 'caret-square-up', 32x32px
const unsigned char fas_32x32_fa_caret_square_up [] PROGMEM = {
	0x00, 0x00, 0xf8, 0xfc, 0xfc, 0xfc, 0xfc, 0xfc, 0xfc, 0xfc, 0xfc, 0xfc, 0xfc, 0xfc, 0xfc, 0xfc, 
	0xfc, 0xfc, 0xfc, 0xfc, 0xfc, 0xfc, 0xfc, 0xfc, 0xfc, 0xfc, 0xfc, 0xfc, 0xfc, 0xf8, 0x00, 0x00, 
	0x00, 0x00, 0xff, 0xff, 0xff, 0xff, 0xff, 0xff, 0xff, 0xff, 0xff, 0x7f, 0x3f, 0x1f, 0x0f, 0x07, 
	0x07, 0x0f, 0x1f, 0x3f, 0x7f, 0xff, 0xff, 0xff, 0xff, 0xff, 0xff, 0xff, 0xff, 0xff, 0x00, 0x00, 
	0x00, 0x00, 0xff, 0xff, 0xff, 0xff, 0xff, 0xff, 0xfb, 0xf9, 0xf8, 0xf8, 0xf8, 0xf8, 0xf8, 0xf8, 
	0xf8, 0xf8, 0xf8, 0xf8, 0xf8, 0xf8, 0xf9, 0xfb, 0xff, 0xff, 0xff, 0xff, 0xff, 0xff, 0x00, 0x00, 
	0x00, 0x00, 0x1f, 0x3f, 0x3f, 0x3f, 0x3f, 0x3f, 0x3f, 0x3f, 0x3f, 0x3f, 0x3f, 0x3f, 0x3f, 0x3f, 
	0x3f, 0x3f, 0x3f, 0x3f, 0x3f, 0x3f, 0x3f, 0x3f, 0x3f, 0x3f, 0x3f, 0x3f, 0x3f, 0x1f, 0x00, 0x00
};
// 'caret-up', 32x32px
const unsigned char fas_32x32_fa_caret_up [] PROGMEM = {
	0x00, 0x00, 0x00, 0x00, 0x00, 0x00, 0x00, 0x00, 0x00, 0x00, 0x00, 0x00, 0x00, 0x00, 0x00, 0x00, 
	0x00, 0x00, 0x00, 0x00, 0x00, 0x00, 0x00, 0x00, 0x00, 0x00, 0x00, 0x00, 0x00, 0x00, 0x00, 0x00, 
	0x00, 0x00, 0x00, 0x00, 0x00, 0x00, 0x00, 0x00, 0x00, 0x00, 0x00, 0x80, 0xc0, 0xe0, 0xf0, 0xf0, 
	0xf0, 0xf0, 0xe0, 0xc0, 0x80, 0x00, 0x00, 0x00, 0x00, 0x00, 0x00, 0x00, 0x00, 0x00, 0x00, 0x00, 
	0x00, 0x00, 0x00, 0x00, 0x00, 0x00, 0x00, 0x38, 0x3c, 0x3e, 0x3f, 0x3f, 0x3f, 0x3f, 0x3f, 0x3f, 
	0x3f, 0x3f, 0x3f, 0x3f, 0x3f, 0x3f, 0x3e, 0x3c, 0x38, 0x00, 0x00, 0x00, 0x00, 0x00, 0x00, 0x00, 
	0x00, 0x00, 0x00, 0x00, 0x00, 0x00, 0x00, 0x00, 0x00, 0x00, 0x00, 0x00, 0x00, 0x00, 0x00, 0x00, 
	0x00, 0x00, 0x00, 0x00, 0x00, 0x00, 0x00, 0x00, 0x00, 0x00, 0x00, 0x00, 0x00, 0x00, 0x00, 0x00
};
// 'carrot', 32x32px
const unsigned char fas_32x32_fa_carrot [] PROGMEM = {
	0x00, 0x00, 0x00, 0x00, 0x00, 0x00, 0x00, 0x00, 0x00, 0x00, 0x00, 0x00, 0x00, 0x00, 0x00, 0x00, 
	0x00, 0x00, 0x00, 0x00, 0x78, 0xfe, 0xff, 0xfe, 0xf8, 0x80, 0x80, 0x80, 0x80, 0x00, 0x00, 0x00, 
	0x00, 0x00, 0x00, 0x00, 0x00, 0x00, 0x00, 0x80, 0xc0, 0x80, 0x18, 0x3c, 0x7e, 0xfe, 0xfe, 0xfe, 
	0xfe, 0xfe, 0xfc, 0xfc, 0xf8, 0xf1, 0xc3, 0x07, 0x07, 0x0f, 0x0f, 0x0f, 0x0f, 0x07, 0x07, 0x02, 
	0x00, 0x00, 0x00, 0x80, 0xe0, 0xf8, 0xfe, 0x7f, 0x7f, 0xff, 0xff, 0xfe, 0xfe, 0xff, 0xff, 0xff, 
	0xff, 0xff, 0xff, 0x7f, 0x7f, 0x1f, 0x0f, 0x00, 0x00, 0x00, 0x00, 0x00, 0x00, 0x00, 0x00, 0x00, 
	0xe0, 0xf8, 0xfe, 0x7f, 0x7f, 0x3f, 0x3f, 0x1e, 0x1c, 0x08, 0x01, 0x03, 0x07, 0x03, 0x03, 0x01, 
	0x01, 0x00, 0x00, 0x00, 0x00, 0x00, 0x00, 0x00, 0x00, 0x00, 0x00, 0x00, 0x00, 0x00, 0x00, 0x00
};
// 'car-side', 32x32px
const unsigned char fas_32x32_fa_car_side [] PROGMEM = {
	0x00, 0x00, 0x00, 0x00, 0x80, 0xc0, 0xe0, 0xe0, 0xe0, 0xe0, 0xe0, 0xe0, 0xe0, 0xe0, 0xe0, 0xe0, 
	0xe0, 0xe0, 0xe0, 0xe0, 0xe0, 0xc0, 0x00, 0x00, 0x00, 0x00, 0x00, 0x00, 0x00, 0x00, 0x00, 0x00, 
	0xc0, 0xe0, 0xf0, 0xfc, 0xff, 0xff, 0xe7, 0xe1, 0xe0, 0xe0, 0xe0, 0xf0, 0xff, 0xff, 0xe0, 0xe0, 
	0xe0, 0xe0, 0xe0, 0xe1, 0xe7, 0xef, 0xff, 0xfe, 0xfc, 0xf0, 0xe0, 0xe0, 0xe0, 0xe0, 0xc0, 0x80, 
	0x3f, 0x7f, 0x7f, 0xff, 0xff, 0xff, 0x1f, 0x0f, 0x0f, 0x1f, 0xff, 0xff, 0xff, 0x7f, 0x7f, 0x7f, 
	0x7f, 0x7f, 0x7f, 0xff, 0xff, 0xff, 0x1f, 0x0f, 0x0f, 0x1f, 0xff, 0xff, 0xff, 0x7f, 0x7f, 0x3f, 
	0x00, 0x00, 0x00, 0x00, 0x03, 0x07, 0x07, 0x06, 0x06, 0x07, 0x07, 0x03, 0x00, 0x00, 0x00, 0x00, 
	0x00, 0x00, 0x00, 0x00, 0x03, 0x07, 0x07, 0x06, 0x06, 0x07, 0x07, 0x03, 0x00, 0x00, 0x00, 0x00
};
// 'cart-arrow-down', 32x32px
const unsigned char fas_32x32_fa_cart_arrow_down [] PROGMEM = {
	0x1c, 0x1c, 0x3c, 0x3c, 0x3c, 0x7c, 0xfc, 0xfc, 0xf0, 0xe0, 0xe0, 0xe0, 0xe0, 0xe0, 0xe0, 0xe0, 
	0xe0, 0xe0, 0xe0, 0xe0, 0xe0, 0xe0, 0xe0, 0xe0, 0xe0, 0xe0, 0xe0, 0xe0, 0xe0, 0xe0, 0xc0, 0xc0, 
	0x00, 0x00, 0x00, 0x00, 0x00, 0x00, 0x0f, 0xff, 0xff, 0xff, 0xff, 0xff, 0xff, 0xff, 0xff, 0x9f, 
	0x1f, 0x01, 0x01, 0x01, 0x0f, 0x9f, 0xdf, 0xff, 0xff, 0xff, 0xff, 0xff, 0xff, 0xff, 0x3f, 0x03, 
	0x00, 0x00, 0x00, 0x00, 0x00, 0x00, 0x00, 0x01, 0x1f, 0xff, 0xff, 0xff, 0xef, 0xef, 0xef, 0xef, 
	0xef, 0xee, 0xee, 0xee, 0xef, 0xef, 0xef, 0xef, 0xef, 0xef, 0xef, 0xef, 0x07, 0x03, 0x00, 0x00, 
	0x00, 0x00, 0x00, 0x00, 0x00, 0x00, 0x00, 0x00, 0x1e, 0x3f, 0x3f, 0x3f, 0x1f, 0x0d, 0x01, 0x01, 
	0x01, 0x01, 0x01, 0x01, 0x01, 0x01, 0x01, 0x01, 0x1f, 0x3f, 0x3f, 0x3f, 0x1f, 0x0c, 0x00, 0x00
};
// 'cart-plus', 32x32px
const unsigned char fas_32x32_fa_cart_plus [] PROGMEM = {
	0x1c, 0x1c, 0x3c, 0x3c, 0x3c, 0x7c, 0xfc, 0xfc, 0xf0, 0xe0, 0xe0, 0xe0, 0xe0, 0xe0, 0xe0, 0xe0, 
	0xe0, 0xe0, 0xe0, 0xe0, 0xe0, 0xe0, 0xe0, 0xe0, 0xe0, 0xe0, 0xe0, 0xe0, 0xe0, 0xe0, 0xc0, 0xc0, 
	0x00, 0x00, 0x00, 0x00, 0x00, 0x00, 0x0f, 0xff, 0xff, 0xff, 0xff, 0xff, 0xff, 0xff, 0xc7, 0xc7, 
	0xc7, 0x01, 0x00, 0x00, 0xc7, 0xc7, 0xc7, 0xef, 0xff, 0xff, 0xff, 0xff, 0xff, 0xff, 0x3f, 0x03, 
	0x00, 0x00, 0x00, 0x00, 0x00, 0x00, 0x00, 0x01, 0x1f, 0xff, 0xff, 0xff, 0xef, 0xef, 0xef, 0xef, 
	0xef, 0xef, 0xee, 0xee, 0xef, 0xef, 0xef, 0xef, 0xef, 0xef, 0xef, 0xef, 0x07, 0x03, 0x00, 0x00, 
	0x00, 0x00, 0x00, 0x00, 0x00, 0x00, 0x00, 0x00, 0x1e, 0x3f, 0x3f, 0x3f, 0x1f, 0x0d, 0x01, 0x01, 
	0x01, 0x01, 0x01, 0x01, 0x01, 0x01, 0x01, 0x01, 0x1f, 0x3f, 0x3f, 0x3f, 0x1f, 0x0c, 0x00, 0x00
};
// 'cash-register', 32x32px
const unsigned char fas_32x32_fa_cash_register [] PROGMEM = {
	0x00, 0x00, 0xff, 0xff, 0xff, 0xe7, 0xe7, 0xe7, 0xe7, 0xe7, 0xe7, 0xe7, 0xe7, 0xe7, 0xe7, 0xe7, 
	0xe7, 0xff, 0xff, 0xff, 0x00, 0x00, 0x00, 0x00, 0x00, 0x00, 0x00, 0x00, 0x00, 0x00, 0x00, 0x00, 
	0x00, 0x80, 0xf0, 0xf0, 0xf0, 0xf0, 0x70, 0x70, 0xf0, 0xff, 0xff, 0xff, 0x7f, 0x70, 0xf0, 0xf0, 
	0xf0, 0xf0, 0x70, 0x70, 0xf0, 0xf0, 0xf0, 0xf0, 0x70, 0x70, 0xf0, 0xf0, 0xf0, 0xf0, 0x80, 0x00, 
	0xf0, 0xff, 0xff, 0xff, 0xff, 0xff, 0xfe, 0xfe, 0xff, 0xcf, 0xcf, 0xff, 0xfe, 0xfe, 0xff, 0xcf, 
	0xcf, 0xff, 0xfe, 0xfe, 0xff, 0xcf, 0xcf, 0xff, 0xfe, 0xfe, 0xff, 0xff, 0xff, 0xff, 0xff, 0xf0, 
	0xff, 0xff, 0xff, 0xff, 0xff, 0xff, 0xff, 0xff, 0xff, 0xff, 0xe7, 0xe7, 0xe7, 0xe7, 0xe7, 0xe7, 
	0xe7, 0xe7, 0xe7, 0xe7, 0xe7, 0xe7, 0xff, 0xff, 0xff, 0xff, 0xff, 0xff, 0xff, 0xff, 0xff, 0x7f
};
// 'cat', 32x32px
const unsigned char fas_32x32_fa_cat [] PROGMEM = {
	0x80, 0xc0, 0xc0, 0xc0, 0x80, 0x80, 0x00, 0x00, 0x00, 0x00, 0x00, 0x00, 0x00, 0x00, 0x00, 0x00, 
	0x00, 0x00, 0x00, 0x00, 0xf8, 0xf8, 0xf0, 0xe0, 0xc0, 0xc0, 0xc0, 0xc0, 0xe0, 0xf0, 0xf8, 0xf8, 
	0x01, 0x03, 0x03, 0x07, 0xff, 0xff, 0xff, 0xfc, 0x00, 0x80, 0x80, 0xc0, 0xe0, 0xe0, 0xf0, 0xf0, 
	0xf0, 0xf0, 0xe0, 0x80, 0x1f, 0x3f, 0x7f, 0xf9, 0xff, 0xff, 0xff, 0xff, 0xf9, 0x7f, 0x3f, 0x1f, 
	0x00, 0x00, 0x00, 0x00, 0xff, 0xff, 0xff, 0xff, 0xff, 0xff, 0xff, 0xff, 0xff, 0xff, 0xff, 0xff, 
	0xff, 0xff, 0xff, 0xff, 0xff, 0xfe, 0x7c, 0x7c, 0xfc, 0xfc, 0xfc, 0xfc, 0x00, 0x00, 0x00, 0x00, 
	0x00, 0x00, 0x00, 0x00, 0x3f, 0x7f, 0xff, 0xff, 0xff, 0xff, 0xff, 0xff, 0xff, 0xff, 0xff, 0xff, 
	0xff, 0xf7, 0xf3, 0xe1, 0x01, 0x00, 0x00, 0x00, 0xff, 0xff, 0xff, 0xff, 0x00, 0x00, 0x00, 0x00
};
// 'certificate', 32x32px
const unsigned char fas_32x32_fa_certificate [] PROGMEM = {
	0x00, 0x00, 0x00, 0x00, 0xf0, 0xf0, 0xf0, 0xf0, 0xe0, 0xe0, 0xfc, 0xff, 0xff, 0xfe, 0xfc, 0xf8, 
	0xf8, 0xfc, 0xfe, 0xff, 0xff, 0xfc, 0xe0, 0xe0, 0xf0, 0xf0, 0xf0, 0xf0, 0x00, 0x00, 0x00, 0x00, 
	0x18, 0x38, 0x7c, 0xfc, 0xfc, 0xff, 0xff, 0xff, 0xff, 0xff, 0xff, 0xff, 0xff, 0xff, 0xff, 0xff, 
	0xff, 0xff, 0xff, 0xff, 0xff, 0xff, 0xff, 0xff, 0xff, 0xff, 0xff, 0xfc, 0xfc, 0x7c, 0x38, 0x18, 
	0x18, 0x1c, 0x3e, 0x3f, 0x3f, 0xff, 0xff, 0xff, 0xff, 0xff, 0xff, 0xff, 0xff, 0xff, 0xff, 0xff, 
	0xff, 0xff, 0xff, 0xff, 0xff, 0xff, 0xff, 0xff, 0xff, 0xff, 0xff, 0x3f, 0x3f, 0x3e, 0x1c, 0x18, 
	0x00, 0x00, 0x00, 0x00, 0x0f, 0x0f, 0x0f, 0x0f, 0x07, 0x07, 0x3f, 0xff, 0xff, 0x7f, 0x3f, 0x1f, 
	0x1f, 0x3f, 0x7f, 0xff, 0xff, 0x3f, 0x07, 0x07, 0x0f, 0x0f, 0x0f, 0x0f, 0x00, 0x00, 0x00, 0x00
};
// 'chair', 32x32px
const unsigned char fas_32x32_fa_chair [] PROGMEM = {
	0x00, 0x00, 0x00, 0x00, 0x00, 0x00, 0xe0, 0xf8, 0xfc, 0x3e, 0x1e, 0xff, 0xff, 0xff, 0xff, 0x07, 
	0x07, 0xff, 0xff, 0xff, 0xff, 0x1e, 0x3e, 0xfc, 0xf8, 0xe0, 0x00, 0x00, 0x00, 0x00, 0x00, 0x00, 
	0x00, 0x00, 0x00, 0x00, 0x00, 0x00, 0xff, 0xff, 0xff, 0x00, 0x00, 0x7f, 0xff, 0xff, 0x7f, 0x00, 
	0x00, 0x7f, 0xff, 0xff, 0x7f, 0x00, 0x00, 0xff, 0xff, 0xff, 0x00, 0x00, 0x00, 0x00, 0x00, 0x00, 
	0x00, 0x00, 0x70, 0xfc, 0xfc, 0xfc, 0xfc, 0xfc, 0xfc, 0xfc, 0xfc, 0xfc, 0xfc, 0xfc, 0xfc, 0xfc, 
	0xfc, 0xfc, 0xfc, 0xfc, 0xfc, 0xfc, 0xfc, 0xfc, 0xfc, 0xfc, 0xfc, 0xfc, 0xfc, 0x70, 0x00, 0x00, 
	0x00, 0x00, 0x00, 0x00, 0xff, 0xff, 0xff, 0xff, 0x00, 0x00, 0x00, 0x00, 0x00, 0x00, 0x00, 0x00, 
	0x00, 0x00, 0x00, 0x00, 0x00, 0x00, 0x00, 0x00, 0xff, 0xff, 0xff, 0xff, 0x00, 0x00, 0x00, 0x00
};
// 'chalkboard', 32x32px
const unsigned char fas_32x32_fa_chalkboard [] PROGMEM = {
	0x00, 0x00, 0xf8, 0xf8, 0xf8, 0x38, 0x38, 0x38, 0x38, 0x38, 0x38, 0x38, 0x38, 0x38, 0x38, 0x38, 
	0x38, 0x38, 0x38, 0x38, 0x38, 0x38, 0x38, 0x38, 0x38, 0x38, 0x38, 0xf8, 0xf8, 0xf8, 0x00, 0x00, 
	0x00, 0x00, 0xff, 0xff, 0xff, 0x00, 0x00, 0x00, 0x00, 0x00, 0x00, 0x00, 0x00, 0x00, 0x00, 0x00, 
	0x00, 0x00, 0x00, 0x00, 0x00, 0x00, 0x00, 0x00, 0x00, 0x00, 0x00, 0xff, 0xff, 0xff, 0x00, 0x00, 
	0x00, 0x00, 0xff, 0xff, 0xff, 0x00, 0x00, 0x00, 0x00, 0x00, 0x00, 0x00, 0x00, 0x00, 0x80, 0xc0, 
	0xc0, 0xc0, 0xc0, 0xc0, 0xc0, 0xc0, 0xc0, 0x80, 0x00, 0x00, 0x00, 0xff, 0xff, 0xff, 0x00, 0x00, 
	0x1c, 0x1c, 0x1c, 0x1c, 0x1c, 0x1c, 0x1c, 0x1c, 0x1c, 0x1c, 0x1c, 0x1c, 0x1c, 0x1c, 0x1f, 0x1f, 
	0x1f, 0x1f, 0x1f, 0x1f, 0x1f, 0x1f, 0x1f, 0x1f, 0x1c, 0x1c, 0x1c, 0x1c, 0x1c, 0x1c, 0x1c, 0x1c
};
// 'chalkboard-teacher', 32x32px
const unsigned char fas_32x32_fa_chalkboard_teacher [] PROGMEM = {
	0x00, 0x00, 0x00, 0x00, 0x00, 0x00, 0x00, 0x00, 0xf0, 0xf8, 0xf8, 0x38, 0x38, 0x38, 0x38, 0x38, 
	0x38, 0x38, 0x38, 0x38, 0x38, 0x38, 0x38, 0x38, 0x38, 0x38, 0x38, 0x38, 0x38, 0xf8, 0xf8, 0xf0, 
	0x00, 0x00, 0x00, 0xe0, 0xf8, 0xfc, 0xfc, 0xfc, 0xfc, 0xfc, 0xfc, 0xf8, 0xe0, 0x00, 0x00, 0x00, 
	0x00, 0x00, 0x00, 0x00, 0x00, 0x00, 0x00, 0x00, 0x00, 0x00, 0x00, 0x00, 0x00, 0xff, 0xff, 0xff, 
	0x00, 0x80, 0xc0, 0xe0, 0xe3, 0xe7, 0xe7, 0xe7, 0xe7, 0xe7, 0xe7, 0xe3, 0xe0, 0xc0, 0x80, 0x00, 
	0x20, 0xe0, 0xe0, 0xfc, 0xfc, 0xfc, 0xfc, 0xfc, 0xfc, 0xfc, 0xe0, 0xe0, 0xe0, 0xff, 0xff, 0x7f, 
	0x0f, 0x1f, 0x1f, 0x1f, 0x1f, 0x1f, 0x1f, 0x1f, 0x1f, 0x1f, 0x1f, 0x1f, 0x1f, 0x1f, 0x1f, 0x0f, 
	0x00, 0x00, 0x00, 0x00, 0x00, 0x00, 0x00, 0x00, 0x00, 0x00, 0x00, 0x00, 0x00, 0x00, 0x00, 0x00
};
// 'charging-station', 32x32px
const unsigned char fas_32x32_fa_charging_station [] PROGMEM = {
	0x00, 0x00, 0xf8, 0xfc, 0xfc, 0xfc, 0xfc, 0x7c, 0x7c, 0x7c, 0x7c, 0xfc, 0xfc, 0xfc, 0xfc, 0xfc, 
	0xf8, 0xf0, 0x00, 0x00, 0x00, 0x00, 0x00, 0x00, 0x00, 0xc0, 0xc0, 0x00, 0xc0, 0xc0, 0x00, 0x00, 
	0x00, 0x00, 0xff, 0xff, 0xff, 0xdf, 0xc0, 0xc0, 0xc0, 0x00, 0x00, 0x07, 0xc7, 0xe7, 0xff, 0xff, 
	0xff, 0xff, 0x00, 0x00, 0x00, 0x00, 0x00, 0x1e, 0x7e, 0xff, 0xff, 0xfe, 0xff, 0xff, 0x7e, 0x3e, 
	0x00, 0x00, 0xff, 0xff, 0xff, 0xff, 0xff, 0xff, 0xf9, 0xf8, 0xfe, 0xff, 0xff, 0xff, 0xff, 0xff, 
	0xff, 0xff, 0x07, 0x07, 0x7e, 0xfe, 0xfc, 0x80, 0x00, 0x00, 0xff, 0xff, 0xff, 0x00, 0x00, 0x00, 
	0x38, 0x3c, 0x3d, 0x3d, 0x3d, 0x3d, 0x3d, 0x3d, 0x3d, 0x3d, 0x3d, 0x3d, 0x3d, 0x3d, 0x3d, 0x3d, 
	0x3d, 0x3d, 0x38, 0x18, 0x00, 0x01, 0x03, 0x03, 0x03, 0x03, 0x03, 0x01, 0x00, 0x00, 0x00, 0x00
};
// 'chart-area', 32x32px
const unsigned char fas_32x32_fa_chart_area [] PROGMEM = {
	0xf0, 0xf0, 0xf0, 0xf0, 0x00, 0x00, 0x00, 0x00, 0x00, 0x00, 0x00, 0xc0, 0xc0, 0x80, 0x00, 0x00, 
	0x00, 0x00, 0x00, 0x00, 0x00, 0x00, 0x00, 0x00, 0x00, 0x00, 0x00, 0x00, 0x00, 0x00, 0x00, 0x00, 
	0xff, 0xff, 0xff, 0xff, 0x00, 0x00, 0x80, 0xe0, 0xf8, 0xfc, 0xff, 0xff, 0xff, 0xff, 0xfe, 0xfc, 
	0xf8, 0xe0, 0xe0, 0xf0, 0xf0, 0xf8, 0xfc, 0xfc, 0xfc, 0xf0, 0x80, 0x00, 0x00, 0x00, 0x00, 0x00, 
	0xff, 0xff, 0xff, 0xff, 0x00, 0x00, 0x3f, 0x3f, 0x3f, 0x3f, 0x3f, 0x3f, 0x3f, 0x3f, 0x3f, 0x3f, 
	0x3f, 0x3f, 0x3f, 0x3f, 0x3f, 0x3f, 0x3f, 0x3f, 0x3f, 0x3f, 0x3f, 0x3e, 0x38, 0x20, 0x00, 0x00, 
	0x0f, 0x0f, 0x0f, 0x0f, 0x0f, 0x0f, 0x0f, 0x0f, 0x0f, 0x0f, 0x0f, 0x0f, 0x0f, 0x0f, 0x0f, 0x0f, 
	0x0f, 0x0f, 0x0f, 0x0f, 0x0f, 0x0f, 0x0f, 0x0f, 0x0f, 0x0f, 0x0f, 0x0f, 0x0f, 0x0f, 0x0f, 0x0f
};
// 'chart-bar', 32x32px
const unsigned char fas_32x32_fa_chart_bar [] PROGMEM = {
	0xf0, 0xf0, 0xf0, 0xf0, 0x00, 0x00, 0x00, 0x00, 0x00, 0x00, 0x00, 0x00, 0x00, 0x00, 0xc0, 0xc0, 
	0xc0, 0xc0, 0x00, 0x00, 0x00, 0x00, 0x00, 0x00, 0x00, 0x00, 0xf0, 0xf0, 0xf0, 0xf0, 0x00, 0x00, 
	0xff, 0xff, 0xff, 0xff, 0x00, 0x00, 0x00, 0x00, 0xc0, 0xc0, 0xc0, 0xc0, 0x00, 0x00, 0xff, 0xff, 
	0xff, 0xff, 0x00, 0x00, 0xfc, 0xfc, 0xfc, 0xfc, 0x00, 0x00, 0xff, 0xff, 0xff, 0xff, 0x00, 0x00, 
	0xff, 0xff, 0xff, 0xff, 0x00, 0x00, 0x00, 0x00, 0x0f, 0x0f, 0x0f, 0x0f, 0x00, 0x00, 0x0f, 0x0f, 
	0x0f, 0x0f, 0x00, 0x00, 0x0f, 0x0f, 0x0f, 0x0f, 0x00, 0x00, 0x0f, 0x0f, 0x0f, 0x0f, 0x00, 0x00, 
	0x07, 0x0f, 0x0f, 0x0f, 0x0f, 0x0f, 0x0f, 0x0f, 0x0f, 0x0f, 0x0f, 0x0f, 0x0f, 0x0f, 0x0f, 0x0f, 
	0x0f, 0x0f, 0x0f, 0x0f, 0x0f, 0x0f, 0x0f, 0x0f, 0x0f, 0x0f, 0x0f, 0x0f, 0x0f, 0x0f, 0x0f, 0x0f
};
// 'chart-line', 32x32px
const unsigned char fas_32x32_fa_chart_line [] PROGMEM = {
	0xf0, 0xf0, 0xf0, 0xf0, 0x00, 0x00, 0x00, 0x00, 0x00, 0x00, 0x00, 0x00, 0x00, 0x00, 0x00, 0x00, 
	0x00, 0x00, 0x00, 0x00, 0x80, 0xc0, 0xc0, 0xc0, 0xc0, 0xc0, 0xc0, 0xc0, 0xc0, 0xc0, 0x00, 0x00, 
	0xff, 0xff, 0xff, 0xff, 0x00, 0x00, 0x80, 0xc0, 0xe0, 0xf0, 0xf8, 0x7c, 0x7c, 0xf8, 0xf0, 0xe0, 
	0xc0, 0x80, 0x80, 0xc0, 0xe0, 0xf3, 0xff, 0x7f, 0x3f, 0x3f, 0x7f, 0x7f, 0xff, 0x7f, 0x00, 0x00, 
	0xff, 0xff, 0xff, 0xff, 0x00, 0x00, 0x01, 0x03, 0x03, 0x01, 0x00, 0x00, 0x00, 0x00, 0x01, 0x03, 
	0x07, 0x0f, 0x0f, 0x07, 0x03, 0x01, 0x00, 0x00, 0x00, 0x00, 0x00, 0x00, 0x00, 0x00, 0x00, 0x00, 
	0x07, 0x0f, 0x0f, 0x0f, 0x0f, 0x0f, 0x0f, 0x0f, 0x0f, 0x0f, 0x0f, 0x0f, 0x0f, 0x0f, 0x0f, 0x0f, 
	0x0f, 0x0f, 0x0f, 0x0f, 0x0f, 0x0f, 0x0f, 0x0f, 0x0f, 0x0f, 0x0f, 0x0f, 0x0f, 0x0f, 0x0f, 0x0f
};
// 'chart-pie', 32x32px
const unsigned char fas_32x32_fa_chart_pie [] PROGMEM = {
	0x00, 0x00, 0x00, 0x00, 0x80, 0xc0, 0xe0, 0xf0, 0xf0, 0xf0, 0xf8, 0xf8, 0xf8, 0x00, 0x00, 0x00, 
	0xfe, 0xfe, 0xfe, 0xfe, 0xfc, 0xfc, 0xf8, 0xf8, 0xf0, 0xe0, 0xc0, 0x80, 0x00, 0x00, 0x00, 0x00, 
	0xe0, 0xf8, 0xfe, 0xff, 0xff, 0xff, 0xff, 0xff, 0xff, 0xff, 0xff, 0xff, 0xff, 0x00, 0x00, 0x00, 
	0x7f, 0x7f, 0x7f, 0x7f, 0x7f, 0x7f, 0x7f, 0x7f, 0x7f, 0x7f, 0x7f, 0x7f, 0x7f, 0x78, 0x00, 0x00, 
	0x1f, 0x7f, 0xff, 0xff, 0xff, 0xff, 0xff, 0xff, 0xff, 0xff, 0xff, 0xff, 0xff, 0xfc, 0xf8, 0xf0, 
	0xe0, 0xc0, 0x84, 0x0c, 0x1c, 0x3c, 0x7c, 0xfc, 0xfc, 0xfc, 0xfc, 0xfc, 0xfc, 0xfc, 0xfc, 0x1c, 
	0x00, 0x00, 0x01, 0x03, 0x07, 0x0f, 0x1f, 0x1f, 0x3f, 0x3f, 0x7f, 0x7f, 0x7f, 0x7f, 0x7f, 0x7f, 
	0x7f, 0x7f, 0x3f, 0x3f, 0x3e, 0x1c, 0x08, 0x00, 0x01, 0x03, 0x07, 0x07, 0x03, 0x01, 0x00, 0x00
};
// 'check', 32x32px
const unsigned char fas_32x32_fa_check [] PROGMEM = {
	0x00, 0x00, 0x00, 0x00, 0x00, 0x00, 0x00, 0x00, 0x00, 0x00, 0x00, 0x00, 0x00, 0x00, 0x00, 0x00, 
	0x00, 0x00, 0x00, 0x00, 0x00, 0x00, 0x00, 0x00, 0x80, 0xc0, 0xe0, 0xf0, 0xf0, 0xe0, 0xc0, 0x80, 
	0x80, 0xc0, 0xe0, 0xf0, 0xf0, 0xe0, 0xc0, 0x80, 0x00, 0x00, 0x00, 0x00, 0x00, 0x00, 0x00, 0x00, 
	0x80, 0xc0, 0xe0, 0xf0, 0xf8, 0xfc, 0xfe, 0xff, 0xff, 0x7f, 0x3f, 0x1f, 0x0f, 0x07, 0x03, 0x01, 
	0x01, 0x03, 0x07, 0x0f, 0x1f, 0x3f, 0x7f, 0xff, 0xff, 0xfe, 0xfc, 0xf8, 0xf8, 0xfc, 0xfe, 0xff, 
	0xff, 0x7f, 0x3f, 0x1f, 0x0f, 0x07, 0x03, 0x01, 0x00, 0x00, 0x00, 0x00, 0x00, 0x00, 0x00, 0x00, 
	0x00, 0x00, 0x00, 0x00, 0x00, 0x00, 0x00, 0x00, 0x01, 0x03, 0x07, 0x0f, 0x0f, 0x07, 0x03, 0x01, 
	0x00, 0x00, 0x00, 0x00, 0x00, 0x00, 0x00, 0x00, 0x00, 0x00, 0x00, 0x00, 0x00, 0x00, 0x00, 0x00
};
// 'check-circle', 32x32px
const unsigned char fas_32x32_fa_check_circle [] PROGMEM = {
	0x00, 0x00, 0x00, 0x80, 0xc0, 0xe0, 0xf0, 0xf8, 0xfc, 0xfc, 0xfe, 0xfe, 0xfe, 0xfe, 0xff, 0xff, 
	0xff, 0xff, 0xfe, 0xfe, 0xfe, 0xfe, 0xfc, 0xfc, 0xf8, 0xf0, 0xe0, 0xc0, 0x80, 0x00, 0x00, 0x00, 
	0xc0, 0xfc, 0xff, 0xff, 0xff, 0xff, 0xff, 0x7f, 0x7f, 0x7f, 0xff, 0xff, 0xff, 0xff, 0xff, 0xff, 
	0xff, 0x7f, 0x3f, 0x1f, 0x0f, 0x07, 0x03, 0x83, 0xc3, 0xe7, 0xff, 0xff, 0xff, 0xff, 0xfc, 0xc0, 
	0x03, 0x3f, 0xff, 0xff, 0xff, 0xff, 0xfc, 0xf8, 0xf0, 0xe0, 0xc0, 0x81, 0x03, 0x07, 0x03, 0x81, 
	0xc0, 0xe0, 0xf0, 0xf8, 0xfc, 0xfe, 0xff, 0xff, 0xff, 0xff, 0xff, 0xff, 0xff, 0xff, 0x3f, 0x03, 
	0x00, 0x00, 0x00, 0x01, 0x03, 0x07, 0x0f, 0x1f, 0x3f, 0x3f, 0x7f, 0x7f, 0x7f, 0x7f, 0xff, 0xff, 
	0xff, 0xff, 0x7f, 0x7f, 0x7f, 0x7f, 0x3f, 0x3f, 0x1f, 0x0f, 0x07, 0x03, 0x01, 0x00, 0x00, 0x00
};
// 'check-double', 32x32px
const unsigned char fas_32x32_fa_check_double [] PROGMEM = {
	0x00, 0x00, 0x00, 0x00, 0x00, 0x00, 0x80, 0xc0, 0xc0, 0x80, 0x00, 0x00, 0x00, 0x00, 0x80, 0xc0, 
	0xe0, 0xf0, 0xf8, 0xfc, 0xfe, 0xff, 0xff, 0x7e, 0x3c, 0x18, 0x00, 0x00, 0x00, 0x00, 0x00, 0x00, 
	0x00, 0x00, 0x00, 0x00, 0x06, 0x0f, 0x1f, 0x3f, 0x7f, 0xff, 0xff, 0xfe, 0xfe, 0xff, 0xff, 0x7f, 
	0x3f, 0x1f, 0x0f, 0x07, 0x83, 0xc1, 0xe0, 0xf0, 0xf8, 0xfc, 0xfe, 0xff, 0xff, 0x7e, 0x3c, 0x18, 
	0x18, 0x3c, 0x7e, 0xff, 0xff, 0xfe, 0xfc, 0xf8, 0xf0, 0xe0, 0xc1, 0x83, 0x83, 0xc1, 0xe0, 0xf0, 
	0xf8, 0xfc, 0xfe, 0xff, 0xff, 0x7f, 0x3f, 0x1f, 0x0f, 0x07, 0x03, 0x01, 0x00, 0x00, 0x00, 0x00, 
	0x00, 0x00, 0x00, 0x00, 0x01, 0x03, 0x07, 0x0f, 0x1f, 0x3f, 0x7f, 0xff, 0xff, 0x7f, 0x3f, 0x1f, 
	0x0f, 0x07, 0x03, 0x01, 0x00, 0x00, 0x00, 0x00, 0x00, 0x00, 0x00, 0x00, 0x00, 0x00, 0x00, 0x00
};
// 'check-square', 32x32px
const unsigned char fas_32x32_fa_check_square [] PROGMEM = {
	0x00, 0x00, 0xf8, 0xfc, 0xfc, 0xfc, 0xfc, 0xfc, 0xfc, 0xfc, 0xfc, 0xfc, 0xfc, 0xfc, 0xfc, 0xfc, 
	0xfc, 0xfc, 0xfc, 0xfc, 0xfc, 0xfc, 0xfc, 0xfc, 0xfc, 0xfc, 0xfc, 0xfc, 0xfc, 0xf8, 0x00, 0x00, 
	0x00, 0x00, 0xff, 0xff, 0xff, 0xff, 0xff, 0x7f, 0x3f, 0x7f, 0xff, 0xff, 0xff, 0xff, 0xff, 0xff, 
	0xff, 0x7f, 0x3f, 0x1f, 0x0f, 0x07, 0x03, 0x81, 0xc3, 0xf7, 0xff, 0xff, 0xff, 0xff, 0x00, 0x00, 
	0x00, 0x00, 0xff, 0xff, 0xff, 0xff, 0xfe, 0xf8, 0xf0, 0xe0, 0xc0, 0x81, 0x03, 0x07, 0x03, 0x81, 
	0xc0, 0xe0, 0xf0, 0xf8, 0xfc, 0xfe, 0xff, 0xff, 0xff, 0xff, 0xff, 0xff, 0xff, 0xff, 0x00, 0x00, 
	0x00, 0x00, 0x1f, 0x3f, 0x3f, 0x3f, 0x3f, 0x3f, 0x3f, 0x3f, 0x3f, 0x3f, 0x3f, 0x3f, 0x3f, 0x3f, 
	0x3f, 0x3f, 0x3f, 0x3f, 0x3f, 0x3f, 0x3f, 0x3f, 0x3f, 0x3f, 0x3f, 0x3f, 0x3f, 0x1f, 0x00, 0x00
};
// 'cheese', 32x32px
const unsigned char fas_32x32_fa_cheese [] PROGMEM = {
	0x00, 0x00, 0x00, 0x00, 0x00, 0x00, 0x00, 0x00, 0x00, 0x00, 0x00, 0x80, 0xc0, 0xe0, 0xe0, 0xf0, 
	0xf8, 0xfc, 0xfc, 0xfc, 0xfc, 0xfc, 0xf8, 0xf8, 0xf0, 0xf0, 0xe0, 0xc0, 0x80, 0x00, 0x00, 0x00, 
	0x00, 0x80, 0xc0, 0xe0, 0xf0, 0xf0, 0xf8, 0xfc, 0xfe, 0xfe, 0xff, 0xff, 0xff, 0xff, 0xff, 0xff, 
	0xff, 0xff, 0xff, 0xff, 0xff, 0xff, 0xff, 0xff, 0xff, 0xff, 0xff, 0xff, 0xff, 0xff, 0xfc, 0xf0, 
	0xfc, 0xfc, 0xfc, 0xfc, 0xfc, 0xfc, 0xfc, 0xfc, 0xfc, 0xfc, 0xfc, 0xfc, 0xfc, 0xfc, 0xfc, 0xfc, 
	0xfc, 0xfc, 0xfc, 0xfc, 0xfc, 0xfc, 0xfc, 0xfc, 0xfc, 0xfc, 0xfc, 0xfc, 0xfc, 0xfc, 0xfc, 0xfc, 
	0x1f, 0x3f, 0x3f, 0x3f, 0x3f, 0x3f, 0x3f, 0x3f, 0x3f, 0x3f, 0x3f, 0x3f, 0x3f, 0x3f, 0x3f, 0x3f, 
	0x3f, 0x3f, 0x3f, 0x3f, 0x3f, 0x3f, 0x3f, 0x3f, 0x3f, 0x3f, 0x3f, 0x3f, 0x3f, 0x3f, 0x3f, 0x1f
};
// 'chess', 32x32px
const unsigned char fas_32x32_fa_chess [] PROGMEM = {
	0x00, 0x00, 0x00, 0xc0, 0xc0, 0xcc, 0xcc, 0xff, 0xff, 0xcc, 0xcc, 0xc0, 0xc0, 0x00, 0x00, 0x00, 
	0x00, 0x00, 0x00, 0x00, 0x00, 0x00, 0x00, 0x00, 0x00, 0x00, 0x00, 0x00, 0x00, 0x00, 0x00, 0x00, 
	0x00, 0x00, 0x00, 0xe3, 0xff, 0xff, 0xff, 0xff, 0xff, 0xff, 0xff, 0xff, 0xe3, 0x00, 0x00, 0x00, 
	0x00, 0x00, 0x00, 0xf0, 0xf0, 0xe0, 0xc0, 0xf0, 0xf0, 0xf0, 0xf0, 0xc0, 0xe0, 0xf0, 0xf0, 0x00, 
	0x00, 0x00, 0x00, 0x00, 0xe0, 0xff, 0xff, 0xff, 0xff, 0xff, 0xff, 0xe0, 0x00, 0x00, 0x00, 0x00, 
	0x00, 0x00, 0x00, 0x01, 0x03, 0xff, 0xff, 0xff, 0xe3, 0xe3, 0xff, 0xff, 0xff, 0x03, 0x01, 0x00, 
	0xe0, 0xf0, 0xfc, 0xfc, 0xfc, 0xfc, 0xfc, 0xfc, 0xfc, 0xfc, 0xfc, 0xfc, 0xfc, 0xfc, 0xf0, 0xe0, 
	0x00, 0x00, 0xe0, 0xf0, 0xfc, 0xfc, 0xfc, 0xfc, 0xfc, 0xfc, 0xfc, 0xfc, 0xfc, 0xfc, 0xf0, 0xe0
};
// 'chess-bishop', 32x32px
const unsigned char fas_32x32_fa_chess_bishop [] PROGMEM = {
	0x00, 0x00, 0x00, 0x00, 0x00, 0x00, 0x00, 0x00, 0x00, 0x00, 0x80, 0xc0, 0xe6, 0xff, 0xff, 0xff, 
	0xff, 0xff, 0xff, 0xe6, 0xc0, 0x80, 0x00, 0x00, 0x00, 0x00, 0x00, 0x00, 0x00, 0x00, 0x00, 0x00, 
	0x00, 0x00, 0x00, 0x00, 0x00, 0x00, 0x00, 0xe0, 0xf8, 0xfe, 0xff, 0xff, 0xff, 0xff, 0xff, 0xff, 
	0xff, 0x7f, 0x3f, 0x1f, 0x8f, 0xc7, 0xe2, 0xf0, 0xe0, 0x00, 0x00, 0x00, 0x00, 0x00, 0x00, 0x00, 
	0x00, 0x00, 0x00, 0x00, 0x00, 0x00, 0x06, 0x3f, 0x7f, 0x7f, 0xff, 0xff, 0xff, 0xff, 0xff, 0xff, 
	0xfe, 0xfc, 0xfe, 0xff, 0xff, 0xff, 0x7f, 0x7f, 0x3f, 0x06, 0x00, 0x00, 0x00, 0x00, 0x00, 0x00, 
	0x00, 0x00, 0x00, 0x00, 0x00, 0x00, 0xf0, 0xf0, 0xf0, 0xf0, 0xf3, 0xf3, 0xf3, 0xf3, 0xf3, 0xf3, 
	0xf3, 0xf3, 0xf3, 0xf3, 0xf3, 0xf3, 0xf0, 0xf0, 0xf0, 0xf0, 0x00, 0x00, 0x00, 0x00, 0x00, 0x00
};
// 'chess-board', 32x32px
const unsigned char fas_32x32_fa_chess_board [] PROGMEM = {
	0xf0, 0xf0, 0xf0, 0xf0, 0x0f, 0x0f, 0x0f, 0x0f, 0xf0, 0xf0, 0xf0, 0xf0, 0x0f, 0x0f, 0x0f, 0x0f, 
	0xf0, 0xf0, 0xf0, 0xf0, 0x0f, 0x0f, 0x0f, 0x0f, 0xf0, 0xf0, 0xf0, 0xf0, 0x0f, 0x0f, 0x0f, 0x0f, 
	0xf0, 0xf0, 0xf0, 0xf0, 0x0f, 0x0f, 0x0f, 0x0f, 0xf0, 0xf0, 0xf0, 0xf0, 0x0f, 0x0f, 0x0f, 0x0f, 
	0xf0, 0xf0, 0xf0, 0xf0, 0x0f, 0x0f, 0x0f, 0x0f, 0xf0, 0xf0, 0xf0, 0xf0, 0x0f, 0x0f, 0x0f, 0x0f, 
	0xf0, 0xf0, 0xf0, 0xf0, 0x0f, 0x0f, 0x0f, 0x0f, 0xf0, 0xf0, 0xf0, 0xf0, 0x0f, 0x0f, 0x0f, 0x0f, 
	0xf0, 0xf0, 0xf0, 0xf0, 0x0f, 0x0f, 0x0f, 0x0f, 0xf0, 0xf0, 0xf0, 0xf0, 0x0f, 0x0f, 0x0f, 0x0f, 
	0xf0, 0xf0, 0xf0, 0xf0, 0x0f, 0x0f, 0x0f, 0x0f, 0xf0, 0xf0, 0xf0, 0xf0, 0x0f, 0x0f, 0x0f, 0x0f, 
	0xf0, 0xf0, 0xf0, 0xf0, 0x0f, 0x0f, 0x0f, 0x0f, 0xf0, 0xf0, 0xf0, 0xf0, 0x0f, 0x0f, 0x0f, 0x0f
};
// 'chess-king', 32x32px
const unsigned char fas_32x32_fa_chess_king [] PROGMEM = {
	0x00, 0x00, 0x00, 0x00, 0x00, 0x00, 0x00, 0x00, 0x00, 0x00, 0x00, 0x78, 0x78, 0x78, 0xff, 0xff, 
	0xff, 0xff, 0x78, 0x78, 0x78, 0x00, 0x00, 0x00, 0x00, 0x00, 0x00, 0x00, 0x00, 0x00, 0x00, 0x00, 
	0x00, 0x00, 0x38, 0xfc, 0xfc, 0xfc, 0xfc, 0xfc, 0xfc, 0xfc, 0xfc, 0xfc, 0xfc, 0xfc, 0xff, 0xff, 
	0xff, 0xff, 0xfc, 0xfc, 0xfc, 0xfc, 0xfc, 0xfc, 0xfc, 0xfc, 0xfc, 0xfc, 0xfc, 0x38, 0x00, 0x00, 
	0x00, 0x00, 0x00, 0x01, 0x0f, 0x7f, 0xff, 0xff, 0xff, 0xff, 0xff, 0xff, 0xff, 0xff, 0xff, 0xff, 
	0xff, 0xff, 0xff, 0xff, 0xff, 0xff, 0xff, 0xff, 0xff, 0xff, 0x7f, 0x0f, 0x01, 0x00, 0x00, 0x00, 
	0x00, 0x00, 0x00, 0x00, 0xf0, 0xf0, 0xf3, 0xf3, 0xf3, 0xf3, 0xf3, 0xf3, 0xf3, 0xf3, 0xf3, 0xf3, 
	0xf3, 0xf3, 0xf3, 0xf3, 0xf3, 0xf3, 0xf3, 0xf3, 0xf3, 0xf3, 0xf0, 0xf0, 0x00, 0x00, 0x00, 0x00
};
// 'chess-knight', 32x32px
const unsigned char fas_32x32_fa_chess_knight [] PROGMEM = {
	0x00, 0x00, 0x00, 0x00, 0xec, 0xfc, 0xfc, 0xfc, 0xfc, 0xfc, 0xfc, 0xfc, 0xfc, 0xfc, 0xfc, 0xfc, 
	0xfc, 0xfc, 0xf8, 0xf8, 0xf0, 0xe0, 0xe0, 0x80, 0x00, 0x00, 0x00, 0x00, 0x00, 0x00, 0x00, 0x00, 
	0x00, 0x00, 0x00, 0x00, 0xff, 0xff, 0xfc, 0xfc, 0xff, 0xff, 0xff, 0xff, 0x3f, 0x1f, 0xff, 0xff, 
	0xff, 0xff, 0xff, 0xff, 0xff, 0xff, 0xff, 0xff, 0xff, 0xfc, 0x00, 0x00, 0x00, 0x00, 0x00, 0x00, 
	0x00, 0x00, 0x00, 0x00, 0x01, 0x01, 0x83, 0xe3, 0xe3, 0xf3, 0xf3, 0xf8, 0xf8, 0xfc, 0xff, 0xff, 
	0xff, 0xff, 0xff, 0xff, 0xff, 0xff, 0xff, 0xff, 0xff, 0xff, 0x00, 0x00, 0x00, 0x00, 0x00, 0x00, 
	0x00, 0x00, 0x00, 0x00, 0xf0, 0xf0, 0xf3, 0xf3, 0xf3, 0xf3, 0xf3, 0xf3, 0xf3, 0xf3, 0xf3, 0xf3, 
	0xf3, 0xf3, 0xf3, 0xf3, 0xf3, 0xf3, 0xf3, 0xf3, 0xf3, 0xf3, 0xf0, 0xf0, 0x00, 0x00, 0x00, 0x00
};
// 'chess-pawn', 32x32px
const unsigned char fas_32x32_fa_chess_pawn [] PROGMEM = {
	0x00, 0x00, 0x00, 0x00, 0x00, 0x00, 0x00, 0x00, 0x00, 0x00, 0xe0, 0xf0, 0xf8, 0xfc, 0xfc, 0xfc, 
	0xfc, 0xfc, 0xfc, 0xf8, 0xf0, 0xe0, 0x00, 0x00, 0x00, 0x00, 0x00, 0x00, 0x00, 0x00, 0x00, 0x00, 
	0x00, 0x00, 0x00, 0x00, 0x00, 0x00, 0x00, 0x00, 0x00, 0x01, 0xcf, 0xdf, 0xff, 0xff, 0xff, 0xff, 
	0xff, 0xff, 0xff, 0xff, 0xdf, 0xcf, 0x01, 0x00, 0x00, 0x00, 0x00, 0x00, 0x00, 0x00, 0x00, 0x00, 
	0x00, 0x00, 0x00, 0x00, 0x00, 0x00, 0x00, 0x00, 0x00, 0x00, 0x03, 0x83, 0xff, 0xff, 0xff, 0xff, 
	0xff, 0xff, 0xff, 0xff, 0x83, 0x03, 0x00, 0x00, 0x00, 0x00, 0x00, 0x00, 0x00, 0x00, 0x00, 0x00, 
	0x00, 0x00, 0x00, 0x00, 0x00, 0x00, 0xf0, 0xf0, 0xf0, 0xf0, 0xf0, 0xf3, 0xf3, 0xf3, 0xf3, 0xf3, 
	0xf3, 0xf3, 0xf3, 0xf3, 0xf3, 0xf0, 0xf0, 0xf0, 0xf0, 0xf0, 0x00, 0x00, 0x00, 0x00, 0x00, 0x00
};
// 'chess-queen', 32x32px
const unsigned char fas_32x32_fa_chess_queen [] PROGMEM = {
	0x00, 0x00, 0x00, 0x00, 0x00, 0x00, 0x00, 0x00, 0x00, 0x00, 0x00, 0x00, 0x08, 0x3e, 0x7f, 0x7f, 
	0x7f, 0x7f, 0x3e, 0x08, 0x00, 0x00, 0x00, 0x00, 0x00, 0x00, 0x00, 0x00, 0x00, 0x00, 0x00, 0x00, 
	0x38, 0xf8, 0xfc, 0xf8, 0xf0, 0xf0, 0xf0, 0xf8, 0xfc, 0xff, 0xff, 0xff, 0xff, 0xfc, 0xf8, 0xf8, 
	0xf8, 0xf8, 0xfc, 0xff, 0xff, 0xff, 0xff, 0xfc, 0xf8, 0xf0, 0xf0, 0xf8, 0xf8, 0xfc, 0xf8, 0x38, 
	0x00, 0x00, 0x03, 0x0f, 0x3f, 0xff, 0xff, 0xff, 0xff, 0xff, 0xff, 0xff, 0xff, 0xff, 0xff, 0xff, 
	0xff, 0xff, 0xff, 0xff, 0xff, 0xff, 0xff, 0xff, 0xff, 0xff, 0xff, 0x3f, 0x0f, 0x03, 0x00, 0x00, 
	0x00, 0x00, 0x00, 0x00, 0xf0, 0xf0, 0xf3, 0xf3, 0xf3, 0xf3, 0xf3, 0xf3, 0xf3, 0xf3, 0xf3, 0xf3, 
	0xf3, 0xf3, 0xf3, 0xf3, 0xf3, 0xf3, 0xf3, 0xf3, 0xf3, 0xf3, 0xf0, 0xf0, 0x00, 0x00, 0x00, 0x00
};
// 'chess-rook', 32x32px
const unsigned char fas_32x32_fa_chess_rook [] PROGMEM = {
	0x00, 0x00, 0x00, 0x00, 0xfc, 0xfc, 0xfc, 0xfc, 0xfc, 0xf8, 0xc0, 0xc0, 0xf8, 0xfc, 0xfc, 0xfc, 
	0xfc, 0xfc, 0xfc, 0xf8, 0xc0, 0xc0, 0xf8, 0xfc, 0xfc, 0xfc, 0xfc, 0xfc, 0x00, 0x00, 0x00, 0x00, 
	0x00, 0x00, 0x00, 0x00, 0x3f, 0x7f, 0x7f, 0xff, 0xff, 0xff, 0xff, 0xff, 0xff, 0xff, 0x7f, 0x3f, 
	0x3f, 0x7f, 0xff, 0xff, 0xff, 0xff, 0xff, 0xff, 0xff, 0x7f, 0x7f, 0x3f, 0x00, 0x00, 0x00, 0x00, 
	0x00, 0x00, 0x00, 0x00, 0x00, 0x00, 0x00, 0x00, 0xff, 0xff, 0xff, 0xff, 0xff, 0xff, 0xf0, 0xf0, 
	0xf0, 0xf0, 0xff, 0xff, 0xff, 0xff, 0xff, 0xff, 0x00, 0x00, 0x00, 0x00, 0x00, 0x00, 0x00, 0x00, 
	0x00, 0x00, 0x00, 0x00, 0xf0, 0xf0, 0xf0, 0xf3, 0xf3, 0xf3, 0xf3, 0xf3, 0xf3, 0xf3, 0xf3, 0xf3, 
	0xf3, 0xf3, 0xf3, 0xf3, 0xf3, 0xf3, 0xf3, 0xf3, 0xf3, 0xf0, 0xf0, 0xf0, 0x00, 0x00, 0x00, 0x00
};
// 'chevron-circle-down', 32x32px
const unsigned char fas_32x32_fa_chevron_circle_down [] PROGMEM = {
	0x00, 0x00, 0x00, 0x80, 0xc0, 0xe0, 0xf0, 0xf8, 0xfc, 0xfc, 0xfe, 0xfe, 0xfe, 0xfe, 0xff, 0xff, 
	0xff, 0xff, 0xfe, 0xfe, 0xfe, 0xfe, 0xfc, 0xfc, 0xf8, 0xf0, 0xe0, 0xc0, 0x80, 0x00, 0x00, 0x00, 
	0xc0, 0xfc, 0xff, 0xff, 0xff, 0xff, 0x9f, 0x0f, 0x07, 0x07, 0x0f, 0x1f, 0x3f, 0x7f, 0xff, 0xff, 
	0xff, 0xff, 0x7f, 0x3f, 0x1f, 0x0f, 0x07, 0x07, 0x0f, 0x9f, 0xff, 0xff, 0xff, 0xff, 0xfc, 0xc0, 
	0x03, 0x3f, 0xff, 0xff, 0xff, 0xff, 0xff, 0xff, 0xfe, 0xfc, 0xf8, 0xf0, 0xe0, 0xc0, 0x80, 0x81, 
	0x81, 0x80, 0xc0, 0xe0, 0xf0, 0xf8, 0xfc, 0xfe, 0xff, 0xff, 0xff, 0xff, 0xff, 0xff, 0x3f, 0x03, 
	0x00, 0x00, 0x00, 0x01, 0x03, 0x07, 0x0f, 0x1f, 0x3f, 0x3f, 0x7f, 0x7f, 0x7f, 0x7f, 0xff, 0xff, 
	0xff, 0xff, 0x7f, 0x7f, 0x7f, 0x7f, 0x3f, 0x3f, 0x1f, 0x0f, 0x07, 0x03, 0x01, 0x00, 0x00, 0x00
};
// 'chevron-circle-left', 32x32px
const unsigned char fas_32x32_fa_chevron_circle_left [] PROGMEM = {
	0x00, 0x00, 0x00, 0x80, 0xc0, 0xe0, 0xf0, 0xf8, 0xfc, 0xfc, 0xfe, 0xfe, 0xfe, 0xfe, 0xff, 0xff, 
	0x7f, 0x3f, 0x3e, 0x7e, 0xfe, 0xfe, 0xfc, 0xfc, 0xf8, 0xf0, 0xe0, 0xc0, 0x80, 0x00, 0x00, 0x00, 
	0xc0, 0xfc, 0xff, 0xff, 0xff, 0xff, 0xff, 0xff, 0xff, 0x3f, 0x1f, 0x0f, 0x07, 0x03, 0x01, 0x80, 
	0xc0, 0xe0, 0xf0, 0xf8, 0xfc, 0xff, 0xff, 0xff, 0xff, 0xff, 0xff, 0xff, 0xff, 0xff, 0xfc, 0xc0, 
	0x03, 0x3f, 0xff, 0xff, 0xff, 0xff, 0xff, 0xff, 0xff, 0xfc, 0xf8, 0xf0, 0xe0, 0xc0, 0x80, 0x01, 
	0x03, 0x07, 0x0f, 0x1f, 0x3f, 0xff, 0xff, 0xff, 0xff, 0xff, 0xff, 0xff, 0xff, 0xff, 0x3f, 0x03, 
	0x00, 0x00, 0x00, 0x01, 0x03, 0x07, 0x0f, 0x1f, 0x3f, 0x3f, 0x7f, 0x7f, 0x7f, 0x7f, 0xff, 0xff, 
	0xfe, 0xfc, 0x7c, 0x7e, 0x7f, 0x7f, 0x3f, 0x3f, 0x1f, 0x0f, 0x07, 0x03, 0x01, 0x00, 0x00, 0x00
};
// 'chevron-circle-right', 32x32px
const unsigned char fas_32x32_fa_chevron_circle_right [] PROGMEM = {
	0x00, 0x00, 0x00, 0x80, 0xc0, 0xe0, 0xf0, 0xf8, 0xfc, 0xfc, 0xfe, 0xfe, 0x7e, 0x3e, 0x3f, 0x7f, 
	0xff, 0xff, 0xfe, 0xfe, 0xfe, 0xfe, 0xfc, 0xfc, 0xf8, 0xf0, 0xe0, 0xc0, 0x80, 0x00, 0x00, 0x00, 
	0xc0, 0xfc, 0xff, 0xff, 0xff, 0xff, 0xff, 0xff, 0xff, 0xff, 0xff, 0xfc, 0xf8, 0xf0, 0xe0, 0xc0, 
	0x80, 0x01, 0x03, 0x07, 0x0f, 0x1f, 0x3f, 0xff, 0xff, 0xff, 0xff, 0xff, 0xff, 0xff, 0xfc, 0xc0, 
	0x03, 0x3f, 0xff, 0xff, 0xff, 0xff, 0xff, 0xff, 0xff, 0xff, 0xff, 0x3f, 0x1f, 0x0f, 0x07, 0x03, 
	0x01, 0x80, 0xc0, 0xe0, 0xf0, 0xf8, 0xfc, 0xff, 0xff, 0xff, 0xff, 0xff, 0xff, 0xff, 0x3f, 0x03, 
	0x00, 0x00, 0x00, 0x01, 0x03, 0x07, 0x0f, 0x1f, 0x3f, 0x3f, 0x7f, 0x7f, 0x7e, 0x7c, 0xfc, 0xfe, 
	0xff, 0xff, 0x7f, 0x7f, 0x7f, 0x7f, 0x3f, 0x3f, 0x1f, 0x0f, 0x07, 0x03, 0x01, 0x00, 0x00, 0x00
};
// 'chevron-circle-up', 32x32px
const unsigned char fas_32x32_fa_chevron_circle_up [] PROGMEM = {
	0x00, 0x00, 0x00, 0x80, 0xc0, 0xe0, 0xf0, 0xf8, 0xfc, 0xfc, 0xfe, 0xfe, 0xfe, 0xfe, 0xff, 0xff, 
	0xff, 0xff, 0xfe, 0xfe, 0xfe, 0xfe, 0xfc, 0xfc, 0xf8, 0xf0, 0xe0, 0xc0, 0x80, 0x00, 0x00, 0x00, 
	0xc0, 0xfc, 0xff, 0xff, 0xff, 0xff, 0xff, 0xff, 0x7f, 0x3f, 0x1f, 0x0f, 0x07, 0x03, 0x01, 0x81, 
	0x81, 0x01, 0x03, 0x07, 0x0f, 0x1f, 0x3f, 0x7f, 0xff, 0xff, 0xff, 0xff, 0xff, 0xff, 0xfc, 0xc0, 
	0x03, 0x3f, 0xff, 0xff, 0xff, 0xff, 0xf9, 0xf0, 0xe0, 0xe0, 0xf0, 0xf8, 0xfc, 0xfe, 0xff, 0xff, 
	0xff, 0xff, 0xfe, 0xfc, 0xf8, 0xf0, 0xe0, 0xe0, 0xf0, 0xf9, 0xff, 0xff, 0xff, 0xff, 0x3f, 0x03, 
	0x00, 0x00, 0x00, 0x01, 0x03, 0x07, 0x0f, 0x1f, 0x3f, 0x3f, 0x7f, 0x7f, 0x7f, 0x7f, 0xff, 0xff, 
	0xff, 0xff, 0x7f, 0x7f, 0x7f, 0x7f, 0x3f, 0x3f, 0x1f, 0x0f, 0x07, 0x03, 0x01, 0x00, 0x00, 0x00
};
// 'chevron-down', 32x32px
const unsigned char fas_32x32_fa_chevron_down [] PROGMEM = {
	0x00, 0x00, 0x00, 0x00, 0x00, 0x00, 0x00, 0x00, 0x00, 0x00, 0x00, 0x00, 0x00, 0x00, 0x00, 0x00, 
	0x00, 0x00, 0x00, 0x00, 0x00, 0x00, 0x00, 0x00, 0x00, 0x00, 0x00, 0x00, 0x00, 0x00, 0x00, 0x00, 
	0x00, 0x00, 0x04, 0x0e, 0x1f, 0x3f, 0x7f, 0xfe, 0xfc, 0xf8, 0xf0, 0xe0, 0xc0, 0x80, 0x00, 0x00, 
	0x00, 0x00, 0x80, 0xc0, 0xe0, 0xf0, 0xf8, 0xfc, 0xfe, 0x7f, 0x3f, 0x1f, 0x0e, 0x04, 0x00, 0x00, 
	0x00, 0x00, 0x00, 0x00, 0x00, 0x00, 0x00, 0x00, 0x01, 0x03, 0x07, 0x0f, 0x1f, 0x3f, 0x7f, 0xfe, 
	0xfe, 0x7f, 0x3f, 0x1f, 0x0f, 0x07, 0x03, 0x01, 0x00, 0x00, 0x00, 0x00, 0x00, 0x00, 0x00, 0x00, 
	0x00, 0x00, 0x00, 0x00, 0x00, 0x00, 0x00, 0x00, 0x00, 0x00, 0x00, 0x00, 0x00, 0x00, 0x00, 0x00, 
	0x00, 0x00, 0x00, 0x00, 0x00, 0x00, 0x00, 0x00, 0x00, 0x00, 0x00, 0x00, 0x00, 0x00, 0x00, 0x00
};
// 'chevron-left', 32x32px
const unsigned char fas_32x32_fa_chevron_left [] PROGMEM = {
	0x00, 0x00, 0x00, 0x00, 0x00, 0x00, 0x00, 0x00, 0x00, 0x00, 0x00, 0x00, 0x00, 0x00, 0x00, 0x00, 
	0x80, 0xc0, 0xe0, 0xf0, 0xf8, 0xfc, 0xf8, 0x70, 0x00, 0x00, 0x00, 0x00, 0x00, 0x00, 0x00, 0x00, 
	0x00, 0x00, 0x00, 0x00, 0x00, 0x00, 0x00, 0x00, 0x80, 0xc0, 0xe0, 0xf0, 0xf8, 0xfc, 0xfe, 0x7f, 
	0x3f, 0x1f, 0x0f, 0x07, 0x03, 0x01, 0x00, 0x00, 0x00, 0x00, 0x00, 0x00, 0x00, 0x00, 0x00, 0x00, 
	0x00, 0x00, 0x00, 0x00, 0x00, 0x00, 0x00, 0x00, 0x01, 0x03, 0x07, 0x0f, 0x1f, 0x3f, 0x7f, 0xfe, 
	0xfc, 0xf8, 0xf0, 0xe0, 0xc0, 0x80, 0x00, 0x00, 0x00, 0x00, 0x00, 0x00, 0x00, 0x00, 0x00, 0x00, 
	0x00, 0x00, 0x00, 0x00, 0x00, 0x00, 0x00, 0x00, 0x00, 0x00, 0x00, 0x00, 0x00, 0x00, 0x00, 0x00, 
	0x01, 0x03, 0x07, 0x0f, 0x1f, 0x3f, 0x1f, 0x0e, 0x00, 0x00, 0x00, 0x00, 0x00, 0x00, 0x00, 0x00
};
// 'chevron-right', 32x32px
const unsigned char fas_32x32_fa_chevron_right [] PROGMEM = {
	0x00, 0x00, 0x00, 0x00, 0x00, 0x00, 0x00, 0x00, 0x70, 0xf8, 0xfc, 0xf8, 0xf0, 0xe0, 0xc0, 0x80, 
	0x00, 0x00, 0x00, 0x00, 0x00, 0x00, 0x00, 0x00, 0x00, 0x00, 0x00, 0x00, 0x00, 0x00, 0x00, 0x00, 
	0x00, 0x00, 0x00, 0x00, 0x00, 0x00, 0x00, 0x00, 0x00, 0x00, 0x01, 0x03, 0x07, 0x0f, 0x1f, 0x3f, 
	0x7f, 0xfe, 0xfc, 0xf8, 0xf0, 0xe0, 0xc0, 0x80, 0x00, 0x00, 0x00, 0x00, 0x00, 0x00, 0x00, 0x00, 
	0x00, 0x00, 0x00, 0x00, 0x00, 0x00, 0x00, 0x00, 0x00, 0x00, 0x80, 0xc0, 0xe0, 0xf0, 0xf8, 0xfc, 
	0xfe, 0x7f, 0x3f, 0x1f, 0x0f, 0x07, 0x03, 0x01, 0x00, 0x00, 0x00, 0x00, 0x00, 0x00, 0x00, 0x00, 
	0x00, 0x00, 0x00, 0x00, 0x00, 0x00, 0x00, 0x00, 0x0e, 0x1f, 0x3f, 0x1f, 0x0f, 0x07, 0x03, 0x01, 
	0x00, 0x00, 0x00, 0x00, 0x00, 0x00, 0x00, 0x00, 0x00, 0x00, 0x00, 0x00, 0x00, 0x00, 0x00, 0x00
};
// 'chevron-up', 32x32px
const unsigned char fas_32x32_fa_chevron_up [] PROGMEM = {
	0x00, 0x00, 0x00, 0x00, 0x00, 0x00, 0x00, 0x00, 0x00, 0x00, 0x00, 0x00, 0x00, 0x00, 0x00, 0x00, 
	0x00, 0x00, 0x00, 0x00, 0x00, 0x00, 0x00, 0x00, 0x00, 0x00, 0x00, 0x00, 0x00, 0x00, 0x00, 0x00, 
	0x00, 0x00, 0x00, 0x00, 0x00, 0x00, 0x00, 0x00, 0x80, 0xc0, 0xe0, 0xf0, 0xf8, 0xfc, 0xfe, 0x7f, 
	0x7f, 0xfe, 0xfc, 0xf8, 0xf0, 0xe0, 0xc0, 0x80, 0x00, 0x00, 0x00, 0x00, 0x00, 0x00, 0x00, 0x00, 
	0x00, 0x00, 0x20, 0x70, 0xf8, 0xfc, 0xfe, 0x7f, 0x3f, 0x1f, 0x0f, 0x07, 0x03, 0x01, 0x00, 0x00, 
	0x00, 0x00, 0x01, 0x03, 0x07, 0x0f, 0x1f, 0x3f, 0x7f, 0xfe, 0xfc, 0xf8, 0x70, 0x20, 0x00, 0x00, 
	0x00, 0x00, 0x00, 0x00, 0x00, 0x00, 0x00, 0x00, 0x00, 0x00, 0x00, 0x00, 0x00, 0x00, 0x00, 0x00, 
	0x00, 0x00, 0x00, 0x00, 0x00, 0x00, 0x00, 0x00, 0x00, 0x00, 0x00, 0x00, 0x00, 0x00, 0x00, 0x00
};
// 'child', 32x32px
const unsigned char fas_32x32_fa_child [] PROGMEM = {
	0x00, 0x00, 0x00, 0x00, 0x60, 0xf0, 0xf0, 0xe0, 0xc0, 0x80, 0x00, 0x10, 0x7c, 0xfe, 0xff, 0xff, 
	0xff, 0xff, 0xfe, 0x7c, 0x10, 0x00, 0x80, 0xc0, 0xe0, 0xf0, 0xf0, 0x60, 0x00, 0x00, 0x00, 0x00, 
	0x00, 0x00, 0x00, 0x00, 0x00, 0x00, 0x01, 0x03, 0x07, 0x0f, 0xff, 0xfe, 0xfc, 0xfc, 0xfd, 0xfd, 
	0xfd, 0xfd, 0xfc, 0xfc, 0xfe, 0xff, 0x0f, 0x07, 0x03, 0x01, 0x00, 0x00, 0x00, 0x00, 0x00, 0x00, 
	0x00, 0x00, 0x00, 0x00, 0x00, 0x00, 0x00, 0x00, 0x00, 0x00, 0xff, 0xff, 0xff, 0xff, 0xff, 0xff, 
	0xff, 0xff, 0xff, 0xff, 0xff, 0xff, 0x00, 0x00, 0x00, 0x00, 0x00, 0x00, 0x00, 0x00, 0x00, 0x00, 
	0x00, 0x00, 0x00, 0x00, 0x00, 0x00, 0x00, 0x00, 0x00, 0x00, 0x3f, 0xff, 0xff, 0xff, 0xff, 0x00, 
	0x00, 0xff, 0xff, 0xff, 0xff, 0x3f, 0x00, 0x00, 0x00, 0x00, 0x00, 0x00, 0x00, 0x00, 0x00, 0x00
};
// 'church', 32x32px
const unsigned char fas_32x32_fa_church [] PROGMEM = {
	0x00, 0x00, 0x00, 0x00, 0x00, 0x00, 0x00, 0x00, 0x00, 0x00, 0x00, 0x80, 0xc0, 0xc0, 0xf8, 0xf8, 
	0xf8, 0xf8, 0xc0, 0xc0, 0x80, 0x00, 0x00, 0x00, 0x00, 0x00, 0x00, 0x00, 0x00, 0x00, 0x00, 0x00, 
	0x00, 0x00, 0x00, 0x00, 0x00, 0x00, 0x00, 0x00, 0x00, 0x80, 0xc0, 0xc1, 0xe3, 0xe3, 0xff, 0xff, 
	0xff, 0xff, 0xe3, 0xe3, 0xc1, 0xc0, 0x80, 0x00, 0x00, 0x00, 0x00, 0x00, 0x00, 0x00, 0x00, 0x00, 
	0xc0, 0xe0, 0xe0, 0xf0, 0xf0, 0xf0, 0x00, 0x00, 0xff, 0xff, 0xff, 0xff, 0xff, 0x3f, 0x1f, 0x1f, 
	0x1f, 0x1f, 0x3f, 0xff, 0xff, 0xff, 0xff, 0xff, 0x00, 0x00, 0xf0, 0xf0, 0xf0, 0xe0, 0xe0, 0xc0, 
	0x1f, 0x1f, 0x1f, 0x1f, 0x1f, 0x1f, 0x00, 0x00, 0x1f, 0x1f, 0x1f, 0x1f, 0x1f, 0x00, 0x00, 0x00, 
	0x00, 0x00, 0x00, 0x1f, 0x1f, 0x1f, 0x1f, 0x1f, 0x00, 0x00, 0x1f, 0x1f, 0x1f, 0x1f, 0x1f, 0x1f
};
// 'circle', 32x32px
const unsigned char fas_32x32_fa_circle [] PROGMEM = {
	0x00, 0x00, 0x00, 0x80, 0xc0, 0xe0, 0xf0, 0xf8, 0xfc, 0xfc, 0xfe, 0xfe, 0xfe, 0xfe, 0xff, 0xff, 
	0xff, 0xff, 0xfe, 0xfe, 0xfe, 0xfe, 0xfc, 0xfc, 0xf8, 0xf0, 0xe0, 0xc0, 0x80, 0x00, 0x00, 0x00, 
	0xc0, 0xfc, 0xff, 0xff, 0xff, 0xff, 0xff, 0xff, 0xff, 0xff, 0xff, 0xff, 0xff, 0xff, 0xff, 0xff, 
	0xff, 0xff, 0xff, 0xff, 0xff, 0xff, 0xff, 0xff, 0xff, 0xff, 0xff, 0xff, 0xff, 0xff, 0xfc, 0xc0, 
	0x03, 0x3f, 0xff, 0xff, 0xff, 0xff, 0xff, 0xff, 0xff, 0xff, 0xff, 0xff, 0xff, 0xff, 0xff, 0xff, 
	0xff, 0xff, 0xff, 0xff, 0xff, 0xff, 0xff, 0xff, 0xff, 0xff, 0xff, 0xff, 0xff, 0xff, 0x3f, 0x03, 
	0x00, 0x00, 0x00, 0x01, 0x03, 0x07, 0x0f, 0x1f, 0x3f, 0x3f, 0x7f, 0x7f, 0x7f, 0x7f, 0xff, 0xff, 
	0xff, 0xff, 0x7f, 0x7f, 0x7f, 0x7f, 0x3f, 0x3f, 0x1f, 0x0f, 0x07, 0x03, 0x01, 0x00, 0x00, 0x00
};
// 'circle-notch', 32x32px
const unsigned char fas_32x32_fa_circle_notch [] PROGMEM = {
	0x00, 0x00, 0x00, 0x80, 0xc0, 0xe0, 0xf0, 0xf8, 0x7c, 0x7c, 0x3e, 0x1e, 0x1e, 0x1e, 0x00, 0x00, 
	0x00, 0x00, 0x1e, 0x1e, 0x1e, 0x3e, 0x7c, 0x7c, 0xf8, 0xf0, 0xe0, 0xc0, 0x80, 0x00, 0x00, 0x00, 
	0xc0, 0xfc, 0xff, 0xff, 0xff, 0x07, 0x03, 0x00, 0x00, 0x00, 0x00, 0x00, 0x00, 0x00, 0x00, 0x00, 
	0x00, 0x00, 0x00, 0x00, 0x00, 0x00, 0x00, 0x00, 0x00, 0x03, 0x07, 0xff, 0xff, 0xff, 0xfc, 0xc0, 
	0x03, 0x3f, 0xff, 0xff, 0xff, 0xe0, 0xc0, 0x00, 0x00, 0x00, 0x00, 0x00, 0x00, 0x00, 0x00, 0x00, 
	0x00, 0x00, 0x00, 0x00, 0x00, 0x00, 0x00, 0x00, 0x00, 0xc0, 0xe0, 0xff, 0xff, 0xff, 0x3f, 0x03, 
	0x00, 0x00, 0x00, 0x01, 0x03, 0x07, 0x0f, 0x1f, 0x3e, 0x3e, 0x7c, 0x78, 0x78, 0x78, 0xf8, 0xf8, 
	0xf8, 0xf8, 0x78, 0x78, 0x78, 0x7c, 0x3e, 0x3e, 0x1f, 0x0f, 0x07, 0x03, 0x01, 0x00, 0x00, 0x00
};
// 'city', 32x32px
const unsigned char fas_32x32_fa_city [] PROGMEM = {
	0x00, 0x00, 0x00, 0xf8, 0xf8, 0xf8, 0x00, 0x00, 0x00, 0xf8, 0xf8, 0x00, 0x00, 0x00, 0xf0, 0xf8, 
	0xf8, 0xf8, 0x38, 0x38, 0x78, 0xf8, 0xf8, 0xf8, 0x00, 0x00, 0x00, 0x00, 0x00, 0x00, 0x00, 0x00, 
	0xff, 0xff, 0xff, 0xc7, 0xc7, 0xc7, 0xff, 0xff, 0xff, 0xff, 0xc7, 0xc7, 0xc7, 0xff, 0xff, 0xff, 
	0xff, 0xff, 0xc6, 0xc6, 0xc6, 0xff, 0xff, 0xff, 0xe0, 0xe0, 0xe0, 0xe0, 0xe0, 0xe0, 0xe0, 0xe0, 
	0xff, 0xff, 0xff, 0x18, 0x18, 0x18, 0xff, 0xff, 0xff, 0xff, 0x18, 0x18, 0x18, 0xff, 0xff, 0xff, 
	0xff, 0xff, 0xf8, 0xf8, 0xf8, 0xff, 0xff, 0xff, 0xff, 0xff, 0x18, 0x18, 0x18, 0xff, 0xff, 0xff, 
	0x1f, 0x1f, 0x1f, 0x1f, 0x1f, 0x1f, 0x1f, 0x1f, 0x1f, 0x1f, 0x1f, 0x1f, 0x1f, 0x1f, 0x1f, 0x1f, 
	0x1f, 0x1f, 0x1f, 0x1f, 0x1f, 0x1f, 0x1f, 0x1f, 0x1f, 0x1f, 0x1f, 0x1f, 0x1f, 0x1f, 0x1f, 0x1f
};
// 'clinic-medical', 32x32px
const unsigned char fas_32x32_fa_clinic_medical [] PROGMEM = {
	0x00, 0x00, 0x00, 0x00, 0x00, 0x00, 0x00, 0x00, 0x00, 0x80, 0xc0, 0xe0, 0xf0, 0xf8, 0x7c, 0x7c, 
	0x7c, 0x7c, 0xf8, 0xf0, 0xe0, 0xc0, 0x80, 0x00, 0x00, 0x00, 0x00, 0x00, 0x00, 0x00, 0x00, 0x00, 
	0x80, 0xc0, 0xe0, 0xf0, 0xf8, 0x7c, 0x3e, 0x1e, 0x9f, 0xcf, 0xe7, 0xf3, 0xf9, 0xfc, 0xfc, 0xfe, 
	0xfe, 0xfc, 0xfc, 0xf9, 0xf3, 0xe7, 0xcf, 0x9f, 0x1e, 0x3e, 0x7c, 0xf8, 0xf0, 0xe0, 0xc0, 0x80, 
	0x01, 0x03, 0x03, 0x01, 0xfc, 0xfe, 0xff, 0xff, 0xff, 0xff, 0xff, 0x8f, 0x8f, 0x87, 0x00, 0x00, 
	0x00, 0x00, 0x87, 0x8f, 0x8f, 0xff, 0xff, 0xff, 0xff, 0xff, 0xfe, 0xfc, 0x01, 0x03, 0x03, 0x01, 
	0x00, 0x00, 0x00, 0x00, 0x3f, 0x3f, 0x3f, 0x3f, 0x3f, 0x3f, 0x3f, 0x3f, 0x3f, 0x3f, 0x3c, 0x3c, 
	0x3c, 0x3c, 0x3f, 0x3f, 0x3f, 0x3f, 0x3f, 0x3f, 0x3f, 0x3f, 0x3f, 0x3f, 0x00, 0x00, 0x00, 0x00
};
// 'clipboard', 32x32px
const unsigned char fas_32x32_fa_clipboard [] PROGMEM = {
	0x00, 0x00, 0x00, 0x00, 0xe0, 0xf0, 0xf0, 0xf0, 0xf0, 0xf0, 0xf0, 0xf0, 0xfc, 0xfe, 0xff, 0xe7, 
	0xe7, 0xff, 0xfe, 0xfc, 0xf0, 0xf0, 0xf0, 0xf0, 0xf0, 0xf0, 0xf0, 0xe0, 0x00, 0x00, 0x00, 0x00, 
	0x00, 0x00, 0x00, 0x00, 0xff, 0xff, 0xff, 0xff, 0xff, 0xff, 0xfc, 0xfc, 0xfc, 0xfc, 0xfc, 0xfc, 
	0xfc, 0xfc, 0xfc, 0xfc, 0xfc, 0xfc, 0xff, 0xff, 0xff, 0xff, 0xff, 0xff, 0x00, 0x00, 0x00, 0x00, 
	0x00, 0x00, 0x00, 0x00, 0xff, 0xff, 0xff, 0xff, 0xff, 0xff, 0xff, 0xff, 0xff, 0xff, 0xff, 0xff, 
	0xff, 0xff, 0xff, 0xff, 0xff, 0xff, 0xff, 0xff, 0xff, 0xff, 0xff, 0xff, 0x00, 0x00, 0x00, 0x00, 
	0x00, 0x00, 0x00, 0x00, 0x7f, 0xff, 0xff, 0xff, 0xff, 0xff, 0xff, 0xff, 0xff, 0xff, 0xff, 0xff, 
	0xff, 0xff, 0xff, 0xff, 0xff, 0xff, 0xff, 0xff, 0xff, 0xff, 0xff, 0x7f, 0x00, 0x00, 0x00, 0x00
};
// 'clipboard-check', 32x32px
const unsigned char fas_32x32_fa_clipboard_check [] PROGMEM = {
	0x00, 0x00, 0x00, 0x00, 0xe0, 0xf0, 0xf0, 0xf0, 0xf0, 0xf0, 0xf0, 0xf0, 0xfc, 0xfe, 0xff, 0xe7, 
	0xe7, 0xff, 0xfe, 0xfc, 0xf0, 0xf0, 0xf0, 0xf0, 0xf0, 0xf0, 0xf0, 0xe0, 0x00, 0x00, 0x00, 0x00, 
	0x00, 0x00, 0x00, 0x00, 0xff, 0xff, 0xff, 0xff, 0xff, 0xff, 0xff, 0xff, 0xff, 0xff, 0xff, 0xff, 
	0xff, 0xff, 0xff, 0x7f, 0x3f, 0x3f, 0x7f, 0xff, 0xff, 0xff, 0xff, 0xff, 0x00, 0x00, 0x00, 0x00, 
	0x00, 0x00, 0x00, 0x00, 0xff, 0xff, 0xff, 0xff, 0xef, 0xc7, 0x83, 0x03, 0x07, 0x0f, 0x0f, 0x07, 
	0x03, 0x81, 0xc0, 0xe0, 0xf0, 0xf8, 0xfc, 0xfe, 0xff, 0xff, 0xff, 0xff, 0x00, 0x00, 0x00, 0x00, 
	0x00, 0x00, 0x00, 0x00, 0x7f, 0xff, 0xff, 0xff, 0xff, 0xff, 0xff, 0xff, 0xfe, 0xfc, 0xfc, 0xfe, 
	0xff, 0xff, 0xff, 0xff, 0xff, 0xff, 0xff, 0xff, 0xff, 0xff, 0xff, 0x7f, 0x00, 0x00, 0x00, 0x00
};
// 'clipboard-list', 32x32px
const unsigned char fas_32x32_fa_clipboard_list [] PROGMEM = {
	0x00, 0x00, 0x00, 0x00, 0xe0, 0xf0, 0xf0, 0xf0, 0xf0, 0xf0, 0xf0, 0xf0, 0xfc, 0xfe, 0xff, 0xe7, 
	0xe7, 0xff, 0xfe, 0xfc, 0xf0, 0xf0, 0xf0, 0xf0, 0xf0, 0xf0, 0xf0, 0xe0, 0x00, 0x00, 0x00, 0x00, 
	0x00, 0x00, 0x00, 0x00, 0xff, 0xff, 0xff, 0xff, 0xff, 0xcf, 0xcf, 0xff, 0xff, 0xff, 0xcf, 0xcf, 
	0xcf, 0xcf, 0xcf, 0xcf, 0xcf, 0xcf, 0xcf, 0xcf, 0xff, 0xff, 0xff, 0xff, 0x00, 0x00, 0x00, 0x00, 
	0x00, 0x00, 0x00, 0x00, 0xff, 0xff, 0xff, 0xff, 0xff, 0xf3, 0xf3, 0xff, 0xff, 0xff, 0xf3, 0xf3, 
	0xf3, 0xf3, 0xf3, 0xf3, 0xf3, 0xf3, 0xf3, 0xf3, 0xff, 0xff, 0xff, 0xff, 0x00, 0x00, 0x00, 0x00, 
	0x00, 0x00, 0x00, 0x00, 0x7f, 0xff, 0xff, 0xff, 0xff, 0xfc, 0xfc, 0xff, 0xff, 0xff, 0xfc, 0xfc, 
	0xfc, 0xfc, 0xfc, 0xfc, 0xfc, 0xfc, 0xfc, 0xfc, 0xff, 0xff, 0xff, 0x7f, 0x00, 0x00, 0x00, 0x00
};
// 'clock', 32x32px
const unsigned char fas_32x32_fa_clock [] PROGMEM = {
	0x00, 0x00, 0x00, 0x80, 0xc0, 0xe0, 0xf0, 0xf8, 0xfc, 0xfc, 0xfe, 0xfe, 0xfe, 0xfe, 0x3f, 0x3f, 
	0x3f, 0x3f, 0xfe, 0xfe, 0xfe, 0xfe, 0xfc, 0xfc, 0xf8, 0xf0, 0xe0, 0xc0, 0x80, 0x00, 0x00, 0x00, 
	0xc0, 0xfc, 0xff, 0xff, 0xff, 0xff, 0xff, 0xff, 0xff, 0xff, 0xff, 0xff, 0xff, 0xff, 0x00, 0x00, 
	0x00, 0x00, 0xff, 0xff, 0xff, 0xff, 0xff, 0xff, 0xff, 0xff, 0xff, 0xff, 0xff, 0xff, 0xfc, 0xc0, 
	0x03, 0x3f, 0xff, 0xff, 0xff, 0xff, 0xff, 0xff, 0xff, 0xff, 0xff, 0xff, 0xff, 0xff, 0xfc, 0xf8, 
	0xf0, 0xe0, 0xe0, 0xc1, 0xc3, 0xf7, 0xff, 0xff, 0xff, 0xff, 0xff, 0xff, 0xff, 0xff, 0x3f, 0x03, 
	0x00, 0x00, 0x00, 0x01, 0x03, 0x07, 0x0f, 0x1f, 0x3f, 0x3f, 0x7f, 0x7f, 0x7f, 0x7f, 0xff, 0xff, 
	0xff, 0xff, 0x7f, 0x7f, 0x7f, 0x7f, 0x3f, 0x3f, 0x1f, 0x0f, 0x07, 0x03, 0x01, 0x00, 0x00, 0x00
};
// 'clone', 32x32px
const unsigned char fas_32x32_fa_clone [] PROGMEM = {
	0x00, 0x00, 0x00, 0x00, 0x00, 0x00, 0x00, 0x00, 0xfe, 0xff, 0xff, 0xff, 0xff, 0xff, 0xff, 0xff, 
	0xff, 0xff, 0xff, 0xff, 0xff, 0xff, 0xff, 0xff, 0xff, 0xff, 0xff, 0xff, 0xff, 0xff, 0xff, 0xfe, 
	0xfe, 0xff, 0xff, 0xff, 0xff, 0xff, 0x00, 0x00, 0xff, 0xff, 0xff, 0xff, 0xff, 0xff, 0xff, 0xff, 
	0xff, 0xff, 0xff, 0xff, 0xff, 0xff, 0xff, 0xff, 0xff, 0xff, 0xff, 0xff, 0xff, 0xff, 0xff, 0xff, 
	0xff, 0xff, 0xff, 0xff, 0xff, 0xff, 0x80, 0x00, 0x7f, 0xff, 0xff, 0xff, 0xff, 0xff, 0xff, 0xff, 
	0xff, 0xff, 0xff, 0xff, 0xff, 0xff, 0xff, 0xff, 0xff, 0xff, 0xff, 0xff, 0xff, 0xff, 0xff, 0x7f, 
	0x7f, 0xff, 0xff, 0xff, 0xff, 0xff, 0xff, 0xff, 0xfe, 0xfc, 0xfc, 0xfc, 0xfc, 0xfc, 0xfc, 0xfc, 
	0xfc, 0xfc, 0xfc, 0xfc, 0xfc, 0xfc, 0xfc, 0x7c, 0x00, 0x00, 0x00, 0x00, 0x00, 0x00, 0x00, 0x00
};
// 'closed-captioning', 32x32px
const unsigned char fas_32x32_fa_closed_captioning [] PROGMEM = {
	0xe0, 0xf0, 0xf0, 0xf0, 0xf0, 0xf0, 0xf0, 0xf0, 0xf0, 0xf0, 0xf0, 0xf0, 0xf0, 0xf0, 0xf0, 0xf0, 
	0xf0, 0xf0, 0xf0, 0xf0, 0xf0, 0xf0, 0xf0, 0xf0, 0xf0, 0xf0, 0xf0, 0xf0, 0xf0, 0xf0, 0xf0, 0xe0, 
	0xff, 0xff, 0xff, 0xff, 0xff, 0x1f, 0x0f, 0x07, 0xc7, 0xe3, 0xe3, 0xe3, 0xe3, 0xc7, 0xe7, 0xff, 
	0xff, 0x1f, 0x0f, 0x07, 0xc7, 0xe3, 0xe3, 0xe3, 0xe3, 0xc7, 0xe7, 0xff, 0xff, 0xff, 0xff, 0xff, 
	0xff, 0xff, 0xff, 0xff, 0xff, 0xf8, 0xf0, 0xe0, 0xc3, 0xc7, 0xc7, 0xc7, 0xc7, 0xc3, 0xe7, 0xff, 
	0xff, 0xf8, 0xe0, 0xe0, 0xc3, 0xc7, 0xc7, 0xc7, 0xc7, 0xe3, 0xe7, 0xff, 0xff, 0xff, 0xff, 0xff, 
	0x07, 0x0f, 0x0f, 0x0f, 0x0f, 0x0f, 0x0f, 0x0f, 0x0f, 0x0f, 0x0f, 0x0f, 0x0f, 0x0f, 0x0f, 0x0f, 
	0x0f, 0x0f, 0x0f, 0x0f, 0x0f, 0x0f, 0x0f, 0x0f, 0x0f, 0x0f, 0x0f, 0x0f, 0x0f, 0x0f, 0x0f, 0x07
};
// 'cloud', 32x32px
const unsigned char fas_32x32_fa_cloud [] PROGMEM = {
	0x00, 0x00, 0x00, 0x00, 0x00, 0x00, 0x00, 0x80, 0xc0, 0xe0, 0xe0, 0xe0, 0xe0, 0xe0, 0xe0, 0xe0, 
	0xc0, 0xc0, 0x80, 0x00, 0x00, 0x00, 0x00, 0x00, 0x00, 0x00, 0x00, 0x00, 0x00, 0x00, 0x00, 0x00, 
	0x00, 0x00, 0xc0, 0xc0, 0xe0, 0xfe, 0xff, 0xff, 0xff, 0xff, 0xff, 0xff, 0xff, 0xff, 0xff, 0xff, 
	0xff, 0xff, 0xff, 0xff, 0xff, 0xff, 0xff, 0xff, 0xff, 0xfe, 0xfc, 0x80, 0x80, 0x00, 0x00, 0x00, 
	0x7e, 0xff, 0xff, 0xff, 0xff, 0xff, 0xff, 0xff, 0xff, 0xff, 0xff, 0xff, 0xff, 0xff, 0xff, 0xff, 
	0xff, 0xff, 0xff, 0xff, 0xff, 0xff, 0xff, 0xff, 0xff, 0xff, 0xff, 0xff, 0xff, 0xff, 0xfe, 0xfc, 
	0x00, 0x01, 0x03, 0x03, 0x07, 0x07, 0x07, 0x07, 0x07, 0x07, 0x07, 0x07, 0x07, 0x07, 0x07, 0x07, 
	0x07, 0x07, 0x07, 0x07, 0x07, 0x07, 0x07, 0x07, 0x07, 0x07, 0x07, 0x07, 0x07, 0x03, 0x01, 0x00
};
// 'cloud-download-alt', 32x32px
const unsigned char fas_32x32_fa_cloud_download_alt [] PROGMEM = {
	0x00, 0x00, 0x00, 0x00, 0x00, 0x00, 0x00, 0x80, 0xc0, 0xe0, 0xe0, 0xe0, 0xe0, 0xe0, 0xe0, 0xe0, 
	0xc0, 0xc0, 0x80, 0x00, 0x00, 0x00, 0x00, 0x00, 0x00, 0x00, 0x00, 0x00, 0x00, 0x00, 0x00, 0x00, 
	0x00, 0x00, 0xc0, 0xc0, 0xe0, 0xfe, 0xff, 0xff, 0xff, 0xff, 0xff, 0xff, 0x0f, 0x07, 0x07, 0x07, 
	0xff, 0xff, 0xff, 0xff, 0xff, 0xff, 0xff, 0xff, 0xff, 0xfe, 0xfc, 0x80, 0x80, 0x00, 0x00, 0x00, 
	0x7e, 0xff, 0xff, 0xff, 0xff, 0xff, 0xff, 0xff, 0xfb, 0xf3, 0xe3, 0xc3, 0x80, 0x00, 0x00, 0x00, 
	0x81, 0xc3, 0xe3, 0xf3, 0xff, 0xff, 0xff, 0xff, 0xff, 0xff, 0xff, 0xff, 0xff, 0xff, 0xfe, 0xfc, 
	0x00, 0x01, 0x03, 0x03, 0x07, 0x07, 0x07, 0x07, 0x07, 0x07, 0x07, 0x07, 0x07, 0x07, 0x07, 0x07, 
	0x07, 0x07, 0x07, 0x07, 0x07, 0x07, 0x07, 0x07, 0x07, 0x07, 0x07, 0x07, 0x07, 0x03, 0x01, 0x00
};
// 'cloud-meatball', 32x32px
const unsigned char fas_32x32_fa_cloud_meatball [] PROGMEM = {
	0x00, 0x00, 0x00, 0x00, 0xf0, 0xf8, 0xfc, 0xfe, 0xff, 0xff, 0xff, 0xff, 0xff, 0xff, 0xfe, 0xfc, 
	0xf8, 0xf8, 0xf8, 0xfc, 0xfc, 0xfc, 0xfc, 0xf8, 0xf8, 0xe0, 0x00, 0x00, 0x00, 0x00, 0x00, 0x00, 
	0xf8, 0xfc, 0xfe, 0xfe, 0xff, 0xff, 0xff, 0xff, 0xff, 0xff, 0xff, 0xff, 0xff, 0xff, 0xff, 0xff, 
	0xff, 0xff, 0xff, 0xff, 0xff, 0xff, 0xff, 0xff, 0xff, 0xff, 0xff, 0xff, 0xfe, 0xfe, 0xfc, 0xf8, 
	0x81, 0xc3, 0xc7, 0xc7, 0xcf, 0x8f, 0x0f, 0x0f, 0x0f, 0x87, 0xe3, 0xf3, 0xf9, 0xf9, 0xfc, 0xfc, 
	0xfc, 0xfc, 0xf9, 0xf9, 0xf3, 0xe3, 0x87, 0x0f, 0x0f, 0x0f, 0x8f, 0xcf, 0xc7, 0xc7, 0xc3, 0x81, 
	0x07, 0x0f, 0x0f, 0x0f, 0x0f, 0x07, 0x00, 0x00, 0x00, 0x07, 0x1f, 0x3f, 0x7f, 0x7f, 0xff, 0xff, 
	0xff, 0xff, 0x7f, 0x7f, 0x3f, 0x1f, 0x07, 0x00, 0x00, 0x00, 0x07, 0x0f, 0x0f, 0x0f, 0x0f, 0x07
};
// 'cloud-moon', 32x32px
const unsigned char fas_32x32_fa_cloud_moon [] PROGMEM = {
	0x00, 0x00, 0x00, 0x00, 0x00, 0x00, 0x00, 0x00, 0x00, 0x00, 0x00, 0x00, 0x00, 0x00, 0x80, 0xc0, 
	0xe0, 0xf0, 0xf8, 0xf8, 0xfc, 0xfc, 0x3c, 0x1c, 0x0c, 0x04, 0x00, 0x00, 0x00, 0x00, 0x00, 0x00, 
	0x00, 0x00, 0x00, 0x00, 0x00, 0x80, 0x80, 0xc0, 0xc0, 0xc0, 0xc0, 0x80, 0x00, 0x3e, 0x7f, 0x3f, 
	0x3f, 0x7f, 0x7f, 0xff, 0xff, 0xff, 0xc0, 0x00, 0x00, 0x00, 0x00, 0x00, 0x00, 0x00, 0x00, 0x00, 
	0xc0, 0xe0, 0xf0, 0xf8, 0xff, 0xff, 0xff, 0xff, 0xff, 0xff, 0xff, 0xff, 0xff, 0xfe, 0xff, 0xff, 
	0xff, 0xff, 0xfe, 0xe8, 0xc1, 0xcf, 0x9f, 0x3f, 0x7f, 0x7e, 0x7c, 0x3c, 0x3c, 0x1c, 0x1c, 0x0c, 
	0x07, 0x0f, 0x1f, 0x3f, 0x3f, 0x3f, 0x3f, 0x3f, 0x3f, 0x3f, 0x3f, 0x3f, 0x3f, 0x3f, 0x3f, 0x3f, 
	0x3f, 0x3f, 0x3f, 0x3f, 0x3f, 0x1f, 0x0f, 0x00, 0x00, 0x00, 0x00, 0x00, 0x00, 0x00, 0x00, 0x00
};
// 'cloud-moon-rain', 32x32px
const unsigned char fas_32x32_fa_cloud_moon_rain [] PROGMEM = {
	0x00, 0x00, 0x00, 0x00, 0x00, 0x00, 0x00, 0x00, 0x00, 0x00, 0x00, 0x00, 0x00, 0x00, 0x00, 0x00, 
	0x00, 0x00, 0xc0, 0xe0, 0xf0, 0xf8, 0xf8, 0xfc, 0x3c, 0x0c, 0x04, 0x00, 0x00, 0x00, 0x00, 0x00, 
	0x00, 0x80, 0x80, 0xc0, 0xf8, 0xfc, 0xfc, 0xfe, 0xfe, 0xfe, 0xfe, 0xfc, 0xfc, 0xf8, 0xf8, 0xf8, 
	0xf8, 0xf8, 0xf3, 0xc7, 0x8f, 0x9f, 0x3f, 0x7f, 0xfc, 0xf0, 0xe0, 0xc0, 0xc0, 0xc0, 0xc0, 0x40, 
	0x1f, 0x3f, 0x7f, 0x7f, 0x7f, 0x7f, 0x7f, 0x7f, 0x7f, 0x7f, 0x7f, 0x7f, 0x7f, 0x7f, 0x7f, 0x7f, 
	0x7f, 0x7f, 0x7f, 0x7f, 0x7f, 0x3f, 0x1f, 0x00, 0x01, 0x03, 0x03, 0x03, 0x01, 0x01, 0x00, 0x00, 
	0x00, 0x30, 0x3c, 0x0e, 0x02, 0x00, 0x30, 0x38, 0x1e, 0x06, 0x00, 0x00, 0x38, 0x1e, 0x06, 0x00, 
	0x00, 0x30, 0x3c, 0x0e, 0x02, 0x00, 0x00, 0x00, 0x00, 0x00, 0x00, 0x00, 0x00, 0x00, 0x00, 0x00
};
// 'cloud-rain', 32x32px
const unsigned char fas_32x32_fa_cloud_rain [] PROGMEM = {
	0x00, 0x00, 0x00, 0x00, 0xf0, 0xf8, 0xfc, 0xfe, 0xff, 0xff, 0xff, 0xff, 0xff, 0xff, 0xfe, 0xfc, 
	0xf8, 0xf8, 0xf8, 0xfc, 0xfc, 0xfc, 0xfc, 0xf8, 0xf8, 0xe0, 0x00, 0x00, 0x00, 0x00, 0x00, 0x00, 
	0xf8, 0xfc, 0xfe, 0xfe, 0xff, 0xff, 0xff, 0xff, 0xff, 0xff, 0xff, 0xff, 0xff, 0xff, 0xff, 0xff, 
	0xff, 0xff, 0xff, 0xff, 0xff, 0xff, 0xff, 0xff, 0xff, 0xff, 0xff, 0xff, 0xfe, 0xfe, 0xfc, 0xf8, 
	0x01, 0x03, 0x07, 0x07, 0x0f, 0x8f, 0x8f, 0x0f, 0x0f, 0x0f, 0x0f, 0x0f, 0x0f, 0x0f, 0x0f, 0x8f, 
	0x8f, 0x0f, 0x0f, 0x0f, 0x0f, 0x0f, 0x0f, 0x0f, 0x0f, 0x8f, 0x8f, 0x0f, 0x07, 0x07, 0x03, 0x01, 
	0x00, 0x00, 0x00, 0x78, 0xfe, 0xff, 0xff, 0xfe, 0x78, 0x00, 0x00, 0x00, 0x00, 0x78, 0xfe, 0xff, 
	0xff, 0xfe, 0x78, 0x00, 0x00, 0x00, 0x00, 0x78, 0xfe, 0xff, 0xff, 0xfe, 0x78, 0x00, 0x00, 0x00
};
// 'cloud-showers-heavy', 32x32px
const unsigned char fas_32x32_fa_cloud_showers_heavy [] PROGMEM = {
	0x00, 0x00, 0x00, 0x00, 0xf0, 0xf8, 0xfc, 0xfe, 0xff, 0xff, 0xff, 0xff, 0xff, 0xff, 0xfe, 0xfc, 
	0xf8, 0xf8, 0xf8, 0xfc, 0xfc, 0xfc, 0xfc, 0xf8, 0xf8, 0xe0, 0x00, 0x00, 0x00, 0x00, 0x00, 0x00, 
	0xf8, 0xfc, 0xfe, 0xfe, 0xff, 0xff, 0xff, 0xff, 0xff, 0xff, 0xff, 0xff, 0xff, 0xff, 0xff, 0xff, 
	0xff, 0xff, 0xff, 0xff, 0xff, 0xff, 0xff, 0xff, 0xff, 0xff, 0xff, 0xff, 0xfe, 0xfe, 0xfc, 0xf8, 
	0x01, 0x03, 0x07, 0x07, 0x8f, 0x8f, 0x0f, 0x0f, 0x0f, 0x0f, 0x8f, 0x8f, 0x0f, 0x0f, 0x0f, 0x0f, 
	0x8f, 0x8f, 0x0f, 0x0f, 0x0f, 0x0f, 0x8f, 0x8f, 0x0f, 0x0f, 0x0f, 0x0f, 0x87, 0x87, 0x03, 0x01, 
	0xc0, 0xf0, 0x3c, 0x1e, 0x07, 0x01, 0xc0, 0xf0, 0x3c, 0x1e, 0x07, 0x01, 0xc0, 0xf0, 0x3c, 0x1e, 
	0x07, 0x01, 0xc0, 0xf0, 0x3c, 0x1e, 0x07, 0x01, 0xc0, 0xf0, 0x3c, 0x1e, 0x07, 0x01, 0x00, 0x00
};
// 'cloud-sun', 32x32px
const unsigned char fas_32x32_fa_cloud_sun [] PROGMEM = {
	0x00, 0x00, 0x00, 0xc0, 0xc0, 0x80, 0x80, 0x80, 0x80, 0xe0, 0xf8, 0xf8, 0xe0, 0x80, 0x80, 0x80, 
	0x80, 0xc0, 0xc0, 0x00, 0x00, 0x00, 0x00, 0x00, 0x00, 0x00, 0x00, 0x00, 0x00, 0x00, 0x00, 0x00, 
	0x40, 0xe0, 0xe0, 0xf0, 0xff, 0xff, 0x07, 0xf3, 0xf9, 0xfd, 0xfd, 0xfd, 0x7d, 0x39, 0x93, 0xc7, 
	0xcf, 0xef, 0xe3, 0xe0, 0xe0, 0xc0, 0x80, 0x00, 0x00, 0x00, 0x00, 0x00, 0x00, 0x00, 0x00, 0x00, 
	0x00, 0x00, 0x00, 0x31, 0x3f, 0x3f, 0x3e, 0x18, 0x0b, 0xc3, 0xf3, 0xf3, 0xf8, 0xfe, 0xff, 0xff, 
	0xff, 0xff, 0xff, 0xff, 0xff, 0xff, 0xff, 0xff, 0xff, 0xff, 0xff, 0xfe, 0xfc, 0xf0, 0xe0, 0xc0, 
	0x00, 0x00, 0x00, 0x00, 0x00, 0x00, 0x00, 0x00, 0x00, 0x07, 0x0f, 0x1f, 0x1f, 0x1f, 0x1f, 0x1f, 
	0x1f, 0x1f, 0x1f, 0x1f, 0x1f, 0x1f, 0x1f, 0x1f, 0x1f, 0x1f, 0x1f, 0x1f, 0x1f, 0x1f, 0x0f, 0x03
};
// 'cloud-sun-rain', 32x32px
const unsigned char fas_32x32_fa_cloud_sun_rain [] PROGMEM = {
	0x00, 0x00, 0x00, 0xe0, 0xe0, 0xe0, 0xc0, 0xc0, 0xe0, 0x78, 0x7c, 0x78, 0xe0, 0xc0, 0xc0, 0xc0, 
	0x60, 0x60, 0x00, 0x00, 0x00, 0x00, 0x00, 0x00, 0x00, 0x00, 0x00, 0x00, 0x00, 0x00, 0x00, 0x00, 
	0x10, 0x38, 0x38, 0x7c, 0xff, 0xc7, 0x01, 0x38, 0x7c, 0x3e, 0x9e, 0x86, 0xe0, 0xf8, 0xfc, 0xfe, 
	0xfe, 0xfe, 0xfe, 0xfe, 0xfc, 0xfc, 0xf8, 0xf8, 0xf8, 0xf8, 0xf8, 0xf0, 0xc0, 0x80, 0x80, 0x00, 
	0x00, 0x00, 0x00, 0x0e, 0x0f, 0x0f, 0x07, 0x00, 0x00, 0x1f, 0x3f, 0x7f, 0x7f, 0x7f, 0x7f, 0x7f, 
	0x7f, 0x7f, 0x7f, 0x7f, 0x7f, 0x7f, 0x7f, 0x7f, 0x7f, 0x7f, 0x7f, 0x7f, 0x7f, 0x7f, 0x3f, 0x1f, 
	0x00, 0x00, 0x00, 0x00, 0x00, 0x00, 0x00, 0x00, 0x00, 0x00, 0x30, 0x3c, 0x0e, 0x02, 0x00, 0x30, 
	0x3c, 0x0e, 0x06, 0x00, 0x00, 0x38, 0x1e, 0x06, 0x00, 0x00, 0x30, 0x3c, 0x0e, 0x02, 0x00, 0x00
};
// 'cloud-upload-alt', 32x32px
const unsigned char fas_32x32_fa_cloud_upload_alt [] PROGMEM = {
	0x00, 0x00, 0x00, 0x00, 0x00, 0x00, 0x00, 0x80, 0xc0, 0xe0, 0xe0, 0xe0, 0xe0, 0xe0, 0xe0, 0xe0, 
	0xc0, 0xc0, 0x80, 0x00, 0x00, 0x00, 0x00, 0x00, 0x00, 0x00, 0x00, 0x00, 0x00, 0x00, 0x00, 0x00, 
	0x00, 0x00, 0xc0, 0xc0, 0xe0, 0xfe, 0xff, 0xff, 0xff, 0x7f, 0x3f, 0x1f, 0x0f, 0x07, 0x07, 0x07, 
	0x0f, 0x1f, 0x7f, 0xff, 0xff, 0xff, 0xff, 0xff, 0xff, 0xfe, 0xfc, 0x80, 0x80, 0x00, 0x00, 0x00, 
	0x7e, 0xff, 0xff, 0xff, 0xff, 0xff, 0xff, 0xff, 0xff, 0xfc, 0xfc, 0xfc, 0x80, 0x00, 0x00, 0x00, 
	0xfc, 0xfc, 0xfc, 0xfc, 0xff, 0xff, 0xff, 0xff, 0xff, 0xff, 0xff, 0xff, 0xff, 0xff, 0xfe, 0xfc, 
	0x00, 0x01, 0x03, 0x03, 0x07, 0x07, 0x07, 0x07, 0x07, 0x07, 0x07, 0x07, 0x07, 0x07, 0x07, 0x07, 
	0x07, 0x07, 0x07, 0x07, 0x07, 0x07, 0x07, 0x07, 0x07, 0x07, 0x07, 0x07, 0x07, 0x03, 0x01, 0x00
};
// 'cocktail', 32x32px
const unsigned char fas_32x32_fa_cocktail [] PROGMEM = {
	0x00, 0x00, 0x00, 0x00, 0x00, 0x00, 0x00, 0x00, 0x00, 0x00, 0x00, 0x00, 0x00, 0x00, 0x00, 0x00, 
	0x00, 0x60, 0x70, 0x78, 0x38, 0x1c, 0x1c, 0x1c, 0x1c, 0x1c, 0x1c, 0x38, 0x78, 0xf0, 0xe0, 0x80, 
	0x0e, 0x0e, 0x1e, 0x3e, 0x7e, 0xfe, 0xfe, 0xfe, 0xfe, 0xfe, 0xfe, 0xfe, 0xfe, 0xfe, 0xfe, 0xfe, 
	0xfe, 0xfe, 0x7e, 0x7e, 0x3e, 0x9e, 0x8e, 0x80, 0x80, 0x80, 0xc0, 0xc0, 0xe0, 0xff, 0x7f, 0x1f, 
	0x00, 0x00, 0x00, 0x00, 0x00, 0x00, 0x01, 0x03, 0x07, 0x0f, 0xff, 0xff, 0xff, 0x1f, 0x07, 0x03, 
	0x01, 0x00, 0x00, 0x00, 0x01, 0x01, 0x03, 0x03, 0x03, 0x03, 0x01, 0x01, 0x00, 0x00, 0x00, 0x00, 
	0x00, 0x00, 0x00, 0x00, 0x20, 0x30, 0x38, 0x38, 0x38, 0x38, 0x3f, 0x3f, 0x3f, 0x38, 0x38, 0x38, 
	0x38, 0x30, 0x20, 0x00, 0x00, 0x00, 0x00, 0x00, 0x00, 0x00, 0x00, 0x00, 0x00, 0x00, 0x00, 0x00
};
// 'code', 32x32px
const unsigned char fas_32x32_fa_code [] PROGMEM = {
	0x00, 0x00, 0x00, 0x00, 0x00, 0x00, 0x00, 0x00, 0x00, 0x00, 0x00, 0x00, 0x00, 0x00, 0x00, 0x00, 
	0xc0, 0xf8, 0xf8, 0xf8, 0xf0, 0x00, 0x00, 0x00, 0x00, 0x00, 0x00, 0x00, 0x00, 0x00, 0x00, 0x00, 
	0x80, 0xc0, 0xe0, 0xf0, 0xf8, 0xfc, 0x7e, 0x7e, 0x3e, 0x1c, 0x00, 0x00, 0x00, 0x00, 0xe0, 0xfc, 
	0xff, 0xff, 0x7f, 0x0f, 0x00, 0x00, 0x1c, 0x3e, 0x7e, 0x7e, 0xfc, 0xf8, 0xf0, 0xe0, 0xc0, 0x80, 
	0x01, 0x03, 0x07, 0x0f, 0x1f, 0x3f, 0x7e, 0x7e, 0x7c, 0x38, 0x00, 0x00, 0xf0, 0xfe, 0xff, 0xff, 
	0x3f, 0x07, 0x00, 0x00, 0x00, 0x00, 0x38, 0x7c, 0x7e, 0x7e, 0x3f, 0x1f, 0x0f, 0x07, 0x03, 0x01, 
	0x00, 0x00, 0x00, 0x00, 0x00, 0x00, 0x00, 0x00, 0x00, 0x00, 0x00, 0x0f, 0x1f, 0x1f, 0x1f, 0x03, 
	0x00, 0x00, 0x00, 0x00, 0x00, 0x00, 0x00, 0x00, 0x00, 0x00, 0x00, 0x00, 0x00, 0x00, 0x00, 0x00
};
// 'code-branch', 32x32px
const unsigned char fas_32x32_fa_code_branch [] PROGMEM = {
	0x00, 0x00, 0x00, 0x00, 0x78, 0xfe, 0xfe, 0xff, 0xcf, 0xcf, 0xff, 0xfe, 0xfe, 0x78, 0x00, 0x00, 
	0x00, 0x00, 0x80, 0xe0, 0xe0, 0xf0, 0xf0, 0xf0, 0xf0, 0xe0, 0xe0, 0x80, 0x00, 0x00, 0x00, 0x00, 
	0x00, 0x00, 0x00, 0x00, 0x00, 0x01, 0x01, 0xff, 0xff, 0xff, 0xff, 0x01, 0x01, 0x00, 0x00, 0x00, 
	0x00, 0x00, 0x07, 0x1f, 0x1f, 0xff, 0xfc, 0xfc, 0x7f, 0x1f, 0x1f, 0x07, 0x00, 0x00, 0x00, 0x00, 
	0x00, 0x00, 0x00, 0x00, 0x00, 0x80, 0x80, 0xff, 0xff, 0xff, 0xff, 0xbc, 0x9c, 0x1c, 0x1c, 0x1c, 
	0x1c, 0x1e, 0x0e, 0x0e, 0x0f, 0x07, 0x07, 0x03, 0x00, 0x00, 0x00, 0x00, 0x00, 0x00, 0x00, 0x00, 
	0x00, 0x00, 0x00, 0x00, 0x1e, 0x7f, 0x7f, 0xff, 0xf3, 0xf3, 0xff, 0x7f, 0x7f, 0x1e, 0x00, 0x00, 
	0x00, 0x00, 0x00, 0x00, 0x00, 0x00, 0x00, 0x00, 0x00, 0x00, 0x00, 0x00, 0x00, 0x00, 0x00, 0x00
};
// 'coffee', 32x32px
const unsigned char fas_32x32_fa_coffee [] PROGMEM = {
	0x00, 0x00, 0x00, 0x00, 0x00, 0xe0, 0xe0, 0xe0, 0xe0, 0xe0, 0xe0, 0xe0, 0xe0, 0xe0, 0xe0, 0xe0, 
	0xe0, 0xe0, 0xe0, 0xe0, 0xe0, 0xe0, 0xe0, 0xe0, 0xe0, 0xe0, 0xe0, 0xe0, 0xe0, 0xc0, 0x80, 0x00, 
	0x00, 0x00, 0x00, 0x00, 0x00, 0xff, 0xff, 0xff, 0xff, 0xff, 0xff, 0xff, 0xff, 0xff, 0xff, 0xff, 
	0xff, 0xff, 0xff, 0xff, 0xff, 0xff, 0xff, 0xff, 0xc0, 0xc0, 0xc0, 0xc1, 0xf3, 0xff, 0x7f, 0x3f, 
	0x00, 0x00, 0x00, 0x00, 0x00, 0x0f, 0x1f, 0x3f, 0x3f, 0x7f, 0x7f, 0x7f, 0x7f, 0x7f, 0x7f, 0x7f, 
	0x7f, 0x7f, 0x7f, 0x3f, 0x3f, 0x3f, 0x1f, 0x0f, 0x03, 0x03, 0x03, 0x01, 0x01, 0x00, 0x00, 0x00, 
	0x07, 0x07, 0x07, 0x07, 0x07, 0x07, 0x07, 0x07, 0x07, 0x07, 0x07, 0x07, 0x07, 0x07, 0x07, 0x07, 
	0x07, 0x07, 0x07, 0x07, 0x07, 0x07, 0x07, 0x07, 0x07, 0x07, 0x07, 0x07, 0x07, 0x07, 0x00, 0x00
};
// 'cog', 32x32px
const unsigned char fas_32x32_fa_cog [] PROGMEM = {
	0x00, 0x00, 0x00, 0x80, 0xc0, 0xe0, 0xc0, 0xc0, 0x80, 0xc0, 0xe0, 0xe0, 0xfe, 0xfe, 0xff, 0xff, 
	0xff, 0xff, 0xfe, 0xfe, 0xe0, 0xe0, 0xc0, 0x80, 0xc0, 0xc0, 0xe0, 0xc0, 0x80, 0x00, 0x00, 0x00, 
	0x00, 0x0c, 0x1f, 0x1f, 0xff, 0xff, 0xff, 0xff, 0xff, 0xff, 0xff, 0x3f, 0x1f, 0x0f, 0x07, 0x07, 
	0x07, 0x07, 0x0f, 0x1f, 0x3f, 0xff, 0xff, 0xff, 0xff, 0xff, 0xff, 0xff, 0x1f, 0x1f, 0x0c, 0x00, 
	0x00, 0x30, 0xf8, 0xf8, 0xff, 0xff, 0xff, 0xff, 0xff, 0xff, 0xff, 0xfc, 0xf8, 0xf0, 0xe0, 0xe0, 
	0xe0, 0xe0, 0xf0, 0xf8, 0xfc, 0xff, 0xff, 0xff, 0xff, 0xff, 0xff, 0xff, 0xf8, 0xf8, 0x30, 0x00, 
	0x00, 0x00, 0x00, 0x01, 0x03, 0x07, 0x03, 0x03, 0x01, 0x03, 0x07, 0x07, 0x7f, 0x7f, 0xff, 0xff, 
	0xff, 0xff, 0x7f, 0x7f, 0x07, 0x07, 0x03, 0x01, 0x03, 0x03, 0x07, 0x03, 0x01, 0x00, 0x00, 0x00
};
// 'cogs', 32x32px
const unsigned char fas_32x32_fa_cogs [] PROGMEM = {
	0x00, 0x00, 0x00, 0x00, 0x00, 0x00, 0x00, 0x00, 0xe0, 0xe0, 0xe0, 0xe0, 0xe0, 0xe0, 0x00, 0x00, 
	0x00, 0x00, 0x00, 0x00, 0x00, 0x80, 0xc0, 0xf8, 0xf8, 0x70, 0x70, 0x78, 0xf8, 0xf0, 0x80, 0x80, 
	0x18, 0x3e, 0xff, 0xff, 0xfe, 0xfe, 0xff, 0x7f, 0x1f, 0x1f, 0x0f, 0x0f, 0x1f, 0x3f, 0xff, 0xff, 
	0xfe, 0xfe, 0xff, 0x7e, 0x3c, 0x13, 0x03, 0x1f, 0x3f, 0x1c, 0x1c, 0x1c, 0x3f, 0x1f, 0x03, 0x03, 
	0x1c, 0x3c, 0x7f, 0xff, 0x7f, 0x7f, 0xff, 0xfe, 0xf8, 0xf8, 0xf0, 0xf8, 0xf8, 0xfc, 0xff, 0x7f, 
	0x7f, 0x7f, 0xff, 0x7e, 0x3c, 0xc8, 0xc0, 0xf8, 0xfc, 0x38, 0x38, 0x38, 0xfc, 0xf8, 0xc0, 0xc0, 
	0x00, 0x00, 0x00, 0x00, 0x00, 0x00, 0x00, 0x00, 0x07, 0x07, 0x07, 0x07, 0x07, 0x03, 0x00, 0x00, 
	0x00, 0x00, 0x00, 0x00, 0x00, 0x01, 0x03, 0x1f, 0x1f, 0x0e, 0x0e, 0x1e, 0x1f, 0x0f, 0x01, 0x01
};
// 'coins', 32x32px
const unsigned char fas_32x32_fa_coins [] PROGMEM = {
	0x00, 0x00, 0x00, 0x00, 0x00, 0x00, 0x00, 0x00, 0x18, 0x3c, 0x3c, 0x7e, 0x7e, 0x7e, 0xff, 0xff, 
	0xff, 0xff, 0xff, 0xff, 0xff, 0xff, 0xff, 0xff, 0xff, 0xff, 0x7e, 0x7e, 0x7e, 0x3c, 0x3c, 0x18, 
	0xe0, 0xe0, 0xf0, 0xf8, 0xf8, 0xf8, 0xf8, 0xfc, 0xfc, 0xfc, 0xfc, 0xfc, 0xfc, 0xfc, 0xfc, 0xfc, 
	0xfc, 0xf8, 0xf8, 0xf8, 0xf8, 0xf0, 0xe0, 0xc4, 0x0c, 0x1c, 0x9e, 0x9e, 0x9e, 0x8e, 0xcf, 0xc7, 
	0x79, 0xf1, 0xf3, 0xe7, 0xe7, 0xe7, 0xe7, 0xcf, 0xcf, 0xcf, 0xcf, 0xcf, 0xcf, 0xcf, 0xcf, 0xcf, 
	0xcf, 0xe7, 0xe7, 0xe7, 0xe7, 0xf3, 0xf1, 0x78, 0x00, 0x00, 0x07, 0x07, 0x07, 0x03, 0x03, 0x01, 
	0x1c, 0x3c, 0x38, 0x79, 0x79, 0x79, 0xf3, 0xf3, 0xf3, 0xf3, 0xf3, 0xf3, 0xf3, 0xf3, 0xf3, 0xf3, 
	0xf3, 0xf3, 0x79, 0x79, 0x79, 0x38, 0x3c, 0x1c, 0x00, 0x00, 0x00, 0x00, 0x00, 0x00, 0x00, 0x00
};
// 'columns', 32x32px
const unsigned char fas_32x32_fa_columns [] PROGMEM = {
	0xf8, 0xfc, 0xfc, 0xfc, 0xfc, 0xfc, 0xfc, 0xfc, 0xfc, 0xfc, 0xfc, 0xfc, 0xfc, 0xfc, 0xfc, 0xfc, 
	0xfc, 0xfc, 0xfc, 0xfc, 0xfc, 0xfc, 0xfc, 0xfc, 0xfc, 0xfc, 0xfc, 0xfc, 0xfc, 0xfc, 0xfc, 0xf8, 
	0xff, 0xff, 0xff, 0xff, 0x03, 0x03, 0x03, 0x03, 0x03, 0x03, 0x03, 0x03, 0x03, 0x03, 0xff, 0xff, 
	0xff, 0xff, 0x03, 0x03, 0x03, 0x03, 0x03, 0x03, 0x03, 0x03, 0x03, 0x03, 0xff, 0xff, 0xff, 0xff, 
	0xff, 0xff, 0xff, 0xff, 0x00, 0x00, 0x00, 0x00, 0x00, 0x00, 0x00, 0x00, 0x00, 0x00, 0xff, 0xff, 
	0xff, 0xff, 0x00, 0x00, 0x00, 0x00, 0x00, 0x00, 0x00, 0x00, 0x00, 0x00, 0xff, 0xff, 0xff, 0xff, 
	0x1f, 0x3f, 0x3f, 0x3f, 0x3c, 0x3c, 0x3c, 0x3c, 0x3c, 0x3c, 0x3c, 0x3c, 0x3c, 0x3c, 0x3f, 0x3f, 
	0x3f, 0x3f, 0x3c, 0x3c, 0x3c, 0x3c, 0x3c, 0x3c, 0x3c, 0x3c, 0x3c, 0x3c, 0x3f, 0x3f, 0x3f, 0x1f
};
// 'comment', 32x32px
const unsigned char fas_32x32_fa_comment [] PROGMEM = {
	0x00, 0x00, 0x00, 0x80, 0xc0, 0xe0, 0xf0, 0xf0, 0xf8, 0xf8, 0xf8, 0xfc, 0xfc, 0xfc, 0xfc, 0xfc, 
	0xfc, 0xfc, 0xfc, 0xfc, 0xfc, 0xf8, 0xf8, 0xf8, 0xf0, 0xf0, 0xe0, 0xc0, 0x80, 0x00, 0x00, 0x00, 
	0xf8, 0xfe, 0xff, 0xff, 0xff, 0xff, 0xff, 0xff, 0xff, 0xff, 0xff, 0xff, 0xff, 0xff, 0xff, 0xff, 
	0xff, 0xff, 0xff, 0xff, 0xff, 0xff, 0xff, 0xff, 0xff, 0xff, 0xff, 0xff, 0xff, 0xff, 0xfe, 0xf8, 
	0x07, 0x1f, 0x3f, 0xff, 0xff, 0xff, 0xff, 0xff, 0xff, 0xff, 0xff, 0xff, 0xff, 0xff, 0xff, 0xff, 
	0xff, 0xff, 0xff, 0xff, 0xff, 0xff, 0xff, 0xff, 0xff, 0xff, 0xff, 0xff, 0x7f, 0x3f, 0x1f, 0x07, 
	0x20, 0x38, 0x3c, 0x3f, 0x1f, 0x1f, 0x1f, 0x0f, 0x07, 0x07, 0x07, 0x0f, 0x0f, 0x0f, 0x0f, 0x0f, 
	0x0f, 0x0f, 0x0f, 0x0f, 0x0f, 0x07, 0x07, 0x07, 0x03, 0x03, 0x01, 0x00, 0x00, 0x00, 0x00, 0x00
};
// 'comment-alt', 32x32px
const unsigned char fas_32x32_fa_comment_alt [] PROGMEM = {
	0xfc, 0xfe, 0xff, 0xff, 0xff, 0xff, 0xff, 0xff, 0xff, 0xff, 0xff, 0xff, 0xff, 0xff, 0xff, 0xff, 
	0xff, 0xff, 0xff, 0xff, 0xff, 0xff, 0xff, 0xff, 0xff, 0xff, 0xff, 0xff, 0xff, 0xff, 0xfe, 0xfc, 
	0xff, 0xff, 0xff, 0xff, 0xff, 0xff, 0xff, 0xff, 0xff, 0xff, 0xff, 0xff, 0xff, 0xff, 0xff, 0xff, 
	0xff, 0xff, 0xff, 0xff, 0xff, 0xff, 0xff, 0xff, 0xff, 0xff, 0xff, 0xff, 0xff, 0xff, 0xff, 0xff, 
	0xff, 0xff, 0xff, 0xff, 0xff, 0xff, 0xff, 0xff, 0xff, 0xff, 0xff, 0xff, 0xff, 0xff, 0xff, 0xff, 
	0xff, 0xff, 0xff, 0xff, 0xff, 0xff, 0xff, 0xff, 0xff, 0xff, 0xff, 0xff, 0xff, 0xff, 0xff, 0xff, 
	0x00, 0x01, 0x03, 0x03, 0x03, 0x03, 0x03, 0x03, 0x03, 0x03, 0xff, 0xff, 0x7f, 0x3f, 0x1f, 0x1f, 
	0x0f, 0x07, 0x03, 0x03, 0x03, 0x03, 0x03, 0x03, 0x03, 0x03, 0x03, 0x03, 0x03, 0x03, 0x01, 0x00
};
// 'comment-dollar', 32x32px
const unsigned char fas_32x32_fa_comment_dollar [] PROGMEM = {
	0x00, 0x00, 0x00, 0x80, 0xc0, 0xe0, 0xf0, 0xf0, 0xf8, 0xf8, 0xf8, 0xfc, 0xfc, 0xfc, 0xfc, 0x7c, 
	0x7c, 0xfc, 0xfc, 0xfc, 0xfc, 0xf8, 0xf8, 0xf8, 0xf0, 0xf0, 0xe0, 0xc0, 0x80, 0x00, 0x00, 0x00, 
	0xf8, 0xfe, 0xff, 0xff, 0xff, 0xff, 0xff, 0xff, 0xff, 0xff, 0xff, 0xef, 0x83, 0x01, 0x00, 0x10, 
	0x30, 0x30, 0x31, 0x7b, 0xff, 0xff, 0xff, 0xff, 0xff, 0xff, 0xff, 0xff, 0xff, 0xff, 0xfe, 0xf8, 
	0x07, 0x1f, 0x3f, 0xff, 0xff, 0xff, 0xff, 0xff, 0xff, 0xff, 0xff, 0xff, 0xf7, 0xe3, 0xc3, 0x83, 
	0x82, 0xc0, 0xe0, 0xf0, 0xfd, 0xff, 0xff, 0xff, 0xff, 0xff, 0xff, 0xff, 0x7f, 0x3f, 0x1f, 0x07, 
	0x20, 0x38, 0x3c, 0x3f, 0x1f, 0x1f, 0x1f, 0x0f, 0x07, 0x07, 0x07, 0x0f, 0x0f, 0x0f, 0x0f, 0x0f, 
	0x0f, 0x0f, 0x0f, 0x0f, 0x0f, 0x07, 0x07, 0x07, 0x03, 0x03, 0x01, 0x00, 0x00, 0x00, 0x00, 0x00
};
// 'comment-dots', 32x32px
const unsigned char fas_32x32_fa_comment_dots [] PROGMEM = {
	0x00, 0x00, 0x00, 0x80, 0xc0, 0xe0, 0xf0, 0xf0, 0xf8, 0xf8, 0xf8, 0xfc, 0xfc, 0xfc, 0xfc, 0xfc, 
	0xfc, 0xfc, 0xfc, 0xfc, 0xfc, 0xf8, 0xf8, 0xf8, 0xf0, 0xf0, 0xe0, 0xc0, 0x80, 0x00, 0x00, 0x00, 
	0xf8, 0xfe, 0xff, 0xff, 0xff, 0xff, 0x3f, 0x1f, 0x1f, 0x3f, 0xff, 0xff, 0xff, 0xff, 0x3f, 0x1f, 
	0x1f, 0x3f, 0xff, 0xff, 0xff, 0xff, 0x3f, 0x1f, 0x1f, 0x3f, 0xff, 0xff, 0xff, 0xff, 0xfe, 0xf8, 
	0x07, 0x1f, 0x3f, 0xff, 0xff, 0xff, 0xff, 0xfe, 0xfe, 0xff, 0xff, 0xff, 0xff, 0xff, 0xff, 0xfe, 
	0xfe, 0xff, 0xff, 0xff, 0xff, 0xff, 0xff, 0xfe, 0xfe, 0xff, 0xff, 0xff, 0x7f, 0x3f, 0x1f, 0x07, 
	0x20, 0x38, 0x3c, 0x3f, 0x1f, 0x1f, 0x1f, 0x0f, 0x07, 0x07, 0x07, 0x0f, 0x0f, 0x0f, 0x0f, 0x0f, 
	0x0f, 0x0f, 0x0f, 0x0f, 0x0f, 0x07, 0x07, 0x07, 0x03, 0x03, 0x01, 0x00, 0x00, 0x00, 0x00, 0x00
};
// 'comment-medical', 32x32px
const unsigned char fas_32x32_fa_comment_medical [] PROGMEM = {
	0x00, 0x00, 0x00, 0x80, 0xc0, 0xe0, 0xf0, 0xf0, 0xf8, 0xf8, 0xf8, 0xfc, 0xfc, 0xfc, 0xfc, 0xfc, 
	0xfc, 0xfc, 0xfc, 0xfc, 0xfc, 0xf8, 0xf8, 0xf8, 0xf0, 0xf0, 0xe0, 0xc0, 0x80, 0x00, 0x00, 0x00, 
	0xf8, 0xfe, 0xff, 0xff, 0xff, 0xff, 0xff, 0xff, 0xff, 0xff, 0x1f, 0x1f, 0x1f, 0x1f, 0x01, 0x01, 
	0x01, 0x01, 0x1f, 0x1f, 0x1f, 0x1f, 0xff, 0xff, 0xff, 0xff, 0xff, 0xff, 0xff, 0xff, 0xfe, 0xf8, 
	0x07, 0x1f, 0x3f, 0xff, 0xff, 0xff, 0xff, 0xff, 0xff, 0xff, 0xfe, 0xfe, 0xfe, 0xfe, 0xe0, 0xe0, 
	0xe0, 0xe0, 0xfe, 0xfe, 0xfe, 0xfe, 0xff, 0xff, 0xff, 0xff, 0xff, 0xff, 0x7f, 0x3f, 0x1f, 0x07, 
	0x20, 0x38, 0x3c, 0x3f, 0x1f, 0x1f, 0x1f, 0x0f, 0x07, 0x07, 0x07, 0x0f, 0x0f, 0x0f, 0x0f, 0x0f, 
	0x0f, 0x0f, 0x0f, 0x0f, 0x0f, 0x07, 0x07, 0x07, 0x03, 0x03, 0x01, 0x00, 0x00, 0x00, 0x00, 0x00
};
// 'comments', 32x32px
const unsigned char fas_32x32_fa_comments [] PROGMEM = {
	0x00, 0x00, 0x80, 0xc0, 0xc0, 0xe0, 0xe0, 0xf0, 0xf0, 0xf0, 0xf0, 0xf0, 0xf0, 0xf0, 0xf0, 0xf0, 
	0xe0, 0xe0, 0xe0, 0xc0, 0x80, 0x00, 0x00, 0x00, 0x00, 0x00, 0x00, 0x00, 0x00, 0x00, 0x00, 0x00, 
	0x7c, 0xff, 0xff, 0xff, 0xff, 0xff, 0xff, 0xff, 0xff, 0xff, 0xff, 0xff, 0xff, 0xff, 0xff, 0xff, 
	0xff, 0xff, 0xff, 0xff, 0xff, 0xff, 0x7c, 0x00, 0x80, 0xf0, 0xf0, 0xe0, 0xe0, 0xc0, 0x80, 0x00, 
	0x10, 0x19, 0x1f, 0x1f, 0x0f, 0x0f, 0x0f, 0x1f, 0x1f, 0x1f, 0x9f, 0x9f, 0x9f, 0x9f, 0x9f, 0xdf, 
	0xcf, 0xcf, 0xef, 0xe7, 0xf3, 0xf9, 0xfc, 0xfe, 0xff, 0xff, 0xff, 0xff, 0xff, 0xff, 0xff, 0x3e, 
	0x00, 0x00, 0x00, 0x00, 0x00, 0x00, 0x00, 0x00, 0x00, 0x00, 0x00, 0x01, 0x03, 0x07, 0x07, 0x07, 
	0x0f, 0x0f, 0x0f, 0x0f, 0x0f, 0x0f, 0x0f, 0x0f, 0x0f, 0x07, 0x07, 0x07, 0x0f, 0x0f, 0x0c, 0x08
};
// 'comments-dollar', 32x32px
const unsigned char fas_32x32_fa_comments_dollar [] PROGMEM = {
	0x00, 0x00, 0x80, 0xc0, 0xc0, 0xe0, 0xe0, 0xf0, 0xf0, 0xf0, 0xf0, 0x70, 0xf0, 0xf0, 0xf0, 0xf0, 
	0xe0, 0xe0, 0xe0, 0xc0, 0x80, 0x00, 0x00, 0x00, 0x00, 0x00, 0x00, 0x00, 0x00, 0x00, 0x00, 0x00, 
	0x7c, 0xff, 0xff, 0xff, 0xff, 0xff, 0xff, 0xff, 0xfb, 0x61, 0x64, 0x6c, 0x4c, 0x0c, 0x9f, 0xff, 
	0xff, 0xff, 0xff, 0xff, 0xff, 0xff, 0x7c, 0x00, 0x80, 0xf0, 0xf0, 0xe0, 0xe0, 0xc0, 0x80, 0x00, 
	0x10, 0x19, 0x1f, 0x1f, 0x0f, 0x0f, 0x0f, 0x1f, 0x1f, 0x1e, 0x9e, 0x9c, 0x9e, 0x9e, 0x9f, 0xdf, 
	0xcf, 0xcf, 0xef, 0xe7, 0xf3, 0xf9, 0xfc, 0xfe, 0xff, 0xff, 0xff, 0xff, 0xff, 0xff, 0xff, 0x3e, 
	0x00, 0x00, 0x00, 0x00, 0x00, 0x00, 0x00, 0x00, 0x00, 0x00, 0x00, 0x01, 0x03, 0x07, 0x07, 0x07, 
	0x0f, 0x0f, 0x0f, 0x0f, 0x0f, 0x0f, 0x0f, 0x0f, 0x0f, 0x07, 0x07, 0x07, 0x0f, 0x0f, 0x0c, 0x08
};
// 'comment-slash', 32x32px
const unsigned char fas_32x32_fa_comment_slash [] PROGMEM = {
	0x30, 0x78, 0x78, 0xf0, 0xe0, 0xc0, 0xc0, 0x80, 0x80, 0xc0, 0xc0, 0xe0, 0xe0, 0xe0, 0xe0, 0xe0, 
	0xe0, 0xe0, 0xe0, 0xe0, 0xe0, 0xc0, 0xc0, 0x80, 0x80, 0x00, 0x00, 0x00, 0x00, 0x00, 0x00, 0x00, 
	0x00, 0x00, 0x00, 0xe0, 0xe1, 0xc3, 0x87, 0x87, 0x0f, 0x1f, 0x3f, 0x7f, 0x7f, 0xff, 0xff, 0xff, 
	0xff, 0xff, 0xff, 0xff, 0xff, 0xff, 0xff, 0xff, 0xff, 0xff, 0xfe, 0xfc, 0xe0, 0x00, 0x00, 0x00, 
	0x00, 0x00, 0x00, 0x03, 0x0f, 0x9f, 0xff, 0xff, 0xff, 0xfe, 0xfc, 0xf8, 0xf8, 0xf0, 0xe1, 0xc3, 
	0x83, 0x87, 0x0f, 0x1f, 0x3f, 0x3f, 0x7f, 0xff, 0xff, 0xff, 0xdf, 0x8f, 0x03, 0x00, 0x00, 0x00, 
	0x00, 0x00, 0x00, 0x04, 0x06, 0x07, 0x07, 0x07, 0x03, 0x03, 0x01, 0x01, 0x01, 0x03, 0x03, 0x03, 
	0x03, 0x03, 0x03, 0x00, 0x00, 0x00, 0x00, 0x00, 0x01, 0x03, 0x03, 0x07, 0x0f, 0x1f, 0x1e, 0x0c
};
// 'compact-disc', 32x32px
const unsigned char fas_32x32_fa_compact_disc [] PROGMEM = {
	0x00, 0x00, 0x00, 0x80, 0xc0, 0xe0, 0xf0, 0xf8, 0x78, 0x3c, 0x3c, 0x9e, 0x9e, 0xce, 0xce, 0xcf, 
	0xff, 0xff, 0xfe, 0xfe, 0xfe, 0xfe, 0xfc, 0xfc, 0xf8, 0xf8, 0xf0, 0xe0, 0xc0, 0x80, 0x00, 0x00, 
	0x00, 0xf0, 0xfe, 0xff, 0xff, 0x07, 0x81, 0xf0, 0xfc, 0xfe, 0xff, 0x1f, 0x0f, 0x07, 0x03, 0xc3, 
	0xc3, 0xc3, 0x03, 0x07, 0x0f, 0x1f, 0xff, 0xff, 0xff, 0xff, 0xff, 0xff, 0xff, 0xff, 0xfe, 0xf0, 
	0x00, 0x0f, 0x7f, 0xff, 0xff, 0xff, 0xff, 0xff, 0xff, 0xff, 0xff, 0xf8, 0xf0, 0xe0, 0xc0, 0xc3, 
	0xc3, 0xc3, 0xc0, 0xe0, 0xf0, 0xf8, 0xff, 0xff, 0xff, 0xff, 0xff, 0xff, 0xff, 0xff, 0x7f, 0x0f, 
	0x00, 0x00, 0x00, 0x01, 0x03, 0x07, 0x0f, 0x1f, 0x1f, 0x3f, 0x3f, 0x7f, 0x7f, 0x7f, 0x7f, 0xff, 
	0xff, 0xff, 0x7f, 0x7f, 0x7f, 0x7f, 0x3f, 0x3f, 0x1f, 0x1f, 0x0f, 0x07, 0x03, 0x01, 0x00, 0x00
};
// 'compass', 32x32px
const unsigned char fas_32x32_fa_compass [] PROGMEM = {
	0x00, 0x00, 0x00, 0x80, 0xc0, 0xe0, 0xf0, 0xf8, 0xf8, 0xfc, 0xfc, 0xfe, 0xfe, 0xfe, 0xfe, 0xff, 
	0xff, 0xff, 0xfe, 0xfe, 0xfe, 0xfe, 0xfc, 0xfc, 0xf8, 0xf8, 0xf0, 0xe0, 0xc0, 0x80, 0x00, 0x00, 
	0x00, 0xf0, 0xfe, 0xff, 0xff, 0xff, 0xff, 0xff, 0xff, 0xff, 0xff, 0xff, 0x3f, 0x0f, 0x0f, 0xc7, 
	0xc7, 0xc7, 0x03, 0x03, 0x01, 0x01, 0xc0, 0xf0, 0xff, 0xff, 0xff, 0xff, 0xff, 0xff, 0xfe, 0xf0, 
	0x00, 0x0f, 0x7f, 0xff, 0xff, 0xff, 0xff, 0xff, 0xff, 0x0f, 0x03, 0x80, 0x80, 0xc0, 0xc0, 0xe3, 
	0xe3, 0xe3, 0xf0, 0xf0, 0xfc, 0xff, 0xff, 0xff, 0xff, 0xff, 0xff, 0xff, 0xff, 0xff, 0x7f, 0x0f, 
	0x00, 0x00, 0x00, 0x01, 0x03, 0x07, 0x0f, 0x1f, 0x1f, 0x3f, 0x3f, 0x7f, 0x7f, 0x7f, 0x7f, 0xff, 
	0xff, 0xff, 0x7f, 0x7f, 0x7f, 0x7f, 0x3f, 0x3f, 0x1f, 0x1f, 0x0f, 0x07, 0x03, 0x01, 0x00, 0x00
};
// 'compress', 32x32px
const unsigned char fas_32x32_fa_compress [] PROGMEM = {
	0x00, 0x00, 0x00, 0x00, 0x00, 0x00, 0x00, 0x00, 0xfc, 0xfc, 0xfc, 0xfc, 0x00, 0x00, 0x00, 0x00, 
	0x00, 0x00, 0x00, 0x00, 0xfc, 0xfc, 0xfc, 0xfc, 0x00, 0x00, 0x00, 0x00, 0x00, 0x00, 0x00, 0x00, 
	0x00, 0x00, 0x0f, 0x0f, 0x0f, 0x0f, 0x0f, 0x0f, 0x0f, 0x0f, 0x0f, 0x0f, 0x00, 0x00, 0x00, 0x00, 
	0x00, 0x00, 0x00, 0x00, 0x0f, 0x0f, 0x0f, 0x0f, 0x0f, 0x0f, 0x0f, 0x0f, 0x0f, 0x0f, 0x00, 0x00, 
	0x00, 0x00, 0xf0, 0xf0, 0xf0, 0xf0, 0xf0, 0xf0, 0xf0, 0xf0, 0xf0, 0xf0, 0x00, 0x00, 0x00, 0x00, 
	0x00, 0x00, 0x00, 0x00, 0xf0, 0xf0, 0xf0, 0xf0, 0xf0, 0xf0, 0xf0, 0xf0, 0xf0, 0xf0, 0x00, 0x00, 
	0x00, 0x00, 0x00, 0x00, 0x00, 0x00, 0x00, 0x00, 0x3f, 0x3f, 0x3f, 0x3f, 0x00, 0x00, 0x00, 0x00, 
	0x00, 0x00, 0x00, 0x00, 0x3f, 0x3f, 0x3f, 0x3f, 0x00, 0x00, 0x00, 0x00, 0x00, 0x00, 0x00, 0x00
};
// 'compress-alt', 32x32px
const unsigned char fas_32x32_fa_compress_alt [] PROGMEM = {
	0x00, 0x00, 0x00, 0x00, 0x00, 0x00, 0x00, 0x00, 0x00, 0x00, 0x00, 0x00, 0x00, 0x00, 0x00, 0x00, 
	0xc0, 0xc0, 0xc0, 0x80, 0x00, 0x80, 0xc0, 0xe0, 0xf0, 0xf8, 0xfc, 0xfc, 0x78, 0x30, 0x00, 0x00, 
	0x00, 0x00, 0x00, 0x00, 0x00, 0x00, 0x00, 0x00, 0x00, 0x00, 0x00, 0x00, 0x00, 0x00, 0x00, 0x00, 
	0xff, 0xff, 0xff, 0xff, 0xff, 0xff, 0xff, 0xff, 0xf7, 0xe3, 0x01, 0x00, 0x00, 0x00, 0x00, 0x00, 
	0x00, 0x00, 0x00, 0x00, 0x00, 0x80, 0xc7, 0xef, 0xff, 0xff, 0xff, 0xff, 0xff, 0xff, 0xff, 0xff, 
	0x00, 0x00, 0x00, 0x00, 0x00, 0x00, 0x00, 0x00, 0x00, 0x00, 0x00, 0x00, 0x00, 0x00, 0x00, 0x00, 
	0x00, 0x00, 0x0c, 0x1e, 0x3f, 0x3f, 0x1f, 0x0f, 0x07, 0x03, 0x01, 0x00, 0x01, 0x03, 0x03, 0x03, 
	0x00, 0x00, 0x00, 0x00, 0x00, 0x00, 0x00, 0x00, 0x00, 0x00, 0x00, 0x00, 0x00, 0x00, 0x00, 0x00
};
// 'compress-arrows-alt', 32x32px
const unsigned char fas_32x32_fa_compress_arrows_alt [] PROGMEM = {
	0x0c, 0x1e, 0x3f, 0x7f, 0xfe, 0xfc, 0xf8, 0xf0, 0xe0, 0xc0, 0xe0, 0xf0, 0xf0, 0xf0, 0x00, 0x00, 
	0x00, 0x00, 0xf0, 0xf0, 0xf0, 0xe0, 0xc0, 0xe0, 0xf0, 0xf8, 0xfc, 0xfe, 0x7f, 0x3f, 0x1e, 0x0c, 
	0x00, 0x00, 0x00, 0x00, 0x38, 0x3d, 0x3f, 0x3f, 0x3f, 0x3f, 0x3f, 0x3f, 0x3f, 0x3f, 0x00, 0x00, 
	0x00, 0x00, 0x3f, 0x3f, 0x3f, 0x3f, 0x3f, 0x3f, 0x3f, 0x3f, 0x3d, 0x38, 0x00, 0x00, 0x00, 0x00, 
	0x00, 0x00, 0x00, 0x00, 0x1c, 0xbc, 0xfc, 0xfc, 0xfc, 0xfc, 0xfc, 0xfc, 0xfc, 0xfc, 0x00, 0x00, 
	0x00, 0x00, 0xfc, 0xfc, 0xfc, 0xfc, 0xfc, 0xfc, 0xfc, 0xfc, 0xbc, 0x1c, 0x00, 0x00, 0x00, 0x00, 
	0x30, 0x78, 0xfc, 0xfe, 0x7f, 0x3f, 0x1f, 0x0f, 0x07, 0x03, 0x07, 0x0f, 0x0f, 0x0f, 0x00, 0x00, 
	0x00, 0x00, 0x0f, 0x0f, 0x0f, 0x07, 0x03, 0x07, 0x0f, 0x1f, 0x3f, 0x7f, 0xfe, 0xfc, 0x78, 0x30
};
// 'concierge-bell', 32x32px
const unsigned char fas_32x32_fa_concierge_bell [] PROGMEM = {
	0x00, 0x00, 0x00, 0x00, 0x00, 0x00, 0x00, 0x00, 0x00, 0x00, 0x00, 0x00, 0x70, 0x70, 0xf0, 0xf0, 
	0xf0, 0xf0, 0x70, 0x70, 0x00, 0x00, 0x00, 0x00, 0x00, 0x00, 0x00, 0x00, 0x00, 0x00, 0x00, 0x00, 
	0x00, 0x00, 0x00, 0x00, 0xc0, 0xe0, 0xf0, 0xf8, 0xfc, 0xfc, 0xfe, 0xfe, 0xff, 0xff, 0xff, 0xff, 
	0xff, 0xff, 0xff, 0xff, 0xfe, 0xfe, 0xfc, 0xfc, 0xf8, 0xf0, 0xe0, 0xc0, 0x00, 0x00, 0x00, 0x00, 
	0x00, 0x00, 0x3c, 0x3f, 0x3f, 0x3f, 0x3f, 0x3f, 0x3f, 0x3f, 0x3f, 0x3f, 0x3f, 0x3f, 0x3f, 0x3f, 
	0x3f, 0x3f, 0x3f, 0x3f, 0x3f, 0x3f, 0x3f, 0x3f, 0x3f, 0x3f, 0x3f, 0x3f, 0x3f, 0x3c, 0x00, 0x00, 
	0x0f, 0x0f, 0x0f, 0x0f, 0x0f, 0x0f, 0x0f, 0x0f, 0x0f, 0x0f, 0x0f, 0x0f, 0x0f, 0x0f, 0x0f, 0x0f, 
	0x0f, 0x0f, 0x0f, 0x0f, 0x0f, 0x0f, 0x0f, 0x0f, 0x0f, 0x0f, 0x0f, 0x0f, 0x0f, 0x0f, 0x0f, 0x0f
};
// 'cookie', 32x32px
const unsigned char fas_32x32_fa_cookie [] PROGMEM = {
	0x00, 0x00, 0x00, 0xc0, 0xe0, 0xf0, 0xf8, 0xf8, 0xfc, 0xfc, 0xfe, 0xfe, 0xff, 0xff, 0xff, 0xff, 
	0xff, 0xff, 0xff, 0xfe, 0xfe, 0xfe, 0xfe, 0xfc, 0xfc, 0xf8, 0xf0, 0xe0, 0xc0, 0x80, 0x00, 0x00, 
	0xf0, 0xfc, 0xff, 0xff, 0xff, 0xff, 0xff, 0xff, 0xff, 0xff, 0xff, 0xf3, 0xe1, 0xe1, 0xf3, 0xff, 
	0xff, 0xff, 0xff, 0xff, 0xff, 0xff, 0xff, 0xff, 0xff, 0xff, 0xff, 0xff, 0xff, 0xff, 0xfe, 0xe0, 
	0x07, 0x7f, 0xff, 0xff, 0xff, 0xff, 0xff, 0xff, 0xff, 0xcf, 0x87, 0x87, 0xcf, 0xff, 0xff, 0xff, 
	0xff, 0xff, 0xff, 0xff, 0xff, 0xf3, 0xe1, 0xe1, 0xf3, 0xff, 0xff, 0xff, 0xff, 0xff, 0x3f, 0x0f, 
	0x00, 0x00, 0x01, 0x03, 0x07, 0x0f, 0x1f, 0x3f, 0x3f, 0x7f, 0x7f, 0x7f, 0x7f, 0xff, 0xff, 0xff, 
	0xff, 0xff, 0xff, 0xff, 0x7f, 0x7f, 0x3f, 0x3f, 0x1f, 0x1f, 0x0f, 0x07, 0x03, 0x00, 0x00, 0x00
};
// 'cookie-bite', 32x32px
const unsigned char fas_32x32_fa_cookie_bite [] PROGMEM = {
	0x00, 0x00, 0x00, 0xc0, 0xe0, 0xf0, 0xf8, 0xf8, 0xfc, 0xfc, 0xfe, 0xfe, 0xff, 0xff, 0xff, 0xff, 
	0xf8, 0xe0, 0xc0, 0x80, 0x80, 0x00, 0x00, 0x00, 0x00, 0x00, 0x00, 0x00, 0x00, 0x00, 0x00, 0x00, 
	0xf0, 0xfc, 0xff, 0xff, 0xff, 0xff, 0xff, 0xff, 0xff, 0xff, 0xff, 0xf3, 0xe1, 0xe1, 0xf3, 0xff, 
	0xff, 0xff, 0xff, 0xff, 0xff, 0xff, 0xff, 0xff, 0xf8, 0xe0, 0xc0, 0x80, 0x80, 0x00, 0x00, 0x00, 
	0x07, 0x7f, 0xff, 0xff, 0xff, 0xff, 0xff, 0xff, 0xff, 0xcf, 0x87, 0x87, 0xcf, 0xff, 0xff, 0xff, 
	0xff, 0xff, 0xff, 0xff, 0xff, 0xf3, 0xe1, 0xe1, 0xf3, 0xff, 0xff, 0xff, 0xff, 0xff, 0x3f, 0x0f, 
	0x00, 0x00, 0x01, 0x03, 0x07, 0x0f, 0x1f, 0x3f, 0x3f, 0x7f, 0x7f, 0x7f, 0x7f, 0xff, 0xff, 0xff, 
	0xff, 0xff, 0xff, 0xff, 0x7f, 0x7f, 0x3f, 0x3f, 0x1f, 0x1f, 0x0f, 0x07, 0x03, 0x00, 0x00, 0x00
};
// 'copy', 32x32px
const unsigned char fas_32x32_fa_copy [] PROGMEM = {
	0x00, 0x00, 0xc0, 0xc0, 0xc0, 0xc0, 0xc0, 0xc0, 0x00, 0x00, 0xff, 0xff, 0xff, 0xff, 0xff, 0xff, 
	0xff, 0xff, 0xff, 0xff, 0xff, 0xff, 0x80, 0x00, 0x3f, 0x3f, 0x3e, 0x3c, 0x38, 0x30, 0x00, 0x00, 
	0x00, 0x00, 0xff, 0xff, 0xff, 0xff, 0xff, 0xff, 0x00, 0x00, 0xff, 0xff, 0xff, 0xff, 0xff, 0xff, 
	0xff, 0xff, 0xff, 0xff, 0xff, 0xff, 0xff, 0xff, 0xff, 0xff, 0xff, 0xff, 0xff, 0xff, 0x00, 0x00, 
	0x00, 0x00, 0xff, 0xff, 0xff, 0xff, 0xff, 0xff, 0x00, 0x00, 0xff, 0xff, 0xff, 0xff, 0xff, 0xff, 
	0xff, 0xff, 0xff, 0xff, 0xff, 0xff, 0xff, 0xff, 0xff, 0xff, 0xff, 0xff, 0xff, 0xff, 0x00, 0x00, 
	0x00, 0x00, 0xff, 0xff, 0xff, 0xff, 0xff, 0xff, 0xfc, 0xf8, 0xf3, 0xf3, 0xf3, 0xf3, 0xf3, 0xf3, 
	0xf3, 0xf3, 0xf3, 0xf3, 0xf3, 0xf3, 0x03, 0x03, 0x03, 0x03, 0x03, 0x03, 0x03, 0x03, 0x00, 0x00
};
// 'copyright', 32x32px
const unsigned char fas_32x32_fa_copyright [] PROGMEM = {
	0x00, 0x00, 0x00, 0x80, 0xc0, 0xe0, 0xf0, 0xf8, 0xfc, 0xfc, 0xfe, 0xfe, 0xfe, 0x7e, 0x7f, 0x7f, 
	0x7f, 0x7f, 0x7e, 0x7e, 0xfe, 0xfe, 0xfc, 0xfc, 0xf8, 0xf0, 0xe0, 0xc0, 0x80, 0x00, 0x00, 0x00, 
	0xc0, 0xfc, 0xff, 0xff, 0xff, 0xff, 0xff, 0x7f, 0x0f, 0x03, 0x01, 0x00, 0xe0, 0xf0, 0xf0, 0xf8, 
	0xf8, 0xf8, 0xf8, 0xf0, 0xe0, 0xf0, 0xf9, 0xff, 0xff, 0xff, 0xff, 0xff, 0xff, 0xff, 0xfc, 0xc0, 
	0x03, 0x3f, 0xff, 0xff, 0xff, 0xff, 0xff, 0xfe, 0xf0, 0xc0, 0x80, 0x00, 0x03, 0x0f, 0x0f, 0x1f, 
	0x1f, 0x1f, 0x1f, 0x0f, 0x07, 0x07, 0x8f, 0xff, 0xff, 0xff, 0xff, 0xff, 0xff, 0xff, 0x3f, 0x03, 
	0x00, 0x00, 0x00, 0x01, 0x03, 0x07, 0x0f, 0x1f, 0x3f, 0x3f, 0x7f, 0x7f, 0x7f, 0x7e, 0xfe, 0xfe, 
	0xfe, 0xfe, 0x7e, 0x7e, 0x7f, 0x7f, 0x3f, 0x3f, 0x1f, 0x0f, 0x07, 0x03, 0x01, 0x00, 0x00, 0x00
};
// 'couch', 32x32px
const unsigned char fas_32x32_fa_couch [] PROGMEM = {
	0x00, 0x00, 0x00, 0x00, 0x00, 0x80, 0xc0, 0xc0, 0xc0, 0xc0, 0xc0, 0xc0, 0xc0, 0xc0, 0xc0, 0xc0, 
	0xc0, 0xc0, 0xc0, 0xc0, 0xc0, 0xc0, 0xc0, 0xc0, 0xc0, 0xc0, 0x80, 0x00, 0x00, 0x00, 0x00, 0x00, 
	0xc0, 0xe0, 0xe0, 0xe6, 0xe7, 0xe7, 0x0f, 0x1f, 0xff, 0xff, 0xff, 0xff, 0xff, 0xff, 0xff, 0xff, 
	0xff, 0xff, 0xff, 0xff, 0xff, 0xff, 0xff, 0xff, 0x1f, 0x0f, 0xe7, 0xe7, 0xe6, 0xe0, 0xe0, 0xc0, 
	0x03, 0x07, 0xff, 0xff, 0xff, 0xff, 0xf8, 0xf8, 0xfb, 0xfb, 0xfb, 0xfb, 0xfb, 0xfb, 0xfb, 0xfb, 
	0xfb, 0xfb, 0xfb, 0xfb, 0xfb, 0xfb, 0xfb, 0xfb, 0xf8, 0xf8, 0xff, 0xff, 0xff, 0xff, 0x07, 0x03, 
	0x00, 0x00, 0x03, 0x03, 0x03, 0x03, 0x01, 0x00, 0x00, 0x00, 0x00, 0x00, 0x00, 0x00, 0x00, 0x00, 
	0x00, 0x00, 0x00, 0x00, 0x00, 0x00, 0x00, 0x00, 0x00, 0x01, 0x03, 0x03, 0x03, 0x03, 0x00, 0x00
};
// 'credit-card', 32x32px
const unsigned char fas_32x32_fa_credit_card [] PROGMEM = {
	0xe0, 0xf0, 0xf0, 0xf0, 0xf0, 0xf0, 0xf0, 0xf0, 0xf0, 0xf0, 0xf0, 0xf0, 0xf0, 0xf0, 0xf0, 0xf0, 
	0xf0, 0xf0, 0xf0, 0xf0, 0xf0, 0xf0, 0xf0, 0xf0, 0xf0, 0xf0, 0xf0, 0xf0, 0xf0, 0xf0, 0xf0, 0xe0, 
	0x01, 0x01, 0x01, 0x01, 0x01, 0x01, 0x01, 0x01, 0x01, 0x01, 0x01, 0x01, 0x01, 0x01, 0x01, 0x01, 
	0x01, 0x01, 0x01, 0x01, 0x01, 0x01, 0x01, 0x01, 0x01, 0x01, 0x01, 0x01, 0x01, 0x01, 0x01, 0x01, 
	0xff, 0xff, 0xff, 0xff, 0x1f, 0x1f, 0x1f, 0x1f, 0x3f, 0xff, 0xff, 0x1f, 0x1f, 0x1f, 0x1f, 0x1f, 
	0x1f, 0x1f, 0x1f, 0x3f, 0xff, 0xff, 0xff, 0xff, 0xff, 0xff, 0xff, 0xff, 0xff, 0xff, 0xff, 0xff, 
	0x07, 0x0f, 0x0f, 0x0f, 0x0e, 0x0e, 0x0e, 0x0e, 0x0f, 0x0f, 0x0f, 0x0e, 0x0e, 0x0e, 0x0e, 0x0e, 
	0x0e, 0x0e, 0x0e, 0x0f, 0x0f, 0x0f, 0x0f, 0x0f, 0x0f, 0x0f, 0x0f, 0x0f, 0x0f, 0x0f, 0x0f, 0x07
};
// 'crop', 32x32px
const unsigned char fas_32x32_fa_crop [] PROGMEM = {
	0xf0, 0xf0, 0xf0, 0xf0, 0xff, 0xff, 0xff, 0xff, 0xff, 0xff, 0x00, 0x00, 0xf0, 0xf0, 0xf0, 0xf0, 
	0xf0, 0xf0, 0xf0, 0xf0, 0xf0, 0xf0, 0xf0, 0xf0, 0xf0, 0xf0, 0xf8, 0xfc, 0x3e, 0x1f, 0x0f, 0x06, 
	0x03, 0x03, 0x03, 0x03, 0xff, 0xff, 0xff, 0xff, 0xff, 0xff, 0x00, 0x00, 0x03, 0x03, 0x83, 0xc3, 
	0xe3, 0xf3, 0xff, 0x7f, 0x3f, 0x3f, 0xff, 0xff, 0xff, 0xff, 0xff, 0xff, 0x00, 0x00, 0x00, 0x00, 
	0x00, 0x00, 0x00, 0x00, 0xff, 0xff, 0xff, 0xff, 0xff, 0xff, 0xfc, 0xfc, 0xfe, 0xff, 0xcf, 0xc7, 
	0xc3, 0xc1, 0xc0, 0xc0, 0x00, 0x00, 0xff, 0xff, 0xff, 0xff, 0xff, 0xff, 0xc0, 0xc0, 0xc0, 0xc0, 
	0x00, 0x00, 0x00, 0x00, 0x0f, 0x0f, 0x0f, 0x0f, 0x0f, 0x0f, 0x0f, 0x0f, 0x0f, 0x0f, 0x0f, 0x0f, 
	0x0f, 0x0f, 0x0f, 0x0f, 0x00, 0x00, 0xff, 0xff, 0xff, 0xff, 0xff, 0xff, 0x0f, 0x0f, 0x0f, 0x0f
};
// 'crop-alt', 32x32px
const unsigned char fas_32x32_fa_crop_alt [] PROGMEM = {
	0xf0, 0xf0, 0xf0, 0xf0, 0xff, 0xff, 0xff, 0xff, 0xff, 0xff, 0x00, 0x00, 0xf0, 0xf0, 0xf0, 0xf0, 
	0xf0, 0xf0, 0xf0, 0xf0, 0xf0, 0xf0, 0xf0, 0xf0, 0xf0, 0xf0, 0xf0, 0xe0, 0x00, 0x00, 0x00, 0x00, 
	0x03, 0x03, 0x03, 0x03, 0xff, 0xff, 0xff, 0xff, 0xff, 0xff, 0x00, 0x00, 0x03, 0x03, 0x03, 0x03, 
	0x03, 0x03, 0x03, 0x03, 0x03, 0x03, 0xff, 0xff, 0xff, 0xff, 0xff, 0xff, 0x00, 0x00, 0x00, 0x00, 
	0x00, 0x00, 0x00, 0x00, 0xff, 0xff, 0xff, 0xff, 0xff, 0xff, 0xc0, 0xc0, 0xc0, 0xc0, 0xc0, 0xc0, 
	0xc0, 0xc0, 0xc0, 0xc0, 0x00, 0x00, 0xff, 0xff, 0xff, 0xff, 0xff, 0xff, 0xc0, 0xc0, 0xc0, 0xc0, 
	0x00, 0x00, 0x00, 0x00, 0x07, 0x0f, 0x0f, 0x0f, 0x0f, 0x0f, 0x0f, 0x0f, 0x0f, 0x0f, 0x0f, 0x0f, 
	0x0f, 0x0f, 0x0f, 0x0f, 0x00, 0x00, 0xff, 0xff, 0xff, 0xff, 0xff, 0xff, 0x0f, 0x0f, 0x0f, 0x0f
};
// 'cross', 32x32px
const unsigned char fas_32x32_fa_cross [] PROGMEM = {
	0x00, 0x00, 0x00, 0x00, 0x00, 0x00, 0x00, 0x00, 0x00, 0x00, 0x00, 0x00, 0xfe, 0xff, 0xff, 0xff, 
	0xff, 0xff, 0xff, 0xfe, 0x00, 0x00, 0x00, 0x00, 0x00, 0x00, 0x00, 0x00, 0x00, 0x00, 0x00, 0x00, 
	0x00, 0x00, 0x00, 0x00, 0x7e, 0xff, 0xff, 0xff, 0xff, 0xff, 0xff, 0xff, 0xff, 0xff, 0xff, 0xff, 
	0xff, 0xff, 0xff, 0xff, 0xff, 0xff, 0xff, 0xff, 0xff, 0xff, 0xff, 0x7e, 0x00, 0x00, 0x00, 0x00, 
	0x00, 0x00, 0x00, 0x00, 0x00, 0x00, 0x00, 0x00, 0x00, 0x00, 0x00, 0x00, 0xff, 0xff, 0xff, 0xff, 
	0xff, 0xff, 0xff, 0xff, 0x00, 0x00, 0x00, 0x00, 0x00, 0x00, 0x00, 0x00, 0x00, 0x00, 0x00, 0x00, 
	0x00, 0x00, 0x00, 0x00, 0x00, 0x00, 0x00, 0x00, 0x00, 0x00, 0x00, 0x00, 0x7f, 0xff, 0xff, 0xff, 
	0xff, 0xff, 0xff, 0x7f, 0x00, 0x00, 0x00, 0x00, 0x00, 0x00, 0x00, 0x00, 0x00, 0x00, 0x00, 0x00
};
// 'crosshairs', 32x32px
const unsigned char fas_32x32_fa_crosshairs [] PROGMEM = {
	0x00, 0x00, 0x00, 0x00, 0x00, 0x80, 0xc0, 0xe0, 0xe0, 0xf0, 0xf0, 0xf8, 0x78, 0x78, 0xff, 0xff, 
	0xff, 0xff, 0x78, 0x78, 0xf8, 0xf0, 0xf0, 0xe0, 0xe0, 0xc0, 0x80, 0x00, 0x00, 0x00, 0x00, 0x00, 
	0xc0, 0xc0, 0xc0, 0xf8, 0xfe, 0xff, 0xff, 0xcf, 0xc3, 0xc1, 0x00, 0x00, 0x00, 0x00, 0x83, 0xc3, 
	0xc3, 0x83, 0x00, 0x00, 0x00, 0x00, 0xc1, 0xc3, 0xcf, 0xff, 0xff, 0xfe, 0xf8, 0xc0, 0xc0, 0xc0, 
	0x03, 0x03, 0x03, 0x1f, 0x7f, 0xff, 0xff, 0xf3, 0xc3, 0x83, 0x00, 0x00, 0x00, 0x00, 0xc1, 0xc3, 
	0xc3, 0xc1, 0x00, 0x00, 0x00, 0x00, 0x83, 0xc3, 0xf3, 0xff, 0xff, 0x7f, 0x1f, 0x03, 0x03, 0x03, 
	0x00, 0x00, 0x00, 0x00, 0x00, 0x01, 0x03, 0x07, 0x07, 0x0f, 0x0f, 0x1f, 0x1e, 0x1e, 0xff, 0xff, 
	0xff, 0xff, 0x1e, 0x1e, 0x1f, 0x0f, 0x0f, 0x07, 0x07, 0x03, 0x01, 0x00, 0x00, 0x00, 0x00, 0x00
};
// 'crow', 32x32px
const unsigned char fas_32x32_fa_crow [] PROGMEM = {
	0x00, 0x00, 0x00, 0x00, 0x00, 0x00, 0x00, 0x00, 0x00, 0x00, 0x00, 0x00, 0x00, 0x00, 0x00, 0x00, 
	0x00, 0x00, 0x00, 0xe0, 0xf0, 0xf8, 0x38, 0x38, 0xf8, 0xf0, 0xf0, 0xe0, 0xe0, 0xe0, 0xe0, 0xc0, 
	0x00, 0x00, 0x00, 0x00, 0x00, 0x00, 0x00, 0x00, 0x00, 0x00, 0x80, 0xc0, 0xe0, 0xe0, 0xf0, 0xf8, 
	0xfc, 0xfe, 0xfe, 0xff, 0xff, 0xff, 0xff, 0xff, 0xff, 0xff, 0xff, 0x01, 0x00, 0x00, 0x00, 0x00, 
	0x80, 0xc0, 0xe0, 0xe0, 0xf0, 0xf8, 0x7c, 0x7e, 0x7e, 0x7f, 0x7f, 0x7f, 0x7f, 0xff, 0xff, 0xff, 
	0x7f, 0x7f, 0xff, 0xff, 0xff, 0x3f, 0x1f, 0x0f, 0x0f, 0x03, 0x00, 0x00, 0x00, 0x00, 0x00, 0x00, 
	0x01, 0x03, 0x01, 0x01, 0x00, 0x00, 0x00, 0x00, 0x00, 0x00, 0x00, 0x00, 0x00, 0x00, 0x03, 0x1f, 
	0x1e, 0x00, 0x00, 0x07, 0x1f, 0x1e, 0x00, 0x00, 0x00, 0x00, 0x00, 0x00, 0x00, 0x00, 0x00, 0x00
};
// 'crown', 32x32px
const unsigned char fas_32x32_fa_crown [] PROGMEM = {
	0x00, 0x00, 0x00, 0x00, 0x00, 0x00, 0x00, 0x00, 0x00, 0x00, 0x00, 0x00, 0x00, 0x00, 0xf8, 0xf8, 
	0xf8, 0xf8, 0x00, 0x00, 0x00, 0x00, 0x00, 0x00, 0x00, 0x00, 0x00, 0x00, 0x00, 0x00, 0x00, 0x00, 
	0x3c, 0x3c, 0x7c, 0xfc, 0xf8, 0xe0, 0xc0, 0x80, 0x80, 0x80, 0xc0, 0xe0, 0xf8, 0xfe, 0xff, 0xff, 
	0xff, 0xff, 0xfe, 0xf8, 0xe0, 0xc0, 0x80, 0x80, 0x80, 0xc0, 0xe0, 0xf8, 0xfc, 0x7c, 0x3c, 0x3c, 
	0x00, 0x00, 0x00, 0x00, 0x07, 0x3f, 0xff, 0xff, 0xff, 0xff, 0xff, 0xff, 0xff, 0xff, 0xff, 0xff, 
	0xff, 0xff, 0xff, 0xff, 0xff, 0xff, 0xff, 0xff, 0xff, 0xff, 0x3f, 0x07, 0x00, 0x00, 0x00, 0x00, 
	0x00, 0x00, 0x00, 0x00, 0x00, 0x1c, 0x1c, 0x1c, 0x1c, 0x1c, 0x1c, 0x1c, 0x1c, 0x1c, 0x1c, 0x1c, 
	0x1c, 0x1c, 0x1c, 0x1c, 0x1c, 0x1c, 0x1c, 0x1c, 0x1c, 0x1c, 0x1c, 0x00, 0x00, 0x00, 0x00, 0x00
};
// 'crutch', 32x32px
const unsigned char fas_32x32_fa_crutch [] PROGMEM = {
	0x00, 0x00, 0x00, 0x00, 0x00, 0x00, 0x00, 0x00, 0x00, 0x00, 0x00, 0x00, 0x00, 0x00, 0x00, 0x80, 
	0xc0, 0xc4, 0x8e, 0x1f, 0x3f, 0x7e, 0xfc, 0xf8, 0xf0, 0xe0, 0xc0, 0x80, 0x00, 0x00, 0x00, 0x00, 
	0x00, 0x00, 0x00, 0x00, 0x00, 0x00, 0x00, 0x00, 0x80, 0xe0, 0xf0, 0xf8, 0xfc, 0x7e, 0x7f, 0xff, 
	0xff, 0xe3, 0xc1, 0x80, 0x80, 0x80, 0xc0, 0xe1, 0xe3, 0xc7, 0x0f, 0x1f, 0x3f, 0x7e, 0x3c, 0x18, 
	0x00, 0x00, 0x00, 0x00, 0x00, 0x00, 0xc0, 0xf8, 0xff, 0xff, 0xff, 0xff, 0xe0, 0xf0, 0xf0, 0xf0, 
	0xf9, 0x7f, 0x7f, 0x3f, 0x1f, 0x0f, 0x07, 0x03, 0x01, 0x00, 0x00, 0x00, 0x00, 0x00, 0x00, 0x00, 
	0x60, 0xf0, 0xf8, 0x7c, 0x3e, 0x1f, 0x0f, 0x07, 0x03, 0x03, 0x01, 0x01, 0x01, 0x00, 0x00, 0x00, 
	0x00, 0x00, 0x00, 0x00, 0x00, 0x00, 0x00, 0x00, 0x00, 0x00, 0x00, 0x00, 0x00, 0x00, 0x00, 0x00
};
// 'cube', 32x32px
const unsigned char fas_32x32_fa_cube [] PROGMEM = {
	0xc0, 0xe0, 0xe0, 0xe0, 0xf0, 0xf0, 0xf0, 0xf8, 0x78, 0x7c, 0x3c, 0x3c, 0x3e, 0x1e, 0x1f, 0x1f, 
	0x1f, 0x1f, 0x1e, 0x3e, 0x3c, 0x3c, 0x7c, 0x78, 0xf8, 0xf0, 0xf0, 0xf0, 0xe0, 0xe0, 0xe0, 0xc0, 
	0xff, 0xff, 0xff, 0xff, 0xff, 0xfe, 0xfc, 0xfc, 0xf8, 0xf8, 0xf8, 0xf0, 0xf0, 0xe0, 0xe0, 0xe0, 
	0xe0, 0xe0, 0xe0, 0xf0, 0xf0, 0xf8, 0x78, 0x78, 0x7c, 0x3c, 0x3e, 0x3f, 0xff, 0xff, 0xff, 0xff, 
	0xff, 0xff, 0xff, 0xff, 0xff, 0xff, 0xff, 0xff, 0xff, 0xff, 0xff, 0xff, 0xff, 0xff, 0xff, 0xff, 
	0xff, 0xff, 0x01, 0x01, 0x00, 0x00, 0x00, 0x00, 0x80, 0x80, 0xc0, 0xc0, 0xff, 0xff, 0xff, 0xff, 
	0x00, 0x01, 0x01, 0x03, 0x03, 0x07, 0x07, 0x0f, 0x0f, 0x1f, 0x1f, 0x3f, 0x3f, 0x7f, 0x7f, 0xff, 
	0xff, 0x7f, 0x7c, 0x3c, 0x3e, 0x1e, 0x1f, 0x0f, 0x0f, 0x07, 0x07, 0x03, 0x03, 0x01, 0x01, 0x00
};
// 'cubes', 32x32px
const unsigned char fas_32x32_fa_cubes [] PROGMEM = {
	0x00, 0x00, 0x00, 0x00, 0x00, 0x00, 0x00, 0xc0, 0xe0, 0xf0, 0xb0, 0xb8, 0x18, 0x18, 0x1c, 0x0c, 
	0x0c, 0x1c, 0x18, 0x18, 0xb8, 0xb0, 0xf0, 0xe0, 0x80, 0x00, 0x00, 0x00, 0x00, 0x00, 0x00, 0x00, 
	0x00, 0x00, 0x80, 0x80, 0xc0, 0xc0, 0xc0, 0xff, 0x7f, 0xff, 0xff, 0xff, 0xff, 0xff, 0xff, 0xfe, 
	0xfe, 0x87, 0x87, 0xc3, 0xc3, 0xc1, 0xff, 0x7f, 0xff, 0xc0, 0xc0, 0xc0, 0x80, 0x80, 0x00, 0x00, 
	0xff, 0xff, 0xff, 0xfd, 0xf9, 0xf8, 0xf8, 0xf0, 0xf0, 0xf0, 0x38, 0x38, 0x19, 0x1d, 0x0f, 0xff, 
	0xff, 0xff, 0xfd, 0xf9, 0xf8, 0xf8, 0xf0, 0xf0, 0xf0, 0x38, 0x38, 0x19, 0x1d, 0x0f, 0xff, 0xff, 
	0x03, 0x07, 0x07, 0x0f, 0x0f, 0x1f, 0x1f, 0x3f, 0x3f, 0x3f, 0x18, 0x1c, 0x0c, 0x0e, 0x06, 0x07, 
	0x07, 0x07, 0x0f, 0x0f, 0x1f, 0x1f, 0x3f, 0x3f, 0x3f, 0x18, 0x1c, 0x0c, 0x0e, 0x06, 0x07, 0x03
};
// 'cut', 32x32px
const unsigned char fas_32x32_fa_cut [] PROGMEM = {
	0x00, 0x00, 0xe0, 0xf0, 0xf8, 0xf8, 0x7c, 0x3c, 0x3c, 0x7c, 0xf8, 0xf8, 0xf0, 0xc0, 0x00, 0x00, 
	0x00, 0x00, 0x00, 0x80, 0xc0, 0xe0, 0xf0, 0xf0, 0xf8, 0xf8, 0xf8, 0xf8, 0x70, 0x30, 0x00, 0x00, 
	0x00, 0x00, 0x07, 0x0f, 0x1f, 0x1f, 0x3e, 0x3c, 0x3c, 0x7e, 0xff, 0xff, 0xff, 0xff, 0xf8, 0xf8, 
	0xfc, 0xfe, 0xff, 0xff, 0x7f, 0x3f, 0x1f, 0x0f, 0x07, 0x03, 0x01, 0x00, 0x00, 0x00, 0x00, 0x00, 
	0x00, 0x00, 0xe0, 0xf0, 0xf8, 0xf8, 0x7c, 0x3c, 0x3c, 0x7e, 0xff, 0xff, 0xff, 0xff, 0x1f, 0x1f, 
	0x3f, 0x7f, 0xff, 0xff, 0xfe, 0xfc, 0xf8, 0xf0, 0xe0, 0xc0, 0x80, 0x00, 0x00, 0x00, 0x00, 0x00, 
	0x00, 0x00, 0x07, 0x0f, 0x1f, 0x1f, 0x3e, 0x3c, 0x3c, 0x3e, 0x1f, 0x1f, 0x0f, 0x03, 0x00, 0x00, 
	0x00, 0x00, 0x00, 0x01, 0x03, 0x07, 0x0f, 0x0f, 0x1f, 0x1f, 0x1f, 0x1f, 0x0e, 0x0c, 0x00, 0x00
};
// 'database', 32x32px
const unsigned char fas_32x32_fa_database [] PROGMEM = {
	0x00, 0x00, 0xf8, 0xfc, 0xfc, 0xfc, 0xfe, 0xfe, 0xfe, 0xff, 0xff, 0xff, 0xff, 0xff, 0xff, 0xff, 
	0xff, 0xff, 0xff, 0xff, 0xff, 0xff, 0xff, 0xfe, 0xfe, 0xfe, 0xfc, 0xfc, 0xfc, 0xf8, 0x00, 0x00, 
	0x00, 0x00, 0xf9, 0xf3, 0xf3, 0xe3, 0xe7, 0xe7, 0xe7, 0xcf, 0xcf, 0xcf, 0xcf, 0xcf, 0xcf, 0xcf, 
	0xcf, 0xcf, 0xcf, 0xcf, 0xcf, 0xcf, 0xcf, 0xe7, 0xe7, 0xe7, 0xe3, 0xf3, 0xf3, 0xf9, 0x00, 0x00, 
	0x00, 0x00, 0xe7, 0xcf, 0xcf, 0x8f, 0x9f, 0x9f, 0x9f, 0x3f, 0x3f, 0x3f, 0x3f, 0x3f, 0x3f, 0x3f, 
	0x3f, 0x3f, 0x3f, 0x3f, 0x3f, 0x3f, 0x3f, 0x9f, 0x9f, 0x9f, 0x8f, 0xcf, 0xcf, 0xe7, 0x00, 0x00, 
	0x00, 0x00, 0x1f, 0x3f, 0x3f, 0x3f, 0x7f, 0x7f, 0x7f, 0xff, 0xff, 0xff, 0xff, 0xff, 0xff, 0xff, 
	0xff, 0xff, 0xff, 0xff, 0xff, 0xff, 0xff, 0x7f, 0x7f, 0x7f, 0x3f, 0x3f, 0x3f, 0x1f, 0x00, 0x00
};
// 'deaf', 32x32px
const unsigned char fas_32x32_fa_deaf [] PROGMEM = {
	0x00, 0x00, 0x00, 0x00, 0x00, 0x00, 0x00, 0x00, 0x80, 0x80, 0xc0, 0xc0, 0xc0, 0xe0, 0xe0, 0xe0, 
	0xe0, 0xe0, 0xc0, 0xc0, 0x80, 0x80, 0x00, 0x40, 0xe0, 0xf0, 0xf8, 0x7c, 0x3e, 0x1f, 0x0e, 0x04, 
	0x00, 0x00, 0x00, 0x00, 0xe0, 0xf8, 0xfe, 0xff, 0x1f, 0x07, 0xc3, 0xe3, 0xf1, 0xf9, 0x79, 0x79, 
	0xf9, 0xf1, 0xe3, 0xc3, 0x07, 0x1f, 0xff, 0xfe, 0xf8, 0xe1, 0x00, 0x00, 0x00, 0x00, 0x00, 0x00, 
	0x00, 0x00, 0x00, 0x00, 0x01, 0x03, 0x83, 0xc0, 0xe0, 0xf0, 0xf1, 0x63, 0x03, 0x00, 0x00, 0x00, 
	0x00, 0x03, 0x83, 0xe1, 0xf0, 0xf8, 0xff, 0x7f, 0x1f, 0x07, 0x00, 0x00, 0x00, 0x00, 0x00, 0x00, 
	0x20, 0x70, 0xf8, 0x7c, 0x3e, 0x1f, 0x0f, 0x07, 0x03, 0x01, 0x00, 0x00, 0x00, 0xe0, 0xe0, 0xf0, 
	0xf0, 0xf8, 0x7f, 0x3f, 0x1f, 0x03, 0x00, 0x00, 0x00, 0x00, 0x00, 0x00, 0x00, 0x00, 0x00, 0x00
};
// 'democrat', 32x32px
const unsigned char fas_32x32_fa_democrat [] PROGMEM = {
	0x00, 0x00, 0x00, 0x38, 0xf8, 0xf0, 0xe0, 0xf0, 0xf8, 0x30, 0x00, 0x00, 0x00, 0x00, 0x00, 0x00, 
	0x00, 0x00, 0x00, 0x00, 0x00, 0x00, 0x00, 0x00, 0x00, 0x00, 0x00, 0x00, 0x00, 0x00, 0x00, 0x00, 
	0x70, 0xfc, 0xfe, 0xff, 0xff, 0x7f, 0x3f, 0x7f, 0xff, 0xff, 0xfe, 0x7c, 0x38, 0x38, 0xf8, 0xf8, 
	0xf8, 0x78, 0x38, 0x78, 0xf8, 0xf8, 0x78, 0x38, 0x38, 0x78, 0xf8, 0xf0, 0xf0, 0xe0, 0xc0, 0x80, 
	0x00, 0x00, 0x00, 0x00, 0x00, 0x00, 0x00, 0x00, 0x01, 0x07, 0xe7, 0xe7, 0xe6, 0xe6, 0xe7, 0xe7, 
	0xe7, 0xe6, 0xe6, 0xe6, 0xe7, 0xe7, 0xe7, 0xe6, 0xe6, 0xe7, 0xe7, 0x00, 0x01, 0x03, 0x03, 0x01, 
	0x00, 0x00, 0x00, 0x00, 0x00, 0x00, 0x00, 0x00, 0x00, 0x00, 0x1f, 0x1f, 0x1f, 0x1f, 0x01, 0x00, 
	0x00, 0x00, 0x00, 0x00, 0x00, 0x00, 0x1f, 0x1f, 0x1f, 0x1f, 0x1f, 0x00, 0x00, 0x00, 0x00, 0x00
};
// 'desktop', 32x32px
const unsigned char fas_32x32_fa_desktop [] PROGMEM = {
	0xf8, 0xfc, 0xfc, 0xfc, 0x3c, 0x3c, 0x3c, 0x3c, 0x3c, 0x3c, 0x3c, 0x3c, 0x3c, 0x3c, 0x3c, 0x3c, 
	0x3c, 0x3c, 0x3c, 0x3c, 0x3c, 0x3c, 0x3c, 0x3c, 0x3c, 0x3c, 0x3c, 0x3c, 0xfc, 0xfc, 0xfc, 0xf8, 
	0xff, 0xff, 0xff, 0xff, 0x00, 0x00, 0x00, 0x00, 0x00, 0x00, 0x00, 0x00, 0x00, 0x00, 0x00, 0x00, 
	0x00, 0x00, 0x00, 0x00, 0x00, 0x00, 0x00, 0x00, 0x00, 0x00, 0x00, 0x00, 0xff, 0xff, 0xff, 0xff, 
	0xff, 0xff, 0xff, 0xff, 0xe0, 0xe0, 0xe0, 0xe0, 0xe0, 0xe0, 0xe0, 0xe0, 0xe0, 0xe0, 0xe0, 0xe0, 
	0xe0, 0xe0, 0xe0, 0xe0, 0xe0, 0xe0, 0xe0, 0xe0, 0xe0, 0xe0, 0xe0, 0xe0, 0xff, 0xff, 0xff, 0xff, 
	0x00, 0x00, 0x01, 0x01, 0x01, 0x01, 0x01, 0x31, 0x39, 0x39, 0x39, 0x39, 0x39, 0x3f, 0x3f, 0x3f, 
	0x3f, 0x3f, 0x3f, 0x39, 0x39, 0x39, 0x39, 0x39, 0x31, 0x01, 0x01, 0x01, 0x01, 0x01, 0x00, 0x00
};
// 'dharmachakra', 32x32px
const unsigned char fas_32x32_fa_dharmachakra [] PROGMEM = {
	0x00, 0x00, 0x00, 0x00, 0x60, 0xf0, 0xf0, 0xe0, 0xf0, 0xf0, 0xf8, 0x78, 0x7c, 0x3c, 0xff, 0xff, 
	0xff, 0xff, 0x3c, 0x7c, 0x78, 0xf8, 0xf0, 0xf0, 0xe0, 0xf0, 0xf0, 0x60, 0x00, 0x00, 0x00, 0x00, 
	0xc0, 0xc0, 0xf0, 0xfc, 0xff, 0xff, 0xdf, 0xc7, 0xc7, 0x8f, 0xdf, 0xfe, 0xfc, 0xf8, 0x7d, 0x3f, 
	0x3f, 0x7d, 0xf8, 0xfc, 0xfe, 0xdf, 0x8f, 0xc7, 0xc7, 0xdf, 0xff, 0xff, 0xfc, 0xf0, 0xc0, 0xc0, 
	0x03, 0x03, 0x0f, 0x3f, 0xff, 0xff, 0xfb, 0xe3, 0xe3, 0xf1, 0xfb, 0x7f, 0x3f, 0x1f, 0xbe, 0xfc, 
	0xfc, 0xbe, 0x1f, 0x3f, 0x7f, 0xfb, 0xf1, 0xe3, 0xe3, 0xfb, 0xff, 0xff, 0x3f, 0x0f, 0x03, 0x03, 
	0x00, 0x00, 0x00, 0x00, 0x06, 0x0f, 0x0f, 0x07, 0x0f, 0x0f, 0x1f, 0x1e, 0x3e, 0x3c, 0xff, 0xff, 
	0xff, 0xff, 0x3c, 0x3e, 0x1e, 0x1f, 0x0f, 0x0f, 0x07, 0x0f, 0x0f, 0x06, 0x00, 0x00, 0x00, 0x00
};
// 'diagnoses', 32x32px
const unsigned char fas_32x32_fa_diagnoses [] PROGMEM = {
	0x00, 0x00, 0x00, 0x00, 0x00, 0x00, 0x00, 0x00, 0x00, 0x00, 0x00, 0x00, 0xe0, 0xf0, 0xf8, 0xf8, 
	0xf8, 0xf8, 0xf0, 0xe0, 0x00, 0x00, 0x00, 0x00, 0x00, 0x00, 0x00, 0x00, 0x00, 0x00, 0x00, 0x00, 
	0x00, 0x00, 0x00, 0x00, 0x00, 0xc0, 0x00, 0x00, 0x80, 0x80, 0xc0, 0xc0, 0xc3, 0xc7, 0xcf, 0xcf, 
	0xcf, 0xcf, 0xc7, 0xc3, 0xc0, 0xc0, 0x00, 0x00, 0x80, 0x00, 0x00, 0x00, 0x00, 0x00, 0x00, 0x00, 
	0x00, 0x00, 0x1c, 0x3e, 0x3e, 0x3c, 0x1e, 0x1e, 0x0f, 0x0f, 0xff, 0xff, 0xff, 0xfc, 0xfe, 0xff, 
	0xff, 0xdf, 0x9f, 0xff, 0xff, 0xff, 0x0f, 0x0e, 0x1c, 0x1e, 0x3e, 0x3e, 0x3e, 0x1c, 0x00, 0x00, 
	0x1c, 0x1c, 0x1c, 0x1c, 0x1c, 0x1c, 0x1c, 0x1c, 0x1c, 0x1c, 0x1c, 0x1c, 0x1c, 0x1c, 0x1c, 0x1c, 
	0x1c, 0x1c, 0x1c, 0x1c, 0x1c, 0x1c, 0x1c, 0x1c, 0x1c, 0x1c, 0x1c, 0x1c, 0x1c, 0x1c, 0x1c, 0x1c
};
// 'dice', 32x32px
const unsigned char fas_32x32_fa_dice [] PROGMEM = {
	0x00, 0x00, 0x00, 0x00, 0x00, 0x00, 0x80, 0xc0, 0xe0, 0xf0, 0x78, 0x78, 0xf8, 0xf0, 0xe0, 0xc0, 
	0x80, 0x00, 0x00, 0x00, 0x00, 0x00, 0x00, 0x00, 0x00, 0x00, 0x00, 0x00, 0x00, 0x00, 0x00, 0x00, 
	0xe0, 0xf0, 0xf8, 0xfc, 0x9e, 0xbf, 0xff, 0xff, 0xff, 0xff, 0xbe, 0x9e, 0xff, 0xff, 0xff, 0xff, 
	0xff, 0x9f, 0xbe, 0xfc, 0xf8, 0xf0, 0x00, 0x00, 0xe0, 0xe0, 0xe0, 0xe0, 0xe0, 0xe0, 0xe0, 0xc0, 
	0x00, 0x01, 0x03, 0x07, 0x0f, 0x1f, 0x3f, 0x7f, 0xff, 0xff, 0xcf, 0xcf, 0xff, 0xff, 0x7f, 0x3f, 
	0x1f, 0x8f, 0xc7, 0xe3, 0xf1, 0xf8, 0xfc, 0xcf, 0xcf, 0xff, 0xff, 0xff, 0xff, 0xff, 0xff, 0xff, 
	0x00, 0x00, 0x00, 0x00, 0x00, 0x00, 0x00, 0x00, 0x00, 0x01, 0x03, 0x03, 0x01, 0x01, 0x00, 0x00, 
	0x0f, 0x1f, 0x1f, 0x1f, 0x1f, 0x1f, 0x1f, 0x1f, 0x1f, 0x1f, 0x1f, 0x1f, 0x1f, 0x1f, 0x1f, 0x0f
};
// 'dice-d6', 32x32px
const unsigned char fas_32x32_fa_dice_d6 [] PROGMEM = {
	0x00, 0x00, 0x00, 0x00, 0xc0, 0xc0, 0xe0, 0xf0, 0xf0, 0xf8, 0xf8, 0xfc, 0xfe, 0xfe, 0xff, 0xff, 
	0xff, 0xff, 0xfe, 0xfe, 0xfc, 0xf8, 0xf8, 0xf0, 0xf0, 0xe0, 0xc0, 0xc0, 0x00, 0x00, 0x00, 0x00, 
	0x00, 0x00, 0xfc, 0xfc, 0xf8, 0xf9, 0xf3, 0xf3, 0xe7, 0xc7, 0xcf, 0x9f, 0x9f, 0x3f, 0x3f, 0x7f, 
	0x7f, 0x3f, 0x3f, 0x9f, 0x9f, 0xcf, 0xc7, 0xe7, 0xf3, 0xf3, 0xf9, 0xf8, 0xfc, 0xfc, 0x00, 0x00, 
	0x00, 0x00, 0xff, 0xff, 0xff, 0xff, 0xff, 0xff, 0xff, 0xff, 0xff, 0xff, 0xff, 0xff, 0xfe, 0x00, 
	0x00, 0xfe, 0xff, 0xff, 0xff, 0xff, 0xff, 0xff, 0xff, 0xff, 0xff, 0xff, 0xff, 0xff, 0x00, 0x00, 
	0x00, 0x00, 0x01, 0x03, 0x03, 0x07, 0x0f, 0x0f, 0x1f, 0x1f, 0x3f, 0x7f, 0x7f, 0xff, 0xff, 0x00, 
	0x00, 0xff, 0xff, 0x7f, 0x7f, 0x3f, 0x1f, 0x1f, 0x0f, 0x0f, 0x07, 0x03, 0x03, 0x01, 0x00, 0x00
};
// 'dice-d20', 32x32px
const unsigned char fas_32x32_fa_dice_d20 [] PROGMEM = {
	0x00, 0x00, 0x80, 0xc0, 0xe0, 0xe0, 0xf0, 0xf8, 0xf8, 0x3c, 0x1e, 0x86, 0xe0, 0xf8, 0xfc, 0xff, 
	0xff, 0xfc, 0xf8, 0xe0, 0x86, 0x1e, 0x3c, 0xf8, 0xf8, 0xf0, 0xe0, 0xe0, 0xc0, 0x80, 0x00, 0x00, 
	0x00, 0xfe, 0xfc, 0xfc, 0x79, 0x11, 0x83, 0xc3, 0x80, 0x00, 0x26, 0xe7, 0xe7, 0xe7, 0xe7, 0xe7, 
	0xe7, 0xe7, 0xe7, 0xe7, 0xe7, 0x26, 0x00, 0x80, 0xc3, 0x83, 0x11, 0x79, 0xfc, 0xfc, 0xfe, 0x00, 
	0x00, 0xcf, 0xe3, 0xf0, 0xfc, 0xfe, 0xff, 0xff, 0xff, 0xfe, 0xfc, 0xf0, 0xc3, 0x0f, 0x1f, 0x7f, 
	0x7f, 0x1f, 0x0f, 0xc3, 0xf0, 0xfc, 0xfe, 0xff, 0xff, 0xff, 0xfe, 0xfc, 0xf0, 0xe3, 0xcf, 0x00, 
	0x00, 0x00, 0x00, 0x04, 0x0c, 0x0c, 0x0d, 0x19, 0x19, 0x39, 0x39, 0x79, 0x79, 0xf9, 0xf8, 0x00, 
	0x00, 0xf8, 0xf9, 0x79, 0x79, 0x39, 0x39, 0x19, 0x19, 0x0d, 0x0c, 0x0c, 0x04, 0x00, 0x00, 0x00
};
// 'dice-five', 32x32px
const unsigned char fas_32x32_fa_dice_five [] PROGMEM = {
	0x00, 0x00, 0xf0, 0xf8, 0xfc, 0xfc, 0xfc, 0xfc, 0xfc, 0xfc, 0xfc, 0xfc, 0xfc, 0xfc, 0xfc, 0xfc, 
	0xfc, 0xfc, 0xfc, 0xfc, 0xfc, 0xfc, 0xfc, 0xfc, 0xfc, 0xfc, 0xfc, 0xfc, 0xf8, 0xf0, 0x00, 0x00, 
	0x00, 0x00, 0xff, 0xff, 0xff, 0xff, 0xff, 0xff, 0xf9, 0xf0, 0xf0, 0xf9, 0xff, 0xff, 0x7f, 0x3f, 
	0x3f, 0x7f, 0xff, 0xff, 0xf9, 0xf0, 0xf0, 0xf9, 0xff, 0xff, 0xff, 0xff, 0xff, 0xff, 0x00, 0x00, 
	0x00, 0x00, 0xff, 0xff, 0xff, 0xff, 0xff, 0xff, 0x9f, 0x0f, 0x0f, 0x9f, 0xff, 0xff, 0xfe, 0xfc, 
	0xfc, 0xfe, 0xff, 0xff, 0x9f, 0x0f, 0x0f, 0x9f, 0xff, 0xff, 0xff, 0xff, 0xff, 0xff, 0x00, 0x00, 
	0x00, 0x00, 0x0f, 0x1f, 0x3f, 0x3f, 0x3f, 0x3f, 0x3f, 0x3f, 0x3f, 0x3f, 0x3f, 0x3f, 0x3f, 0x3f, 
	0x3f, 0x3f, 0x3f, 0x3f, 0x3f, 0x3f, 0x3f, 0x3f, 0x3f, 0x3f, 0x3f, 0x3f, 0x1f, 0x0f, 0x00, 0x00
};
// 'dice-four', 32x32px
const unsigned char fas_32x32_fa_dice_four [] PROGMEM = {
	0x00, 0x00, 0xf0, 0xf8, 0xfc, 0xfc, 0xfc, 0xfc, 0xfc, 0xfc, 0xfc, 0xfc, 0xfc, 0xfc, 0xfc, 0xfc, 
	0xfc, 0xfc, 0xfc, 0xfc, 0xfc, 0xfc, 0xfc, 0xfc, 0xfc, 0xfc, 0xfc, 0xfc, 0xf8, 0xf0, 0x00, 0x00, 
	0x00, 0x00, 0xff, 0xff, 0xff, 0xff, 0xff, 0xff, 0xf9, 0xf0, 0xf0, 0xf9, 0xff, 0xff, 0xff, 0xff, 
	0xff, 0xff, 0xff, 0xff, 0xf9, 0xf0, 0xf0, 0xf9, 0xff, 0xff, 0xff, 0xff, 0xff, 0xff, 0x00, 0x00, 
	0x00, 0x00, 0xff, 0xff, 0xff, 0xff, 0xff, 0xff, 0x9f, 0x0f, 0x0f, 0x9f, 0xff, 0xff, 0xff, 0xff, 
	0xff, 0xff, 0xff, 0xff, 0x9f, 0x0f, 0x0f, 0x9f, 0xff, 0xff, 0xff, 0xff, 0xff, 0xff, 0x00, 0x00, 
	0x00, 0x00, 0x0f, 0x1f, 0x3f, 0x3f, 0x3f, 0x3f, 0x3f, 0x3f, 0x3f, 0x3f, 0x3f, 0x3f, 0x3f, 0x3f, 
	0x3f, 0x3f, 0x3f, 0x3f, 0x3f, 0x3f, 0x3f, 0x3f, 0x3f, 0x3f, 0x3f, 0x3f, 0x1f, 0x0f, 0x00, 0x00
};
// 'dice-one', 32x32px
const unsigned char fas_32x32_fa_dice_one [] PROGMEM = {
	0x00, 0x00, 0xf0, 0xf8, 0xfc, 0xfc, 0xfc, 0xfc, 0xfc, 0xfc, 0xfc, 0xfc, 0xfc, 0xfc, 0xfc, 0xfc, 
	0xfc, 0xfc, 0xfc, 0xfc, 0xfc, 0xfc, 0xfc, 0xfc, 0xfc, 0xfc, 0xfc, 0xfc, 0xf8, 0xf0, 0x00, 0x00, 
	0x00, 0x00, 0xff, 0xff, 0xff, 0xff, 0xff, 0xff, 0xff, 0xff, 0xff, 0xff, 0xff, 0xff, 0x7f, 0x3f, 
	0x3f, 0x7f, 0xff, 0xff, 0xff, 0xff, 0xff, 0xff, 0xff, 0xff, 0xff, 0xff, 0xff, 0xff, 0x00, 0x00, 
	0x00, 0x00, 0xff, 0xff, 0xff, 0xff, 0xff, 0xff, 0xff, 0xff, 0xff, 0xff, 0xff, 0xff, 0xfe, 0xfc, 
	0xfc, 0xfe, 0xff, 0xff, 0xff, 0xff, 0xff, 0xff, 0xff, 0xff, 0xff, 0xff, 0xff, 0xff, 0x00, 0x00, 
	0x00, 0x00, 0x0f, 0x1f, 0x3f, 0x3f, 0x3f, 0x3f, 0x3f, 0x3f, 0x3f, 0x3f, 0x3f, 0x3f, 0x3f, 0x3f, 
	0x3f, 0x3f, 0x3f, 0x3f, 0x3f, 0x3f, 0x3f, 0x3f, 0x3f, 0x3f, 0x3f, 0x3f, 0x1f, 0x0f, 0x00, 0x00
};
// 'dice-six', 32x32px
const unsigned char fas_32x32_fa_dice_six [] PROGMEM = {
	0x00, 0x00, 0xf0, 0xf8, 0xfc, 0xfc, 0xfc, 0xfc, 0xfc, 0xfc, 0xfc, 0xfc, 0xfc, 0xfc, 0xfc, 0xfc, 
	0xfc, 0xfc, 0xfc, 0xfc, 0xfc, 0xfc, 0xfc, 0xfc, 0xfc, 0xfc, 0xfc, 0xfc, 0xf8, 0xf0, 0x00, 0x00, 
	0x00, 0x00, 0xff, 0xff, 0xff, 0xff, 0xff, 0xff, 0x79, 0x30, 0x30, 0x79, 0xff, 0xff, 0xff, 0xff, 
	0xff, 0xff, 0xff, 0xff, 0x79, 0x30, 0x30, 0x79, 0xff, 0xff, 0xff, 0xff, 0xff, 0xff, 0x00, 0x00, 
	0x00, 0x00, 0xff, 0xff, 0xff, 0xff, 0xff, 0xff, 0x9e, 0x0c, 0x0c, 0x9e, 0xff, 0xff, 0xff, 0xff, 
	0xff, 0xff, 0xff, 0xff, 0x9e, 0x0c, 0x0c, 0x9e, 0xff, 0xff, 0xff, 0xff, 0xff, 0xff, 0x00, 0x00, 
	0x00, 0x00, 0x0f, 0x1f, 0x3f, 0x3f, 0x3f, 0x3f, 0x3f, 0x3f, 0x3f, 0x3f, 0x3f, 0x3f, 0x3f, 0x3f, 
	0x3f, 0x3f, 0x3f, 0x3f, 0x3f, 0x3f, 0x3f, 0x3f, 0x3f, 0x3f, 0x3f, 0x3f, 0x1f, 0x0f, 0x00, 0x00
};
// 'dice-three', 32x32px
const unsigned char fas_32x32_fa_dice_three [] PROGMEM = {
	0x00, 0x00, 0xf0, 0xf8, 0xfc, 0xfc, 0xfc, 0xfc, 0xfc, 0xfc, 0xfc, 0xfc, 0xfc, 0xfc, 0xfc, 0xfc, 
	0xfc, 0xfc, 0xfc, 0xfc, 0xfc, 0xfc, 0xfc, 0xfc, 0xfc, 0xfc, 0xfc, 0xfc, 0xf8, 0xf0, 0x00, 0x00, 
	0x00, 0x00, 0xff, 0xff, 0xff, 0xff, 0xff, 0xff, 0xf9, 0xf0, 0xf0, 0xf9, 0xff, 0xff, 0x7f, 0x3f, 
	0x3f, 0x7f, 0xff, 0xff, 0xff, 0xff, 0xff, 0xff, 0xff, 0xff, 0xff, 0xff, 0xff, 0xff, 0x00, 0x00, 
	0x00, 0x00, 0xff, 0xff, 0xff, 0xff, 0xff, 0xff, 0xff, 0xff, 0xff, 0xff, 0xff, 0xff, 0xfe, 0xfc, 
	0xfc, 0xfe, 0xff, 0xff, 0x9f, 0x0f, 0x0f, 0x9f, 0xff, 0xff, 0xff, 0xff, 0xff, 0xff, 0x00, 0x00, 
	0x00, 0x00, 0x0f, 0x1f, 0x3f, 0x3f, 0x3f, 0x3f, 0x3f, 0x3f, 0x3f, 0x3f, 0x3f, 0x3f, 0x3f, 0x3f, 
	0x3f, 0x3f, 0x3f, 0x3f, 0x3f, 0x3f, 0x3f, 0x3f, 0x3f, 0x3f, 0x3f, 0x3f, 0x1f, 0x0f, 0x00, 0x00
};
// 'dice-two', 32x32px
const unsigned char fas_32x32_fa_dice_two [] PROGMEM = {
	0x00, 0x00, 0xf0, 0xf8, 0xfc, 0xfc, 0xfc, 0xfc, 0xfc, 0xfc, 0xfc, 0xfc, 0xfc, 0xfc, 0xfc, 0xfc, 
	0xfc, 0xfc, 0xfc, 0xfc, 0xfc, 0xfc, 0xfc, 0xfc, 0xfc, 0xfc, 0xfc, 0xfc, 0xf8, 0xf0, 0x00, 0x00, 
	0x00, 0x00, 0xff, 0xff, 0xff, 0xff, 0xff, 0xff, 0xf9, 0xf0, 0xf0, 0xf9, 0xff, 0xff, 0xff, 0xff, 
	0xff, 0xff, 0xff, 0xff, 0xff, 0xff, 0xff, 0xff, 0xff, 0xff, 0xff, 0xff, 0xff, 0xff, 0x00, 0x00, 
	0x00, 0x00, 0xff, 0xff, 0xff, 0xff, 0xff, 0xff, 0xff, 0xff, 0xff, 0xff, 0xff, 0xff, 0xff, 0xff, 
	0xff, 0xff, 0xff, 0xff, 0x9f, 0x0f, 0x0f, 0x9f, 0xff, 0xff, 0xff, 0xff, 0xff, 0xff, 0x00, 0x00, 
	0x00, 0x00, 0x0f, 0x1f, 0x3f, 0x3f, 0x3f, 0x3f, 0x3f, 0x3f, 0x3f, 0x3f, 0x3f, 0x3f, 0x3f, 0x3f, 
	0x3f, 0x3f, 0x3f, 0x3f, 0x3f, 0x3f, 0x3f, 0x3f, 0x3f, 0x3f, 0x3f, 0x3f, 0x1f, 0x0f, 0x00, 0x00
};
// 'digital-tachograph', 32x32px
const unsigned char fas_32x32_fa_digital_tachograph [] PROGMEM = {
	0x00, 0x00, 0x00, 0x00, 0x00, 0x00, 0x00, 0x00, 0x00, 0x00, 0x00, 0x00, 0x00, 0x00, 0x00, 0x00, 
	0x00, 0x00, 0x00, 0x00, 0x00, 0x00, 0x00, 0x00, 0x00, 0x00, 0x00, 0x00, 0x00, 0x00, 0x00, 0x00, 
	0xff, 0xff, 0xff, 0x8f, 0x87, 0x87, 0x87, 0x87, 0x87, 0x87, 0x87, 0x87, 0x87, 0x87, 0x87, 0xff, 
	0xff, 0xff, 0xff, 0xff, 0xff, 0xff, 0xff, 0xff, 0xff, 0xff, 0xff, 0xff, 0xff, 0xff, 0xff, 0xff, 
	0xff, 0xff, 0xff, 0xef, 0xec, 0xef, 0xef, 0xec, 0xef, 0xef, 0xed, 0xed, 0xef, 0xed, 0xed, 0xff, 
	0xff, 0xef, 0xef, 0xef, 0xef, 0xef, 0xef, 0xef, 0xef, 0xef, 0xef, 0xef, 0xef, 0xff, 0xff, 0xff, 
	0x00, 0x00, 0x00, 0x00, 0x00, 0x00, 0x00, 0x00, 0x00, 0x00, 0x00, 0x00, 0x00, 0x00, 0x00, 0x00, 
	0x00, 0x00, 0x00, 0x00, 0x00, 0x00, 0x00, 0x00, 0x00, 0x00, 0x00, 0x00, 0x00, 0x00, 0x00, 0x00
};
// 'directions', 32x32px
const unsigned char fas_32x32_fa_directions [] PROGMEM = {
	0x00, 0x00, 0x00, 0x00, 0x00, 0x00, 0x00, 0x00, 0x80, 0xc0, 0xe0, 0xf0, 0xf8, 0xfc, 0xfe, 0xff, 
	0xff, 0xfe, 0xfc, 0xf8, 0xf0, 0xe0, 0xc0, 0x80, 0x00, 0x00, 0x00, 0x00, 0x00, 0x00, 0x00, 0x00, 
	0x80, 0xc0, 0xe0, 0xf0, 0xf8, 0xfc, 0xfe, 0xff, 0xff, 0xff, 0x3f, 0x3f, 0x3f, 0x3f, 0x3f, 0x3f, 
	0x3f, 0x3f, 0x1f, 0x03, 0x03, 0x07, 0x0f, 0x1f, 0x3f, 0xfe, 0xfc, 0xf8, 0xf0, 0xe0, 0xc0, 0x80, 
	0x01, 0x03, 0x07, 0x0f, 0x1f, 0x3f, 0x7f, 0xff, 0xff, 0xff, 0xe0, 0xe0, 0xe0, 0xfe, 0xff, 0xff, 
	0xff, 0xff, 0xfe, 0xf0, 0xf0, 0xf8, 0xfc, 0xfe, 0xff, 0x7f, 0x3f, 0x1f, 0x0f, 0x07, 0x03, 0x01, 
	0x00, 0x00, 0x00, 0x00, 0x00, 0x00, 0x00, 0x00, 0x01, 0x03, 0x07, 0x0f, 0x1f, 0x3f, 0x7f, 0xff, 
	0xff, 0x7f, 0x3f, 0x1f, 0x0f, 0x07, 0x03, 0x01, 0x00, 0x00, 0x00, 0x00, 0x00, 0x00, 0x00, 0x00
};
// 'disease', 32x32px
const unsigned char fas_32x32_fa_disease [] PROGMEM = {
	0x00, 0x00, 0x80, 0x80, 0x80, 0x80, 0x80, 0x80, 0x80, 0x80, 0x80, 0x80, 0xc0, 0xe0, 0xf0, 0xf8, 
	0xfc, 0xfc, 0xfc, 0xfc, 0xf8, 0xf0, 0x80, 0x00, 0x00, 0x00, 0x00, 0x00, 0x00, 0x00, 0x00, 0x00, 
	0x0e, 0x3f, 0x7f, 0xff, 0xff, 0xff, 0xff, 0xff, 0x9f, 0x0f, 0x0f, 0x9f, 0xff, 0xff, 0xff, 0xff, 
	0xff, 0xff, 0xcf, 0xcf, 0xff, 0xff, 0xff, 0xfe, 0xfc, 0xf8, 0xf8, 0xf0, 0xf0, 0xf0, 0xe0, 0xc0, 
	0x00, 0xc0, 0xf0, 0xfd, 0xff, 0xff, 0xff, 0xff, 0xff, 0xff, 0xff, 0xff, 0xff, 0xff, 0xff, 0xff, 
	0xe7, 0xc3, 0xc3, 0xe7, 0xff, 0xff, 0xff, 0xff, 0x3f, 0x1f, 0x0f, 0x0f, 0x07, 0x07, 0x03, 0x01, 
	0x00, 0x01, 0x03, 0x07, 0x07, 0x07, 0x07, 0x07, 0x03, 0x03, 0x03, 0x03, 0x03, 0x03, 0x07, 0x0f, 
	0x0f, 0x1f, 0x3f, 0x3f, 0x3f, 0x3f, 0x1f, 0x0f, 0x00, 0x00, 0x00, 0x00, 0x00, 0x00, 0x00, 0x00
};
// 'divide', 32x32px
const unsigned char fas_32x32_fa_divide [] PROGMEM = {
	0x00, 0x00, 0x00, 0x00, 0x00, 0x00, 0x00, 0x00, 0x00, 0x00, 0x00, 0x00, 0xf0, 0xf8, 0xfc, 0xfc, 
	0xfc, 0xfc, 0xf8, 0xf0, 0x00, 0x00, 0x00, 0x00, 0x00, 0x00, 0x00, 0x00, 0x00, 0x00, 0x00, 0x00, 
	0x00, 0x00, 0xc0, 0xe0, 0xe0, 0xe0, 0xe0, 0xe0, 0xe0, 0xe0, 0xe0, 0xe0, 0xe0, 0xe1, 0xe3, 0xe3, 
	0xe3, 0xe3, 0xe1, 0xe0, 0xe0, 0xe0, 0xe0, 0xe0, 0xe0, 0xe0, 0xe0, 0xe0, 0xe0, 0xc0, 0x00, 0x00, 
	0x00, 0x00, 0x03, 0x07, 0x07, 0x07, 0x07, 0x07, 0x07, 0x07, 0x07, 0x07, 0x07, 0x87, 0xc7, 0xc7, 
	0xc7, 0xc7, 0x87, 0x07, 0x07, 0x07, 0x07, 0x07, 0x07, 0x07, 0x07, 0x07, 0x07, 0x03, 0x00, 0x00, 
	0x00, 0x00, 0x00, 0x00, 0x00, 0x00, 0x00, 0x00, 0x00, 0x00, 0x00, 0x00, 0x0f, 0x1f, 0x3f, 0x3f, 
	0x3f, 0x3f, 0x1f, 0x0f, 0x00, 0x00, 0x00, 0x00, 0x00, 0x00, 0x00, 0x00, 0x00, 0x00, 0x00, 0x00
};
// 'dizzy', 32x32px
const unsigned char fas_32x32_fa_dizzy [] PROGMEM = {
	0x00, 0x00, 0x00, 0x80, 0xc0, 0xe0, 0xf0, 0xf8, 0xf8, 0xfc, 0xfc, 0xfe, 0xfe, 0xfe, 0xfe, 0xff, 
	0xff, 0xff, 0xfe, 0xfe, 0xfe, 0xfe, 0xfc, 0xfc, 0xf8, 0xf8, 0xf0, 0xe0, 0xc0, 0x80, 0x00, 0x00, 
	0x00, 0xf0, 0xfe, 0xff, 0xff, 0xff, 0xff, 0xbd, 0x99, 0xc3, 0xc3, 0xc3, 0x99, 0xbd, 0xff, 0xff, 
	0xff, 0xff, 0xff, 0xbd, 0x99, 0xc3, 0xc3, 0xc3, 0x99, 0xbd, 0xff, 0xff, 0xff, 0xff, 0xfe, 0xf0, 
	0x00, 0x0f, 0x7f, 0xff, 0xff, 0xff, 0xff, 0xff, 0xff, 0xff, 0xff, 0xff, 0xff, 0x07, 0x07, 0x03, 
	0x03, 0x03, 0x07, 0x07, 0xff, 0xff, 0xff, 0xff, 0xff, 0xff, 0xff, 0xff, 0xff, 0xff, 0x7f, 0x0f, 
	0x00, 0x00, 0x00, 0x01, 0x03, 0x07, 0x0f, 0x1f, 0x1f, 0x3f, 0x3f, 0x7f, 0x7f, 0x7e, 0x7e, 0xfc, 
	0xfc, 0xfc, 0x7e, 0x7e, 0x7f, 0x7f, 0x3f, 0x3f, 0x1f, 0x1f, 0x0f, 0x07, 0x03, 0x01, 0x00, 0x00
};
// 'dna', 32x32px
const unsigned char fas_32x32_fa_dna [] PROGMEM = {
	0x00, 0x00, 0x0f, 0x3f, 0xff, 0xff, 0xfc, 0xfc, 0xbc, 0x3c, 0x3c, 0x3c, 0x3c, 0x3c, 0x3c, 0x3c, 
	0x3c, 0x3c, 0x3c, 0x3c, 0x3c, 0x3c, 0x3c, 0xbc, 0xfc, 0xfc, 0xff, 0xff, 0x3f, 0x0f, 0x00, 0x00, 
	0x00, 0x00, 0x00, 0x00, 0x00, 0x03, 0x07, 0x0f, 0x1f, 0x3f, 0x7f, 0xff, 0xff, 0xf7, 0xe7, 0xe7, 
	0xe7, 0xe7, 0xf7, 0xff, 0xff, 0x7f, 0x3f, 0x1f, 0x0f, 0x07, 0x03, 0x00, 0x00, 0x00, 0x00, 0x00, 
	0x00, 0x00, 0x00, 0x00, 0x00, 0xc0, 0xe0, 0xf0, 0xf8, 0xfc, 0xfe, 0xff, 0xff, 0xef, 0xe7, 0xe7, 
	0xe3, 0xe3, 0xe1, 0xf0, 0xf8, 0xf8, 0xfc, 0xf8, 0xf0, 0xe0, 0xc0, 0x00, 0x00, 0x00, 0x00, 0x00, 
	0x00, 0x00, 0xf0, 0xfc, 0xff, 0xff, 0x3f, 0x3f, 0x3d, 0x3c, 0x3c, 0x3c, 0x3c, 0x3c, 0x3c, 0x3c, 
	0x3c, 0x3c, 0x3c, 0x3c, 0x3c, 0x3c, 0x3c, 0x3d, 0x3f, 0x3f, 0xff, 0xff, 0xfc, 0xf0, 0x00, 0x00
};
// 'dog', 32x32px
const unsigned char fas_32x32_fa_dog [] PROGMEM = {
	0x00, 0x00, 0x00, 0x00, 0x00, 0x00, 0x00, 0x00, 0x00, 0x00, 0x00, 0x00, 0x00, 0x00, 0x00, 0x00, 
	0x00, 0x00, 0xf0, 0xf0, 0xe0, 0xe0, 0xe0, 0xe0, 0xc0, 0x80, 0x80, 0x80, 0x80, 0x80, 0x00, 0x00, 
	0x00, 0x00, 0x78, 0xf8, 0xf8, 0xe0, 0xc0, 0xc0, 0xc0, 0xc0, 0xc0, 0xc0, 0xc0, 0xc0, 0xc0, 0xc0, 
	0xc0, 0x80, 0x9f, 0x9f, 0x3f, 0x3f, 0x7e, 0x7e, 0x7f, 0x1f, 0x1f, 0x1f, 0x1f, 0x0f, 0x00, 0x00, 
	0x00, 0x00, 0x00, 0x00, 0x01, 0xff, 0xff, 0xff, 0xff, 0xff, 0xff, 0x7f, 0x7f, 0x7f, 0x7f, 0x7f, 
	0x7f, 0x7f, 0x7f, 0xff, 0xff, 0xff, 0xff, 0xfe, 0xfe, 0x00, 0x00, 0x00, 0x00, 0x00, 0x00, 0x00, 
	0x00, 0x00, 0x00, 0x00, 0x00, 0x3f, 0x3f, 0x3f, 0x3f, 0x3f, 0x3f, 0x00, 0x00, 0x00, 0x00, 0x00, 
	0x00, 0x00, 0x00, 0x00, 0x3f, 0x3f, 0x3f, 0x3f, 0x3f, 0x00, 0x00, 0x00, 0x00, 0x00, 0x00, 0x00
};
// 'dollar-sign', 32x32px
const unsigned char fas_32x32_fa_dollar_sign [] PROGMEM = {
	0x00, 0x00, 0x00, 0x00, 0x00, 0x00, 0x00, 0x00, 0x80, 0xc0, 0xe0, 0xf0, 0xf0, 0xf0, 0xff, 0xff, 
	0xff, 0xff, 0xf0, 0xf0, 0xf0, 0xe0, 0xe0, 0x40, 0x00, 0x00, 0x00, 0x00, 0x00, 0x00, 0x00, 0x00, 
	0x00, 0x00, 0x00, 0x00, 0x00, 0x00, 0x00, 0x3f, 0x7f, 0xff, 0xff, 0xff, 0xf3, 0xe1, 0xe1, 0xe1, 
	0xe1, 0xc1, 0xc1, 0xc1, 0x83, 0x81, 0x00, 0x00, 0x00, 0x00, 0x00, 0x00, 0x00, 0x00, 0x00, 0x00, 
	0x00, 0x00, 0x00, 0x00, 0x00, 0x00, 0x00, 0x00, 0x00, 0x00, 0x81, 0xc1, 0x83, 0x83, 0x83, 0x87, 
	0x87, 0x87, 0x87, 0xcf, 0xff, 0xff, 0xff, 0xfe, 0xfc, 0x00, 0x00, 0x00, 0x00, 0x00, 0x00, 0x00, 
	0x00, 0x00, 0x00, 0x00, 0x00, 0x00, 0x00, 0x00, 0x02, 0x07, 0x07, 0x0f, 0x0f, 0x0f, 0xff, 0xff, 
	0xff, 0xff, 0x0f, 0x0f, 0x0f, 0x07, 0x03, 0x01, 0x00, 0x00, 0x00, 0x00, 0x00, 0x00, 0x00, 0x00
};
// 'dolly', 32x32px
const unsigned char fas_32x32_fa_dolly [] PROGMEM = {
	0x1c, 0x3c, 0x3c, 0x3c, 0x3c, 0x3c, 0xfc, 0xfc, 0xf8, 0xe0, 0x00, 0x00, 0x00, 0x00, 0x80, 0x80, 
	0xc0, 0x80, 0x00, 0x00, 0x00, 0x60, 0xe0, 0xf0, 0xf0, 0xe0, 0x00, 0x00, 0x00, 0x00, 0x00, 0x00, 
	0x00, 0x00, 0x00, 0x00, 0x00, 0x00, 0x00, 0x07, 0x3f, 0xff, 0xff, 0xf8, 0xc0, 0x01, 0x0f, 0x7f, 
	0xff, 0xff, 0xfe, 0xf8, 0xf8, 0xf8, 0xff, 0xff, 0xff, 0xff, 0xff, 0xf8, 0x40, 0x00, 0x00, 0x00, 
	0x00, 0x00, 0x00, 0x00, 0x00, 0x00, 0x00, 0x00, 0x00, 0xc0, 0xe7, 0xff, 0x7f, 0x3e, 0x38, 0x70, 
	0xf1, 0xe3, 0xe3, 0xe3, 0xe3, 0xf3, 0xf1, 0xf1, 0x79, 0x78, 0x78, 0x3c, 0x3c, 0x3c, 0x1c, 0x1c, 
	0x00, 0x00, 0x00, 0x00, 0x00, 0x00, 0x00, 0x00, 0x00, 0x07, 0x1f, 0x1f, 0x38, 0x38, 0x38, 0x38, 
	0x3c, 0x1f, 0x0f, 0x03, 0x01, 0x00, 0x00, 0x00, 0x00, 0x00, 0x00, 0x00, 0x00, 0x00, 0x00, 0x00
};
// 'dolly-flatbed', 32x32px
const unsigned char fas_32x32_fa_dolly_flatbed [] PROGMEM = {
	0x38, 0x38, 0x38, 0xf8, 0xf8, 0xf8, 0x00, 0x00, 0x00, 0x00, 0xe0, 0xe0, 0xe0, 0xe0, 0xe0, 0xe0, 
	0xe0, 0xe0, 0x00, 0x00, 0x00, 0x00, 0xe0, 0xe0, 0xe0, 0xe0, 0xe0, 0xe0, 0xe0, 0xe0, 0x00, 0x00, 
	0x00, 0x00, 0x00, 0xff, 0xff, 0xff, 0x00, 0x00, 0x00, 0x00, 0xff, 0xff, 0xff, 0xff, 0xff, 0xff, 
	0xff, 0xff, 0xfc, 0xfc, 0xfc, 0xfc, 0xff, 0xff, 0xff, 0xff, 0xff, 0xff, 0xff, 0xff, 0x00, 0x00, 
	0x00, 0x00, 0x00, 0xff, 0xff, 0xff, 0xc0, 0x80, 0xc0, 0xc0, 0xc7, 0xc7, 0xc7, 0xc7, 0xc7, 0xc7, 
	0xc7, 0xc7, 0xc7, 0xc7, 0xc7, 0xc7, 0xc7, 0xc7, 0xc7, 0xc7, 0xc7, 0xc7, 0xc7, 0xc7, 0xc0, 0x80, 
	0x00, 0x00, 0x00, 0x01, 0x03, 0x03, 0x03, 0x03, 0x0f, 0x1f, 0x1f, 0x1f, 0x0f, 0x03, 0x03, 0x03, 
	0x03, 0x03, 0x03, 0x03, 0x03, 0x03, 0x07, 0x1f, 0x1f, 0x1f, 0x0f, 0x03, 0x03, 0x03, 0x03, 0x03
};
// 'donate', 32x32px
const unsigned char fas_32x32_fa_donate [] PROGMEM = {
	0x00, 0x00, 0x00, 0x00, 0x80, 0xe0, 0xf0, 0xf8, 0xfc, 0xfc, 0xfe, 0xfe, 0x7f, 0x3f, 0x3f, 0x0f, 
	0x0f, 0x3f, 0x3f, 0x7f, 0xfe, 0xfe, 0xfc, 0xfc, 0xf8, 0xf0, 0xe0, 0x80, 0x00, 0x00, 0x00, 0x00, 
	0x00, 0x00, 0x00, 0xfe, 0xff, 0xff, 0xff, 0xff, 0xff, 0xff, 0xff, 0xf0, 0xe0, 0xc0, 0xc6, 0xc6, 
	0x8e, 0x8e, 0x0e, 0x1e, 0x3f, 0xff, 0xff, 0xff, 0xff, 0xff, 0xff, 0xff, 0xfe, 0x00, 0x00, 0x00, 
	0x80, 0xc0, 0xc0, 0xc1, 0x87, 0x1f, 0x3f, 0x7f, 0xff, 0xff, 0xff, 0xff, 0xf9, 0xf1, 0xf1, 0xc1, 
	0xc1, 0xf1, 0xf0, 0xf8, 0xfc, 0xff, 0xff, 0xff, 0x7f, 0x3f, 0x1f, 0x87, 0xc1, 0xc0, 0xc0, 0x80, 
	0xff, 0xff, 0xff, 0xff, 0xf3, 0xf3, 0xf3, 0xf2, 0xf0, 0xf0, 0xf1, 0xf1, 0xf3, 0xf3, 0xf3, 0xf3, 
	0xf3, 0xf3, 0xf3, 0xf3, 0xf1, 0xf1, 0xf0, 0xf0, 0xf2, 0xf3, 0xf3, 0xf3, 0xff, 0xff, 0xff, 0xff
};
// 'door-closed', 32x32px
const unsigned char fas_32x32_fa_door_closed [] PROGMEM = {
	0x00, 0x00, 0x00, 0x00, 0x00, 0x00, 0xe0, 0xf8, 0xf8, 0xf8, 0xf8, 0xf8, 0xf8, 0xf8, 0xf8, 0xf8, 
	0xf8, 0xf8, 0xf8, 0xf8, 0xf8, 0xf8, 0xf8, 0xf8, 0xf8, 0xe0, 0x00, 0x00, 0x00, 0x00, 0x00, 0x00, 
	0x00, 0x00, 0x00, 0x00, 0x00, 0x00, 0xff, 0xff, 0xff, 0xff, 0xff, 0xff, 0xff, 0xff, 0xff, 0xff, 
	0xff, 0xff, 0xff, 0x7f, 0x3f, 0x7f, 0xff, 0xff, 0xff, 0xff, 0x00, 0x00, 0x00, 0x00, 0x00, 0x00, 
	0x00, 0x00, 0x00, 0x00, 0x00, 0x00, 0xff, 0xff, 0xff, 0xff, 0xff, 0xff, 0xff, 0xff, 0xff, 0xff, 
	0xff, 0xff, 0xff, 0xfe, 0xfc, 0xfe, 0xff, 0xff, 0xff, 0xff, 0x00, 0x00, 0x00, 0x00, 0x00, 0x00, 
	0x1c, 0x1c, 0x1c, 0x1c, 0x1c, 0x1c, 0x1f, 0x1f, 0x1f, 0x1f, 0x1f, 0x1f, 0x1f, 0x1f, 0x1f, 0x1f, 
	0x1f, 0x1f, 0x1f, 0x1f, 0x1f, 0x1f, 0x1f, 0x1f, 0x1f, 0x1f, 0x1c, 0x1c, 0x1c, 0x1c, 0x1c, 0x1c
};
// 'door-open', 32x32px
const unsigned char fas_32x32_fa_door_open [] PROGMEM = {
	0x00, 0x00, 0x00, 0x00, 0x00, 0xc0, 0xe0, 0xe0, 0xe0, 0xe0, 0xf0, 0xf0, 0xf0, 0xf0, 0xf8, 0xf8, 
	0xf8, 0xf0, 0x00, 0xc0, 0xc0, 0xc0, 0xc0, 0xc0, 0xc0, 0xc0, 0x80, 0x00, 0x00, 0x00, 0x00, 0x00, 
	0x00, 0x00, 0x00, 0x00, 0x00, 0xff, 0xff, 0xff, 0xff, 0xff, 0xff, 0xff, 0x7f, 0x7f, 0xff, 0xff, 
	0xff, 0xff, 0x00, 0x01, 0x03, 0x03, 0x03, 0x03, 0xff, 0xff, 0xff, 0x00, 0x00, 0x00, 0x00, 0x00, 
	0x00, 0x00, 0x00, 0x00, 0x00, 0xff, 0xff, 0xff, 0xff, 0xff, 0xff, 0xff, 0xfe, 0xfe, 0xff, 0xff, 
	0xff, 0xff, 0x00, 0x00, 0x00, 0x00, 0x00, 0x00, 0xff, 0xff, 0xff, 0x00, 0x00, 0x00, 0x00, 0x00, 
	0x1c, 0x1c, 0x1c, 0x1c, 0x1c, 0x1f, 0x1f, 0x1f, 0x1f, 0x1f, 0x1f, 0x1f, 0x1f, 0x1f, 0x1f, 0x1f, 
	0x1f, 0x1f, 0x00, 0x00, 0x00, 0x00, 0x00, 0x00, 0x1f, 0x1f, 0x1f, 0x1c, 0x1c, 0x1c, 0x1c, 0x1c
};
// 'dot-circle', 32x32px
const unsigned char fas_32x32_fa_dot_circle [] PROGMEM = {
	0x00, 0x00, 0x00, 0x80, 0xc0, 0xe0, 0xf0, 0xf8, 0xfc, 0xfc, 0xfe, 0xfe, 0xfe, 0xfe, 0xff, 0xff, 
	0xff, 0xff, 0xfe, 0xfe, 0xfe, 0xfe, 0xfc, 0xfc, 0xf8, 0xf0, 0xe0, 0xc0, 0x80, 0x00, 0x00, 0x00, 
	0xc0, 0xfc, 0xff, 0xff, 0xff, 0xff, 0xff, 0xff, 0xff, 0xff, 0xff, 0x3f, 0x1f, 0x0f, 0x07, 0x07, 
	0x07, 0x07, 0x0f, 0x1f, 0x3f, 0xff, 0xff, 0xff, 0xff, 0xff, 0xff, 0xff, 0xff, 0xff, 0xfc, 0xc0, 
	0x03, 0x3f, 0xff, 0xff, 0xff, 0xff, 0xff, 0xff, 0xff, 0xff, 0xff, 0xfc, 0xf8, 0xf0, 0xe0, 0xe0, 
	0xe0, 0xe0, 0xf0, 0xf8, 0xfc, 0xff, 0xff, 0xff, 0xff, 0xff, 0xff, 0xff, 0xff, 0xff, 0x3f, 0x03, 
	0x00, 0x00, 0x00, 0x01, 0x03, 0x07, 0x0f, 0x1f, 0x3f, 0x3f, 0x7f, 0x7f, 0x7f, 0x7f, 0xff, 0xff, 
	0xff, 0xff, 0x7f, 0x7f, 0x7f, 0x7f, 0x3f, 0x3f, 0x1f, 0x0f, 0x07, 0x03, 0x01, 0x00, 0x00, 0x00
};
// 'dove', 32x32px
const unsigned char fas_32x32_fa_dove [] PROGMEM = {
	0x00, 0x00, 0xc0, 0xf8, 0xfc, 0xf8, 0xe0, 0xc0, 0x80, 0x00, 0x70, 0x7c, 0xfe, 0xff, 0xff, 0xf0, 
	0xc0, 0x00, 0x00, 0x00, 0x80, 0xe0, 0xe0, 0xf0, 0xf0, 0xf0, 0xf0, 0xf0, 0xf0, 0xf0, 0x70, 0x10, 
	0x00, 0x00, 0x3f, 0xff, 0xff, 0xff, 0xff, 0xff, 0xff, 0xff, 0xfe, 0xfc, 0xfc, 0xf9, 0xf9, 0xf3, 
	0xf3, 0xf3, 0xe0, 0xe0, 0xff, 0xff, 0xff, 0xff, 0xfc, 0xfc, 0xff, 0xff, 0xff, 0xff, 0x00, 0x00, 
	0x00, 0x00, 0x00, 0x00, 0x03, 0x07, 0x1f, 0x3f, 0x3f, 0xff, 0xff, 0xff, 0xff, 0xff, 0xff, 0xff, 
	0xff, 0xff, 0xff, 0xff, 0xff, 0xff, 0xff, 0xff, 0xff, 0xff, 0xff, 0xff, 0x7f, 0x1f, 0x00, 0x00, 
	0x0c, 0x1e, 0x3e, 0x3e, 0x7e, 0x7f, 0xff, 0xff, 0xff, 0xff, 0xff, 0x7f, 0x3f, 0x3f, 0x1f, 0x0f, 
	0x0f, 0x0f, 0x0f, 0x0f, 0x0f, 0x0f, 0x0f, 0x07, 0x07, 0x03, 0x03, 0x01, 0x00, 0x00, 0x00, 0x00
};
// 'download', 32x32px
const unsigned char fas_32x32_fa_download [] PROGMEM = {
	0x00, 0x00, 0x00, 0x00, 0x00, 0x00, 0x00, 0x00, 0x00, 0x00, 0x00, 0x00, 0xff, 0xff, 0xff, 0xff, 
	0xff, 0xff, 0xff, 0xff, 0x00, 0x00, 0x00, 0x00, 0x00, 0x00, 0x00, 0x00, 0x00, 0x00, 0x00, 0x00, 
	0x00, 0x00, 0x00, 0x00, 0x00, 0x20, 0x70, 0xf0, 0xf0, 0xf0, 0xf0, 0xf0, 0xff, 0xff, 0xff, 0xff, 
	0xff, 0xff, 0xff, 0xff, 0xf0, 0xf0, 0xf0, 0xf0, 0xf0, 0x70, 0x20, 0x00, 0x00, 0x00, 0x00, 0x00, 
	0xc0, 0xc0, 0xc0, 0xc0, 0xc0, 0xc0, 0xc0, 0xc0, 0xc1, 0xc3, 0xc7, 0x8f, 0x1f, 0x3f, 0x7f, 0xff, 
	0xff, 0x7f, 0x3f, 0x1f, 0x8f, 0xc7, 0xc3, 0xc1, 0xc0, 0xc0, 0xc0, 0xc0, 0xc0, 0xc0, 0xc0, 0xc0, 
	0xff, 0xff, 0xff, 0xff, 0xff, 0xff, 0xff, 0xff, 0xff, 0xff, 0xff, 0xff, 0xff, 0xfe, 0xfc, 0xfc, 
	0xfc, 0xfc, 0xfe, 0xff, 0xff, 0xff, 0xcf, 0xcf, 0xff, 0xff, 0xcf, 0xcf, 0xff, 0xff, 0xff, 0xff
};
// 'drafting-compass', 32x32px
const unsigned char fas_32x32_fa_drafting_compass [] PROGMEM = {
	0x00, 0x00, 0x00, 0x00, 0x00, 0x00, 0x00, 0x00, 0x00, 0x00, 0xf0, 0xfc, 0xfe, 0xff, 0x9f, 0x0f, 
	0x0f, 0x9f, 0xff, 0xfe, 0xfc, 0xf0, 0x00, 0x00, 0x00, 0x00, 0x00, 0x00, 0x00, 0x00, 0x00, 0x00, 
	0x00, 0xc0, 0xc0, 0xe0, 0xc0, 0x80, 0x00, 0xc0, 0xe0, 0xf8, 0xff, 0xff, 0xff, 0xff, 0x3f, 0x1f, 
	0x1f, 0x3f, 0xff, 0xff, 0xff, 0xff, 0xf8, 0x60, 0x00, 0x00, 0x80, 0xc0, 0xe0, 0xe0, 0xc0, 0x00, 
	0x00, 0x01, 0x83, 0xe7, 0xff, 0xff, 0xff, 0xff, 0xff, 0x7f, 0x7f, 0x7f, 0xfb, 0xf0, 0xf0, 0xf0, 
	0xf0, 0xf0, 0xf0, 0xf1, 0x79, 0x79, 0x7c, 0x3c, 0x3e, 0x1f, 0x9f, 0xcf, 0xc7, 0x83, 0x01, 0x00, 
	0xfc, 0xfe, 0xff, 0x7f, 0x7f, 0x3f, 0x0f, 0x07, 0x01, 0x00, 0x00, 0x00, 0x00, 0x00, 0x00, 0x00, 
	0x00, 0x00, 0x00, 0x00, 0x00, 0x00, 0x00, 0x00, 0x07, 0x0f, 0x3f, 0x7f, 0x7f, 0xff, 0xfe, 0xfc
};
// 'dragon', 32x32px
const unsigned char fas_32x32_fa_dragon [] PROGMEM = {
	0x00, 0x00, 0x00, 0x00, 0x00, 0x00, 0x00, 0x00, 0x00, 0x00, 0x00, 0x00, 0x00, 0x00, 0x00, 0x98, 
	0x98, 0xf8, 0xf8, 0xf8, 0xf8, 0xf8, 0xf8, 0xf8, 0xf8, 0x78, 0xf8, 0xf8, 0xf0, 0xc0, 0x80, 0x00, 
	0xc0, 0xe0, 0xf0, 0xf8, 0x7c, 0x7e, 0x7f, 0x7f, 0xff, 0xff, 0xfe, 0xfe, 0xfc, 0xf8, 0xf0, 0xf1, 
	0x01, 0x03, 0xff, 0xff, 0xff, 0xff, 0xef, 0x87, 0x07, 0x07, 0x0f, 0x1f, 0x1f, 0x1f, 0x0f, 0x07, 
	0x00, 0x00, 0x00, 0x00, 0x00, 0x06, 0x06, 0x07, 0x07, 0x07, 0x07, 0x07, 0x07, 0x07, 0x07, 0x07, 
	0x04, 0x00, 0x07, 0x1f, 0x7f, 0xff, 0xff, 0xff, 0xff, 0xff, 0xfe, 0xfe, 0xfc, 0xfc, 0xf8, 0xf0, 
	0x18, 0x18, 0x18, 0x18, 0x1c, 0x1c, 0x1c, 0x1c, 0x1c, 0x1e, 0x1e, 0x1e, 0x1e, 0x1e, 0x1e, 0x1e, 
	0x1f, 0x1f, 0x1f, 0x1f, 0x1f, 0x1f, 0x1f, 0x1f, 0x1f, 0x1f, 0x1f, 0x1f, 0x1f, 0x0f, 0x07, 0x03
};
// 'draw-polygon', 32x32px
const unsigned char fas_32x32_fa_draw_polygon [] PROGMEM = {
	0x00, 0x00, 0xf0, 0xf8, 0xfc, 0x9c, 0x9c, 0xfc, 0xf8, 0xf0, 0xf0, 0xf0, 0xf0, 0xf0, 0xf0, 0xf0, 
	0xf0, 0xf0, 0xf0, 0xf0, 0xf0, 0xf0, 0xf0, 0xf8, 0xfc, 0x9c, 0x9c, 0xfc, 0xf8, 0xf0, 0x00, 0x00, 
	0x00, 0x00, 0x00, 0x01, 0xff, 0xff, 0xff, 0xff, 0x01, 0x00, 0x00, 0x00, 0x00, 0x00, 0x00, 0x00, 
	0xc0, 0xe0, 0xf0, 0x70, 0x78, 0xfc, 0xff, 0xff, 0x0f, 0x07, 0x03, 0x03, 0x01, 0x00, 0x00, 0x00, 
	0x00, 0x00, 0x00, 0x80, 0xff, 0xff, 0xff, 0xff, 0x80, 0x00, 0x00, 0x00, 0x00, 0x00, 0x00, 0x00, 
	0x03, 0x07, 0x0f, 0x0e, 0x1e, 0x3f, 0xff, 0xff, 0xf0, 0xe0, 0xc0, 0xc0, 0x80, 0x00, 0x00, 0x00, 
	0x00, 0x00, 0x0f, 0x1f, 0x3f, 0x39, 0x39, 0x3f, 0x1f, 0x0f, 0x0f, 0x0f, 0x0f, 0x0f, 0x0f, 0x0f, 
	0x0f, 0x0f, 0x0f, 0x0f, 0x0f, 0x0f, 0x0f, 0x1f, 0x3f, 0x39, 0x39, 0x3f, 0x1f, 0x0f, 0x00, 0x00
};
// 'drum', 32x32px
const unsigned char fas_32x32_fa_drum [] PROGMEM = {
	0x00, 0x00, 0x00, 0x00, 0x00, 0x80, 0x80, 0x80, 0x80, 0xc0, 0xc0, 0xc0, 0xc0, 0xc0, 0xc0, 0xc0, 
	0xc0, 0xc0, 0xc0, 0xc0, 0xc0, 0xc0, 0xc0, 0xc0, 0xc0, 0xe0, 0xf0, 0xf0, 0x78, 0x3c, 0x1c, 0x18, 
	0xf8, 0xfc, 0xfe, 0xcf, 0x87, 0x87, 0x03, 0x03, 0x03, 0x03, 0x01, 0x01, 0x01, 0x01, 0x31, 0x79, 
	0x39, 0x3d, 0x1f, 0x0f, 0x0f, 0x07, 0x07, 0x03, 0x03, 0x03, 0x87, 0x87, 0xcf, 0xfe, 0xfc, 0xf8, 
	0xff, 0xff, 0xff, 0xff, 0xff, 0x0f, 0x0f, 0xff, 0xff, 0xff, 0xfe, 0xfe, 0xfe, 0xfe, 0xfe, 0x3e, 
	0x3e, 0xfe, 0xfe, 0xfe, 0xfe, 0xfe, 0xff, 0xff, 0xff, 0x0f, 0x0f, 0xff, 0xff, 0xff, 0xff, 0xff, 
	0x01, 0x03, 0x07, 0x07, 0x07, 0x00, 0x00, 0x0f, 0x1f, 0x1f, 0x3f, 0x3f, 0x3f, 0x3f, 0x1f, 0x00, 
	0x00, 0x1f, 0x3f, 0x3f, 0x3f, 0x3f, 0x1f, 0x1f, 0x0f, 0x00, 0x00, 0x07, 0x07, 0x07, 0x03, 0x01
};
// 'drum-steelpan', 32x32px
const unsigned char fas_32x32_fa_drum_steelpan [] PROGMEM = {
	0x00, 0x00, 0x80, 0xc0, 0xc0, 0xe0, 0xe0, 0x60, 0x60, 0x70, 0xf0, 0xf0, 0x70, 0x30, 0x30, 0x30, 
	0x30, 0x30, 0x30, 0x70, 0xf0, 0xf0, 0x70, 0x60, 0x60, 0xe0, 0xe0, 0xc0, 0xc0, 0x80, 0x00, 0x00, 
	0xfe, 0xff, 0xff, 0xf1, 0xe1, 0xe0, 0xc0, 0xc0, 0xc0, 0xc0, 0xc1, 0xff, 0xff, 0xbc, 0x9c, 0x98, 
	0x98, 0x9c, 0xbc, 0xff, 0xff, 0xc1, 0xc0, 0xc0, 0xc0, 0xc0, 0xe0, 0xe1, 0xf1, 0xff, 0xff, 0xfe, 
	0x7f, 0xff, 0xff, 0xff, 0xff, 0xff, 0xff, 0xff, 0xff, 0xff, 0xff, 0xff, 0xff, 0xff, 0xff, 0xff, 
	0xff, 0xff, 0xff, 0xff, 0xff, 0xff, 0xff, 0xff, 0xff, 0xff, 0xff, 0xff, 0xff, 0xff, 0xff, 0x7f, 
	0x00, 0x00, 0x01, 0x03, 0x03, 0x07, 0x07, 0x07, 0x07, 0x0f, 0x0f, 0x0f, 0x0f, 0x0f, 0x0f, 0x0f, 
	0x0f, 0x0f, 0x0f, 0x0f, 0x0f, 0x0f, 0x0f, 0x07, 0x07, 0x07, 0x07, 0x03, 0x03, 0x01, 0x00, 0x00
};
// 'drumstick-bite', 32x32px
const unsigned char fas_32x32_fa_drumstick_bite [] PROGMEM = {
	0x00, 0x00, 0x00, 0x00, 0x00, 0x00, 0x00, 0x00, 0x00, 0x00, 0x00, 0xc0, 0xe0, 0xf0, 0xf8, 0xfc, 
	0xfe, 0xfe, 0xff, 0xff, 0xff, 0xff, 0xff, 0xff, 0xff, 0xfe, 0xfe, 0xfc, 0xf8, 0xf0, 0xe0, 0x80, 
	0x00, 0x00, 0x00, 0x00, 0x00, 0x00, 0x00, 0x00, 0x00, 0x00, 0xff, 0xff, 0xff, 0xff, 0xff, 0xff, 
	0xff, 0xff, 0xff, 0xff, 0xff, 0xff, 0x3f, 0x1f, 0x0f, 0x07, 0x03, 0x03, 0x03, 0x03, 0x03, 0x07, 
	0xc0, 0xe0, 0xf0, 0xf0, 0xf0, 0xf0, 0xf0, 0xf0, 0xf8, 0xfc, 0xff, 0xff, 0xff, 0x7f, 0x3f, 0x3f, 
	0x3f, 0x3f, 0x3f, 0x3f, 0x3f, 0x3f, 0x38, 0x00, 0x00, 0x00, 0x00, 0x00, 0x00, 0x00, 0x00, 0x00, 
	0x03, 0x07, 0x07, 0x07, 0x0f, 0x7f, 0xff, 0xff, 0xff, 0xff, 0x7f, 0x3f, 0x00, 0x00, 0x00, 0x00, 
	0x00, 0x00, 0x00, 0x00, 0x00, 0x00, 0x00, 0x00, 0x00, 0x00, 0x00, 0x00, 0x00, 0x00, 0x00, 0x00
};
// 'dumbbell', 32x32px
const unsigned char fas_32x32_fa_dumbbell [] PROGMEM = {
	0x00, 0x00, 0x00, 0x00, 0x00, 0x00, 0x00, 0x00, 0xe0, 0xe0, 0xe0, 0xe0, 0xe0, 0x00, 0x00, 0x00, 
	0x00, 0x00, 0x00, 0xe0, 0xe0, 0xe0, 0xe0, 0xe0, 0x00, 0x00, 0x00, 0x00, 0x00, 0x00, 0x00, 0x00, 
	0xc0, 0xc0, 0xff, 0xff, 0xff, 0xff, 0x00, 0x00, 0xff, 0xff, 0xff, 0xff, 0xff, 0xc0, 0xc0, 0xc0, 
	0xc0, 0xc0, 0xc0, 0xff, 0xff, 0xff, 0xff, 0xff, 0x00, 0x00, 0xff, 0xff, 0xff, 0xff, 0xc0, 0xc0, 
	0x03, 0x03, 0xff, 0xff, 0xff, 0xff, 0x00, 0x00, 0xff, 0xff, 0xff, 0xff, 0xff, 0x03, 0x03, 0x03, 
	0x03, 0x03, 0x03, 0xff, 0xff, 0xff, 0xff, 0xff, 0x00, 0x00, 0xff, 0xff, 0xff, 0xff, 0x03, 0x03, 
	0x00, 0x00, 0x00, 0x00, 0x00, 0x00, 0x00, 0x00, 0x07, 0x07, 0x07, 0x07, 0x07, 0x00, 0x00, 0x00, 
	0x00, 0x00, 0x00, 0x07, 0x07, 0x07, 0x07, 0x07, 0x00, 0x00, 0x00, 0x00, 0x00, 0x00, 0x00, 0x00
};
// 'dumpster', 32x32px
const unsigned char fas_32x32_fa_dumpster [] PROGMEM = {
	0x80, 0xf0, 0xf0, 0xf0, 0xf0, 0xf0, 0xf0, 0x10, 0x00, 0xf0, 0xf0, 0xf0, 0xf0, 0xf0, 0xf0, 0x00, 
	0x00, 0xf0, 0xf0, 0xf0, 0xf0, 0xf0, 0xf0, 0x00, 0x10, 0xf0, 0xf0, 0xf0, 0xf0, 0xf0, 0xf0, 0x80, 
	0xc7, 0xc7, 0xe7, 0xf7, 0xf7, 0xf7, 0xf3, 0xf0, 0xf6, 0xf7, 0xf7, 0xf7, 0xf7, 0xf7, 0xf7, 0xf0, 
	0xf0, 0xf7, 0xf7, 0xf7, 0xf7, 0xf7, 0xf7, 0xf6, 0xf0, 0xf3, 0xf7, 0xf7, 0xf7, 0xe7, 0xc7, 0xc7, 
	0x03, 0x03, 0x07, 0xff, 0xff, 0xff, 0xff, 0xff, 0xff, 0xff, 0xff, 0xff, 0xff, 0xff, 0xff, 0xff, 
	0xff, 0xff, 0xff, 0xff, 0xff, 0xff, 0xff, 0xff, 0xff, 0xff, 0xff, 0xff, 0xff, 0x07, 0x03, 0x03, 
	0x00, 0x00, 0x00, 0x03, 0x0f, 0x0f, 0x0f, 0x07, 0x07, 0x07, 0x07, 0x07, 0x07, 0x07, 0x07, 0x07, 
	0x07, 0x07, 0x07, 0x07, 0x07, 0x07, 0x07, 0x07, 0x07, 0x0f, 0x0f, 0x0f, 0x03, 0x00, 0x00, 0x00
};
// 'dumpster-fire', 32x32px
const unsigned char fas_32x32_fa_dumpster_fire [] PROGMEM = {
	0x00, 0xe0, 0xe0, 0xe0, 0xe0, 0xe0, 0x60, 0x00, 0xe0, 0xe0, 0xe0, 0xe0, 0xe0, 0xe0, 0x00, 0xe0, 
	0xe0, 0xe0, 0xe0, 0xe0, 0xc0, 0x00, 0xe0, 0xe0, 0xe0, 0xe0, 0xe0, 0xe0, 0x00, 0x00, 0x00, 0x00, 
	0xc7, 0xc7, 0xe7, 0xe7, 0xe7, 0xe7, 0xe0, 0xe4, 0xe7, 0xe7, 0xe7, 0xe7, 0xe7, 0xe7, 0xe0, 0x67, 
	0x27, 0x87, 0xe7, 0xf3, 0xf9, 0x7c, 0x7c, 0xf9, 0xf3, 0xe7, 0xf3, 0xf1, 0xf0, 0xe0, 0x80, 0x00, 
	0x03, 0x03, 0x0f, 0xff, 0xff, 0xff, 0xff, 0xff, 0xff, 0xff, 0xff, 0xff, 0xff, 0xff, 0xf7, 0x00, 
	0x3e, 0xff, 0xff, 0xff, 0xc1, 0x80, 0x00, 0x01, 0x03, 0x87, 0x83, 0xc1, 0xff, 0xff, 0xff, 0x3e, 
	0x00, 0x00, 0x00, 0x07, 0x07, 0x07, 0x03, 0x03, 0x03, 0x03, 0x03, 0x03, 0x03, 0x03, 0x03, 0x03, 
	0x00, 0x00, 0x01, 0x03, 0x07, 0x07, 0x07, 0x07, 0x07, 0x07, 0x07, 0x07, 0x03, 0x01, 0x00, 0x00
};
// 'dungeon', 32x32px
const unsigned char fas_32x32_fa_dungeon [] PROGMEM = {
	0x00, 0x00, 0x00, 0x00, 0xe0, 0xf0, 0xf8, 0xfc, 0xfc, 0xf8, 0xe0, 0x82, 0x1f, 0xff, 0xff, 0xff, 
	0xff, 0xff, 0xff, 0x1f, 0x82, 0xe0, 0xf8, 0xfc, 0xfc, 0xf8, 0xf0, 0xe0, 0x00, 0x00, 0x00, 0x00, 
	0xf0, 0xfe, 0xfe, 0xfe, 0xfc, 0xf8, 0xf9, 0xf3, 0x03, 0x07, 0x03, 0xe1, 0xf0, 0x00, 0x01, 0xf9, 
	0xf9, 0x01, 0x00, 0xf0, 0xe1, 0x03, 0x07, 0x03, 0xf3, 0xf9, 0xf8, 0xfc, 0xfe, 0xfe, 0xfe, 0xf0, 
	0xfc, 0xfc, 0xfc, 0xfc, 0xfc, 0xfc, 0xfc, 0xfc, 0x00, 0x00, 0x00, 0xff, 0xff, 0x00, 0x00, 0xff, 
	0xff, 0x00, 0x00, 0xff, 0xff, 0x00, 0x00, 0x00, 0xfc, 0xfc, 0xfc, 0xfc, 0xfc, 0xfc, 0xfc, 0xfc, 
	0xfc, 0xfc, 0xfc, 0xfc, 0xfc, 0xfc, 0xfc, 0xfc, 0x00, 0x00, 0x00, 0x3f, 0x3f, 0x00, 0x00, 0x3f, 
	0x3f, 0x00, 0x00, 0x3f, 0x3f, 0x00, 0x00, 0x00, 0xfc, 0xfc, 0xfc, 0xfc, 0xfc, 0xfc, 0xfc, 0xfc
};
// 'edit', 32x32px
const unsigned char fas_32x32_fa_edit [] PROGMEM = {
	0xc0, 0xc0, 0xc0, 0xe0, 0xe0, 0xe0, 0xe0, 0xe0, 0xe0, 0xe0, 0xe0, 0xe0, 0xe0, 0xe0, 0xe0, 0xe0, 
	0xe0, 0xe0, 0x40, 0x00, 0x00, 0x80, 0x80, 0x00, 0x30, 0x78, 0xfc, 0xfc, 0xfc, 0xf8, 0xf0, 0xe0, 
	0xff, 0xff, 0xff, 0xff, 0x01, 0x01, 0x01, 0x01, 0x01, 0x01, 0x01, 0x01, 0x81, 0xc1, 0xc1, 0xe1, 
	0xf1, 0xf8, 0xfc, 0xfe, 0xff, 0xff, 0xff, 0xff, 0x7e, 0x3c, 0x18, 0x01, 0x03, 0x03, 0x01, 0x00, 
	0xff, 0xff, 0xff, 0xff, 0x00, 0x00, 0x00, 0x00, 0x00, 0xf8, 0xfe, 0xff, 0xff, 0xff, 0xff, 0xff, 
	0x7f, 0x3f, 0x1f, 0x0f, 0x07, 0xe3, 0xf9, 0xfc, 0xfc, 0x00, 0x00, 0x00, 0x00, 0x00, 0x00, 0x00, 
	0x1f, 0x3f, 0x3f, 0x3f, 0x3c, 0x3c, 0x3c, 0x3c, 0x3c, 0x3d, 0x3d, 0x3d, 0x3d, 0x3c, 0x3c, 0x3c, 
	0x3c, 0x3c, 0x3c, 0x3c, 0x3c, 0x3f, 0x3f, 0x3f, 0x1f, 0x00, 0x00, 0x00, 0x00, 0x00, 0x00, 0x00
};
// 'egg', 32x32px
const unsigned char fas_32x32_fa_egg [] PROGMEM = {
	0x00, 0x00, 0x00, 0x00, 0x00, 0x00, 0x00, 0x80, 0xc0, 0xf0, 0xf8, 0xfc, 0xfe, 0xfe, 0xff, 0xff, 
	0xff, 0xff, 0xfe, 0xfe, 0xfc, 0xf8, 0xf0, 0xc0, 0x80, 0x00, 0x00, 0x00, 0x00, 0x00, 0x00, 0x00, 
	0x00, 0x00, 0x00, 0x00, 0x80, 0xf0, 0xfc, 0xff, 0xff, 0xff, 0xff, 0xff, 0xff, 0xff, 0xff, 0xff, 
	0xff, 0xff, 0xff, 0xff, 0xff, 0xff, 0xff, 0xff, 0xff, 0xfc, 0xf0, 0x80, 0x00, 0x00, 0x00, 0x00, 
	0x00, 0x00, 0x00, 0x00, 0xff, 0xff, 0xff, 0xff, 0xff, 0xff, 0xff, 0xff, 0xff, 0xff, 0xff, 0xff, 
	0xff, 0xff, 0xff, 0xff, 0xff, 0xff, 0xff, 0xff, 0xff, 0xff, 0xff, 0xff, 0x00, 0x00, 0x00, 0x00, 
	0x00, 0x00, 0x00, 0x00, 0x00, 0x03, 0x07, 0x1f, 0x1f, 0x3f, 0x7f, 0x7f, 0xff, 0xff, 0xff, 0xff, 
	0xff, 0xff, 0xff, 0xff, 0x7f, 0x7f, 0x3f, 0x1f, 0x1f, 0x07, 0x03, 0x00, 0x00, 0x00, 0x00, 0x00
};
// 'eject', 32x32px
const unsigned char fas_32x32_fa_eject [] PROGMEM = {
	0x00, 0x00, 0x00, 0x00, 0x00, 0x00, 0x00, 0x00, 0x00, 0x00, 0xc0, 0xe0, 0xf0, 0xf8, 0xfc, 0xfc, 
	0xfc, 0xfc, 0xf8, 0xf0, 0xe0, 0xc0, 0x00, 0x00, 0x00, 0x00, 0x00, 0x00, 0x00, 0x00, 0x00, 0x00, 
	0x00, 0x00, 0x80, 0xc0, 0xe0, 0xf0, 0xf8, 0xfc, 0xfe, 0xff, 0xff, 0xff, 0xff, 0xff, 0xff, 0xff, 
	0xff, 0xff, 0xff, 0xff, 0xff, 0xff, 0xff, 0xfe, 0xfc, 0xf8, 0xf0, 0xe0, 0xc0, 0x80, 0x00, 0x00, 
	0x00, 0x00, 0x87, 0xcf, 0xcf, 0xcf, 0xcf, 0xcf, 0xcf, 0xcf, 0xcf, 0xcf, 0xcf, 0xcf, 0xcf, 0xcf, 
	0xcf, 0xcf, 0xcf, 0xcf, 0xcf, 0xcf, 0xcf, 0xcf, 0xcf, 0xcf, 0xcf, 0xcf, 0xcf, 0x87, 0x00, 0x00, 
	0x00, 0x00, 0x1f, 0x3f, 0x3f, 0x3f, 0x3f, 0x3f, 0x3f, 0x3f, 0x3f, 0x3f, 0x3f, 0x3f, 0x3f, 0x3f, 
	0x3f, 0x3f, 0x3f, 0x3f, 0x3f, 0x3f, 0x3f, 0x3f, 0x3f, 0x3f, 0x3f, 0x3f, 0x3f, 0x1f, 0x00, 0x00
};
// 'ellipsis-h', 32x32px
const unsigned char fas_32x32_fa_ellipsis_h [] PROGMEM = {
	0x00, 0x00, 0x00, 0x00, 0x00, 0x00, 0x00, 0x00, 0x00, 0x00, 0x00, 0x00, 0x00, 0x00, 0x00, 0x00, 
	0x00, 0x00, 0x00, 0x00, 0x00, 0x00, 0x00, 0x00, 0x00, 0x00, 0x00, 0x00, 0x00, 0x00, 0x00, 0x00, 
	0x80, 0xe0, 0xf0, 0xf0, 0xf0, 0xf0, 0xf0, 0xf0, 0xe0, 0x00, 0x00, 0x00, 0xe0, 0xf0, 0xf0, 0xf0, 
	0xf0, 0xf0, 0xf0, 0xe0, 0x00, 0x00, 0x00, 0xe0, 0xf0, 0xf0, 0xf0, 0xf0, 0xf0, 0xf0, 0xe0, 0x80, 
	0x01, 0x07, 0x0f, 0x0f, 0x0f, 0x0f, 0x0f, 0x0f, 0x07, 0x00, 0x00, 0x00, 0x07, 0x0f, 0x0f, 0x0f, 
	0x0f, 0x0f, 0x0f, 0x07, 0x00, 0x00, 0x00, 0x07, 0x0f, 0x0f, 0x0f, 0x0f, 0x0f, 0x0f, 0x07, 0x01, 
	0x00, 0x00, 0x00, 0x00, 0x00, 0x00, 0x00, 0x00, 0x00, 0x00, 0x00, 0x00, 0x00, 0x00, 0x00, 0x00, 
	0x00, 0x00, 0x00, 0x00, 0x00, 0x00, 0x00, 0x00, 0x00, 0x00, 0x00, 0x00, 0x00, 0x00, 0x00, 0x00
};
// 'ellipsis-v', 32x32px
const unsigned char fas_32x32_fa_ellipsis_v [] PROGMEM = {
	0x00, 0x00, 0x00, 0x00, 0x00, 0x00, 0x00, 0x00, 0x00, 0x00, 0x00, 0x00, 0xfc, 0xfe, 0xfe, 0xff, 
	0xff, 0xfe, 0xfe, 0xfc, 0x00, 0x00, 0x00, 0x00, 0x00, 0x00, 0x00, 0x00, 0x00, 0x00, 0x00, 0x00, 
	0x00, 0x00, 0x00, 0x00, 0x00, 0x00, 0x00, 0x00, 0x00, 0x00, 0x00, 0x00, 0xe0, 0xf1, 0xf1, 0xf1, 
	0xf1, 0xf1, 0xf1, 0xe0, 0x00, 0x00, 0x00, 0x00, 0x00, 0x00, 0x00, 0x00, 0x00, 0x00, 0x00, 0x00, 
	0x00, 0x00, 0x00, 0x00, 0x00, 0x00, 0x00, 0x00, 0x00, 0x00, 0x00, 0x00, 0x07, 0x8f, 0x8f, 0x8f, 
	0x8f, 0x8f, 0x8f, 0x07, 0x00, 0x00, 0x00, 0x00, 0x00, 0x00, 0x00, 0x00, 0x00, 0x00, 0x00, 0x00, 
	0x00, 0x00, 0x00, 0x00, 0x00, 0x00, 0x00, 0x00, 0x00, 0x00, 0x00, 0x00, 0x3f, 0x7f, 0x7f, 0xff, 
	0xff, 0x7f, 0x7f, 0x3f, 0x00, 0x00, 0x00, 0x00, 0x00, 0x00, 0x00, 0x00, 0x00, 0x00, 0x00, 0x00
};
// 'envelope', 32x32px
const unsigned char fas_32x32_fa_envelope [] PROGMEM = {
	0xe0, 0xf0, 0xf0, 0xf0, 0xf0, 0xf0, 0xf0, 0xf0, 0xf0, 0xf0, 0xf0, 0xf0, 0xf0, 0xf0, 0xf0, 0xf0, 
	0xf0, 0xf0, 0xf0, 0xf0, 0xf0, 0xf0, 0xf0, 0xf0, 0xf0, 0xf0, 0xf0, 0xf0, 0xf0, 0xf0, 0xf0, 0xe0, 
	0xf1, 0xe3, 0xe7, 0xcf, 0x8f, 0x1f, 0x3f, 0x7f, 0x7f, 0xff, 0xff, 0xff, 0xff, 0xff, 0xff, 0xff, 
	0xff, 0xff, 0xff, 0xff, 0xff, 0xff, 0xff, 0x7f, 0x7f, 0x3f, 0x1f, 0x8f, 0xcf, 0xe7, 0xe3, 0xf1, 
	0xff, 0xff, 0xff, 0xff, 0xff, 0xff, 0xff, 0xfe, 0xfc, 0xfc, 0xf9, 0xf3, 0xe3, 0xe7, 0xcf, 0xcf, 
	0xcf, 0xcf, 0xe7, 0xe3, 0xf3, 0xf9, 0xfc, 0xfc, 0xfe, 0xff, 0xff, 0xff, 0xff, 0xff, 0xff, 0xff, 
	0x07, 0x0f, 0x0f, 0x0f, 0x0f, 0x0f, 0x0f, 0x0f, 0x0f, 0x0f, 0x0f, 0x0f, 0x0f, 0x0f, 0x0f, 0x0f, 
	0x0f, 0x0f, 0x0f, 0x0f, 0x0f, 0x0f, 0x0f, 0x0f, 0x0f, 0x0f, 0x0f, 0x0f, 0x0f, 0x0f, 0x0f, 0x07
};
// 'envelope-open', 32x32px
const unsigned char fas_32x32_fa_envelope_open [] PROGMEM = {
	0x00, 0x00, 0x00, 0x00, 0x00, 0x80, 0xc0, 0xe0, 0xe0, 0xf0, 0xf8, 0xfc, 0xfc, 0xfe, 0xff, 0xff, 
	0xff, 0xff, 0xfe, 0xfc, 0xfc, 0xf8, 0xf0, 0xe0, 0xe0, 0xc0, 0x80, 0x00, 0x00, 0x00, 0x00, 0x00, 
	0xf8, 0xfc, 0xfe, 0xff, 0xff, 0xff, 0xff, 0xff, 0xff, 0xff, 0xff, 0xff, 0xff, 0xff, 0xff, 0xff, 
	0xff, 0xff, 0xff, 0xff, 0xff, 0xff, 0xff, 0xff, 0xff, 0xff, 0xff, 0xff, 0xff, 0xfe, 0xfc, 0xf8, 
	0xff, 0xff, 0xff, 0xff, 0xf9, 0xf1, 0xf3, 0xe7, 0xc7, 0xcf, 0x9f, 0x3f, 0x3f, 0x7f, 0xff, 0xff, 
	0xff, 0xff, 0x7f, 0x3f, 0x3f, 0x9f, 0xcf, 0xc7, 0xe7, 0xf3, 0xf1, 0xf9, 0xff, 0xff, 0xff, 0xff, 
	0x7f, 0xff, 0xff, 0xff, 0xff, 0xff, 0xff, 0xff, 0xff, 0xff, 0xff, 0xff, 0xfe, 0xfe, 0xfc, 0xfc, 
	0xfc, 0xfc, 0xfe, 0xfe, 0xff, 0xff, 0xff, 0xff, 0xff, 0xff, 0xff, 0xff, 0xff, 0xff, 0xff, 0x7f
};
// 'envelope-open-text', 32x32px
const unsigned char fas_32x32_fa_envelope_open_text [] PROGMEM = {
	0x00, 0x00, 0x00, 0xf0, 0xf8, 0xf8, 0x38, 0x38, 0x38, 0x38, 0x38, 0x3c, 0x3c, 0x3e, 0x3f, 0x3f, 
	0x3f, 0x3f, 0x3e, 0x3c, 0x3c, 0x38, 0x38, 0x38, 0x38, 0x38, 0xf8, 0xf8, 0xf0, 0x00, 0x00, 0x00, 
	0x38, 0x3c, 0x7e, 0xff, 0xff, 0xff, 0x00, 0x00, 0x00, 0x00, 0x18, 0x3c, 0x3c, 0x3c, 0x3c, 0x3c, 
	0x3c, 0x3c, 0x3c, 0x3c, 0x3c, 0x18, 0x00, 0x00, 0x00, 0x00, 0xff, 0xff, 0xff, 0x7e, 0x3c, 0x38, 
	0xff, 0xfe, 0xfe, 0xfc, 0xf9, 0xf1, 0xf0, 0xe0, 0xc0, 0xc0, 0x86, 0x0f, 0x0f, 0x0f, 0x0f, 0x0f, 
	0x0f, 0x0f, 0x0f, 0x0f, 0x0f, 0x86, 0xc0, 0xc0, 0xe0, 0xf0, 0xf1, 0xf9, 0xfc, 0xfe, 0xfe, 0xff, 
	0x7f, 0xff, 0xff, 0xff, 0xff, 0xff, 0xff, 0xff, 0xff, 0xff, 0xff, 0xff, 0xfe, 0xfe, 0xfc, 0xfc, 
	0xfc, 0xfc, 0xfe, 0xfe, 0xff, 0xff, 0xff, 0xff, 0xff, 0xff, 0xff, 0xff, 0xff, 0xff, 0xff, 0x7f
};
// 'envelope-square', 32x32px
const unsigned char fas_32x32_fa_envelope_square [] PROGMEM = {
	0x00, 0x00, 0xf8, 0xfc, 0xfc, 0xfc, 0xfc, 0xfc, 0xfc, 0xfc, 0xfc, 0xfc, 0xfc, 0xfc, 0xfc, 0xfc, 
	0xfc, 0xfc, 0xfc, 0xfc, 0xfc, 0xfc, 0xfc, 0xfc, 0xfc, 0xfc, 0xfc, 0xfc, 0xfc, 0xf8, 0x00, 0x00, 
	0x00, 0x00, 0xff, 0xff, 0xff, 0xff, 0x39, 0x70, 0xe0, 0xc0, 0xc0, 0x80, 0x00, 0x00, 0x00, 0x00, 
	0x00, 0x00, 0x00, 0x00, 0x80, 0xc0, 0xc0, 0xe0, 0x70, 0x39, 0xff, 0xff, 0xff, 0xff, 0x00, 0x00, 
	0x00, 0x00, 0xff, 0xff, 0xff, 0xff, 0x80, 0x00, 0x00, 0x00, 0x01, 0x03, 0x03, 0x06, 0x0e, 0x0c, 
	0x0c, 0x0e, 0x06, 0x03, 0x03, 0x01, 0x00, 0x00, 0x00, 0x80, 0xff, 0xff, 0xff, 0xff, 0x00, 0x00, 
	0x00, 0x00, 0x1f, 0x3f, 0x3f, 0x3f, 0x3f, 0x3f, 0x3f, 0x3f, 0x3f, 0x3f, 0x3f, 0x3f, 0x3f, 0x3f, 
	0x3f, 0x3f, 0x3f, 0x3f, 0x3f, 0x3f, 0x3f, 0x3f, 0x3f, 0x3f, 0x3f, 0x3f, 0x3f, 0x1f, 0x00, 0x00
};
// 'equals', 32x32px
const unsigned char fas_32x32_fa_equals [] PROGMEM = {
	0x00, 0x00, 0x00, 0x80, 0x80, 0x80, 0x80, 0x80, 0x80, 0x80, 0x80, 0x80, 0x80, 0x80, 0x80, 0x80, 
	0x80, 0x80, 0x80, 0x80, 0x80, 0x80, 0x80, 0x80, 0x80, 0x80, 0x80, 0x80, 0x80, 0x00, 0x00, 0x00, 
	0x00, 0x00, 0x0f, 0x1f, 0x1f, 0x1f, 0x1f, 0x1f, 0x1f, 0x1f, 0x1f, 0x1f, 0x1f, 0x1f, 0x1f, 0x1f, 
	0x1f, 0x1f, 0x1f, 0x1f, 0x1f, 0x1f, 0x1f, 0x1f, 0x1f, 0x1f, 0x1f, 0x1f, 0x1f, 0x0f, 0x00, 0x00, 
	0x00, 0x00, 0xf0, 0xf8, 0xf8, 0xf8, 0xf8, 0xf8, 0xf8, 0xf8, 0xf8, 0xf8, 0xf8, 0xf8, 0xf8, 0xf8, 
	0xf8, 0xf8, 0xf8, 0xf8, 0xf8, 0xf8, 0xf8, 0xf8, 0xf8, 0xf8, 0xf8, 0xf8, 0xf8, 0xf0, 0x00, 0x00, 
	0x00, 0x00, 0x00, 0x01, 0x01, 0x01, 0x01, 0x01, 0x01, 0x01, 0x01, 0x01, 0x01, 0x01, 0x01, 0x01, 
	0x01, 0x01, 0x01, 0x01, 0x01, 0x01, 0x01, 0x01, 0x01, 0x01, 0x01, 0x01, 0x01, 0x00, 0x00, 0x00
};
// 'eraser', 32x32px
const unsigned char fas_32x32_fa_eraser [] PROGMEM = {
	0x00, 0x00, 0x00, 0x00, 0x00, 0x00, 0x00, 0x00, 0x00, 0x00, 0x00, 0x00, 0x80, 0xc0, 0xe0, 0xf0, 
	0xf8, 0xfc, 0xfc, 0xfc, 0xfc, 0xf8, 0xf0, 0xe0, 0xc0, 0x80, 0x00, 0x00, 0x00, 0x00, 0x00, 0x00, 
	0x00, 0x00, 0x00, 0x00, 0x80, 0xc0, 0xe0, 0xf0, 0xf8, 0xfc, 0x7e, 0x3f, 0x3f, 0x7f, 0xff, 0xff, 
	0xff, 0xff, 0xff, 0xff, 0xff, 0xff, 0xff, 0xff, 0xff, 0xff, 0xff, 0xfe, 0xfc, 0xf8, 0xf0, 0xe0, 
	0x78, 0xfc, 0xfe, 0xff, 0xff, 0xcf, 0x87, 0x03, 0x01, 0x00, 0x00, 0x00, 0x00, 0x00, 0x00, 0x01, 
	0x03, 0x07, 0x0f, 0x9f, 0xff, 0xff, 0xff, 0xff, 0xff, 0x7f, 0x3f, 0x1f, 0x0f, 0x07, 0x03, 0x01, 
	0x00, 0x00, 0x01, 0x03, 0x07, 0x0f, 0x1f, 0x3f, 0x3e, 0x3c, 0x3c, 0x3c, 0x3c, 0x3c, 0x3c, 0x3c, 
	0x3c, 0x3e, 0x3f, 0x3f, 0x3f, 0x3f, 0x3f, 0x3d, 0x3c, 0x3c, 0x3c, 0x3c, 0x3c, 0x3c, 0x3c, 0x3c
};
// 'ethernet', 32x32px
const unsigned char fas_32x32_fa_ethernet [] PROGMEM = {
	0x00, 0x00, 0x00, 0x00, 0x00, 0x00, 0x00, 0x00, 0xf0, 0xf0, 0xf0, 0xf0, 0xf0, 0xf0, 0xf0, 0xf0, 
	0xf0, 0xf0, 0xf0, 0xf0, 0xf0, 0xf0, 0xf0, 0xf0, 0x00, 0x00, 0x00, 0x00, 0x00, 0x00, 0x00, 0x00, 
	0xf0, 0xf0, 0xf0, 0xf0, 0xff, 0xff, 0xff, 0xff, 0xff, 0xff, 0xff, 0xff, 0xff, 0xff, 0xff, 0xff, 
	0xff, 0xff, 0xff, 0xff, 0xff, 0xff, 0xff, 0xff, 0xff, 0xff, 0xff, 0xff, 0xf0, 0xf0, 0xf0, 0xf0, 
	0xff, 0xff, 0xff, 0xff, 0xff, 0xff, 0x0f, 0x0f, 0xff, 0xff, 0xff, 0xff, 0x0f, 0x0f, 0xff, 0xff, 
	0xff, 0xff, 0x0f, 0x0f, 0xff, 0xff, 0xff, 0xff, 0x0f, 0x0f, 0xff, 0xff, 0xff, 0xff, 0xff, 0xff, 
	0x0f, 0x0f, 0x0f, 0x0f, 0x0f, 0x0f, 0x00, 0x00, 0x0f, 0x0f, 0x0f, 0x0f, 0x00, 0x00, 0x0f, 0x0f, 
	0x0f, 0x0f, 0x00, 0x00, 0x0f, 0x0f, 0x0f, 0x0f, 0x00, 0x00, 0x0f, 0x0f, 0x0f, 0x0f, 0x0f, 0x0f
};
// 'euro-sign', 32x32px
const unsigned char fas_32x32_fa_euro_sign [] PROGMEM = {
	0x00, 0x00, 0x00, 0x00, 0x00, 0x00, 0x00, 0x00, 0x00, 0x00, 0x00, 0xc0, 0xe0, 0xe0, 0xf0, 0xf8, 
	0xf8, 0x78, 0x7c, 0x7c, 0x3c, 0x3c, 0x3c, 0x7c, 0x3c, 0x08, 0x00, 0x00, 0x00, 0x00, 0x00, 0x00, 
	0x00, 0x00, 0x00, 0x00, 0x00, 0x00, 0x38, 0x38, 0xf8, 0xfe, 0xff, 0xff, 0xff, 0x7f, 0x3f, 0x39, 
	0x38, 0x38, 0x38, 0x38, 0x38, 0x38, 0x38, 0x00, 0x00, 0x00, 0x00, 0x00, 0x00, 0x00, 0x00, 0x00, 
	0x00, 0x00, 0x00, 0x00, 0x00, 0x00, 0x0e, 0x0e, 0x1f, 0x7f, 0xff, 0xff, 0xff, 0xfe, 0xfe, 0x8e, 
	0x0e, 0x0e, 0x0e, 0x0e, 0x0e, 0x0e, 0x00, 0x00, 0x00, 0x00, 0x00, 0x00, 0x00, 0x00, 0x00, 0x00, 
	0x00, 0x00, 0x00, 0x00, 0x00, 0x00, 0x00, 0x00, 0x00, 0x00, 0x00, 0x03, 0x07, 0x07, 0x0f, 0x1f, 
	0x1f, 0x1f, 0x3e, 0x3e, 0x3e, 0x3c, 0x3c, 0x3e, 0x3e, 0x3c, 0x00, 0x00, 0x00, 0x00, 0x00, 0x00
};
// 'exchange-alt', 32x32px
const unsigned char fas_32x32_fa_exchange_alt [] PROGMEM = {
	0x00, 0x00, 0x00, 0x00, 0x00, 0x00, 0x00, 0x00, 0x00, 0x00, 0x00, 0x00, 0x00, 0x00, 0x00, 0x00, 
	0x00, 0x00, 0x00, 0x00, 0x00, 0x00, 0x00, 0x00, 0xf0, 0xf0, 0xf0, 0xe0, 0xc0, 0x80, 0x00, 0x00, 
	0x0f, 0x0f, 0x0f, 0x0f, 0x0f, 0x0f, 0x0f, 0x0f, 0x0f, 0x0f, 0x0f, 0x0f, 0x0f, 0x0f, 0x0f, 0x0f, 
	0x0f, 0x0f, 0x0f, 0x0f, 0x0f, 0x0f, 0x0f, 0x0f, 0xff, 0xff, 0xff, 0x7f, 0x3f, 0x1f, 0x0f, 0x06, 
	0x60, 0xf0, 0xf8, 0xfc, 0xfe, 0xff, 0xff, 0xff, 0xf0, 0xf0, 0xf0, 0xf0, 0xf0, 0xf0, 0xf0, 0xf0, 
	0xf0, 0xf0, 0xf0, 0xf0, 0xf0, 0xf0, 0xf0, 0xf0, 0xf0, 0xf0, 0xf0, 0xf0, 0xf0, 0xf0, 0xf0, 0xf0, 
	0x00, 0x00, 0x01, 0x03, 0x07, 0x0f, 0x0f, 0x0f, 0x00, 0x00, 0x00, 0x00, 0x00, 0x00, 0x00, 0x00, 
	0x00, 0x00, 0x00, 0x00, 0x00, 0x00, 0x00, 0x00, 0x00, 0x00, 0x00, 0x00, 0x00, 0x00, 0x00, 0x00
};
// 'exclamation', 32x32px
const unsigned char fas_32x32_fa_exclamation [] PROGMEM = {
	0x00, 0x00, 0x00, 0x00, 0x00, 0x00, 0x00, 0x00, 0x00, 0x00, 0x00, 0x00, 0xff, 0xff, 0xff, 0xff, 
	0xff, 0xff, 0xff, 0xff, 0x00, 0x00, 0x00, 0x00, 0x00, 0x00, 0x00, 0x00, 0x00, 0x00, 0x00, 0x00, 
	0x00, 0x00, 0x00, 0x00, 0x00, 0x00, 0x00, 0x00, 0x00, 0x00, 0x00, 0x00, 0xff, 0xff, 0xff, 0xff, 
	0xff, 0xff, 0xff, 0xff, 0x00, 0x00, 0x00, 0x00, 0x00, 0x00, 0x00, 0x00, 0x00, 0x00, 0x00, 0x00, 
	0x00, 0x00, 0x00, 0x00, 0x00, 0x00, 0x00, 0x00, 0x00, 0x00, 0x00, 0x00, 0x87, 0x8f, 0xcf, 0xcf, 
	0xcf, 0xcf, 0x8f, 0x87, 0x00, 0x00, 0x00, 0x00, 0x00, 0x00, 0x00, 0x00, 0x00, 0x00, 0x00, 0x00, 
	0x00, 0x00, 0x00, 0x00, 0x00, 0x00, 0x00, 0x00, 0x00, 0x00, 0x00, 0x1e, 0x7f, 0x7f, 0xff, 0xff, 
	0xff, 0xff, 0x7f, 0x7f, 0x1e, 0x00, 0x00, 0x00, 0x00, 0x00, 0x00, 0x00, 0x00, 0x00, 0x00, 0x00
};
// 'exclamation-circle', 32x32px
const unsigned char fas_32x32_fa_exclamation_circle [] PROGMEM = {
	0x00, 0x00, 0x00, 0x80, 0xc0, 0xe0, 0xf0, 0xf8, 0xfc, 0xfc, 0xfe, 0xfe, 0xfe, 0xfe, 0xff, 0xff, 
	0xff, 0xff, 0xfe, 0xfe, 0xfe, 0xfe, 0xfc, 0xfc, 0xf8, 0xf0, 0xe0, 0xc0, 0x80, 0x00, 0x00, 0x00, 
	0xc0, 0xfc, 0xff, 0xff, 0xff, 0xff, 0xff, 0xff, 0xff, 0xff, 0xff, 0xff, 0xff, 0xf0, 0x00, 0x00, 
	0x00, 0x00, 0xf0, 0xff, 0xff, 0xff, 0xff, 0xff, 0xff, 0xff, 0xff, 0xff, 0xff, 0xff, 0xfc, 0xc0, 
	0x03, 0x3f, 0xff, 0xff, 0xff, 0xff, 0xff, 0xff, 0xff, 0xff, 0xff, 0xff, 0xff, 0x9f, 0x0c, 0x04, 
	0x04, 0x0c, 0x9f, 0xff, 0xff, 0xff, 0xff, 0xff, 0xff, 0xff, 0xff, 0xff, 0xff, 0xff, 0x3f, 0x03, 
	0x00, 0x00, 0x00, 0x01, 0x03, 0x07, 0x0f, 0x1f, 0x3f, 0x3f, 0x7f, 0x7f, 0x7f, 0x7f, 0xff, 0xfe, 
	0xfe, 0xff, 0x7f, 0x7f, 0x7f, 0x7f, 0x3f, 0x3f, 0x1f, 0x0f, 0x07, 0x03, 0x01, 0x00, 0x00, 0x00
};
// 'exclamation-triangle', 32x32px
const unsigned char fas_32x32_fa_exclamation_triangle [] PROGMEM = {
	0x00, 0x00, 0x00, 0x00, 0x00, 0x00, 0x00, 0x00, 0x00, 0x00, 0x00, 0x80, 0xe0, 0xf0, 0xfc, 0xfc, 
	0xfc, 0xfc, 0xf0, 0xe0, 0x80, 0x00, 0x00, 0x00, 0x00, 0x00, 0x00, 0x00, 0x00, 0x00, 0x00, 0x00, 
	0x00, 0x00, 0x00, 0x00, 0x00, 0x00, 0x00, 0xc0, 0xf0, 0xfc, 0xfe, 0xff, 0xff, 0xff, 0x0f, 0x0f, 
	0x0f, 0x0f, 0xff, 0xff, 0xff, 0xfe, 0xfc, 0xf0, 0xc0, 0x80, 0x00, 0x00, 0x00, 0x00, 0x00, 0x00, 
	0x00, 0x00, 0xc0, 0xe0, 0xf8, 0xfe, 0xff, 0xff, 0xff, 0xff, 0xff, 0xff, 0xff, 0xff, 0x30, 0x30, 
	0x30, 0x30, 0xff, 0xff, 0xff, 0xff, 0xff, 0xff, 0xff, 0xff, 0xfe, 0xf8, 0xe0, 0xc0, 0x00, 0x00, 
	0x1c, 0x3f, 0x3f, 0x3f, 0x3f, 0x3f, 0x3f, 0x3f, 0x3f, 0x3f, 0x3f, 0x3f, 0x3f, 0x3f, 0x3c, 0x3c, 
	0x3c, 0x3c, 0x3f, 0x3f, 0x3f, 0x3f, 0x3f, 0x3f, 0x3f, 0x3f, 0x3f, 0x3f, 0x3f, 0x3f, 0x3f, 0x1c
};
// 'expand', 32x32px
const unsigned char fas_32x32_fa_expand [] PROGMEM = {
	0x00, 0x00, 0xfc, 0xfc, 0xfc, 0xfc, 0x3c, 0x3c, 0x3c, 0x3c, 0x3c, 0x3c, 0x00, 0x00, 0x00, 0x00, 
	0x00, 0x00, 0x00, 0x00, 0x3c, 0x3c, 0x3c, 0x3c, 0x3c, 0x3c, 0xfc, 0xfc, 0xfc, 0xfc, 0x00, 0x00, 
	0x00, 0x00, 0x0f, 0x0f, 0x0f, 0x0f, 0x00, 0x00, 0x00, 0x00, 0x00, 0x00, 0x00, 0x00, 0x00, 0x00, 
	0x00, 0x00, 0x00, 0x00, 0x00, 0x00, 0x00, 0x00, 0x00, 0x00, 0x0f, 0x0f, 0x0f, 0x0f, 0x00, 0x00, 
	0x00, 0x00, 0xf0, 0xf0, 0xf0, 0xf0, 0x00, 0x00, 0x00, 0x00, 0x00, 0x00, 0x00, 0x00, 0x00, 0x00, 
	0x00, 0x00, 0x00, 0x00, 0x00, 0x00, 0x00, 0x00, 0x00, 0x00, 0xf0, 0xf0, 0xf0, 0xf0, 0x00, 0x00, 
	0x00, 0x00, 0x3f, 0x3f, 0x3f, 0x3f, 0x3c, 0x3c, 0x3c, 0x3c, 0x3c, 0x3c, 0x00, 0x00, 0x00, 0x00, 
	0x00, 0x00, 0x00, 0x00, 0x3c, 0x3c, 0x3c, 0x3c, 0x3c, 0x3c, 0x3f, 0x3f, 0x3f, 0x3f, 0x00, 0x00
};
// 'expand-alt', 32x32px
const unsigned char fas_32x32_fa_expand_alt [] PROGMEM = {
	0x00, 0x00, 0x00, 0x00, 0x00, 0x00, 0x00, 0x00, 0x00, 0x00, 0x00, 0x00, 0x00, 0x00, 0x00, 0x00, 
	0x00, 0x00, 0x00, 0x00, 0x1c, 0xbc, 0xfc, 0xfc, 0xfc, 0xfc, 0xfc, 0xfc, 0xfc, 0xfc, 0x00, 0x00, 
	0x00, 0x00, 0x00, 0x00, 0x00, 0x00, 0x00, 0x00, 0x00, 0x00, 0x00, 0x00, 0x00, 0x00, 0x00, 0x00, 
	0x00, 0x78, 0x7c, 0x7e, 0x7f, 0x3f, 0x1f, 0x0f, 0x07, 0x03, 0x07, 0x0f, 0x0f, 0x0f, 0x00, 0x00, 
	0x00, 0x00, 0xf0, 0xf0, 0xf0, 0xe0, 0xc0, 0xe0, 0xf0, 0xf8, 0xfc, 0xfe, 0x7e, 0x3e, 0x1e, 0x00, 
	0x00, 0x00, 0x00, 0x00, 0x00, 0x00, 0x00, 0x00, 0x00, 0x00, 0x00, 0x00, 0x00, 0x00, 0x00, 0x00, 
	0x00, 0x00, 0x3f, 0x3f, 0x3f, 0x3f, 0x3f, 0x3f, 0x3f, 0x3f, 0x3d, 0x38, 0x00, 0x00, 0x00, 0x00, 
	0x00, 0x00, 0x00, 0x00, 0x00, 0x00, 0x00, 0x00, 0x00, 0x00, 0x00, 0x00, 0x00, 0x00, 0x00, 0x00
};
// 'expand-arrows-alt', 32x32px
const unsigned char fas_32x32_fa_expand_arrows_alt [] PROGMEM = {
	0x00, 0x00, 0xfc, 0xfc, 0xfc, 0xfc, 0xfc, 0xfc, 0xfc, 0xfc, 0x3c, 0x1c, 0x00, 0x00, 0x00, 0x00, 
	0x00, 0x00, 0x00, 0x00, 0x1c, 0x3c, 0xfc, 0xfc, 0xfc, 0xfc, 0xfc, 0xfc, 0xfc, 0xfc, 0x00, 0x00, 
	0x00, 0x00, 0x0f, 0x0f, 0x0f, 0x07, 0x03, 0x03, 0x07, 0x0f, 0x1f, 0x3e, 0x7c, 0xf8, 0xf0, 0xe0, 
	0xe0, 0xf0, 0xf8, 0x7c, 0x3e, 0x1f, 0x0f, 0x07, 0x03, 0x03, 0x07, 0x0f, 0x0f, 0x0f, 0x00, 0x00, 
	0x00, 0x00, 0xf0, 0xf0, 0xf0, 0xe0, 0xc0, 0xc0, 0xe0, 0xf0, 0xf8, 0x7c, 0x3e, 0x1f, 0x0f, 0x07, 
	0x07, 0x0f, 0x1f, 0x3e, 0x7c, 0xf8, 0xf0, 0xe0, 0xc0, 0xc0, 0xe0, 0xf0, 0xf0, 0xf0, 0x00, 0x00, 
	0x00, 0x00, 0x3f, 0x3f, 0x3f, 0x3f, 0x3f, 0x3f, 0x3f, 0x3f, 0x3c, 0x38, 0x00, 0x00, 0x00, 0x00, 
	0x00, 0x00, 0x00, 0x00, 0x38, 0x3c, 0x3f, 0x3f, 0x3f, 0x3f, 0x3f, 0x3f, 0x3f, 0x3f, 0x00, 0x00
};
// 'external-link-alt', 32x32px
const unsigned char fas_32x32_fa_external_link_alt [] PROGMEM = {
	0xe0, 0xf0, 0xf0, 0xf0, 0xf0, 0xf0, 0xf0, 0xf0, 0xf0, 0xf0, 0xf0, 0xf0, 0xf0, 0xf0, 0x00, 0x00, 
	0x00, 0x00, 0x00, 0x00, 0x00, 0x87, 0xcf, 0xff, 0xff, 0xff, 0xff, 0xff, 0xff, 0xff, 0xff, 0xff, 
	0xff, 0xff, 0xff, 0xff, 0x00, 0x00, 0x00, 0x00, 0x00, 0x00, 0x00, 0x00, 0x00, 0x80, 0xc0, 0xe0, 
	0xf0, 0xf8, 0xfc, 0xfe, 0x7f, 0x3f, 0x1f, 0x0f, 0x07, 0x03, 0x01, 0x01, 0x03, 0x07, 0x07, 0x07, 
	0xff, 0xff, 0xff, 0xff, 0x00, 0x00, 0x00, 0x00, 0x30, 0x78, 0xfc, 0xfe, 0x7f, 0x3f, 0x1f, 0x0f, 
	0x07, 0x03, 0x01, 0x00, 0x00, 0x00, 0x00, 0x00, 0xf0, 0xf0, 0xf0, 0xf0, 0x00, 0x00, 0x00, 0x00, 
	0x7f, 0xff, 0xff, 0xff, 0xf0, 0xf0, 0xf0, 0xf0, 0xf0, 0xf0, 0xf0, 0xf0, 0xf0, 0xf0, 0xf0, 0xf0, 
	0xf0, 0xf0, 0xf0, 0xf0, 0xf0, 0xf0, 0xf0, 0xf0, 0xff, 0xff, 0xff, 0x7f, 0x00, 0x00, 0x00, 0x00
};
// 'external-link-square-alt', 32x32px
const unsigned char fas_32x32_fa_external_link_square_alt [] PROGMEM = {
	0x00, 0x00, 0xf8, 0xfc, 0xfc, 0xfc, 0xfc, 0xfc, 0xfc, 0xfc, 0xfc, 0xfc, 0xfc, 0xfc, 0xfc, 0xfc, 
	0x7c, 0x3c, 0x3c, 0x3c, 0x3c, 0x3c, 0x3c, 0x3c, 0x3c, 0x7c, 0xfc, 0xfc, 0xfc, 0xf8, 0x00, 0x00, 
	0x00, 0x00, 0xff, 0xff, 0xff, 0xff, 0xff, 0xff, 0xff, 0xff, 0xff, 0xff, 0xff, 0xff, 0x7f, 0x3f, 
	0x1f, 0x0c, 0x00, 0x80, 0xc0, 0xc0, 0x80, 0x80, 0x00, 0x80, 0xff, 0xff, 0xff, 0xff, 0x00, 0x00, 
	0x00, 0x00, 0xff, 0xff, 0xff, 0xff, 0x7f, 0x3f, 0x1f, 0x0f, 0x07, 0x83, 0xc1, 0xe0, 0xf0, 0xf8, 
	0xfc, 0xfe, 0xff, 0xff, 0xff, 0xff, 0xff, 0xff, 0xff, 0xff, 0xff, 0xff, 0xff, 0xff, 0x00, 0x00, 
	0x00, 0x00, 0x1f, 0x3f, 0x3f, 0x3f, 0x3f, 0x3e, 0x3c, 0x3e, 0x3f, 0x3f, 0x3f, 0x3f, 0x3f, 0x3f, 
	0x3f, 0x3f, 0x3f, 0x3f, 0x3f, 0x3f, 0x3f, 0x3f, 0x3f, 0x3f, 0x3f, 0x3f, 0x3f, 0x1f, 0x00, 0x00
};
// 'eye', 32x32px
const unsigned char fas_32x32_fa_eye [] PROGMEM = {
	0x00, 0x00, 0x00, 0x00, 0x00, 0x00, 0x00, 0x00, 0x80, 0x80, 0xc0, 0xc0, 0xc0, 0xc0, 0xc0, 0xe0, 
	0xe0, 0xc0, 0xc0, 0xc0, 0xc0, 0xc0, 0x80, 0x80, 0x00, 0x00, 0x00, 0x00, 0x00, 0x00, 0x00, 0x00, 
	0xc0, 0xe0, 0xf0, 0xf8, 0xfc, 0xfe, 0xff, 0xff, 0x1f, 0x0f, 0x03, 0x83, 0x81, 0x81, 0xc0, 0xf8, 
	0xf8, 0xf8, 0xf9, 0xf1, 0xe3, 0x03, 0x0f, 0x1f, 0xff, 0xff, 0xfe, 0xfc, 0xf8, 0xf0, 0xe0, 0xc0, 
	0x03, 0x07, 0x0f, 0x1f, 0x3f, 0x7f, 0xff, 0xff, 0xf8, 0xf0, 0xc0, 0xc7, 0x8f, 0x9f, 0x1f, 0x1f, 
	0x1f, 0x1f, 0x9f, 0x8f, 0xc7, 0xc0, 0xf0, 0xf8, 0xff, 0xff, 0x7f, 0x3f, 0x1f, 0x0f, 0x07, 0x03, 
	0x00, 0x00, 0x00, 0x00, 0x00, 0x00, 0x00, 0x00, 0x01, 0x01, 0x03, 0x03, 0x03, 0x03, 0x03, 0x07, 
	0x07, 0x03, 0x03, 0x03, 0x03, 0x03, 0x01, 0x01, 0x00, 0x00, 0x00, 0x00, 0x00, 0x00, 0x00, 0x00
};
// 'eye-dropper', 32x32px
const unsigned char fas_32x32_fa_eye_dropper [] PROGMEM = {
	0x00, 0x00, 0x00, 0x00, 0x00, 0x00, 0x00, 0x00, 0x00, 0x00, 0x00, 0x00, 0x80, 0xc0, 0xe0, 0xe0, 
	0xc0, 0xc0, 0xe0, 0xf0, 0xf8, 0xfc, 0xfe, 0xff, 0xff, 0xff, 0xff, 0xff, 0xff, 0xfe, 0xfc, 0xf8, 
	0x00, 0x00, 0x00, 0x00, 0x00, 0x00, 0x00, 0x00, 0x80, 0xc0, 0xe0, 0xe7, 0xcf, 0x9f, 0x3f, 0x7f, 
	0xff, 0xff, 0xff, 0xff, 0xff, 0xff, 0xff, 0xff, 0xff, 0xff, 0x3f, 0x1f, 0x0f, 0x07, 0x03, 0x01, 
	0x00, 0x00, 0xc0, 0xf0, 0xf8, 0xfc, 0xfe, 0xff, 0xff, 0xff, 0xff, 0xff, 0xff, 0xff, 0xff, 0xfe, 
	0xfc, 0x79, 0x33, 0x07, 0x0f, 0x1f, 0x1f, 0x1f, 0x0f, 0x07, 0x03, 0x00, 0x00, 0x00, 0x00, 0x00, 
	0x60, 0xf8, 0xff, 0x7f, 0x7f, 0x3f, 0x3f, 0x3f, 0x3f, 0x3f, 0x1f, 0x1f, 0x0f, 0x07, 0x03, 0x01, 
	0x00, 0x00, 0x00, 0x00, 0x00, 0x00, 0x00, 0x00, 0x00, 0x00, 0x00, 0x00, 0x00, 0x00, 0x00, 0x00
};
// 'eye-slash', 32x32px
const unsigned char fas_32x32_fa_eye_slash [] PROGMEM = {
	0x30, 0x78, 0xf8, 0xf0, 0xe0, 0xc0, 0xc0, 0x80, 0x00, 0x00, 0x80, 0x80, 0x80, 0xc0, 0xc0, 0xc0, 
	0xc0, 0xc0, 0xc0, 0x80, 0x80, 0x80, 0x00, 0x00, 0x00, 0x00, 0x00, 0x00, 0x00, 0x00, 0x00, 0x00, 
	0x00, 0x00, 0xc0, 0xe0, 0xe1, 0xc3, 0x87, 0x87, 0x0f, 0x1f, 0x3f, 0x7f, 0x7b, 0xf1, 0xe1, 0xf9, 
	0xf9, 0xf9, 0xf1, 0xe3, 0xc3, 0x07, 0x1f, 0xff, 0xfe, 0xfe, 0xfc, 0xf8, 0xf0, 0xc0, 0x00, 0x00, 
	0x00, 0x00, 0x03, 0x0f, 0x1f, 0x3f, 0x7f, 0x7f, 0xff, 0xf8, 0xe0, 0xc0, 0xc0, 0x80, 0x81, 0x83, 
	0x83, 0x87, 0x0f, 0x1f, 0x3f, 0x3c, 0x78, 0xff, 0xff, 0xff, 0xff, 0x9f, 0x0f, 0x03, 0x00, 0x00, 
	0x00, 0x00, 0x00, 0x00, 0x00, 0x00, 0x00, 0x00, 0x00, 0x00, 0x01, 0x01, 0x01, 0x03, 0x03, 0x03, 
	0x03, 0x03, 0x03, 0x00, 0x00, 0x00, 0x00, 0x00, 0x01, 0x03, 0x03, 0x07, 0x0f, 0x1f, 0x1e, 0x0c
};
// 'fan', 32x32px
const unsigned char fas_32x32_fa_fan [] PROGMEM = {
	0x00, 0x00, 0x00, 0x00, 0x00, 0x00, 0x00, 0x00, 0x80, 0xe0, 0xf8, 0xfc, 0xfc, 0xfe, 0xff, 0xff, 
	0xff, 0x3f, 0x00, 0x00, 0x00, 0x00, 0x00, 0x00, 0x00, 0x00, 0x00, 0x00, 0x00, 0x00, 0x00, 0x00, 
	0xc0, 0xc0, 0xc0, 0xc0, 0xc0, 0xc0, 0x80, 0x80, 0xff, 0xff, 0xff, 0xff, 0xff, 0xff, 0x7f, 0x3f, 
	0x3f, 0x7f, 0xff, 0xff, 0xff, 0xff, 0xff, 0xff, 0xff, 0xfe, 0xfe, 0xfc, 0xfc, 0xf8, 0xe0, 0xc0, 
	0x03, 0x07, 0x1f, 0x3f, 0x3f, 0x7f, 0x7f, 0xff, 0xff, 0xff, 0xff, 0xff, 0xff, 0xff, 0xfe, 0xfc, 
	0xfc, 0xfe, 0xff, 0xff, 0xff, 0xff, 0xff, 0xff, 0x01, 0x01, 0x03, 0x03, 0x03, 0x03, 0x03, 0x03, 
	0x00, 0x00, 0x00, 0x00, 0x00, 0x00, 0x00, 0x00, 0x00, 0x00, 0x00, 0x00, 0x00, 0x00, 0xfc, 0xff, 
	0xff, 0xff, 0x7f, 0x3f, 0x3f, 0x1f, 0x07, 0x01, 0x00, 0x00, 0x00, 0x00, 0x00, 0x00, 0x00, 0x00
};
// 'fast-backward', 32x32px
const unsigned char fas_32x32_fa_fast_backward [] PROGMEM = {
	0xf0, 0xf0, 0xf0, 0xf0, 0x00, 0x00, 0x00, 0x00, 0x00, 0x00, 0x00, 0x80, 0xc0, 0xc0, 0xe0, 0xf0, 
	0xf0, 0xe0, 0x00, 0x00, 0x00, 0x00, 0x00, 0x00, 0x00, 0x80, 0xc0, 0xc0, 0xe0, 0xf0, 0xf0, 0xe0, 
	0xff, 0xff, 0xff, 0xff, 0xc0, 0xe0, 0xf0, 0xf8, 0xfc, 0xfe, 0xff, 0xff, 0xff, 0xff, 0xff, 0xff, 
	0xff, 0xff, 0xc0, 0xe0, 0xf0, 0xf8, 0xfc, 0xfe, 0xff, 0xff, 0xff, 0xff, 0xff, 0xff, 0xff, 0xff, 
	0xff, 0xff, 0xff, 0xff, 0x07, 0x07, 0x0f, 0x1f, 0x3f, 0x7f, 0xff, 0xff, 0xff, 0xff, 0xff, 0xff, 
	0xff, 0xff, 0x07, 0x07, 0x0f, 0x1f, 0x3f, 0x7f, 0xff, 0xff, 0xff, 0xff, 0xff, 0xff, 0xff, 0xff, 
	0x0f, 0x0f, 0x0f, 0x0f, 0x00, 0x00, 0x00, 0x00, 0x00, 0x00, 0x00, 0x01, 0x03, 0x03, 0x07, 0x0f, 
	0x0f, 0x07, 0x00, 0x00, 0x00, 0x00, 0x00, 0x00, 0x00, 0x01, 0x03, 0x03, 0x07, 0x0f, 0x0f, 0x07
};
// 'fast-forward', 32x32px
const unsigned char fas_32x32_fa_fast_forward [] PROGMEM = {
	0xe0, 0xf0, 0xf0, 0xe0, 0xc0, 0xc0, 0x80, 0x00, 0x00, 0x00, 0x00, 0x00, 0x00, 0x00, 0xe0, 0xf0, 
	0xf0, 0xe0, 0xc0, 0xc0, 0x80, 0x00, 0x00, 0x00, 0x00, 0x00, 0x00, 0x00, 0xf0, 0xf0, 0xf0, 0xf0, 
	0xff, 0xff, 0xff, 0xff, 0xff, 0xff, 0xff, 0xff, 0xfe, 0xfc, 0xf8, 0xf0, 0xe0, 0xe0, 0xff, 0xff, 
	0xff, 0xff, 0xff, 0xff, 0xff, 0xff, 0xfe, 0xfc, 0xf8, 0xf0, 0xe0, 0xe0, 0xff, 0xff, 0xff, 0xff, 
	0xff, 0xff, 0xff, 0xff, 0xff, 0xff, 0xff, 0xff, 0x7f, 0x3f, 0x1f, 0x0f, 0x07, 0x03, 0xff, 0xff, 
	0xff, 0xff, 0xff, 0xff, 0xff, 0xff, 0x7f, 0x3f, 0x1f, 0x0f, 0x07, 0x03, 0xff, 0xff, 0xff, 0xff, 
	0x07, 0x0f, 0x0f, 0x07, 0x03, 0x03, 0x01, 0x00, 0x00, 0x00, 0x00, 0x00, 0x00, 0x00, 0x07, 0x0f, 
	0x0f, 0x07, 0x03, 0x03, 0x01, 0x00, 0x00, 0x00, 0x00, 0x00, 0x00, 0x00, 0x0f, 0x0f, 0x0f, 0x0f
};
// 'faucet', 32x32px
const unsigned char fas_32x32_fa_faucet [] PROGMEM = {
	0x00, 0x00, 0x00, 0x00, 0xc0, 0xc0, 0xc0, 0xc0, 0xc0, 0xc0, 0x80, 0x80, 0xf0, 0xf0, 0xf0, 0xf0, 
	0x80, 0x80, 0xc0, 0xc0, 0xc0, 0xc0, 0xc0, 0xc0, 0x00, 0x00, 0x00, 0x00, 0x00, 0x00, 0x00, 0x00, 
	0x00, 0x00, 0x00, 0x00, 0x03, 0x03, 0x03, 0x03, 0x03, 0x83, 0x81, 0xc1, 0xf9, 0xf9, 0xf9, 0xf9, 
	0xc1, 0x81, 0x83, 0x03, 0x03, 0x03, 0x03, 0x03, 0x00, 0x00, 0x00, 0x00, 0x00, 0x00, 0x00, 0x00, 
	0xff, 0xff, 0xff, 0xff, 0xff, 0xff, 0xff, 0xff, 0xff, 0xff, 0xff, 0xff, 0xff, 0xff, 0xff, 0xff, 
	0xff, 0xff, 0xff, 0xff, 0xff, 0xff, 0xff, 0xff, 0xff, 0xfe, 0xfe, 0xfc, 0xfc, 0xf8, 0xe0, 0x80, 
	0x00, 0x00, 0x00, 0x00, 0x00, 0x00, 0x00, 0x01, 0x03, 0x07, 0x07, 0x0f, 0x0f, 0x0f, 0x0f, 0x0f, 
	0x0f, 0x07, 0x07, 0x03, 0x01, 0x00, 0x00, 0x01, 0x07, 0x0f, 0x0f, 0x0f, 0x0f, 0x0f, 0x0f, 0x07
};
// 'fax', 32x32px
const unsigned char fas_32x32_fa_fax [] PROGMEM = {
	0x00, 0x00, 0x00, 0x00, 0x00, 0x00, 0x00, 0x00, 0xfe, 0xff, 0xff, 0xff, 0x0f, 0x0f, 0x0f, 0x0f, 
	0x0f, 0x0f, 0x0f, 0x0f, 0x0f, 0x0f, 0xff, 0xff, 0xff, 0xff, 0xff, 0xfe, 0xfc, 0xf0, 0x00, 0x00, 
	0xfe, 0xff, 0xff, 0xff, 0xff, 0xfe, 0x00, 0x00, 0xff, 0xff, 0xff, 0xff, 0xf0, 0xf0, 0xf0, 0xf0, 
	0xf0, 0xf0, 0xf0, 0xf0, 0xf0, 0xf0, 0xf0, 0xf0, 0xf0, 0xf0, 0xff, 0xff, 0xff, 0xff, 0xfc, 0xf8, 
	0xff, 0xff, 0xff, 0xff, 0xff, 0xff, 0x00, 0x00, 0xff, 0xff, 0xff, 0xff, 0xff, 0xff, 0xf0, 0xf0, 
	0xf0, 0xf0, 0xff, 0xff, 0xff, 0xff, 0xf0, 0xf0, 0xf0, 0xf0, 0xff, 0xff, 0xff, 0xff, 0xff, 0xff, 
	0xff, 0xff, 0xff, 0xff, 0xff, 0x7f, 0x00, 0x00, 0x7f, 0xff, 0xff, 0xff, 0xff, 0xff, 0xf0, 0xf0, 
	0xf0, 0xf0, 0xff, 0xff, 0xff, 0xff, 0xf0, 0xf0, 0xf0, 0xf0, 0xff, 0xff, 0xff, 0xff, 0xff, 0xff
};
// 'feather', 32x32px
const unsigned char fas_32x32_fa_feather [] PROGMEM = {
	0x00, 0x00, 0x00, 0x00, 0x00, 0x00, 0x00, 0x00, 0x00, 0x00, 0x80, 0xc0, 0xe0, 0xf0, 0xf8, 0xf8, 
	0xfc, 0xfe, 0xfe, 0xff, 0xff, 0xff, 0xff, 0xff, 0xff, 0xff, 0xfe, 0xfe, 0xfc, 0xf8, 0xf0, 0xc0, 
	0x00, 0x00, 0x00, 0x00, 0x00, 0xe0, 0xf0, 0xfc, 0xfe, 0xff, 0xff, 0xff, 0x7f, 0x3f, 0x9f, 0xcf, 
	0xef, 0xff, 0xff, 0xff, 0xff, 0xff, 0xff, 0xff, 0xff, 0xff, 0xff, 0xff, 0xff, 0xff, 0x7f, 0x1f, 
	0x00, 0x00, 0x00, 0x00, 0x3f, 0x3f, 0x9f, 0xcf, 0xe7, 0xf3, 0xf9, 0xfc, 0xfe, 0xff, 0xff, 0xff, 
	0xff, 0xff, 0x7f, 0x7f, 0x7f, 0x3f, 0x3f, 0x3f, 0x1d, 0x1d, 0x0d, 0x04, 0x00, 0x00, 0x00, 0x00, 
	0xe0, 0xf0, 0xf8, 0x7c, 0x3e, 0x1f, 0x0f, 0x0f, 0x0f, 0x0f, 0x0f, 0x0f, 0x0f, 0x0f, 0x0f, 0x0f, 
	0x07, 0x07, 0x07, 0x03, 0x01, 0x00, 0x00, 0x00, 0x00, 0x00, 0x00, 0x00, 0x00, 0x00, 0x00, 0x00
};
// 'feather-alt', 32x32px
const unsigned char fas_32x32_fa_feather_alt [] PROGMEM = {
	0x00, 0x00, 0x00, 0x00, 0x00, 0x00, 0x00, 0x00, 0x00, 0x00, 0x80, 0xc0, 0xc0, 0xe0, 0xe0, 0xf0, 
	0xf0, 0xf8, 0xf8, 0xfc, 0xfc, 0xfc, 0xfc, 0xfe, 0xfe, 0xfe, 0xfe, 0xff, 0xff, 0xff, 0xff, 0x1f, 
	0x00, 0x00, 0x00, 0x00, 0x00, 0xc0, 0xf0, 0xfc, 0xfe, 0xff, 0xff, 0xff, 0x7f, 0x3f, 0x9f, 0xcf, 
	0xef, 0xff, 0xff, 0xff, 0xff, 0xff, 0xff, 0xff, 0xff, 0xff, 0xff, 0x7f, 0x7f, 0x1f, 0x01, 0x00, 
	0x00, 0x00, 0x00, 0x00, 0x3e, 0x3f, 0x9f, 0xcf, 0xe7, 0xf3, 0xf9, 0xfc, 0xfe, 0xff, 0xff, 0xff, 
	0xff, 0xff, 0x7f, 0x7f, 0x7f, 0x3f, 0x3f, 0x3d, 0x1d, 0x1c, 0x04, 0x00, 0x00, 0x00, 0x00, 0x00, 
	0xe0, 0xf0, 0xf8, 0x7c, 0x3e, 0x1f, 0x0f, 0x0f, 0x0f, 0x0f, 0x0f, 0x0f, 0x0f, 0x0f, 0x0f, 0x07, 
	0x07, 0x07, 0x03, 0x03, 0x01, 0x01, 0x00, 0x00, 0x00, 0x00, 0x00, 0x00, 0x00, 0x00, 0x00, 0x00
};
// 'female', 32x32px
const unsigned char fas_32x32_fa_female [] PROGMEM = {
	0x00, 0x00, 0x00, 0x00, 0x00, 0x00, 0x00, 0x00, 0x00, 0x00, 0x00, 0x00, 0x3c, 0x7e, 0xff, 0xff, 
	0xff, 0xff, 0x7e, 0x3c, 0x00, 0x00, 0x00, 0x00, 0x00, 0x00, 0x00, 0x00, 0x00, 0x00, 0x00, 0x00, 
	0x00, 0x00, 0x00, 0x00, 0x00, 0x00, 0x00, 0x00, 0x00, 0x00, 0xc0, 0xfc, 0xfe, 0xfe, 0xfe, 0xfe, 
	0xfe, 0xfe, 0xfe, 0xfe, 0xfc, 0xc0, 0x00, 0x00, 0x00, 0x00, 0x00, 0x00, 0x00, 0x00, 0x00, 0x00, 
	0x00, 0x00, 0x00, 0x00, 0x00, 0x00, 0x00, 0x00, 0x40, 0xfc, 0xff, 0xff, 0xff, 0xff, 0xff, 0xff, 
	0xff, 0xff, 0xff, 0xff, 0xff, 0xff, 0xfc, 0x40, 0x00, 0x00, 0x00, 0x00, 0x00, 0x00, 0x00, 0x00, 
	0x00, 0x00, 0x00, 0x00, 0x00, 0x00, 0x00, 0x00, 0x00, 0x00, 0x00, 0x00, 0x00, 0x3f, 0xff, 0xff, 
	0xff, 0xff, 0x3f, 0x00, 0x00, 0x00, 0x00, 0x00, 0x00, 0x00, 0x00, 0x00, 0x00, 0x00, 0x00, 0x00
};
// 'fighter-jet', 32x32px
const unsigned char fas_32x32_fa_fighter_jet [] PROGMEM = {
	0x00, 0x00, 0x00, 0x00, 0x00, 0x00, 0x00, 0x00, 0xe0, 0xe0, 0xe0, 0xe0, 0x80, 0x00, 0x00, 0x00, 
	0x00, 0x00, 0x00, 0x00, 0x00, 0x00, 0x00, 0x00, 0x00, 0x00, 0x00, 0x00, 0x00, 0x00, 0x00, 0x00, 
	0x9c, 0xfe, 0xfc, 0xfc, 0xf0, 0xe0, 0xc0, 0xc0, 0xff, 0xff, 0xff, 0xff, 0xff, 0xff, 0xfe, 0xfc, 
	0xf0, 0xe0, 0xe0, 0xe0, 0xe0, 0xc0, 0xc0, 0xc0, 0xc0, 0xc0, 0xc0, 0xc0, 0x80, 0x80, 0x80, 0x80, 
	0x39, 0x7f, 0x3f, 0x3f, 0x0f, 0x07, 0x03, 0x03, 0xff, 0xff, 0xff, 0xff, 0xff, 0xff, 0x7f, 0x1f, 
	0x0f, 0x07, 0x07, 0x07, 0x07, 0x03, 0x03, 0x03, 0x03, 0x03, 0x03, 0x03, 0x01, 0x01, 0x01, 0x01, 
	0x00, 0x00, 0x00, 0x00, 0x00, 0x00, 0x00, 0x00, 0x07, 0x07, 0x07, 0x07, 0x01, 0x00, 0x00, 0x00, 
	0x00, 0x00, 0x00, 0x00, 0x00, 0x00, 0x00, 0x00, 0x00, 0x00, 0x00, 0x00, 0x00, 0x00, 0x00, 0x00
};
// 'file', 32x32px
const unsigned char fas_32x32_fa_file [] PROGMEM = {
	0x00, 0x00, 0x00, 0x00, 0xff, 0xff, 0xff, 0xff, 0xff, 0xff, 0xff, 0xff, 0xff, 0xff, 0xff, 0xff, 
	0xff, 0xff, 0x00, 0x00, 0xff, 0xff, 0xfe, 0xfc, 0xf8, 0xf0, 0xe0, 0xc0, 0x00, 0x00, 0x00, 0x00, 
	0x00, 0x00, 0x00, 0x00, 0xff, 0xff, 0xff, 0xff, 0xff, 0xff, 0xff, 0xff, 0xff, 0xff, 0xff, 0xff, 
	0xff, 0xff, 0xfe, 0xfc, 0xfc, 0xfc, 0xfc, 0xfc, 0xfc, 0xfc, 0xfc, 0xfc, 0x00, 0x00, 0x00, 0x00, 
	0x00, 0x00, 0x00, 0x00, 0xff, 0xff, 0xff, 0xff, 0xff, 0xff, 0xff, 0xff, 0xff, 0xff, 0xff, 0xff, 
	0xff, 0xff, 0xff, 0xff, 0xff, 0xff, 0xff, 0xff, 0xff, 0xff, 0xff, 0xff, 0x00, 0x00, 0x00, 0x00, 
	0x00, 0x00, 0x00, 0x00, 0xff, 0xff, 0xff, 0xff, 0xff, 0xff, 0xff, 0xff, 0xff, 0xff, 0xff, 0xff, 
	0xff, 0xff, 0xff, 0xff, 0xff, 0xff, 0xff, 0xff, 0xff, 0xff, 0xff, 0xff, 0x00, 0x00, 0x00, 0x00
};
// 'file-alt', 32x32px
const unsigned char fas_32x32_fa_file_alt [] PROGMEM = {
	0x00, 0x00, 0x00, 0x00, 0xff, 0xff, 0xff, 0xff, 0xff, 0xff, 0xff, 0xff, 0xff, 0xff, 0xff, 0xff, 
	0xff, 0xff, 0x00, 0x00, 0xff, 0xff, 0xfe, 0xfc, 0xf8, 0xf0, 0xe0, 0xc0, 0x00, 0x00, 0x00, 0x00, 
	0x00, 0x00, 0x00, 0x00, 0xff, 0xff, 0xff, 0xff, 0xff, 0xff, 0x3f, 0x3f, 0x3f, 0x3f, 0x3f, 0x3f, 
	0x3f, 0x3f, 0x3e, 0x3c, 0x3c, 0x3c, 0xfc, 0xfc, 0xfc, 0xfc, 0xfc, 0xfc, 0x00, 0x00, 0x00, 0x00, 
	0x00, 0x00, 0x00, 0x00, 0xff, 0xff, 0xff, 0xff, 0xff, 0xff, 0x33, 0x33, 0x33, 0x33, 0x33, 0x33, 
	0x33, 0x33, 0x33, 0x33, 0x33, 0x33, 0xff, 0xff, 0xff, 0xff, 0xff, 0xff, 0x00, 0x00, 0x00, 0x00, 
	0x00, 0x00, 0x00, 0x00, 0xff, 0xff, 0xff, 0xff, 0xff, 0xff, 0xff, 0xff, 0xff, 0xff, 0xff, 0xff, 
	0xff, 0xff, 0xff, 0xff, 0xff, 0xff, 0xff, 0xff, 0xff, 0xff, 0xff, 0xff, 0x00, 0x00, 0x00, 0x00
};
// 'file-archive', 32x32px
const unsigned char fas_32x32_fa_file_archive [] PROGMEM = {
	0x00, 0x00, 0x00, 0x00, 0xff, 0xff, 0xff, 0xff, 0xff, 0xff, 0x33, 0x33, 0xcc, 0xcc, 0xff, 0xff, 
	0xff, 0xff, 0x00, 0x00, 0xff, 0xff, 0xfe, 0xfc, 0xf8, 0xf0, 0xe0, 0xc0, 0x00, 0x00, 0x00, 0x00, 
	0x00, 0x00, 0x00, 0x00, 0xff, 0xff, 0xff, 0xff, 0xff, 0xff, 0x33, 0x33, 0xcc, 0xcc, 0xff, 0xff, 
	0xff, 0xff, 0xfe, 0xfc, 0xfc, 0xfc, 0xfc, 0xfc, 0xfc, 0xfc, 0xfc, 0xfc, 0x00, 0x00, 0x00, 0x00, 
	0x00, 0x00, 0x00, 0x00, 0xff, 0xff, 0xff, 0xff, 0xff, 0x07, 0xc0, 0xe0, 0xe0, 0xc0, 0x07, 0xff, 
	0xff, 0xff, 0xff, 0xff, 0xff, 0xff, 0xff, 0xff, 0xff, 0xff, 0xff, 0xff, 0x00, 0x00, 0x00, 0x00, 
	0x00, 0x00, 0x00, 0x00, 0xff, 0xff, 0xff, 0xff, 0xff, 0xfe, 0xfc, 0xfc, 0xfc, 0xfc, 0xfe, 0xff, 
	0xff, 0xff, 0xff, 0xff, 0xff, 0xff, 0xff, 0xff, 0xff, 0xff, 0xff, 0xff, 0x00, 0x00, 0x00, 0x00
};
// 'file-audio', 32x32px
const unsigned char fas_32x32_fa_file_audio [] PROGMEM = {
	0x00, 0x00, 0x00, 0x00, 0xff, 0xff, 0xff, 0xff, 0xff, 0xff, 0xff, 0xff, 0xff, 0xff, 0xff, 0xff, 
	0xff, 0xff, 0x00, 0x00, 0xff, 0xff, 0xfe, 0xfc, 0xf8, 0xf0, 0xe0, 0xc0, 0x00, 0x00, 0x00, 0x00, 
	0x00, 0x00, 0x00, 0x00, 0xff, 0xff, 0xff, 0xff, 0xff, 0xff, 0xff, 0xff, 0xff, 0xff, 0xff, 0xff, 
	0xff, 0xff, 0xfe, 0x7c, 0x7c, 0x7c, 0xfc, 0xfc, 0xfc, 0xfc, 0xfc, 0xfc, 0x00, 0x00, 0x00, 0x00, 
	0x00, 0x00, 0x00, 0x00, 0xff, 0xff, 0xff, 0xff, 0x87, 0x87, 0x03, 0x03, 0x01, 0x00, 0xff, 0xff, 
	0x03, 0x03, 0x07, 0xfe, 0xf8, 0x00, 0x00, 0x03, 0xff, 0xff, 0xff, 0xff, 0x00, 0x00, 0x00, 0x00, 
	0x00, 0x00, 0x00, 0x00, 0xff, 0xff, 0xff, 0xff, 0xff, 0xff, 0xff, 0xff, 0xfe, 0xfc, 0xff, 0xff, 
	0xfe, 0xfe, 0xff, 0xf1, 0xf0, 0xf8, 0xfc, 0xff, 0xff, 0xff, 0xff, 0xff, 0x00, 0x00, 0x00, 0x00
};
// 'file-code', 32x32px
const unsigned char fas_32x32_fa_file_code [] PROGMEM = {
	0x00, 0x00, 0x00, 0x00, 0xff, 0xff, 0xff, 0xff, 0xff, 0xff, 0xff, 0xff, 0xff, 0xff, 0xff, 0xff, 
	0xff, 0xff, 0x00, 0x00, 0xff, 0xff, 0xfe, 0xfc, 0xf8, 0xf0, 0xe0, 0xc0, 0x00, 0x00, 0x00, 0x00, 
	0x00, 0x00, 0x00, 0x00, 0xff, 0xff, 0xff, 0xff, 0xff, 0xff, 0xff, 0xff, 0xff, 0xff, 0xff, 0xff, 
	0x7f, 0x3f, 0x3e, 0xfc, 0xfc, 0xfc, 0xfc, 0xfc, 0xfc, 0xfc, 0xfc, 0xfc, 0x00, 0x00, 0x00, 0x00, 
	0x00, 0x00, 0x00, 0x00, 0xff, 0xff, 0xff, 0xff, 0xcf, 0x87, 0x03, 0x31, 0x7b, 0xff, 0x3f, 0x07, 
	0x00, 0xf0, 0xfe, 0x7b, 0x31, 0x03, 0x87, 0x87, 0xcf, 0xff, 0xff, 0xff, 0x00, 0x00, 0x00, 0x00, 
	0x00, 0x00, 0x00, 0x00, 0xff, 0xff, 0xff, 0xff, 0xff, 0xff, 0xff, 0xfe, 0xff, 0xf3, 0xf0, 0xf8, 
	0xff, 0xff, 0xff, 0xff, 0xfe, 0xff, 0xff, 0xff, 0xff, 0xff, 0xff, 0xff, 0x00, 0x00, 0x00, 0x00
};
// 'file-contract', 32x32px
const unsigned char fas_32x32_fa_file_contract [] PROGMEM = {
	0x00, 0x00, 0x00, 0x00, 0xff, 0xff, 0xff, 0xff, 0xcf, 0xcf, 0xcf, 0xcf, 0xcf, 0xcf, 0xff, 0xff, 
	0xff, 0xff, 0x00, 0x00, 0xff, 0xff, 0xfe, 0xfc, 0xf8, 0xf0, 0xe0, 0xc0, 0x00, 0x00, 0x00, 0x00, 
	0x00, 0x00, 0x00, 0x00, 0xff, 0xff, 0xff, 0xff, 0xfc, 0xfc, 0xfc, 0xfc, 0xfc, 0xfc, 0xff, 0xff, 
	0xff, 0xff, 0xfe, 0xfc, 0xfc, 0xfc, 0xfc, 0xfc, 0xfc, 0xfc, 0xfc, 0xfc, 0x00, 0x00, 0x00, 0x00, 
	0x00, 0x00, 0x00, 0x00, 0xff, 0xff, 0xff, 0xff, 0xff, 0xff, 0x7f, 0x1f, 0x87, 0x87, 0x1f, 0x3f, 
	0x3f, 0x3f, 0x7f, 0xff, 0xff, 0xff, 0xff, 0xff, 0xff, 0xff, 0xff, 0xff, 0x00, 0x00, 0x00, 0x00, 
	0x00, 0x00, 0x00, 0x00, 0xff, 0xff, 0xff, 0xff, 0xfc, 0xfc, 0xfc, 0xfe, 0xff, 0xff, 0xfc, 0xfc, 
	0xff, 0xff, 0xfe, 0xfc, 0xfc, 0xfc, 0xfc, 0xfc, 0xff, 0xff, 0xff, 0xff, 0x00, 0x00, 0x00, 0x00
};
// 'file-csv', 32x32px
const unsigned char fas_32x32_fa_file_csv [] PROGMEM = {
	0x00, 0x00, 0x00, 0x00, 0xff, 0xff, 0xff, 0xff, 0xff, 0xff, 0xff, 0xff, 0xff, 0xff, 0xff, 0xff, 
	0xff, 0xff, 0x00, 0x00, 0xff, 0xff, 0xfe, 0xfc, 0xf8, 0xf0, 0xe0, 0xc0, 0x00, 0x00, 0x00, 0x00, 
	0x00, 0x00, 0x00, 0x00, 0xff, 0xff, 0xff, 0xff, 0xff, 0xff, 0xff, 0xff, 0xff, 0xff, 0xff, 0xff, 
	0xff, 0xff, 0xfe, 0xfc, 0xfc, 0xfc, 0xfc, 0xfc, 0xfc, 0xfc, 0xfc, 0xfc, 0x00, 0x00, 0x00, 0x00, 
	0x00, 0x00, 0x00, 0x00, 0xff, 0xff, 0xff, 0xff, 0x81, 0x81, 0x3c, 0x3c, 0xff, 0xf1, 0x20, 0x04, 
	0x8c, 0xff, 0xe0, 0x80, 0x0f, 0x0f, 0x80, 0xe0, 0xff, 0xff, 0xff, 0xff, 0x00, 0x00, 0x00, 0x00, 
	0x00, 0x00, 0x00, 0x00, 0xff, 0xff, 0xff, 0xff, 0xff, 0xff, 0xff, 0xff, 0xff, 0xff, 0xff, 0xff, 
	0xff, 0xff, 0xff, 0xff, 0xff, 0xff, 0xff, 0xff, 0xff, 0xff, 0xff, 0xff, 0x00, 0x00, 0x00, 0x00
};
// 'file-download', 32x32px
const unsigned char fas_32x32_fa_file_download [] PROGMEM = {
	0x00, 0x00, 0x00, 0x00, 0xff, 0xff, 0xff, 0xff, 0xff, 0xff, 0xff, 0xff, 0xff, 0xff, 0xff, 0xff, 
	0xff, 0xff, 0x00, 0x00, 0xff, 0xff, 0xfe, 0xfc, 0xf8, 0xf0, 0xe0, 0xc0, 0x00, 0x00, 0x00, 0x00, 
	0x00, 0x00, 0x00, 0x00, 0xff, 0xff, 0xff, 0xff, 0xff, 0xff, 0xff, 0xff, 0xff, 0xff, 0x3f, 0x3f, 
	0x3f, 0x3f, 0xfe, 0xfc, 0xfc, 0xfc, 0xfc, 0xfc, 0xfc, 0xfc, 0xfc, 0xfc, 0x00, 0x00, 0x00, 0x00, 
	0x00, 0x00, 0x00, 0x00, 0xff, 0xff, 0xff, 0xff, 0xff, 0xcf, 0x8f, 0x0f, 0x0f, 0x0f, 0x00, 0x00, 
	0x00, 0x00, 0x0f, 0x0f, 0x0f, 0x8f, 0xcf, 0xff, 0xff, 0xff, 0xff, 0xff, 0x00, 0x00, 0x00, 0x00, 
	0x00, 0x00, 0x00, 0x00, 0xff, 0xff, 0xff, 0xff, 0xff, 0xff, 0xff, 0xff, 0xfe, 0xfc, 0xf8, 0xf0, 
	0xf0, 0xf8, 0xfc, 0xfe, 0xff, 0xff, 0xff, 0xff, 0xff, 0xff, 0xff, 0xff, 0x00, 0x00, 0x00, 0x00
};
// 'file-excel', 32x32px
const unsigned char fas_32x32_fa_file_excel [] PROGMEM = {
	0x00, 0x00, 0x00, 0x00, 0xff, 0xff, 0xff, 0xff, 0xff, 0xff, 0xff, 0xff, 0xff, 0xff, 0xff, 0xff, 
	0xff, 0xff, 0x00, 0x00, 0xff, 0xff, 0xfe, 0xfc, 0xf8, 0xf0, 0xe0, 0xc0, 0x00, 0x00, 0x00, 0x00, 
	0x00, 0x00, 0x00, 0x00, 0xff, 0xff, 0xff, 0xff, 0xff, 0xff, 0xbf, 0x3f, 0x3f, 0x3f, 0xff, 0xff, 
	0xff, 0xff, 0x3e, 0x3c, 0x3c, 0xbc, 0xfc, 0xfc, 0xfc, 0xfc, 0xfc, 0xfc, 0x00, 0x00, 0x00, 0x00, 
	0x00, 0x00, 0x00, 0x00, 0xff, 0xff, 0xff, 0xff, 0xff, 0xff, 0xff, 0xfe, 0x78, 0x30, 0x00, 0x03, 
	0x03, 0x00, 0x30, 0x78, 0xfe, 0xff, 0xff, 0xff, 0xff, 0xff, 0xff, 0xff, 0x00, 0x00, 0x00, 0x00, 
	0x00, 0x00, 0x00, 0x00, 0xff, 0xff, 0xff, 0xff, 0xff, 0xff, 0xf7, 0xf1, 0xf0, 0xf0, 0xfc, 0xff, 
	0xff, 0xfc, 0xf0, 0xf0, 0xf1, 0xf7, 0xff, 0xff, 0xff, 0xff, 0xff, 0xff, 0x00, 0x00, 0x00, 0x00
};
// 'file-export', 32x32px
const unsigned char fas_32x32_fa_file_export [] PROGMEM = {
	0xfc, 0xfc, 0xfc, 0xfc, 0xfc, 0xfc, 0xfc, 0xfc, 0xfc, 0xfc, 0xfc, 0xfc, 0x00, 0x00, 0xfc, 0xfc, 
	0xf8, 0xf0, 0xe0, 0xc0, 0x80, 0x00, 0x00, 0x00, 0x00, 0x00, 0x00, 0x00, 0x00, 0x00, 0x00, 0x00, 
	0xff, 0xff, 0xff, 0xff, 0xff, 0xff, 0xff, 0xff, 0xff, 0xff, 0xff, 0xff, 0xfe, 0xf8, 0xf9, 0xf9, 
	0xf9, 0xf9, 0xf9, 0xf9, 0xf9, 0x00, 0x00, 0x00, 0x00, 0xe0, 0xc0, 0x80, 0x00, 0x00, 0x00, 0x00, 
	0xff, 0xff, 0xff, 0xff, 0xff, 0xff, 0xff, 0xff, 0xff, 0xff, 0xff, 0xe3, 0xe3, 0xe3, 0xe3, 0xe3, 
	0xe3, 0xe3, 0xe3, 0xe3, 0xe3, 0x1c, 0x1c, 0x1c, 0x1c, 0xff, 0xff, 0xff, 0x7f, 0x3e, 0x1c, 0x1c, 
	0x3f, 0x3f, 0x3f, 0x3f, 0x3f, 0x3f, 0x3f, 0x3f, 0x3f, 0x3f, 0x3f, 0x3f, 0x3f, 0x3f, 0x3f, 0x3f, 
	0x3f, 0x3f, 0x3f, 0x3f, 0x3f, 0x00, 0x00, 0x00, 0x00, 0x03, 0x01, 0x00, 0x00, 0x00, 0x00, 0x00
};
// 'file-image', 32x32px
const unsigned char fas_32x32_fa_file_image [] PROGMEM = {
	0x00, 0x00, 0x00, 0x00, 0xff, 0xff, 0xff, 0xff, 0xff, 0xff, 0xff, 0xff, 0xff, 0xff, 0xff, 0xff, 
	0xff, 0xff, 0x00, 0x00, 0xff, 0xff, 0xfe, 0xfc, 0xf8, 0xf0, 0xe0, 0xc0, 0x00, 0x00, 0x00, 0x00, 
	0x00, 0x00, 0x00, 0x00, 0xff, 0xff, 0xff, 0xff, 0x9f, 0x0f, 0x07, 0x07, 0x07, 0x0f, 0xff, 0xff, 
	0xff, 0xff, 0xfe, 0xfc, 0xfc, 0xfc, 0xfc, 0xfc, 0xfc, 0xfc, 0xfc, 0xfc, 0x00, 0x00, 0x00, 0x00, 
	0x00, 0x00, 0x00, 0x00, 0xff, 0xff, 0xff, 0xff, 0x7f, 0x3f, 0x1e, 0x1e, 0x3e, 0x7f, 0x7f, 0x3f, 
	0x1f, 0x0f, 0x07, 0x03, 0x01, 0x01, 0x03, 0x07, 0xff, 0xff, 0xff, 0xff, 0x00, 0x00, 0x00, 0x00, 
	0x00, 0x00, 0x00, 0x00, 0xff, 0xff, 0xff, 0xff, 0xfc, 0xfc, 0xfc, 0xfc, 0xfc, 0xfc, 0xfc, 0xfc, 
	0xfc, 0xfc, 0xfc, 0xfc, 0xfc, 0xfc, 0xfc, 0xfc, 0xff, 0xff, 0xff, 0xff, 0x00, 0x00, 0x00, 0x00
};
// 'file-import', 32x32px
const unsigned char fas_32x32_fa_file_import [] PROGMEM = {
	0x00, 0x00, 0x00, 0x00, 0x00, 0x00, 0x00, 0x00, 0xff, 0xff, 0xff, 0xff, 0xff, 0xff, 0xff, 0xff, 
	0xff, 0xff, 0xff, 0xff, 0xff, 0xff, 0x00, 0x00, 0xff, 0xff, 0xfe, 0xfc, 0xf8, 0xf0, 0xe0, 0xc0, 
	0x00, 0x00, 0x00, 0x00, 0x00, 0x00, 0x00, 0x00, 0xff, 0xff, 0xff, 0xff, 0xff, 0xff, 0xff, 0xff, 
	0x1f, 0x1f, 0x3f, 0x7f, 0xff, 0xff, 0xfe, 0xfc, 0xfc, 0xfc, 0xfc, 0xfc, 0xfc, 0xfc, 0xfc, 0xfc, 
	0x3c, 0x3c, 0x3c, 0x3c, 0x3c, 0x3c, 0x3c, 0x3c, 0xc3, 0xc3, 0xc3, 0xc3, 0xc3, 0xc3, 0xc3, 0xc3, 
	0x00, 0x00, 0x00, 0x00, 0x00, 0x81, 0xc3, 0xe7, 0xff, 0xff, 0xff, 0xff, 0xff, 0xff, 0xff, 0xff, 
	0x00, 0x00, 0x00, 0x00, 0x00, 0x00, 0x00, 0x00, 0xff, 0xff, 0xff, 0xff, 0xff, 0xff, 0xff, 0xff, 
	0xf8, 0xf8, 0xfc, 0xfe, 0xff, 0xff, 0xff, 0xff, 0xff, 0xff, 0xff, 0xff, 0xff, 0xff, 0xff, 0xff
};
// 'file-invoice', 32x32px
const unsigned char fas_32x32_fa_file_invoice [] PROGMEM = {
	0x00, 0x00, 0x00, 0x00, 0xff, 0xff, 0xff, 0xff, 0xcf, 0xcf, 0xcf, 0xcf, 0xcf, 0xcf, 0xff, 0xff, 
	0xff, 0xff, 0x00, 0x00, 0xff, 0xff, 0xfe, 0xfc, 0xf8, 0xf0, 0xe0, 0xc0, 0x00, 0x00, 0x00, 0x00, 
	0x00, 0x00, 0x00, 0x00, 0xff, 0xff, 0xff, 0xff, 0x3c, 0x3c, 0x3c, 0x3c, 0x3c, 0x3c, 0x3f, 0x3f, 
	0x3f, 0x3f, 0x3e, 0x3c, 0x3c, 0x3c, 0x3c, 0x3c, 0xfc, 0xfc, 0xfc, 0xfc, 0x00, 0x00, 0x00, 0x00, 
	0x00, 0x00, 0x00, 0x00, 0xff, 0xff, 0xff, 0xff, 0xc0, 0xc0, 0xcf, 0xcf, 0xcf, 0xcf, 0xcf, 0xcf, 
	0xcf, 0xcf, 0xcf, 0xcf, 0xcf, 0xcf, 0xc0, 0xc0, 0xff, 0xff, 0xff, 0xff, 0x00, 0x00, 0x00, 0x00, 
	0x00, 0x00, 0x00, 0x00, 0xff, 0xff, 0xff, 0xff, 0xff, 0xff, 0xff, 0xff, 0xff, 0xff, 0xff, 0xff, 
	0xff, 0xff, 0xf3, 0xf3, 0xf3, 0xf3, 0xf3, 0xf3, 0xff, 0xff, 0xff, 0xff, 0x00, 0x00, 0x00, 0x00
};
// 'file-invoice-dollar', 32x32px
const unsigned char fas_32x32_fa_file_invoice_dollar [] PROGMEM = {
	0x00, 0x00, 0x00, 0x00, 0xff, 0xff, 0xff, 0xff, 0xcf, 0xcf, 0xcf, 0xcf, 0xcf, 0xcf, 0xff, 0xff, 
	0xff, 0xff, 0x00, 0x00, 0xff, 0xff, 0xfe, 0xfc, 0xf8, 0xf0, 0xe0, 0xc0, 0x00, 0x00, 0x00, 0x00, 
	0x00, 0x00, 0x00, 0x00, 0xff, 0xff, 0xff, 0xff, 0xfc, 0xfc, 0xfc, 0xfc, 0xfc, 0xfc, 0xff, 0x3f, 
	0x3f, 0xff, 0xfe, 0xfc, 0xfc, 0xfc, 0xfc, 0xfc, 0xfc, 0xfc, 0xfc, 0xfc, 0x00, 0x00, 0x00, 0x00, 
	0x00, 0x00, 0x00, 0x00, 0xff, 0xff, 0xff, 0xff, 0xff, 0xff, 0xff, 0xff, 0xf3, 0xe1, 0xc4, 0xcc, 
	0xcc, 0x8c, 0x1d, 0x3f, 0xff, 0xff, 0xff, 0xff, 0xff, 0xff, 0xff, 0xff, 0x00, 0x00, 0x00, 0x00, 
	0x00, 0x00, 0x00, 0x00, 0xff, 0xff, 0xff, 0xff, 0xff, 0xff, 0xff, 0xff, 0xff, 0xfe, 0xfc, 0xf0, 
	0xf0, 0xfc, 0xfe, 0xff, 0xff, 0xff, 0xff, 0xff, 0xff, 0xff, 0xff, 0xff, 0x00, 0x00, 0x00, 0x00
};
// 'file-medical', 32x32px
const unsigned char fas_32x32_fa_file_medical [] PROGMEM = {
	0x00, 0x00, 0x00, 0x00, 0xff, 0xff, 0xff, 0xff, 0xff, 0xff, 0xff, 0xff, 0xff, 0xff, 0xff, 0xff, 
	0xff, 0xff, 0x00, 0x00, 0xff, 0xff, 0xfe, 0xfc, 0xf8, 0xf0, 0xe0, 0xc0, 0x00, 0x00, 0x00, 0x00, 
	0x00, 0x00, 0x00, 0x00, 0xff, 0xff, 0xff, 0xff, 0xff, 0xff, 0xff, 0xff, 0xff, 0xff, 0x3f, 0x3f, 
	0x3f, 0x3f, 0xfe, 0xfc, 0xfc, 0xfc, 0xfc, 0xfc, 0xfc, 0xfc, 0xfc, 0xfc, 0x00, 0x00, 0x00, 0x00, 
	0x00, 0x00, 0x00, 0x00, 0xff, 0xff, 0xff, 0xff, 0xff, 0xff, 0xc3, 0xc3, 0xc3, 0xc3, 0x00, 0x00, 
	0x00, 0x00, 0xc3, 0xc3, 0xc3, 0xc3, 0xff, 0xff, 0xff, 0xff, 0xff, 0xff, 0x00, 0x00, 0x00, 0x00, 
	0x00, 0x00, 0x00, 0x00, 0xff, 0xff, 0xff, 0xff, 0xff, 0xff, 0xff, 0xff, 0xff, 0xff, 0xfc, 0xfc, 
	0xfc, 0xfc, 0xff, 0xff, 0xff, 0xff, 0xff, 0xff, 0xff, 0xff, 0xff, 0xff, 0x00, 0x00, 0x00, 0x00
};
// 'file-medical-alt', 32x32px
const unsigned char fas_32x32_fa_file_medical_alt [] PROGMEM = {
	0x00, 0x00, 0x00, 0x00, 0x00, 0x00, 0xff, 0xff, 0xff, 0xff, 0xff, 0xff, 0xff, 0xff, 0xff, 0xff, 
	0xff, 0xff, 0xff, 0xff, 0x00, 0x00, 0xff, 0xff, 0xfe, 0xfc, 0xf8, 0xf0, 0xe0, 0xc0, 0x00, 0x00, 
	0x00, 0x00, 0x00, 0x00, 0x00, 0x00, 0xff, 0xff, 0xff, 0xff, 0xff, 0xff, 0xff, 0xff, 0xff, 0xff, 
	0x3f, 0x3f, 0xff, 0xff, 0xfe, 0xfc, 0xfc, 0xfc, 0xfc, 0xfc, 0xfc, 0xfc, 0xfc, 0xfc, 0x00, 0x00, 
	0x00, 0x00, 0x03, 0x03, 0x03, 0x03, 0xf3, 0xf3, 0xf3, 0xf3, 0xf3, 0xc3, 0x0f, 0x0f, 0xc3, 0xf0, 
	0xfc, 0xfc, 0xf0, 0xf3, 0xf3, 0xf3, 0xf3, 0xf3, 0xf3, 0xff, 0xff, 0xff, 0xff, 0xff, 0x00, 0x00, 
	0x00, 0x00, 0x00, 0x00, 0x00, 0x00, 0xff, 0xff, 0xff, 0xff, 0xff, 0xff, 0xff, 0xff, 0xff, 0xff, 
	0xff, 0xff, 0xff, 0xff, 0xff, 0xff, 0xff, 0xff, 0xff, 0xff, 0xff, 0xff, 0xff, 0xff, 0x00, 0x00
};
// 'file-pdf', 32x32px
const unsigned char fas_32x32_fa_file_pdf [] PROGMEM = {
	0x00, 0x00, 0x00, 0x00, 0xff, 0xff, 0xff, 0xff, 0xff, 0xff, 0xff, 0xff, 0xff, 0xff, 0xff, 0xff, 
	0xff, 0xff, 0x00, 0x00, 0xff, 0xff, 0xfe, 0xfc, 0xf8, 0xf0, 0xe0, 0xc0, 0x00, 0x00, 0x00, 0x00, 
	0x00, 0x00, 0x00, 0x00, 0xff, 0xff, 0xff, 0xff, 0xff, 0xff, 0xff, 0xff, 0xff, 0xff, 0x0f, 0x0f, 
	0x1f, 0xff, 0xfe, 0xfc, 0xfc, 0xfc, 0xfc, 0xfc, 0xfc, 0xfc, 0xfc, 0xfc, 0x00, 0x00, 0x00, 0x00, 
	0x00, 0x00, 0x00, 0x00, 0xff, 0xff, 0xff, 0xff, 0xff, 0xff, 0xff, 0x7f, 0x3f, 0x0f, 0x20, 0xb0, 
	0xa3, 0x87, 0x8f, 0x9f, 0x1f, 0x1f, 0x1f, 0x9f, 0xff, 0xff, 0xff, 0xff, 0x00, 0x00, 0x00, 0x00, 
	0x00, 0x00, 0x00, 0x00, 0xff, 0xff, 0xff, 0xff, 0xfb, 0xf1, 0xf0, 0xf8, 0xfc, 0xff, 0xff, 0xff, 
	0xff, 0xff, 0xff, 0xff, 0xff, 0xff, 0xff, 0xff, 0xff, 0xff, 0xff, 0xff, 0x00, 0x00, 0x00, 0x00
};
// 'file-powerpoint', 32x32px
const unsigned char fas_32x32_fa_file_powerpoint [] PROGMEM = {
	0x00, 0x00, 0x00, 0x00, 0xff, 0xff, 0xff, 0xff, 0xff, 0xff, 0xff, 0xff, 0xff, 0xff, 0xff, 0xff, 
	0xff, 0xff, 0x00, 0x00, 0xff, 0xff, 0xfe, 0xfc, 0xf8, 0xf0, 0xe0, 0xc0, 0x00, 0x00, 0x00, 0x00, 
	0x00, 0x00, 0x00, 0x00, 0xff, 0xff, 0xff, 0xff, 0xff, 0xff, 0xff, 0x3f, 0x3f, 0x3f, 0x3f, 0x3f, 
	0x3f, 0x3f, 0x3e, 0x7c, 0xfc, 0xfc, 0xfc, 0xfc, 0xfc, 0xfc, 0xfc, 0xfc, 0x00, 0x00, 0x00, 0x00, 
	0x00, 0x00, 0x00, 0x00, 0xff, 0xff, 0xff, 0xff, 0xff, 0xff, 0xff, 0x00, 0x00, 0x00, 0x0e, 0x1e, 
	0x1e, 0x0c, 0x80, 0x80, 0xc0, 0xff, 0xff, 0xff, 0xff, 0xff, 0xff, 0xff, 0x00, 0x00, 0x00, 0x00, 
	0x00, 0x00, 0x00, 0x00, 0xff, 0xff, 0xff, 0xff, 0xff, 0xff, 0xff, 0xf0, 0xf0, 0xf0, 0xff, 0xff, 
	0xff, 0xff, 0xff, 0xff, 0xff, 0xff, 0xff, 0xff, 0xff, 0xff, 0xff, 0xff, 0x00, 0x00, 0x00, 0x00
};
// 'file-prescription', 32x32px
const unsigned char fas_32x32_fa_file_prescription [] PROGMEM = {
	0x00, 0x00, 0x00, 0x00, 0xff, 0xff, 0xff, 0xff, 0xff, 0xff, 0xff, 0xff, 0xff, 0xff, 0xff, 0xff, 
	0xff, 0xff, 0x00, 0x00, 0xff, 0xff, 0xfe, 0xfc, 0xf8, 0xf0, 0xe0, 0xc0, 0x00, 0x00, 0x00, 0x00, 
	0x00, 0x00, 0x00, 0x00, 0xff, 0xff, 0xff, 0xff, 0xff, 0x0f, 0x0f, 0x0f, 0x8f, 0x8f, 0x8f, 0x8f, 
	0x0f, 0x1f, 0x3e, 0xfc, 0xfc, 0xfc, 0xfc, 0xfc, 0xfc, 0xfc, 0xfc, 0xfc, 0x00, 0x00, 0x00, 0x00, 
	0x00, 0x00, 0x00, 0x00, 0xff, 0xff, 0xff, 0xff, 0xff, 0x00, 0x00, 0x00, 0xf1, 0xf1, 0xe1, 0xc1, 
	0x80, 0x08, 0x1c, 0x1f, 0x0f, 0x8f, 0xcf, 0xff, 0xff, 0xff, 0xff, 0xff, 0x00, 0x00, 0x00, 0x00, 
	0x00, 0x00, 0x00, 0x00, 0xff, 0xff, 0xff, 0xff, 0xff, 0xff, 0xff, 0xff, 0xff, 0xff, 0xff, 0xf9, 
	0xf0, 0xf8, 0xfc, 0xfc, 0xf8, 0xf0, 0xf9, 0xff, 0xff, 0xff, 0xff, 0xff, 0x00, 0x00, 0x00, 0x00
};
// 'file-signature', 32x32px
const unsigned char fas_32x32_fa_file_signature [] PROGMEM = {
	0xfc, 0xfc, 0xfc, 0xfc, 0xfc, 0xfc, 0xfc, 0xfc, 0xfc, 0xfc, 0xfc, 0xfc, 0x00, 0x00, 0xfc, 0xfc, 
	0xf8, 0xf0, 0xe0, 0xc0, 0x80, 0x00, 0x00, 0x00, 0x00, 0x00, 0x00, 0x00, 0x00, 0x00, 0x00, 0x00, 
	0xff, 0xff, 0xff, 0xff, 0xff, 0xff, 0xff, 0xff, 0xff, 0xff, 0xff, 0xff, 0xfe, 0xf8, 0xf9, 0xf9, 
	0xf9, 0xf9, 0xf9, 0x79, 0x39, 0x00, 0x80, 0xc0, 0xe0, 0xe0, 0xc0, 0xcc, 0x1e, 0x3e, 0x3c, 0x18, 
	0xff, 0xff, 0xff, 0xff, 0xff, 0xff, 0x3f, 0x1f, 0x1f, 0x3f, 0x7f, 0x7f, 0x7f, 0xff, 0x0f, 0x07, 
	0xf3, 0xf9, 0xfc, 0xfe, 0xfe, 0x7f, 0x3f, 0x1f, 0x0f, 0x07, 0x03, 0x01, 0x00, 0x00, 0x00, 0x00, 
	0x3f, 0x3f, 0x3f, 0x3f, 0x3d, 0x3c, 0x3c, 0x3f, 0x3f, 0x3c, 0x3c, 0x3e, 0x3c, 0x3c, 0x3c, 0x3c, 
	0x3d, 0x3d, 0x3d, 0x3d, 0x3c, 0x00, 0x00, 0x00, 0x00, 0x00, 0x00, 0x00, 0x00, 0x00, 0x00, 0x00
};
// 'file-upload', 32x32px
const unsigned char fas_32x32_fa_file_upload [] PROGMEM = {
	0x00, 0x00, 0x00, 0x00, 0xff, 0xff, 0xff, 0xff, 0xff, 0xff, 0xff, 0xff, 0xff, 0xff, 0xff, 0xff, 
	0xff, 0xff, 0x00, 0x00, 0xff, 0xff, 0xfe, 0xfc, 0xf8, 0xf0, 0xe0, 0xc0, 0x00, 0x00, 0x00, 0x00, 
	0x00, 0x00, 0x00, 0x00, 0xff, 0xff, 0xff, 0xff, 0xff, 0xff, 0xff, 0xff, 0xff, 0xff, 0x7f, 0x3f, 
	0x3f, 0x7f, 0xfe, 0xfc, 0xfc, 0xfc, 0xfc, 0xfc, 0xfc, 0xfc, 0xfc, 0xfc, 0x00, 0x00, 0x00, 0x00, 
	0x00, 0x00, 0x00, 0x00, 0xff, 0xff, 0xff, 0xff, 0xff, 0xcf, 0xc7, 0xc3, 0xc1, 0xc0, 0x00, 0x00, 
	0x00, 0x00, 0xc0, 0xc1, 0xc3, 0xc7, 0xcf, 0xff, 0xff, 0xff, 0xff, 0xff, 0x00, 0x00, 0x00, 0x00, 
	0x00, 0x00, 0x00, 0x00, 0xff, 0xff, 0xff, 0xff, 0xff, 0xff, 0xff, 0xff, 0xff, 0xff, 0xf0, 0xf0, 
	0xf0, 0xf0, 0xff, 0xff, 0xff, 0xff, 0xff, 0xff, 0xff, 0xff, 0xff, 0xff, 0x00, 0x00, 0x00, 0x00
};
// 'file-video', 32x32px
const unsigned char fas_32x32_fa_file_video [] PROGMEM = {
	0x00, 0x00, 0x00, 0x00, 0xff, 0xff, 0xff, 0xff, 0xff, 0xff, 0xff, 0xff, 0xff, 0xff, 0xff, 0xff, 
	0xff, 0xff, 0x00, 0x00, 0xff, 0xff, 0xfe, 0xfc, 0xf8, 0xf0, 0xe0, 0xc0, 0x00, 0x00, 0x00, 0x00, 
	0x00, 0x00, 0x00, 0x00, 0xff, 0xff, 0xff, 0xff, 0xff, 0xff, 0xff, 0xff, 0xff, 0xff, 0xff, 0xff, 
	0xff, 0xff, 0xfe, 0xfc, 0xfc, 0xfc, 0xfc, 0xfc, 0xfc, 0xfc, 0xfc, 0xfc, 0x00, 0x00, 0x00, 0x00, 
	0x00, 0x00, 0x00, 0x00, 0xff, 0xff, 0xff, 0xff, 0x01, 0x00, 0x00, 0x00, 0x00, 0x00, 0x00, 0x00, 
	0x00, 0x01, 0x87, 0x03, 0x01, 0x01, 0x00, 0x01, 0xff, 0xff, 0xff, 0xff, 0x00, 0x00, 0x00, 0x00, 
	0x00, 0x00, 0x00, 0x00, 0xff, 0xff, 0xff, 0xff, 0xfe, 0xfc, 0xfc, 0xfc, 0xfc, 0xfc, 0xfc, 0xfc, 
	0xfc, 0xfe, 0xff, 0xff, 0xfe, 0xfe, 0xfc, 0xfe, 0xff, 0xff, 0xff, 0xff, 0x00, 0x00, 0x00, 0x00
};
// 'file-word', 32x32px
const unsigned char fas_32x32_fa_file_word [] PROGMEM = {
	0x00, 0x00, 0x00, 0x00, 0xff, 0xff, 0xff, 0xff, 0xff, 0xff, 0xff, 0xff, 0xff, 0xff, 0xff, 0xff, 
	0xff, 0xff, 0x00, 0x00, 0xff, 0xff, 0xfe, 0xfc, 0xf8, 0xf0, 0xe0, 0xc0, 0x00, 0x00, 0x00, 0x00, 
	0x00, 0x00, 0x00, 0x00, 0xff, 0xff, 0xff, 0xff, 0xff, 0xff, 0xff, 0xff, 0xff, 0xff, 0xff, 0xff, 
	0xff, 0xff, 0xfe, 0xfc, 0xfc, 0xfc, 0xfc, 0xfc, 0xfc, 0xfc, 0xfc, 0xfc, 0x00, 0x00, 0x00, 0x00, 
	0x00, 0x00, 0x00, 0x00, 0xff, 0xff, 0xff, 0xff, 0xfc, 0xc0, 0x00, 0x03, 0x7f, 0x0f, 0x01, 0x80, 
	0x80, 0x01, 0x0f, 0x7f, 0x03, 0x00, 0xc0, 0xfc, 0xff, 0xff, 0xff, 0xff, 0x00, 0x00, 0x00, 0x00, 
	0x00, 0x00, 0x00, 0x00, 0xff, 0xff, 0xff, 0xff, 0xff, 0xff, 0xf8, 0xf0, 0xf0, 0xf0, 0xf8, 0xff, 
	0xff, 0xf8, 0xf0, 0xf0, 0xf0, 0xf8, 0xff, 0xff, 0xff, 0xff, 0xff, 0xff, 0x00, 0x00, 0x00, 0x00
};
// 'fill', 32x32px
const unsigned char fas_32x32_fa_fill [] PROGMEM = {
	0x00, 0x00, 0x06, 0x0f, 0x1f, 0x3e, 0x7c, 0xf8, 0xf0, 0xe0, 0xe0, 0xe0, 0xf0, 0xf8, 0x7c, 0x3e, 
	0x1f, 0x1f, 0x3e, 0x7c, 0xf8, 0xf0, 0xe0, 0xc0, 0x80, 0x00, 0x00, 0x00, 0x00, 0x00, 0x00, 0x00, 
	0x00, 0x80, 0xc0, 0xe0, 0xf0, 0xf8, 0x7c, 0x3f, 0x1f, 0x0f, 0x0f, 0x0f, 0x1f, 0x3f, 0x7c, 0xf8, 
	0x70, 0x20, 0x00, 0x00, 0x00, 0x01, 0x03, 0x07, 0x0f, 0x1f, 0x3e, 0xfc, 0xf8, 0xf0, 0xe0, 0xc0, 
	0x1f, 0x7f, 0xff, 0xff, 0xff, 0xfc, 0xfc, 0xfc, 0xfc, 0xfc, 0xfc, 0xfc, 0xfc, 0xfc, 0xfc, 0xfc, 
	0xfc, 0xfc, 0xfc, 0xfc, 0xfc, 0xfc, 0xfc, 0xfc, 0x7c, 0x3e, 0x1f, 0x0f, 0x07, 0x03, 0x01, 0x00, 
	0x00, 0x00, 0x00, 0x01, 0x03, 0x07, 0x0f, 0x1f, 0x3f, 0x7f, 0x7f, 0xff, 0xff, 0xff, 0xff, 0xff, 
	0x7f, 0x3f, 0x1f, 0x0f, 0x07, 0x03, 0x01, 0x00, 0x00, 0x00, 0x00, 0x00, 0x00, 0x00, 0x00, 0x00
};
// 'fill-drip', 32x32px
const unsigned char fas_32x32_fa_fill_drip [] PROGMEM = {
	0x00, 0x00, 0x18, 0x3c, 0x7c, 0xf8, 0xf0, 0xe0, 0xc0, 0x80, 0xc0, 0xe0, 0xf0, 0xf8, 0x7c, 0x7c, 
	0xf8, 0xf0, 0xe0, 0xc0, 0x80, 0x80, 0x00, 0x00, 0x00, 0x00, 0x00, 0x00, 0x00, 0x00, 0x00, 0x00, 
	0x00, 0x80, 0xc0, 0xe0, 0xf0, 0xf8, 0x7f, 0x3f, 0x1f, 0x0f, 0x1f, 0x3f, 0x7d, 0xf8, 0xf0, 0x60, 
	0x00, 0x01, 0x03, 0x07, 0x0f, 0x1f, 0x3f, 0x7e, 0xfc, 0xf8, 0xf0, 0xe0, 0x00, 0x00, 0x00, 0x00, 
	0x1f, 0x3f, 0x7f, 0xff, 0xfd, 0xfc, 0xfc, 0xfc, 0xfc, 0xfc, 0xfc, 0xfc, 0xfc, 0xfc, 0xfc, 0xfc, 
	0xfc, 0xfc, 0xfc, 0xfc, 0xfc, 0x7c, 0x3e, 0x1f, 0x0f, 0x07, 0xc3, 0xe1, 0xf0, 0xe0, 0x80, 0x00, 
	0x00, 0x00, 0x00, 0x00, 0x01, 0x03, 0x07, 0x0f, 0x1f, 0x3f, 0x3f, 0x3f, 0x3f, 0x3f, 0x1f, 0x1f, 
	0x0f, 0x07, 0x03, 0x01, 0x00, 0x00, 0x00, 0x00, 0x00, 0x0f, 0x3f, 0x3f, 0x3f, 0x3f, 0x1f, 0x0f
};
// 'film', 32x32px
const unsigned char fas_32x32_fa_film [] PROGMEM = {
	0xf0, 0xf0, 0xc0, 0xc0, 0xc0, 0xc0, 0xf0, 0xf0, 0xf0, 0x70, 0x70, 0x70, 0x70, 0x70, 0x70, 0x70, 
	0x70, 0x70, 0x70, 0x70, 0x70, 0x70, 0x70, 0xf0, 0xf0, 0xf0, 0xc0, 0xc0, 0xc0, 0xc0, 0xf0, 0xf0, 
	0xff, 0xff, 0x30, 0x30, 0x30, 0x30, 0xff, 0xff, 0xff, 0xc0, 0xc0, 0xc0, 0xc0, 0xc0, 0xc0, 0xc0, 
	0xc0, 0xc0, 0xc0, 0xc0, 0xc0, 0xc0, 0xc0, 0xff, 0xff, 0xff, 0x30, 0x30, 0x30, 0x30, 0xff, 0xff, 
	0xff, 0xff, 0x0c, 0x0c, 0x0c, 0x0c, 0xff, 0xff, 0xff, 0x03, 0x03, 0x03, 0x03, 0x03, 0x03, 0x03, 
	0x03, 0x03, 0x03, 0x03, 0x03, 0x03, 0x03, 0xff, 0xff, 0xff, 0x0c, 0x0c, 0x0c, 0x0c, 0xff, 0xff, 
	0x0f, 0x0f, 0x03, 0x03, 0x03, 0x03, 0x0f, 0x0f, 0x0f, 0x0e, 0x0e, 0x0e, 0x0e, 0x0e, 0x0e, 0x0e, 
	0x0e, 0x0e, 0x0e, 0x0e, 0x0e, 0x0e, 0x0e, 0x0f, 0x0f, 0x0f, 0x03, 0x03, 0x03, 0x03, 0x0f, 0x0f
};
// 'filter', 32x32px
const unsigned char fas_32x32_fa_filter [] PROGMEM = {
	0x07, 0x0f, 0x1f, 0x3f, 0x7f, 0xff, 0xff, 0xff, 0xff, 0xff, 0xff, 0xff, 0xff, 0xff, 0xff, 0xff, 
	0xff, 0xff, 0xff, 0xff, 0xff, 0xff, 0xff, 0xff, 0xff, 0xff, 0xff, 0x7f, 0x3f, 0x1f, 0x0f, 0x07, 
	0x00, 0x00, 0x00, 0x00, 0x00, 0x00, 0x01, 0x03, 0x07, 0x0f, 0x1f, 0x3f, 0xff, 0xff, 0xff, 0xff, 
	0xff, 0xff, 0xff, 0xff, 0x3f, 0x1f, 0x0f, 0x07, 0x03, 0x01, 0x00, 0x00, 0x00, 0x00, 0x00, 0x00, 
	0x00, 0x00, 0x00, 0x00, 0x00, 0x00, 0x00, 0x00, 0x00, 0x00, 0x00, 0x00, 0xff, 0xff, 0xff, 0xff, 
	0xff, 0xff, 0xff, 0xff, 0x00, 0x00, 0x00, 0x00, 0x00, 0x00, 0x00, 0x00, 0x00, 0x00, 0x00, 0x00, 
	0x00, 0x00, 0x00, 0x00, 0x00, 0x00, 0x00, 0x00, 0x00, 0x00, 0x00, 0x00, 0x0f, 0x1f, 0x3f, 0x3f, 
	0x7f, 0xff, 0xff, 0xff, 0x00, 0x00, 0x00, 0x00, 0x00, 0x00, 0x00, 0x00, 0x00, 0x00, 0x00, 0x00
};
// 'fingerprint', 32x32px
const unsigned char fas_32x32_fa_fingerprint [] PROGMEM = {
	0x00, 0x00, 0x80, 0xe0, 0xf0, 0xf0, 0x78, 0x3c, 0x1c, 0x1e, 0x0e, 0x0f, 0xc7, 0xe7, 0xe7, 0xe7, 
	0xe7, 0xe7, 0xe7, 0xcf, 0xce, 0x8e, 0x9e, 0x3c, 0x38, 0x78, 0xf0, 0xe0, 0xc0, 0x00, 0x00, 0x00, 
	0xf8, 0xfe, 0xff, 0x0f, 0x01, 0xf8, 0xfc, 0xfe, 0x0e, 0x04, 0xe0, 0xf0, 0xf8, 0x38, 0x3c, 0x9c, 
	0x9c, 0x3c, 0x39, 0xf9, 0xf3, 0xe3, 0x07, 0x1f, 0xfe, 0xfc, 0xf1, 0x01, 0x01, 0xf0, 0xf0, 0xf0, 
	0x03, 0x03, 0x03, 0x00, 0xfe, 0xff, 0xff, 0x07, 0x00, 0xff, 0xff, 0xff, 0x07, 0x00, 0xfe, 0xff, 
	0xff, 0x0e, 0x00, 0xff, 0xff, 0xff, 0x0f, 0x00, 0xff, 0xff, 0xff, 0x0f, 0x00, 0x03, 0x07, 0x03, 
	0x00, 0x00, 0x00, 0x00, 0x01, 0x01, 0x01, 0x00, 0x00, 0x07, 0x07, 0x03, 0x00, 0xf8, 0xff, 0x7f, 
	0x0f, 0x00, 0x00, 0x07, 0x07, 0x07, 0x00, 0x00, 0x01, 0x01, 0x01, 0x00, 0x00, 0x00, 0x00, 0x00
};
// 'fire', 32x32px
const unsigned char fas_32x32_fa_fire [] PROGMEM = {
	0x00, 0x00, 0x00, 0x00, 0x00, 0x00, 0x00, 0x00, 0x00, 0x00, 0x00, 0x00, 0xe0, 0xf8, 0xfe, 0xff, 
	0xff, 0xfe, 0xe0, 0xc0, 0x80, 0x00, 0x00, 0x00, 0x00, 0x00, 0x00, 0x00, 0x00, 0x00, 0x00, 0x00, 
	0x00, 0x00, 0x00, 0x00, 0x00, 0xc0, 0xe0, 0xf8, 0xf8, 0xf0, 0x00, 0x00, 0x03, 0x0f, 0x1f, 0x3f, 
	0x7f, 0xff, 0xff, 0xff, 0xff, 0xff, 0xfe, 0xfc, 0xf8, 0xf0, 0xc0, 0x00, 0x00, 0x00, 0x00, 0x00, 
	0x00, 0x00, 0x00, 0x00, 0xff, 0xff, 0xff, 0xff, 0xff, 0xff, 0xf0, 0xe0, 0xc0, 0xc0, 0xc0, 0xc0, 
	0xe0, 0xf0, 0xff, 0xff, 0xff, 0xff, 0xff, 0xff, 0xff, 0xff, 0xff, 0xff, 0x00, 0x00, 0x00, 0x00, 
	0x00, 0x00, 0x00, 0x00, 0x00, 0x03, 0x07, 0x1f, 0x1f, 0x3f, 0x7f, 0x7f, 0xff, 0xff, 0xff, 0xff, 
	0xff, 0xff, 0xff, 0xff, 0x7f, 0x7f, 0x3f, 0x1f, 0x1f, 0x07, 0x03, 0x00, 0x00, 0x00, 0x00, 0x00
};
// 'fire-alt', 32x32px
const unsigned char fas_32x32_fa_fire_alt [] PROGMEM = {
	0x00, 0x00, 0x00, 0x00, 0x00, 0x00, 0x80, 0xe0, 0xf0, 0xf8, 0xfc, 0xfe, 0xff, 0xfe, 0xfc, 0xf8, 
	0xf0, 0xe0, 0xc0, 0xc0, 0xe0, 0xf0, 0xf0, 0xf0, 0xc0, 0x80, 0x00, 0x00, 0x00, 0x00, 0x00, 0x00, 
	0x00, 0x00, 0xc0, 0xf0, 0xfc, 0xff, 0xff, 0xff, 0xff, 0x3f, 0x1f, 0x07, 0x03, 0x07, 0x1f, 0x3f, 
	0x7f, 0xff, 0xff, 0xff, 0xff, 0x7f, 0x3f, 0xff, 0xff, 0xff, 0xff, 0xfc, 0xf0, 0xc0, 0x00, 0x00, 
	0x00, 0x00, 0x3f, 0xff, 0xff, 0xff, 0xff, 0xff, 0xe0, 0x80, 0x00, 0x00, 0x00, 0x00, 0x00, 0x00, 
	0x00, 0x00, 0x01, 0x01, 0x00, 0x00, 0x80, 0xe0, 0xff, 0xff, 0xff, 0xff, 0xff, 0x3f, 0x00, 0x00, 
	0x00, 0x00, 0x00, 0x00, 0x03, 0x07, 0x0f, 0x1f, 0x3f, 0x3f, 0x7f, 0x7e, 0xfe, 0xfc, 0xfc, 0xfc, 
	0xfc, 0xfc, 0xfc, 0xfe, 0x7e, 0x7f, 0x3f, 0x3f, 0x1f, 0x0f, 0x07, 0x03, 0x00, 0x00, 0x00, 0x00
};
// 'fire-extinguisher', 32x32px
const unsigned char fas_32x32_fa_fire_extinguisher [] PROGMEM = {
	0x00, 0x00, 0x00, 0x00, 0x80, 0xc0, 0xe0, 0xf8, 0xfe, 0xff, 0xf7, 0x77, 0xff, 0xfe, 0xf8, 0xe0, 
	0x70, 0xf0, 0xf8, 0xf8, 0xf8, 0xf8, 0xf8, 0xf8, 0xfc, 0xfc, 0xfc, 0xfc, 0xfc, 0xfc, 0x00, 0x00, 
	0x00, 0x00, 0x0e, 0x0f, 0x0f, 0x03, 0x01, 0x00, 0xe0, 0xf8, 0xfc, 0xfc, 0xff, 0xff, 0xff, 0xff, 
	0xfc, 0xfc, 0xf9, 0xe1, 0x01, 0x01, 0x01, 0x01, 0x03, 0x03, 0x03, 0x03, 0x03, 0x03, 0x00, 0x00, 
	0x00, 0x00, 0x00, 0x00, 0x00, 0x00, 0x00, 0x00, 0xff, 0xff, 0xff, 0xff, 0xff, 0xff, 0xff, 0xff, 
	0xff, 0xff, 0xff, 0xff, 0x00, 0x00, 0x00, 0x00, 0x00, 0x00, 0x00, 0x00, 0x00, 0x00, 0x00, 0x00, 
	0x00, 0x00, 0x00, 0x00, 0x00, 0x00, 0x00, 0x00, 0xff, 0xff, 0xff, 0xff, 0xff, 0xff, 0xff, 0xff, 
	0xff, 0xff, 0xff, 0xff, 0x00, 0x00, 0x00, 0x00, 0x00, 0x00, 0x00, 0x00, 0x00, 0x00, 0x00, 0x00
};
// 'first-aid', 32x32px
const unsigned char fas_32x32_fa_first_aid [] PROGMEM = {
	0xe0, 0xf0, 0xf0, 0xf0, 0xf0, 0x00, 0x00, 0xf0, 0xf0, 0xf0, 0xf0, 0xf0, 0xf0, 0xf0, 0xf0, 0xf0, 
	0xf0, 0xf0, 0xf0, 0xf0, 0xf0, 0xf0, 0xf0, 0xf0, 0xf0, 0x00, 0x00, 0xf0, 0xf0, 0xf0, 0xf0, 0xe0, 
	0xff, 0xff, 0xff, 0xff, 0xff, 0x00, 0x00, 0xff, 0xff, 0xff, 0xff, 0x3f, 0x3f, 0x3f, 0x07, 0x07, 
	0x07, 0x07, 0x3f, 0x3f, 0x3f, 0xff, 0xff, 0xff, 0xff, 0x00, 0x00, 0xff, 0xff, 0xff, 0xff, 0xff, 
	0xff, 0xff, 0xff, 0xff, 0xff, 0x00, 0x00, 0xff, 0xff, 0xff, 0xff, 0xfc, 0xfc, 0xfc, 0xe0, 0xe0, 
	0xe0, 0xe0, 0xfc, 0xfc, 0xfc, 0xff, 0xff, 0xff, 0xff, 0x00, 0x00, 0xff, 0xff, 0xff, 0xff, 0xff, 
	0x07, 0x0f, 0x0f, 0x0f, 0x0f, 0x00, 0x00, 0x0f, 0x0f, 0x0f, 0x0f, 0x0f, 0x0f, 0x0f, 0x0f, 0x0f, 
	0x0f, 0x0f, 0x0f, 0x0f, 0x0f, 0x0f, 0x0f, 0x0f, 0x0f, 0x00, 0x00, 0x0f, 0x0f, 0x0f, 0x0f, 0x07
};
// 'fish', 32x32px
const unsigned char fas_32x32_fa_fish [] PROGMEM = {
	0x00, 0x00, 0x00, 0x00, 0x00, 0x00, 0x00, 0x00, 0x00, 0x00, 0x00, 0x00, 0x00, 0x00, 0x00, 0x80, 
	0x80, 0x80, 0x80, 0x80, 0x80, 0x00, 0x00, 0x00, 0x00, 0x00, 0x00, 0x00, 0x00, 0x00, 0x00, 0x00, 
	0x1e, 0xfe, 0xfc, 0xf8, 0xf8, 0xf0, 0xf0, 0xf0, 0xf8, 0xfc, 0xfe, 0xfe, 0xff, 0xff, 0xff, 0xff, 
	0xff, 0xff, 0xff, 0xff, 0xff, 0xff, 0x7f, 0x7f, 0xfe, 0xfe, 0xfc, 0xf8, 0xf8, 0xf0, 0xe0, 0x80, 
	0x78, 0x7f, 0x3f, 0x1f, 0x1f, 0x0f, 0x0f, 0x0f, 0x1f, 0x3f, 0x7f, 0x7f, 0xff, 0xff, 0xff, 0xff, 
	0xff, 0xff, 0xff, 0xff, 0xff, 0xff, 0xfe, 0xfe, 0x7f, 0x7f, 0x3f, 0x1f, 0x1f, 0x0f, 0x07, 0x01, 
	0x00, 0x00, 0x00, 0x00, 0x00, 0x00, 0x00, 0x00, 0x00, 0x00, 0x00, 0x00, 0x00, 0x00, 0x00, 0x01, 
	0x01, 0x01, 0x01, 0x01, 0x01, 0x00, 0x00, 0x00, 0x00, 0x00, 0x00, 0x00, 0x00, 0x00, 0x00, 0x00
};
// 'fist-raised', 32x32px
const unsigned char fas_32x32_fa_fist_raised [] PROGMEM = {
	0x00, 0x00, 0x00, 0x00, 0xf0, 0xf0, 0xf0, 0xf0, 0x00, 0x00, 0xfc, 0xfc, 0xfc, 0xfc, 0x00, 0x00, 
	0xff, 0xff, 0xff, 0xff, 0x00, 0x00, 0xfc, 0xfc, 0xfc, 0xfc, 0x00, 0x00, 0x00, 0x00, 0x00, 0x00, 
	0x00, 0x00, 0x00, 0x00, 0x3f, 0x3f, 0x3f, 0x3f, 0x00, 0x00, 0x3f, 0x3f, 0x3f, 0x3f, 0x00, 0x00, 
	0x73, 0xf3, 0xf3, 0xf3, 0xf0, 0xf0, 0xf3, 0xf3, 0xf3, 0xf3, 0xe0, 0xc0, 0x00, 0x00, 0x00, 0x00, 
	0x00, 0x00, 0x00, 0x00, 0xff, 0xff, 0xff, 0xff, 0xff, 0xff, 0xff, 0xff, 0xff, 0xff, 0x9f, 0xc6, 
	0xe0, 0xf0, 0xf8, 0xfc, 0xfc, 0xfc, 0xff, 0xff, 0xff, 0xff, 0xff, 0xff, 0x00, 0x00, 0x00, 0x00, 
	0x00, 0x00, 0x00, 0x00, 0x00, 0x01, 0x07, 0x0f, 0xff, 0xff, 0xff, 0xff, 0xff, 0xff, 0xff, 0xff, 
	0xff, 0xff, 0xff, 0xff, 0xff, 0xff, 0xff, 0xff, 0x0f, 0x07, 0x03, 0x00, 0x00, 0x00, 0x00, 0x00
};
// 'flag', 32x32px
const unsigned char fas_32x32_fa_flag [] PROGMEM = {
	0x08, 0x3e, 0xff, 0xff, 0xff, 0xff, 0xfe, 0xf0, 0xf0, 0xf0, 0xf0, 0xf0, 0xf0, 0xf0, 0xf0, 0xe0, 
	0xe0, 0xe0, 0xc0, 0xc0, 0xc0, 0xc0, 0xc0, 0xc0, 0xc0, 0xc0, 0xe0, 0xe0, 0xf0, 0xf0, 0xf0, 0xe0, 
	0x00, 0x00, 0xff, 0xff, 0xff, 0xff, 0xff, 0xff, 0xff, 0xff, 0xff, 0xff, 0xff, 0xff, 0xff, 0xff, 
	0xff, 0xff, 0xff, 0xff, 0xff, 0xff, 0xff, 0xff, 0xff, 0xff, 0xff, 0xff, 0xff, 0xff, 0xff, 0xff, 
	0x00, 0x00, 0xff, 0xff, 0xff, 0xff, 0xff, 0xff, 0xff, 0xff, 0x7f, 0x7f, 0x7f, 0x7f, 0x7f, 0xff, 
	0xff, 0xff, 0xff, 0xff, 0xff, 0xff, 0xff, 0xff, 0xff, 0xff, 0xff, 0xff, 0xff, 0xff, 0x7f, 0x7f, 
	0x00, 0x00, 0xff, 0xff, 0xff, 0xff, 0x00, 0x00, 0x00, 0x00, 0x00, 0x00, 0x00, 0x00, 0x00, 0x00, 
	0x00, 0x00, 0x01, 0x01, 0x01, 0x01, 0x01, 0x01, 0x01, 0x01, 0x01, 0x01, 0x00, 0x00, 0x00, 0x00
};
// 'flag-checkered', 32x32px
const unsigned char fas_32x32_fa_flag_checkered [] PROGMEM = {
	0x08, 0x3e, 0xff, 0xff, 0xff, 0xff, 0xfe, 0xf0, 0xf0, 0x70, 0xf0, 0xf0, 0xf0, 0xf0, 0xf0, 0xe0, 
	0xe0, 0xe0, 0xc0, 0xc0, 0xc0, 0xc0, 0xc0, 0xc0, 0xc0, 0xc0, 0xe0, 0xe0, 0xf0, 0xf0, 0xf0, 0xe0, 
	0x00, 0x00, 0xff, 0xff, 0xff, 0xff, 0xf0, 0xf0, 0xf0, 0xf0, 0xf8, 0x07, 0x07, 0x0f, 0x0f, 0xf0, 
	0xf0, 0xe0, 0xe1, 0xe1, 0x1f, 0x3f, 0x3f, 0x3f, 0xe1, 0xe1, 0xe0, 0xf0, 0xf0, 0xff, 0xff, 0xff, 
	0x00, 0x00, 0xff, 0xff, 0xff, 0xff, 0xe1, 0xe1, 0xe0, 0xf0, 0x70, 0x7f, 0x7f, 0x7f, 0x7f, 0xf0, 
	0xe1, 0xe1, 0xe1, 0xe1, 0xfc, 0xfc, 0xfc, 0xfc, 0xc3, 0xc3, 0xc1, 0xe1, 0xe1, 0xff, 0x7f, 0x7f, 
	0x00, 0x00, 0xff, 0xff, 0xff, 0xff, 0x00, 0x00, 0x00, 0x00, 0x00, 0x00, 0x00, 0x00, 0x00, 0x00, 
	0x00, 0x00, 0x01, 0x01, 0x01, 0x01, 0x01, 0x01, 0x01, 0x01, 0x01, 0x01, 0x00, 0x00, 0x00, 0x00
};
// 'flag-usa', 32x32px
const unsigned char fas_32x32_fa_flag_usa [] PROGMEM = {
	0xff, 0xff, 0xff, 0xfe, 0x00, 0x00, 0xfc, 0xfe, 0xfe, 0x36, 0x37, 0xff, 0xff, 0xb3, 0xb3, 0xff, 
	0xff, 0xfe, 0x9e, 0x9e, 0x9c, 0x3c, 0x3c, 0x3c, 0x3c, 0x3c, 0x3e, 0x3e, 0x9f, 0x9f, 0x9f, 0xcf, 
	0xff, 0xff, 0xff, 0xff, 0x00, 0x00, 0xe7, 0xe7, 0xe7, 0xf3, 0xf3, 0xf3, 0xf3, 0xf3, 0xf3, 0xf3, 
	0xf3, 0xe7, 0xe7, 0xe7, 0xe7, 0xcf, 0xcf, 0xcf, 0xcf, 0xcf, 0xcf, 0xcf, 0xcf, 0xe7, 0xe7, 0xe7, 
	0xff, 0xff, 0xff, 0xff, 0x00, 0x00, 0xf9, 0x79, 0x79, 0x7c, 0x3c, 0x3c, 0x3c, 0x3c, 0x3c, 0x3c, 
	0x3c, 0x79, 0x79, 0x79, 0x79, 0xf3, 0xf3, 0xf3, 0xf3, 0xf3, 0xf3, 0xf3, 0x73, 0x79, 0x79, 0x39, 
	0xff, 0xff, 0xff, 0xff, 0x00, 0x00, 0x00, 0x00, 0x00, 0x00, 0x00, 0x00, 0x00, 0x00, 0x00, 0x00, 
	0x00, 0x00, 0x00, 0x00, 0x00, 0x00, 0x00, 0x00, 0x00, 0x00, 0x00, 0x00, 0x00, 0x00, 0x00, 0x00
};
// 'flask', 32x32px
const unsigned char fas_32x32_fa_flask [] PROGMEM = {
	0x00, 0x00, 0x00, 0x00, 0x00, 0x00, 0x00, 0x00, 0x0f, 0x0f, 0xff, 0xff, 0xff, 0xff, 0x0f, 0x0f, 
	0x0f, 0x0f, 0xff, 0xff, 0xff, 0xff, 0x0f, 0x0f, 0x00, 0x00, 0x00, 0x00, 0x00, 0x00, 0x00, 0x00, 
	0x00, 0x00, 0x00, 0x00, 0x00, 0x00, 0x00, 0x00, 0x00, 0xc0, 0xff, 0xff, 0xff, 0x7f, 0x00, 0x00, 
	0x00, 0x00, 0x7f, 0xff, 0xff, 0xff, 0xc0, 0x00, 0x00, 0x00, 0x00, 0x00, 0x00, 0x00, 0x00, 0x00, 
	0x00, 0x00, 0x00, 0x00, 0xc0, 0xe0, 0xf8, 0xfe, 0xff, 0xff, 0xff, 0xf7, 0xf1, 0xf0, 0xf0, 0xf0, 
	0xf0, 0xf0, 0xf0, 0xf1, 0xf7, 0xff, 0xff, 0xff, 0xfe, 0xf8, 0xe0, 0xc0, 0x00, 0x00, 0x00, 0x00, 
	0x00, 0x00, 0x3e, 0x7f, 0xff, 0xff, 0xff, 0xff, 0xff, 0xff, 0xff, 0xff, 0xff, 0xff, 0xff, 0xff, 
	0xff, 0xff, 0xff, 0xff, 0xff, 0xff, 0xff, 0xff, 0xff, 0xff, 0xff, 0xff, 0x7f, 0x3e, 0x00, 0x00
};
// 'flushed', 32x32px
const unsigned char fas_32x32_fa_flushed [] PROGMEM = {
	0x00, 0x00, 0x00, 0x80, 0xc0, 0xe0, 0xf0, 0xf8, 0xf8, 0xfc, 0xfc, 0xfe, 0xfe, 0xfe, 0xfe, 0xff, 
	0xff, 0xff, 0xfe, 0xfe, 0xfe, 0xfe, 0xfc, 0xfc, 0xf8, 0xf8, 0xf0, 0xe0, 0xc0, 0x80, 0x00, 0x00, 
	0x00, 0xf0, 0xfe, 0xff, 0xff, 0xff, 0x0f, 0x07, 0x03, 0x63, 0x63, 0x63, 0x03, 0x07, 0x0f, 0xff, 
	0xff, 0xff, 0x0f, 0x07, 0x03, 0x63, 0x63, 0x63, 0x03, 0x07, 0x0f, 0xff, 0xff, 0xff, 0xfe, 0xf0, 
	0x00, 0x0f, 0x7f, 0xff, 0xff, 0xff, 0xff, 0xfe, 0xfc, 0xfc, 0xfc, 0xfc, 0x7c, 0x7e, 0x7f, 0x7f, 
	0x7f, 0x7f, 0x7f, 0x7e, 0x7c, 0xfc, 0xfc, 0xfc, 0xfc, 0xfe, 0xff, 0xff, 0xff, 0xff, 0x7f, 0x0f, 
	0x00, 0x00, 0x00, 0x01, 0x03, 0x07, 0x0f, 0x1f, 0x1f, 0x3f, 0x3f, 0x7f, 0x7e, 0x7e, 0x7e, 0xfe, 
	0xfe, 0xfe, 0x7e, 0x7e, 0x7e, 0x7f, 0x3f, 0x3f, 0x1f, 0x1f, 0x0f, 0x07, 0x03, 0x01, 0x00, 0x00
};
// 'folder', 32x32px
const unsigned char fas_32x32_fa_folder [] PROGMEM = {
	0xe0, 0xf0, 0xf0, 0xf0, 0xf0, 0xf0, 0xf0, 0xf0, 0xf0, 0xf0, 0xf0, 0xf0, 0xf0, 0xf0, 0xe0, 0xc0, 
	0x80, 0x00, 0x00, 0x00, 0x00, 0x00, 0x00, 0x00, 0x00, 0x00, 0x00, 0x00, 0x00, 0x00, 0x00, 0x00, 
	0xff, 0xff, 0xff, 0xff, 0xff, 0xff, 0xff, 0xff, 0xff, 0xff, 0xff, 0xff, 0xff, 0xff, 0xff, 0xff, 
	0xff, 0xff, 0xff, 0xff, 0xff, 0xff, 0xff, 0xff, 0xff, 0xff, 0xff, 0xff, 0xff, 0xff, 0xff, 0xfe, 
	0xff, 0xff, 0xff, 0xff, 0xff, 0xff, 0xff, 0xff, 0xff, 0xff, 0xff, 0xff, 0xff, 0xff, 0xff, 0xff, 
	0xff, 0xff, 0xff, 0xff, 0xff, 0xff, 0xff, 0xff, 0xff, 0xff, 0xff, 0xff, 0xff, 0xff, 0xff, 0xff, 
	0x07, 0x0f, 0x0f, 0x0f, 0x0f, 0x0f, 0x0f, 0x0f, 0x0f, 0x0f, 0x0f, 0x0f, 0x0f, 0x0f, 0x0f, 0x0f, 
	0x0f, 0x0f, 0x0f, 0x0f, 0x0f, 0x0f, 0x0f, 0x0f, 0x0f, 0x0f, 0x0f, 0x0f, 0x0f, 0x0f, 0x0f, 0x07
};
// 'folder-minus', 32x32px
const unsigned char fas_32x32_fa_folder_minus [] PROGMEM = {
	0xe0, 0xf0, 0xf0, 0xf0, 0xf0, 0xf0, 0xf0, 0xf0, 0xf0, 0xf0, 0xf0, 0xf0, 0xf0, 0xf0, 0xe0, 0xc0, 
	0x80, 0x00, 0x00, 0x00, 0x00, 0x00, 0x00, 0x00, 0x00, 0x00, 0x00, 0x00, 0x00, 0x00, 0x00, 0x00, 
	0xff, 0xff, 0xff, 0xff, 0xff, 0xff, 0xff, 0xff, 0xff, 0xff, 0xff, 0xff, 0xff, 0xff, 0xff, 0xff, 
	0xff, 0xff, 0xff, 0xff, 0xff, 0xff, 0xff, 0xff, 0xff, 0xff, 0xff, 0xff, 0xff, 0xff, 0xff, 0xfe, 
	0xff, 0xff, 0xff, 0xff, 0xff, 0xff, 0xff, 0xff, 0xff, 0xf9, 0xf9, 0xf9, 0xf9, 0xf9, 0xf9, 0xf9, 
	0xf9, 0xf9, 0xf9, 0xf9, 0xf9, 0xf9, 0xf9, 0xff, 0xff, 0xff, 0xff, 0xff, 0xff, 0xff, 0xff, 0xff, 
	0x07, 0x0f, 0x0f, 0x0f, 0x0f, 0x0f, 0x0f, 0x0f, 0x0f, 0x0f, 0x0f, 0x0f, 0x0f, 0x0f, 0x0f, 0x0f, 
	0x0f, 0x0f, 0x0f, 0x0f, 0x0f, 0x0f, 0x0f, 0x0f, 0x0f, 0x0f, 0x0f, 0x0f, 0x0f, 0x0f, 0x0f, 0x07
};
// 'folder-open', 32x32px
const unsigned char fas_32x32_fa_folder_open [] PROGMEM = {
	0xc0, 0xc0, 0xc0, 0xe0, 0xe0, 0xe0, 0xe0, 0xe0, 0xe0, 0xe0, 0xe0, 0xc0, 0xc0, 0x80, 0x00, 0x00, 
	0x00, 0x00, 0x00, 0x00, 0x00, 0x00, 0x00, 0x00, 0x00, 0x00, 0x00, 0x00, 0x00, 0x00, 0x00, 0x00, 
	0xff, 0xff, 0xff, 0xff, 0xff, 0x7f, 0x7f, 0x3f, 0x3f, 0x3f, 0x3f, 0x3f, 0x3f, 0x3f, 0x3f, 0x3e, 
	0x3e, 0x3e, 0x3e, 0x3e, 0x3e, 0x3e, 0x3e, 0x3e, 0x3e, 0x3e, 0x38, 0x00, 0x00, 0x00, 0x00, 0x00, 
	0x3f, 0x1f, 0x87, 0xe3, 0xf8, 0xfc, 0xfe, 0xff, 0xff, 0xff, 0xff, 0xff, 0xff, 0xff, 0xff, 0xff, 
	0xff, 0xff, 0xff, 0xff, 0xff, 0xff, 0xff, 0xff, 0xff, 0xff, 0xff, 0xff, 0xff, 0x3f, 0x0f, 0x07, 
	0x00, 0x03, 0x03, 0x07, 0x07, 0x07, 0x07, 0x07, 0x07, 0x07, 0x07, 0x07, 0x07, 0x07, 0x07, 0x07, 
	0x07, 0x07, 0x07, 0x07, 0x07, 0x07, 0x07, 0x07, 0x07, 0x03, 0x03, 0x01, 0x00, 0x00, 0x00, 0x00
};
// 'folder-plus', 32x32px
const unsigned char fas_32x32_fa_folder_plus [] PROGMEM = {
	0xe0, 0xf0, 0xf0, 0xf0, 0xf0, 0xf0, 0xf0, 0xf0, 0xf0, 0xf0, 0xf0, 0xf0, 0xf0, 0xf0, 0xe0, 0xc0, 
	0x80, 0x00, 0x00, 0x00, 0x00, 0x00, 0x00, 0x00, 0x00, 0x00, 0x00, 0x00, 0x00, 0x00, 0x00, 0x00, 
	0xff, 0xff, 0xff, 0xff, 0xff, 0xff, 0xff, 0xff, 0xff, 0xff, 0xff, 0xff, 0xff, 0xff, 0xff, 0x0f, 
	0x0f, 0xff, 0xff, 0xff, 0xff, 0xff, 0xff, 0xff, 0xff, 0xff, 0xff, 0xff, 0xff, 0xff, 0xff, 0xfe, 
	0xff, 0xff, 0xff, 0xff, 0xff, 0xff, 0xff, 0xff, 0xff, 0xff, 0xf9, 0xf9, 0xf9, 0xf9, 0xf0, 0x00, 
	0x00, 0xf0, 0xf9, 0xf9, 0xf9, 0xf9, 0xff, 0xff, 0xff, 0xff, 0xff, 0xff, 0xff, 0xff, 0xff, 0xff, 
	0x07, 0x0f, 0x0f, 0x0f, 0x0f, 0x0f, 0x0f, 0x0f, 0x0f, 0x0f, 0x0f, 0x0f, 0x0f, 0x0f, 0x0f, 0x0f, 
	0x0f, 0x0f, 0x0f, 0x0f, 0x0f, 0x0f, 0x0f, 0x0f, 0x0f, 0x0f, 0x0f, 0x0f, 0x0f, 0x0f, 0x0f, 0x07
};
// 'font', 32x32px
const unsigned char fas_32x32_fa_font [] PROGMEM = {
	0x00, 0x00, 0x00, 0x00, 0x00, 0x00, 0x00, 0x00, 0x00, 0x00, 0x00, 0xc0, 0xf0, 0xfc, 0xfc, 0xfc, 
	0xfc, 0xfc, 0xfc, 0xf0, 0xc0, 0x00, 0x00, 0x00, 0x00, 0x00, 0x00, 0x00, 0x00, 0x00, 0x00, 0x00, 
	0x00, 0x00, 0x00, 0x00, 0x00, 0x00, 0x00, 0x00, 0x80, 0xf0, 0xfe, 0xff, 0xff, 0xff, 0x1f, 0x03, 
	0x03, 0x1f, 0xff, 0xff, 0xff, 0xfe, 0xf0, 0x80, 0x00, 0x00, 0x00, 0x00, 0x00, 0x00, 0x00, 0x00, 
	0x00, 0x00, 0x00, 0x00, 0x00, 0x80, 0xf0, 0xfe, 0xff, 0xff, 0xff, 0x3f, 0x3f, 0x3e, 0x3e, 0x3e, 
	0x3e, 0x3e, 0x3e, 0x3f, 0x3f, 0xff, 0xff, 0xff, 0xfe, 0xf0, 0x80, 0x00, 0x00, 0x00, 0x00, 0x00, 
	0x00, 0x00, 0x3c, 0x3c, 0x3c, 0x3f, 0x3f, 0x3f, 0x3f, 0x3f, 0x3c, 0x3c, 0x00, 0x00, 0x00, 0x00, 
	0x00, 0x00, 0x00, 0x00, 0x3c, 0x3c, 0x3f, 0x3f, 0x3f, 0x3f, 0x3f, 0x3c, 0x3c, 0x3c, 0x00, 0x00
};
// 'font-awesome-logo-full', 32x32px
const unsigned char fas_32x32_fa_font_awesome_logo_full [] PROGMEM = {
	0x00, 0x00, 0x00, 0x00, 0x00, 0x00, 0x00, 0x00, 0x00, 0x00, 0x00, 0x00, 0x00, 0x00, 0x00, 0x00, 
	0x00, 0x00, 0x00, 0x00, 0x00, 0x00, 0x00, 0x00, 0x00, 0x00, 0x00, 0x00, 0x00, 0x00, 0x00, 0x00, 
	0xc0, 0x40, 0x40, 0xc0, 0x00, 0x80, 0x00, 0x00, 0x00, 0x00, 0x00, 0x00, 0x80, 0x00, 0x00, 0x80, 
	0x00, 0x00, 0x00, 0x00, 0x00, 0x00, 0x00, 0x00, 0x00, 0x00, 0x00, 0x00, 0x00, 0x00, 0x00, 0x00, 
	0x03, 0x02, 0x02, 0x03, 0x00, 0x01, 0x00, 0x01, 0x01, 0x01, 0x00, 0x00, 0x00, 0x00, 0x00, 0x01, 
	0x01, 0x01, 0x01, 0x01, 0x01, 0x01, 0x00, 0x01, 0x01, 0x01, 0x01, 0x00, 0x00, 0x01, 0x01, 0x01, 
	0x00, 0x00, 0x00, 0x00, 0x00, 0x00, 0x00, 0x00, 0x00, 0x00, 0x00, 0x00, 0x00, 0x00, 0x00, 0x00, 
	0x00, 0x00, 0x00, 0x00, 0x00, 0x00, 0x00, 0x00, 0x00, 0x00, 0x00, 0x00, 0x00, 0x00, 0x00, 0x00
};
// 'football-ball', 32x32px
const unsigned char fas_32x32_fa_football_ball [] PROGMEM = {
	0x00, 0x00, 0x00, 0x00, 0x00, 0x00, 0x80, 0xc0, 0xe0, 0xf0, 0xf8, 0xf8, 0xfc, 0xfc, 0xfc, 0xfe, 
	0xfe, 0xfe, 0xfe, 0xfc, 0xf8, 0xf0, 0xe0, 0xc3, 0x86, 0x0e, 0x1e, 0x3e, 0x7e, 0xfc, 0xf8, 0xe0, 
	0x00, 0x00, 0xe0, 0xf8, 0xfe, 0xff, 0xff, 0xff, 0xff, 0xff, 0xff, 0xff, 0xff, 0xdf, 0x9f, 0x3f, 
	0x33, 0x23, 0x87, 0x87, 0x07, 0x33, 0xff, 0xff, 0xff, 0xff, 0xfe, 0xfc, 0xf8, 0xf0, 0xe1, 0xc3, 
	0x00, 0xc3, 0x87, 0x0f, 0x1f, 0x3f, 0x7f, 0xff, 0xff, 0xff, 0xff, 0xcc, 0xe0, 0xe1, 0xe1, 0xc4, 
	0xcc, 0xfc, 0xf9, 0xfb, 0xff, 0xff, 0xff, 0xff, 0xff, 0xff, 0xff, 0xff, 0x7f, 0x1f, 0x07, 0x00, 
	0x00, 0x07, 0x1f, 0x3f, 0x7e, 0x7c, 0x78, 0x70, 0x61, 0xc3, 0x07, 0x0f, 0x1f, 0x3f, 0x7f, 0x7f, 
	0x7f, 0x7f, 0x3f, 0x3f, 0x3f, 0x1f, 0x1f, 0x0f, 0x07, 0x03, 0x01, 0x00, 0x00, 0x00, 0x00, 0x00
};
// 'forward', 32x32px
const unsigned char fas_32x32_fa_forward [] PROGMEM = {
	0xe0, 0xf0, 0xf0, 0xe0, 0xe0, 0xc0, 0x80, 0x00, 0x00, 0x00, 0x00, 0x00, 0x00, 0x00, 0x00, 0x00, 
	0xe0, 0xf0, 0xf0, 0xe0, 0xe0, 0xc0, 0x80, 0x00, 0x00, 0x00, 0x00, 0x00, 0x00, 0x00, 0x00, 0x00, 
	0xff, 0xff, 0xff, 0xff, 0xff, 0xff, 0xff, 0xff, 0xfe, 0xfc, 0xfc, 0xf8, 0xf0, 0xe0, 0xc0, 0xc0, 
	0xff, 0xff, 0xff, 0xff, 0xff, 0xff, 0xff, 0xff, 0xfe, 0xfc, 0xfc, 0xf8, 0xf0, 0xe0, 0xc0, 0x80, 
	0xff, 0xff, 0xff, 0xff, 0xff, 0xff, 0xff, 0xff, 0x7f, 0x3f, 0x3f, 0x1f, 0x0f, 0x07, 0x03, 0x03, 
	0xff, 0xff, 0xff, 0xff, 0xff, 0xff, 0xff, 0xff, 0x7f, 0x3f, 0x3f, 0x1f, 0x0f, 0x07, 0x03, 0x01, 
	0x07, 0x0f, 0x0f, 0x07, 0x07, 0x03, 0x01, 0x00, 0x00, 0x00, 0x00, 0x00, 0x00, 0x00, 0x00, 0x00, 
	0x07, 0x0f, 0x0f, 0x07, 0x07, 0x03, 0x01, 0x00, 0x00, 0x00, 0x00, 0x00, 0x00, 0x00, 0x00, 0x00
};
// 'frog', 32x32px
const unsigned char fas_32x32_fa_frog [] PROGMEM = {
	0x00, 0x00, 0x00, 0x00, 0x00, 0x00, 0x00, 0x00, 0x00, 0x00, 0x00, 0x00, 0x00, 0x00, 0x00, 0x80, 
	0xc0, 0xe0, 0xf0, 0x70, 0x70, 0xf0, 0xf0, 0xe0, 0xc0, 0x00, 0x00, 0x00, 0x00, 0x00, 0x00, 0x00, 
	0x00, 0x00, 0x00, 0xc0, 0xe0, 0xf0, 0xf8, 0xfc, 0xfc, 0xfe, 0xfe, 0xff, 0x7f, 0x7f, 0x7f, 0x7f, 
	0xff, 0xff, 0xff, 0xfe, 0xfe, 0xfe, 0xff, 0xff, 0xff, 0xff, 0xff, 0xff, 0xfe, 0xfe, 0x7c, 0x38, 
	0xf0, 0xfc, 0xff, 0xff, 0xff, 0xff, 0xff, 0xff, 0xfb, 0xf9, 0xfc, 0xfc, 0xfe, 0xfe, 0xfe, 0xfe, 
	0xfc, 0x39, 0x03, 0x1f, 0x3f, 0xff, 0xef, 0xc7, 0x83, 0x03, 0x01, 0x01, 0x00, 0x00, 0x00, 0x00, 
	0x07, 0x0f, 0x0f, 0x0f, 0x0f, 0x0f, 0x0f, 0x0f, 0x0f, 0x0f, 0x0f, 0x0f, 0x0f, 0x0f, 0x0f, 0x0f, 
	0x0c, 0x0c, 0x0c, 0x0c, 0x0c, 0x00, 0x01, 0x03, 0x07, 0x0f, 0x0e, 0x0c, 0x0c, 0x0c, 0x0c, 0x0c
};
// 'frown', 32x32px
const unsigned char fas_32x32_fa_frown [] PROGMEM = {
	0x00, 0x00, 0x00, 0x80, 0xc0, 0xe0, 0xf0, 0xf8, 0xf8, 0xfc, 0xfc, 0xfe, 0xfe, 0xfe, 0xfe, 0xff, 
	0xff, 0xff, 0xfe, 0xfe, 0xfe, 0xfe, 0xfc, 0xfc, 0xf8, 0xf8, 0xf0, 0xe0, 0xc0, 0x80, 0x00, 0x00, 
	0x00, 0xf0, 0xfe, 0xff, 0xff, 0xff, 0xff, 0xff, 0xff, 0xff, 0x87, 0x87, 0x87, 0xff, 0xff, 0xff, 
	0xff, 0xff, 0xff, 0xff, 0x87, 0x87, 0x87, 0xff, 0xff, 0xff, 0xff, 0xff, 0xff, 0xff, 0xfe, 0xf0, 
	0x00, 0x0f, 0x7f, 0xff, 0xff, 0xff, 0xff, 0xff, 0xff, 0x7f, 0x3f, 0x3f, 0x9f, 0x9f, 0xcf, 0xcf, 
	0xcf, 0xcf, 0xcf, 0x9f, 0x9f, 0x3f, 0x3f, 0x7f, 0xff, 0xff, 0xff, 0xff, 0xff, 0xff, 0x7f, 0x0f, 
	0x00, 0x00, 0x00, 0x01, 0x03, 0x07, 0x0f, 0x1f, 0x1f, 0x3e, 0x3e, 0x7f, 0x7f, 0x7f, 0x7f, 0xff, 
	0xff, 0xff, 0x7f, 0x7f, 0x7f, 0x7f, 0x3e, 0x3e, 0x1f, 0x1f, 0x0f, 0x07, 0x03, 0x01, 0x00, 0x00
};
// 'frown-open', 32x32px
const unsigned char fas_32x32_fa_frown_open [] PROGMEM = {
	0x00, 0x00, 0x00, 0x80, 0xc0, 0xe0, 0xf0, 0xf8, 0xf8, 0xfc, 0xfc, 0xfe, 0xfe, 0xfe, 0xfe, 0xff, 
	0xff, 0xff, 0xfe, 0xfe, 0xfe, 0xfe, 0xfc, 0xfc, 0xf8, 0xf8, 0xf0, 0xe0, 0xc0, 0x80, 0x00, 0x00, 
	0x00, 0xf0, 0xfe, 0xff, 0xff, 0xff, 0xff, 0xff, 0xff, 0xff, 0x87, 0x87, 0x87, 0xff, 0xff, 0xff, 
	0xff, 0xff, 0xff, 0xff, 0x87, 0x87, 0x87, 0xff, 0xff, 0xff, 0xff, 0xff, 0xff, 0xff, 0xfe, 0xf0, 
	0x00, 0x0f, 0x7f, 0xff, 0xff, 0xff, 0xff, 0xff, 0xff, 0xff, 0xff, 0x3f, 0x1f, 0x0f, 0x0f, 0x0f, 
	0x8f, 0x0f, 0x0f, 0x0f, 0x1f, 0x3f, 0xff, 0xff, 0xff, 0xff, 0xff, 0xff, 0xff, 0xff, 0x7f, 0x0f, 
	0x00, 0x00, 0x00, 0x01, 0x03, 0x07, 0x0f, 0x1f, 0x1f, 0x3f, 0x3f, 0x7f, 0x7f, 0x7f, 0x7f, 0xff, 
	0xff, 0xff, 0x7f, 0x7f, 0x7f, 0x7f, 0x3f, 0x3f, 0x1f, 0x1f, 0x0f, 0x07, 0x03, 0x01, 0x00, 0x00
};
// 'funnel-dollar', 32x32px
const unsigned char fas_32x32_fa_funnel_dollar [] PROGMEM = {
	0x38, 0x78, 0xf8, 0xf8, 0xf8, 0xf8, 0xf8, 0xf8, 0xf8, 0xf8, 0xf8, 0xf8, 0xf8, 0xf8, 0xf8, 0xf8, 
	0xf8, 0xf8, 0xf8, 0xf8, 0xf8, 0xf8, 0xf8, 0xf8, 0xf8, 0x78, 0x38, 0x00, 0x00, 0x00, 0x00, 0x00, 
	0x00, 0x00, 0x00, 0x01, 0x03, 0x07, 0x1f, 0x3f, 0x7f, 0xff, 0xff, 0xff, 0xff, 0xff, 0xff, 0xff, 
	0x7f, 0x3f, 0x9f, 0xcf, 0xcf, 0xe7, 0xe7, 0xe1, 0xe0, 0xe0, 0xe0, 0xc0, 0xc0, 0x80, 0x00, 0x00, 
	0x00, 0x00, 0x00, 0x00, 0x00, 0x00, 0x00, 0x00, 0x00, 0x00, 0xff, 0xff, 0xff, 0xff, 0xcf, 0x00, 
	0xfc, 0xff, 0xff, 0xff, 0xff, 0xf3, 0x61, 0x4c, 0x4c, 0x19, 0x1f, 0xff, 0xff, 0xff, 0xff, 0xfc, 
	0x00, 0x00, 0x00, 0x00, 0x00, 0x00, 0x00, 0x00, 0x00, 0x00, 0x03, 0x03, 0x07, 0x0f, 0x1f, 0x1e, 
	0x18, 0x03, 0x07, 0x0f, 0x0f, 0x1f, 0x1e, 0x1c, 0x1c, 0x1e, 0x1f, 0x0f, 0x0f, 0x07, 0x03, 0x00
};
// 'futbol', 32x32px
const unsigned char fas_32x32_fa_futbol [] PROGMEM = {
	0x00, 0x00, 0x00, 0x80, 0xc0, 0xe0, 0xf0, 0x78, 0x3c, 0x1c, 0x1e, 0x1e, 0x7e, 0x7e, 0xff, 0xff, 
	0xff, 0xff, 0x7e, 0x7e, 0x1e, 0x1e, 0x1c, 0x3c, 0x78, 0xf0, 0xe0, 0xc0, 0x80, 0x00, 0x00, 0x00, 
	0xc0, 0xfc, 0xff, 0xff, 0xff, 0xff, 0xff, 0x7e, 0x38, 0x00, 0x00, 0xc0, 0xc0, 0xe0, 0xf0, 0xf8, 
	0xf8, 0xf0, 0xe0, 0xc0, 0xc0, 0x00, 0x00, 0x38, 0x7e, 0xff, 0xff, 0xff, 0xff, 0xff, 0xfc, 0xc0, 
	0x03, 0x3f, 0xff, 0xff, 0xe1, 0x81, 0xe0, 0xe0, 0xe0, 0xc0, 0xc0, 0xc0, 0x87, 0x0f, 0x0f, 0x0f, 
	0x0f, 0x0f, 0x0f, 0x87, 0xc0, 0xc0, 0xc0, 0xe0, 0xe0, 0xe0, 0x81, 0xe1, 0xff, 0xff, 0x3f, 0x03, 
	0x00, 0x00, 0x00, 0x01, 0x03, 0x07, 0x0f, 0x1f, 0x3f, 0x3f, 0x7f, 0x7f, 0x7f, 0x74, 0xf0, 0xf0, 
	0xf0, 0xf0, 0x74, 0x7f, 0x7f, 0x7f, 0x3f, 0x3f, 0x1f, 0x0f, 0x07, 0x03, 0x01, 0x00, 0x00, 0x00
};
// 'gamepad', 32x32px
const unsigned char fas_32x32_fa_gamepad [] PROGMEM = {
	0x00, 0x00, 0x00, 0x00, 0x00, 0x00, 0x00, 0x00, 0x00, 0x00, 0x00, 0x00, 0x00, 0x00, 0x00, 0x00, 
	0x00, 0x00, 0x00, 0x00, 0x00, 0x00, 0x00, 0x00, 0x00, 0x00, 0x00, 0x00, 0x00, 0x00, 0x00, 0x00, 
	0xe0, 0xf8, 0xfc, 0xfe, 0x7e, 0x7f, 0x7f, 0x0f, 0x0f, 0x7f, 0x7f, 0x7f, 0xff, 0xff, 0xff, 0xff, 
	0xff, 0xff, 0xff, 0xff, 0xff, 0xff, 0xff, 0xff, 0xdf, 0x8f, 0x0f, 0x8e, 0xfe, 0xfc, 0xf8, 0xe0, 
	0x07, 0x1f, 0x3f, 0x7f, 0x7e, 0xfe, 0xfe, 0xf0, 0xf0, 0xfe, 0xfe, 0x7e, 0x7f, 0x3f, 0x3f, 0x3f, 
	0x3f, 0x3f, 0x3f, 0x7f, 0x7f, 0xfb, 0xf1, 0xf1, 0xf1, 0xff, 0xff, 0x7f, 0x7f, 0x3f, 0x1f, 0x07, 
	0x00, 0x00, 0x00, 0x00, 0x00, 0x00, 0x00, 0x00, 0x00, 0x00, 0x00, 0x00, 0x00, 0x00, 0x00, 0x00, 
	0x00, 0x00, 0x00, 0x00, 0x00, 0x00, 0x00, 0x00, 0x00, 0x00, 0x00, 0x00, 0x00, 0x00, 0x00, 0x00
};
// 'gas-pump', 32x32px
const unsigned char fas_32x32_fa_gas_pump [] PROGMEM = {
	0x00, 0x00, 0xfc, 0xfe, 0xff, 0xff, 0x0f, 0x0f, 0x0f, 0x0f, 0x0f, 0x0f, 0x0f, 0x0f, 0x0f, 0x0f, 
	0xff, 0xff, 0xfe, 0xfc, 0x00, 0x00, 0x00, 0x08, 0x1c, 0x3e, 0xfc, 0xf8, 0xf0, 0xe0, 0xc0, 0x80, 
	0x00, 0x00, 0xff, 0xff, 0xff, 0xff, 0xf0, 0xf0, 0xf0, 0xf0, 0xf0, 0xf0, 0xf0, 0xf0, 0xf0, 0xf0, 
	0xff, 0xff, 0xff, 0xff, 0x00, 0x00, 0x00, 0x00, 0x00, 0x00, 0x0f, 0x1f, 0x1f, 0xff, 0xff, 0xff, 
	0x00, 0x00, 0xff, 0xff, 0xff, 0xff, 0xff, 0xff, 0xff, 0xff, 0xff, 0xff, 0xff, 0xff, 0xff, 0xff, 
	0xff, 0xff, 0xff, 0xff, 0x07, 0x07, 0x0f, 0xfe, 0xfc, 0xf8, 0x00, 0x00, 0x00, 0xff, 0xff, 0xff, 
	0xf0, 0xf0, 0xf3, 0xf3, 0xf3, 0xf3, 0xf3, 0xf3, 0xf3, 0xf3, 0xf3, 0xf3, 0xf3, 0xf3, 0xf3, 0xf3, 
	0xf3, 0xf3, 0xf3, 0xf3, 0xf0, 0xf0, 0x00, 0x01, 0x07, 0x0f, 0x0f, 0x0e, 0x0f, 0x0f, 0x07, 0x03
};
// 'gavel', 32x32px
const unsigned char fas_32x32_fa_gavel [] PROGMEM = {
	0x00, 0x00, 0x00, 0x00, 0x00, 0x00, 0x00, 0x00, 0x00, 0x00, 0x80, 0xc0, 0xe0, 0xf0, 0xf8, 0xfc, 
	0xfe, 0xff, 0xff, 0xff, 0xfe, 0xe0, 0xc0, 0x80, 0x00, 0x00, 0x00, 0x00, 0x00, 0x00, 0x00, 0x00, 
	0x00, 0x00, 0x00, 0x00, 0x00, 0x00, 0x00, 0x00, 0x00, 0x03, 0x07, 0x0f, 0x0f, 0x0f, 0x8f, 0xdf, 
	0xff, 0xff, 0xff, 0xff, 0xff, 0xff, 0xff, 0xff, 0xff, 0xfe, 0xfc, 0xf8, 0xf8, 0xf8, 0xf8, 0x70, 
	0x00, 0x00, 0x00, 0x80, 0xc0, 0xe0, 0xf0, 0xf8, 0xfc, 0xfc, 0xfc, 0xfc, 0xfe, 0xff, 0x0f, 0x07, 
	0x03, 0x01, 0x00, 0x01, 0x1f, 0x3f, 0x7f, 0x7f, 0x3f, 0x1f, 0x0f, 0x07, 0x03, 0x01, 0x00, 0x00, 
	0x1c, 0x3e, 0x7f, 0xff, 0xff, 0xff, 0x7f, 0x3f, 0x1f, 0x0f, 0x07, 0x03, 0x01, 0x00, 0x00, 0x00, 
	0x00, 0x00, 0x00, 0x00, 0x00, 0x00, 0x00, 0x00, 0x00, 0x00, 0x00, 0x00, 0x00, 0x00, 0x00, 0x00
};
// 'gem', 32x32px
const unsigned char fas_32x32_fa_gem [] PROGMEM = {
	0x00, 0x00, 0xc0, 0xe0, 0xf8, 0xfc, 0xfc, 0x7c, 0x0c, 0x00, 0xc0, 0xf8, 0xfc, 0xfc, 0xfc, 0xfc, 
	0xfc, 0xfc, 0xfc, 0xfc, 0xf8, 0xc0, 0x00, 0x0c, 0x7c, 0xfc, 0xfc, 0xf8, 0xe0, 0xc0, 0x00, 0x00, 
	0x04, 0x37, 0x77, 0xf7, 0xf7, 0xe7, 0xc1, 0x00, 0x00, 0x77, 0xf7, 0xf7, 0xf7, 0xf7, 0xf7, 0xf7, 
	0xf7, 0xf7, 0xf7, 0xf7, 0xf7, 0xf7, 0x77, 0x00, 0x00, 0xc1, 0xe7, 0xf7, 0xf7, 0x77, 0x37, 0x04, 
	0x00, 0x00, 0x00, 0x01, 0x03, 0x07, 0x0f, 0x1f, 0x3c, 0x70, 0xc3, 0x0f, 0x3f, 0xff, 0xff, 0xff, 
	0xff, 0xff, 0xff, 0x3f, 0x0f, 0xc3, 0x70, 0x3c, 0x1f, 0x0f, 0x07, 0x03, 0x01, 0x00, 0x00, 0x00, 
	0x00, 0x00, 0x00, 0x00, 0x00, 0x00, 0x00, 0x00, 0x00, 0x00, 0x01, 0x03, 0x00, 0x01, 0x07, 0x1f, 
	0x1f, 0x07, 0x01, 0x00, 0x03, 0x01, 0x00, 0x00, 0x00, 0x00, 0x00, 0x00, 0x00, 0x00, 0x00, 0x00
};
// 'genderless', 32x32px
const unsigned char fas_32x32_fa_genderless [] PROGMEM = {
	0x00, 0x00, 0x00, 0x00, 0x00, 0x00, 0x00, 0x00, 0x00, 0x00, 0x00, 0x00, 0x00, 0x80, 0x80, 0x80, 
	0x80, 0x80, 0x80, 0x00, 0x00, 0x00, 0x00, 0x00, 0x00, 0x00, 0x00, 0x00, 0x00, 0x00, 0x00, 0x00, 
	0x00, 0x00, 0x00, 0x00, 0x00, 0x00, 0x00, 0xe0, 0xf8, 0xfc, 0xfe, 0x3f, 0x1f, 0x0f, 0x07, 0x07, 
	0x07, 0x07, 0x0f, 0x1f, 0x3f, 0xfe, 0xfc, 0xf8, 0xe0, 0x00, 0x00, 0x00, 0x00, 0x00, 0x00, 0x00, 
	0x00, 0x00, 0x00, 0x00, 0x00, 0x00, 0x00, 0x07, 0x1f, 0x3f, 0x7f, 0xfc, 0xf8, 0xf0, 0xe0, 0xe0, 
	0xe0, 0xe0, 0xf0, 0xf8, 0xfc, 0x7f, 0x3f, 0x1f, 0x07, 0x00, 0x00, 0x00, 0x00, 0x00, 0x00, 0x00, 
	0x00, 0x00, 0x00, 0x00, 0x00, 0x00, 0x00, 0x00, 0x00, 0x00, 0x00, 0x00, 0x00, 0x01, 0x01, 0x01, 
	0x01, 0x01, 0x01, 0x00, 0x00, 0x00, 0x00, 0x00, 0x00, 0x00, 0x00, 0x00, 0x00, 0x00, 0x00, 0x00
};
// 'ghost', 32x32px
const unsigned char fas_32x32_fa_ghost [] PROGMEM = {
	0x00, 0x00, 0x00, 0x00, 0x00, 0xc0, 0xe0, 0xf0, 0xf8, 0xfc, 0xfe, 0xfe, 0xff, 0xff, 0xff, 0xff, 
	0xff, 0xff, 0xff, 0xff, 0xfe, 0xfe, 0xfc, 0xf8, 0xf8, 0xe0, 0xc0, 0x00, 0x00, 0x00, 0x00, 0x00, 
	0x00, 0x00, 0x00, 0x00, 0xfe, 0xff, 0xff, 0xff, 0xff, 0xff, 0xe7, 0xc3, 0xc3, 0xe7, 0xff, 0xff, 
	0xff, 0xff, 0xe7, 0xc3, 0xc3, 0xe7, 0xff, 0xff, 0xff, 0xff, 0xff, 0xff, 0x00, 0x00, 0x00, 0x00, 
	0x00, 0x00, 0x00, 0x00, 0xff, 0xff, 0xff, 0xff, 0xff, 0xff, 0xff, 0xff, 0xff, 0xff, 0xff, 0xff, 
	0xff, 0xff, 0xff, 0xff, 0xff, 0xff, 0xff, 0xff, 0xff, 0xff, 0xff, 0xff, 0x00, 0x00, 0x00, 0x00, 
	0x00, 0x00, 0x00, 0x00, 0x3f, 0x3f, 0x1f, 0x1f, 0x1f, 0x3f, 0x7f, 0xff, 0xff, 0x7f, 0x3f, 0x1f, 
	0x1f, 0x3f, 0x7f, 0xff, 0xff, 0x7f, 0x3f, 0x1f, 0x1f, 0x1f, 0x3f, 0x3f, 0x00, 0x00, 0x00, 0x00
};
// 'gift', 32x32px
const unsigned char fas_32x32_fa_gift [] PROGMEM = {
	0x00, 0x00, 0x00, 0x00, 0xe0, 0xf0, 0xf8, 0x3c, 0x1c, 0x1c, 0x1c, 0x3c, 0x78, 0xf8, 0xf0, 0xe0, 
	0xc0, 0xf0, 0xf8, 0x78, 0x3c, 0x1c, 0x1c, 0x1c, 0x3c, 0xf8, 0xf0, 0xe0, 0x00, 0x00, 0x00, 0x00, 
	0xf8, 0xfc, 0xfc, 0xfc, 0xff, 0xff, 0xff, 0xfe, 0xfc, 0xfc, 0xfc, 0xfc, 0xfc, 0xfc, 0xff, 0xff, 
	0xff, 0xff, 0xfc, 0xfc, 0xfc, 0xfc, 0xfc, 0xfc, 0xfe, 0xff, 0xff, 0xff, 0xfc, 0xfc, 0xfc, 0xf8, 
	0x03, 0x03, 0xf3, 0xf3, 0xf3, 0xf3, 0xf3, 0xf3, 0xf3, 0xf3, 0xf3, 0xf3, 0xf3, 0xf3, 0x03, 0x03, 
	0x03, 0x03, 0xf3, 0xf3, 0xf3, 0xf3, 0xf3, 0xf3, 0xf3, 0xf3, 0xf3, 0xf3, 0xf3, 0xf3, 0x03, 0x03, 
	0x00, 0x00, 0x1f, 0x3f, 0x3f, 0x3f, 0x3f, 0x3f, 0x3f, 0x3f, 0x3f, 0x3f, 0x3f, 0x3f, 0x00, 0x00, 
	0x00, 0x00, 0x3f, 0x3f, 0x3f, 0x3f, 0x3f, 0x3f, 0x3f, 0x3f, 0x3f, 0x3f, 0x3f, 0x1f, 0x00, 0x00
};
// 'gifts', 32x32px
const unsigned char fas_32x32_fa_gifts [] PROGMEM = {
	0x00, 0x60, 0xe0, 0xe0, 0xf8, 0xf8, 0xf0, 0xe0, 0xf8, 0xf8, 0xe0, 0xe0, 0x60, 0x00, 0x00, 0x00, 
	0x00, 0x00, 0x00, 0x00, 0x00, 0x00, 0x00, 0x00, 0x00, 0x00, 0x00, 0x00, 0x00, 0x00, 0x00, 0x00, 
	0xff, 0xff, 0xff, 0xff, 0xff, 0xff, 0xff, 0xff, 0xff, 0xff, 0x3f, 0x9f, 0xc7, 0xc3, 0xf8, 0xfc, 
	0xcc, 0xcc, 0xdc, 0xfc, 0xf8, 0x20, 0xf0, 0xfc, 0xdc, 0xcc, 0xcc, 0xfc, 0xfc, 0xf0, 0xc0, 0x80, 
	0xff, 0xff, 0xff, 0xff, 0xff, 0xff, 0xff, 0xff, 0xff, 0xff, 0x00, 0x9f, 0xdf, 0xdf, 0xdf, 0xdf, 
	0xdf, 0xdf, 0xdf, 0xdf, 0x9f, 0x00, 0x8f, 0xdf, 0xdf, 0xdf, 0xdf, 0xdf, 0xdf, 0xdf, 0xdf, 0xdf, 
	0x1f, 0x1f, 0x1f, 0x1f, 0x1f, 0x1f, 0x1f, 0x1f, 0x1f, 0x1f, 0x00, 0x0f, 0x1f, 0x1f, 0x1f, 0x1f, 
	0x1f, 0x1f, 0x1f, 0x1f, 0x1f, 0x00, 0x1f, 0x1f, 0x1f, 0x1f, 0x1f, 0x1f, 0x1f, 0x1f, 0x1f, 0x1f
};
// 'glass-cheers', 32x32px
const unsigned char fas_32x32_fa_glass_cheers [] PROGMEM = {
	0x00, 0x00, 0x00, 0x00, 0x00, 0x00, 0x80, 0xe0, 0xf8, 0x78, 0x38, 0x30, 0x70, 0x70, 0xe0, 0xe0, 
	0xe0, 0xe0, 0x70, 0x70, 0x30, 0x38, 0x78, 0xf8, 0xe0, 0x80, 0x00, 0x00, 0x00, 0x00, 0x00, 0x00, 
	0x00, 0x00, 0x00, 0xf0, 0xfc, 0xfe, 0xff, 0xff, 0xff, 0xfe, 0xfc, 0xfc, 0xf8, 0xf8, 0xff, 0x3f, 
	0x3f, 0xff, 0xf8, 0xf8, 0xfc, 0xfc, 0xfe, 0xff, 0xff, 0xff, 0xfe, 0xfc, 0xf0, 0x00, 0x00, 0x00, 
	0x00, 0x00, 0x00, 0x00, 0xc3, 0xff, 0xff, 0xff, 0x1f, 0x0f, 0x0f, 0x0f, 0x0f, 0x07, 0x01, 0x00, 
	0x00, 0x01, 0x07, 0x0f, 0x0f, 0x0f, 0x0f, 0x1f, 0xff, 0xff, 0xff, 0xc3, 0x00, 0x00, 0x00, 0x00, 
	0x03, 0x03, 0x07, 0x07, 0x07, 0x0f, 0x0f, 0x1c, 0x18, 0x00, 0x00, 0x00, 0x00, 0x00, 0x00, 0x00, 
	0x00, 0x00, 0x00, 0x00, 0x00, 0x00, 0x00, 0x18, 0x1c, 0x0f, 0x0f, 0x07, 0x07, 0x07, 0x03, 0x03
};
// 'glasses', 32x32px
const unsigned char fas_32x32_fa_glasses [] PROGMEM = {
	0x00, 0x00, 0x00, 0xc0, 0xe0, 0xf0, 0x70, 0x30, 0x70, 0x70, 0x00, 0x00, 0x00, 0x00, 0x00, 0x00, 
	0x00, 0x00, 0x00, 0x00, 0x00, 0x00, 0x70, 0x70, 0x30, 0x70, 0xf0, 0xe0, 0xc0, 0x00, 0x00, 0x00, 
	0x80, 0xf0, 0xff, 0x7f, 0x07, 0x00, 0x00, 0x00, 0x00, 0x00, 0x00, 0x00, 0x00, 0x00, 0x00, 0x00, 
	0x00, 0x00, 0x00, 0x00, 0x00, 0x00, 0x00, 0x00, 0x00, 0x00, 0x00, 0x07, 0x7f, 0xff, 0xf0, 0x80, 
	0xff, 0xff, 0xff, 0xff, 0x0f, 0x07, 0x07, 0x07, 0x07, 0x07, 0x0f, 0xff, 0xfe, 0xfe, 0xfe, 0x0e, 
	0x0e, 0xfe, 0xfe, 0xfe, 0xff, 0x0f, 0x07, 0x07, 0x07, 0x07, 0x07, 0x0f, 0xff, 0xff, 0xff, 0xff, 
	0x01, 0x03, 0x07, 0x0f, 0x0f, 0x0e, 0x0e, 0x0e, 0x0e, 0x0f, 0x0f, 0x0f, 0x07, 0x03, 0x00, 0x00, 
	0x00, 0x00, 0x03, 0x07, 0x0f, 0x0f, 0x0f, 0x0e, 0x0e, 0x0e, 0x0e, 0x0f, 0x0f, 0x07, 0x03, 0x01
};
// 'glass-martini', 32x32px
const unsigned char fas_32x32_fa_glass_martini [] PROGMEM = {
	0x0e, 0x1f, 0x3f, 0x7f, 0xff, 0xff, 0xff, 0xff, 0xff, 0xff, 0xff, 0xff, 0xff, 0xff, 0xff, 0xff, 
	0xff, 0xff, 0xff, 0xff, 0xff, 0xff, 0xff, 0xff, 0xff, 0xff, 0xff, 0xff, 0x7f, 0x3f, 0x1f, 0x0e, 
	0x00, 0x00, 0x00, 0x00, 0x00, 0x01, 0x03, 0x07, 0x0f, 0x1f, 0x3f, 0x7f, 0xff, 0xff, 0xff, 0xff, 
	0xff, 0xff, 0xff, 0xff, 0x7f, 0x3f, 0x1f, 0x0f, 0x07, 0x03, 0x01, 0x00, 0x00, 0x00, 0x00, 0x00, 
	0x00, 0x00, 0x00, 0x00, 0x00, 0x00, 0x00, 0x00, 0x00, 0x00, 0x00, 0x00, 0x00, 0x01, 0xff, 0xff, 
	0xff, 0xff, 0x01, 0x00, 0x00, 0x00, 0x00, 0x00, 0x00, 0x00, 0x00, 0x00, 0x00, 0x00, 0x00, 0x00, 
	0x00, 0x00, 0x00, 0x00, 0x00, 0x00, 0x00, 0x00, 0xc0, 0xe0, 0xe0, 0xe0, 0xe0, 0xe0, 0xff, 0xff, 
	0xff, 0xff, 0xe0, 0xe0, 0xe0, 0xe0, 0xe0, 0xc0, 0x00, 0x00, 0x00, 0x00, 0x00, 0x00, 0x00, 0x00
};
// 'glass-martini-alt', 32x32px
const unsigned char fas_32x32_fa_glass_martini_alt [] PROGMEM = {
	0x0e, 0x1f, 0x3f, 0x7f, 0xff, 0xf7, 0xe7, 0xc7, 0xc7, 0xc7, 0xc7, 0xc7, 0xc7, 0xc7, 0xc7, 0xc7, 
	0xc7, 0xc7, 0xc7, 0xc7, 0xc7, 0xc7, 0xc7, 0xc7, 0xc7, 0xe7, 0xf7, 0xff, 0x7f, 0x3f, 0x1f, 0x0e, 
	0x00, 0x00, 0x00, 0x00, 0x00, 0x01, 0x03, 0x07, 0x0f, 0x1f, 0x3f, 0x7f, 0xff, 0xff, 0xff, 0xff, 
	0xff, 0xff, 0xff, 0xff, 0x7f, 0x3f, 0x1f, 0x0f, 0x07, 0x03, 0x01, 0x00, 0x00, 0x00, 0x00, 0x00, 
	0x00, 0x00, 0x00, 0x00, 0x00, 0x00, 0x00, 0x00, 0x00, 0x00, 0x00, 0x00, 0x00, 0x01, 0xff, 0xff, 
	0xff, 0xff, 0x01, 0x00, 0x00, 0x00, 0x00, 0x00, 0x00, 0x00, 0x00, 0x00, 0x00, 0x00, 0x00, 0x00, 
	0x00, 0x00, 0x00, 0x00, 0x00, 0x00, 0x00, 0x00, 0xc0, 0xe0, 0xe0, 0xe0, 0xe0, 0xe0, 0xff, 0xff, 
	0xff, 0xff, 0xe0, 0xe0, 0xe0, 0xe0, 0xe0, 0xc0, 0x00, 0x00, 0x00, 0x00, 0x00, 0x00, 0x00, 0x00
};
// 'glass-whiskey', 32x32px
const unsigned char fas_32x32_fa_glass_whiskey [] PROGMEM = {
	0xf8, 0xfc, 0xfc, 0xfc, 0xfc, 0x3c, 0x3c, 0x3c, 0x3c, 0x3c, 0x3c, 0x3c, 0x3c, 0x3c, 0x3c, 0x3c, 
	0x3c, 0x3c, 0x3c, 0x3c, 0x3c, 0x3c, 0x3c, 0x3c, 0x3c, 0x3c, 0x3c, 0xfc, 0xfc, 0xfc, 0xfc, 0xf8, 
	0x00, 0x3f, 0xff, 0xff, 0xff, 0xe0, 0x00, 0x00, 0x00, 0x00, 0x00, 0x00, 0x00, 0x00, 0x00, 0x00, 
	0x00, 0x00, 0x00, 0x00, 0x00, 0x00, 0x00, 0x00, 0x00, 0x00, 0xe0, 0xff, 0xff, 0xff, 0x3f, 0x00, 
	0x00, 0x00, 0x0f, 0xff, 0xff, 0xff, 0xfc, 0xfc, 0xfc, 0xfc, 0xfc, 0xfc, 0xfc, 0xfc, 0xfc, 0xfc, 
	0xfc, 0xfc, 0xfc, 0xfc, 0xfc, 0xfc, 0xfc, 0xfc, 0xfc, 0xfc, 0xff, 0xff, 0xff, 0x0f, 0x00, 0x00, 
	0x00, 0x00, 0x00, 0x07, 0x1f, 0x1f, 0x3f, 0x3f, 0x3f, 0x3f, 0x3f, 0x3f, 0x3f, 0x3f, 0x3f, 0x3f, 
	0x3f, 0x3f, 0x3f, 0x3f, 0x3f, 0x3f, 0x3f, 0x3f, 0x3f, 0x3f, 0x3f, 0x1f, 0x07, 0x00, 0x00, 0x00
};
// 'globe', 32x32px
const unsigned char fas_32x32_fa_globe [] PROGMEM = {
	0x00, 0x00, 0x00, 0x80, 0xc0, 0xe0, 0xf0, 0xf8, 0xf8, 0x7c, 0x0c, 0x80, 0xf0, 0xf8, 0xfe, 0xfe, 
	0xff, 0xfe, 0xfe, 0xf8, 0xf0, 0x80, 0x0c, 0x7c, 0xf8, 0xf8, 0xf0, 0xe0, 0xc0, 0x80, 0x00, 0x00, 
	0x00, 0xf0, 0xf0, 0xf3, 0xf3, 0xf3, 0xf3, 0xf3, 0xf3, 0x00, 0xc0, 0xf3, 0xf3, 0xf3, 0xf3, 0xf3, 
	0xf3, 0xf3, 0xf3, 0xf3, 0xf3, 0xf3, 0xc0, 0x00, 0xf3, 0xf3, 0xf3, 0xf3, 0xf3, 0xf3, 0xf0, 0xf0, 
	0x00, 0x0f, 0x0f, 0xcf, 0xcf, 0xcf, 0xcf, 0xcf, 0xcf, 0x00, 0x03, 0xcf, 0xcf, 0xcf, 0xcf, 0xcf, 
	0xcf, 0xcf, 0xcf, 0xcf, 0xcf, 0xcf, 0x03, 0x00, 0xcf, 0xcf, 0xcf, 0xcf, 0xcf, 0xcf, 0x4f, 0x0f, 
	0x00, 0x00, 0x00, 0x01, 0x03, 0x07, 0x0f, 0x1f, 0x1f, 0x3e, 0x30, 0x01, 0x0f, 0x1f, 0x7f, 0x7f, 
	0xff, 0x7f, 0x7f, 0x1f, 0x0f, 0x01, 0x30, 0x3e, 0x1f, 0x1f, 0x0f, 0x07, 0x03, 0x01, 0x00, 0x00
};
// 'globe-africa', 32x32px
const unsigned char fas_32x32_fa_globe_africa [] PROGMEM = {
	0x00, 0x00, 0x00, 0x80, 0xc0, 0xe0, 0xf0, 0xf8, 0xf8, 0xfc, 0xfc, 0xfe, 0xfe, 0xfe, 0x7e, 0x3f, 
	0x3f, 0x3f, 0x1e, 0x0e, 0x0e, 0x1e, 0x1c, 0x3c, 0x38, 0x78, 0xf0, 0xe0, 0xc0, 0x80, 0x00, 0x00, 
	0x00, 0xf0, 0xfe, 0xff, 0xff, 0xff, 0xff, 0xff, 0xff, 0xff, 0xff, 0x7f, 0x7f, 0x3c, 0x1c, 0x1c, 
	0x1c, 0x3c, 0x3c, 0x3c, 0x18, 0x98, 0x80, 0x80, 0x00, 0x80, 0xc1, 0xe3, 0xff, 0xff, 0xfe, 0xf0, 
	0x00, 0x0f, 0x7f, 0xff, 0xff, 0xff, 0xff, 0xff, 0xff, 0xff, 0xff, 0xe0, 0xc0, 0xc0, 0xc0, 0xc0, 
	0x80, 0x00, 0x00, 0x00, 0x00, 0x01, 0x03, 0xe3, 0xff, 0xff, 0xff, 0xff, 0xff, 0xff, 0x7f, 0x0f, 
	0x00, 0x00, 0x00, 0x01, 0x03, 0x07, 0x0f, 0x1f, 0x1f, 0x3f, 0x3f, 0x7f, 0x7f, 0x7f, 0x7f, 0xff, 
	0xff, 0xf8, 0x70, 0x70, 0x7c, 0x7e, 0x3f, 0x3f, 0x1f, 0x1f, 0x0f, 0x07, 0x03, 0x01, 0x00, 0x00
};
// 'globe-americas', 32x32px
const unsigned char fas_32x32_fa_globe_americas [] PROGMEM = {
	0x00, 0x00, 0x00, 0x80, 0xc0, 0xe0, 0xf0, 0x78, 0x38, 0x3c, 0x1c, 0x1e, 0x1e, 0x1e, 0x0e, 0x0f, 
	0x0f, 0x9f, 0xfe, 0xfe, 0xfe, 0xfe, 0xfc, 0xfc, 0xf8, 0xf8, 0xf0, 0xe0, 0xc0, 0x80, 0x00, 0x00, 
	0x00, 0xf0, 0xfe, 0xff, 0xff, 0xfb, 0xe1, 0xc0, 0x80, 0x00, 0x00, 0xc0, 0xe0, 0xe0, 0xc0, 0xfc, 
	0xfc, 0xff, 0xff, 0xff, 0xff, 0xff, 0xff, 0xff, 0xff, 0x9f, 0x07, 0x07, 0x1f, 0xff, 0xfe, 0xf0, 
	0x00, 0x0f, 0x7f, 0xff, 0xff, 0xff, 0xff, 0xff, 0xff, 0xff, 0xfe, 0xfe, 0xfc, 0xfc, 0xf1, 0x03, 
	0x03, 0x03, 0x03, 0x03, 0x03, 0x87, 0xff, 0xff, 0xff, 0xff, 0xfe, 0xfe, 0xfe, 0xff, 0x7f, 0x0f, 
	0x00, 0x00, 0x00, 0x01, 0x03, 0x07, 0x0f, 0x1f, 0x1f, 0x3f, 0x3f, 0x7f, 0x7f, 0x7f, 0x7f, 0xff, 
	0xfc, 0xf0, 0x70, 0x78, 0x7f, 0x7f, 0x3f, 0x3f, 0x1f, 0x1f, 0x0f, 0x07, 0x03, 0x01, 0x00, 0x00
};
// 'globe-asia', 32x32px
const unsigned char fas_32x32_fa_globe_asia [] PROGMEM = {
	0x00, 0x00, 0x00, 0x80, 0xc0, 0xe0, 0xf0, 0x78, 0x38, 0x3c, 0x1c, 0x1e, 0x0e, 0x0e, 0x0e, 0x0f, 
	0x0f, 0xcf, 0xee, 0xee, 0xfe, 0xfe, 0xfc, 0xfc, 0xf8, 0xf8, 0xf0, 0xe0, 0xc0, 0x80, 0x00, 0x00, 
	0x00, 0xf0, 0xfe, 0xff, 0x1f, 0x03, 0x01, 0x00, 0x00, 0x00, 0x00, 0x00, 0x00, 0x00, 0x00, 0x00, 
	0xc0, 0xc0, 0xff, 0xff, 0xff, 0xff, 0xff, 0xff, 0xff, 0xff, 0xff, 0xff, 0xff, 0xff, 0xfe, 0xf0, 
	0x00, 0x0f, 0x7f, 0xff, 0xfc, 0xfc, 0xfc, 0xfc, 0xfc, 0xfe, 0xfe, 0xfc, 0xf0, 0xf0, 0xff, 0xff, 
	0xff, 0xcf, 0x8f, 0x8f, 0xc7, 0xc3, 0x83, 0x07, 0x03, 0x07, 0xff, 0xff, 0xff, 0xff, 0x7f, 0x0f, 
	0x00, 0x00, 0x00, 0x01, 0x03, 0x07, 0x0f, 0x1f, 0x1f, 0x3f, 0x3f, 0x7f, 0x7f, 0x7f, 0x7f, 0xff, 
	0xff, 0xff, 0x7f, 0x7f, 0x7f, 0x7f, 0x3f, 0x3f, 0x1f, 0x1f, 0x0f, 0x07, 0x03, 0x01, 0x00, 0x00
};
// 'globe-europe', 32x32px
const unsigned char fas_32x32_fa_globe_europe [] PROGMEM = {
	0x00, 0x00, 0x00, 0x80, 0xc0, 0xe0, 0xf0, 0xf8, 0xf8, 0xfc, 0xfc, 0x7e, 0xfe, 0xfe, 0x9e, 0x8f, 
	0xcf, 0xef, 0x6e, 0x0e, 0x0e, 0x1e, 0x1c, 0x3c, 0x38, 0x78, 0xf0, 0xe0, 0xc0, 0x80, 0x00, 0x00, 
	0x00, 0xf0, 0xfe, 0xff, 0xff, 0xff, 0xff, 0xff, 0xff, 0xfd, 0xfc, 0xfc, 0x8f, 0x87, 0x81, 0xc1, 
	0xe0, 0xc0, 0xc0, 0xe0, 0xe0, 0xf0, 0xdc, 0xcc, 0xcc, 0x0c, 0x01, 0x03, 0x1f, 0xff, 0xfe, 0xf0, 
	0x00, 0x0f, 0x7f, 0xff, 0xff, 0xff, 0xff, 0xff, 0xff, 0xff, 0x0f, 0x07, 0x07, 0x03, 0x01, 0x01, 
	0x01, 0x01, 0x01, 0x03, 0x07, 0x0f, 0x0f, 0x0f, 0x1d, 0x18, 0xb0, 0xf0, 0xf8, 0xff, 0x7f, 0x0f, 
	0x00, 0x00, 0x00, 0x01, 0x03, 0x07, 0x0f, 0x1f, 0x1f, 0x3f, 0x3f, 0x7e, 0x7c, 0x78, 0x78, 0xf8, 
	0xf8, 0xf0, 0x70, 0x70, 0x70, 0x78, 0x38, 0x3c, 0x1c, 0x1e, 0x0f, 0x07, 0x03, 0x01, 0x00, 0x00
};
// 'golf-ball', 32x32px
const unsigned char fas_32x32_fa_golf_ball [] PROGMEM = {
	0x00, 0x00, 0x00, 0x00, 0x80, 0xe0, 0xf0, 0xf8, 0xfc, 0xfc, 0xfe, 0xfe, 0xff, 0xff, 0xff, 0xff, 
	0xff, 0xff, 0xff, 0xff, 0xfe, 0xfe, 0xfc, 0xfc, 0xf8, 0xf0, 0xe0, 0x80, 0x00, 0x00, 0x00, 0x00, 
	0x00, 0x00, 0x00, 0xfe, 0xff, 0xff, 0xff, 0xff, 0xff, 0xff, 0xff, 0xff, 0xff, 0xff, 0xff, 0xff, 
	0xff, 0x3f, 0x1f, 0x9f, 0xff, 0xff, 0x7f, 0x3f, 0x3f, 0xff, 0xff, 0xff, 0xfe, 0x00, 0x00, 0x00, 
	0x00, 0x00, 0x00, 0x01, 0x07, 0x1f, 0x3f, 0x7f, 0xff, 0xff, 0xff, 0xff, 0xff, 0xff, 0xff, 0xff, 
	0xff, 0xff, 0xe7, 0xe3, 0xf3, 0xff, 0xfe, 0xfe, 0x7f, 0x3f, 0x1f, 0x07, 0x01, 0x00, 0x00, 0x00, 
	0x00, 0x00, 0x00, 0x00, 0x00, 0x00, 0x00, 0x00, 0x00, 0x04, 0x0c, 0x0c, 0x0c, 0x1c, 0xfc, 0xfc, 
	0xfc, 0xfc, 0x1c, 0x0c, 0x0c, 0x0c, 0x04, 0x00, 0x00, 0x00, 0x00, 0x00, 0x00, 0x00, 0x00, 0x00
};
// 'gopuram', 32x32px
const unsigned char fas_32x32_fa_gopuram [] PROGMEM = {
	0x00, 0x00, 0x00, 0x00, 0x00, 0x00, 0xff, 0xff, 0xfc, 0xfc, 0xfc, 0xfc, 0xff, 0xff, 0xfc, 0xfc, 
	0xfc, 0xfc, 0xff, 0xff, 0xfc, 0xfc, 0xfc, 0xfc, 0xff, 0xff, 0x00, 0x00, 0x00, 0x00, 0x00, 0x00, 
	0x00, 0x00, 0xc0, 0xc0, 0xff, 0xff, 0xff, 0xff, 0x3f, 0x3f, 0xc0, 0xc0, 0xff, 0xff, 0xff, 0xc3, 
	0xc3, 0xff, 0xff, 0xff, 0xc0, 0xc0, 0x3f, 0x3f, 0xff, 0xff, 0xff, 0xff, 0xc0, 0xc0, 0x00, 0x00, 
	0xc0, 0xc0, 0xff, 0xff, 0xff, 0xff, 0x3f, 0x3f, 0xc0, 0xc0, 0xff, 0xff, 0xff, 0xff, 0xc1, 0xc1, 
	0xc1, 0xc1, 0xff, 0xff, 0xff, 0xff, 0xc0, 0xc0, 0x3f, 0x3f, 0xff, 0xff, 0xff, 0xff, 0xc0, 0xc0, 
	0xff, 0xff, 0xff, 0xff, 0xff, 0xff, 0x00, 0x00, 0xff, 0xff, 0xff, 0xff, 0xff, 0x03, 0x03, 0x03, 
	0x03, 0x03, 0x03, 0xff, 0xff, 0xff, 0xff, 0xff, 0x00, 0x00, 0xff, 0xff, 0xff, 0xff, 0xff, 0xff
};
// 'graduation-cap', 32x32px
const unsigned char fas_32x32_fa_graduation_cap [] PROGMEM = {
	0x00, 0x00, 0x00, 0x00, 0x00, 0x00, 0x00, 0x00, 0x00, 0x00, 0x00, 0x80, 0x80, 0x80, 0xc0, 0xc0, 
	0xc0, 0xc0, 0x80, 0x80, 0x80, 0x00, 0x00, 0x00, 0x00, 0x00, 0x00, 0x00, 0x00, 0x00, 0x00, 0x00, 
	0x18, 0x18, 0xbc, 0xfc, 0x7c, 0x7e, 0x7e, 0x7e, 0xff, 0xff, 0xff, 0xff, 0xff, 0xff, 0xff, 0xff, 
	0xff, 0xff, 0xff, 0xff, 0xff, 0xff, 0xff, 0xff, 0x7e, 0x7e, 0x7e, 0x3c, 0x3c, 0x3c, 0x18, 0x18, 
	0x00, 0xc0, 0xff, 0xff, 0xe6, 0x00, 0x60, 0xfe, 0xfe, 0xfe, 0xfc, 0xfc, 0xfd, 0xf9, 0xf9, 0xfb, 
	0xfb, 0xf9, 0xf9, 0xfd, 0xfc, 0xfc, 0xfe, 0xfe, 0xfe, 0x60, 0x00, 0x00, 0x00, 0x00, 0x00, 0x00, 
	0x00, 0x03, 0x03, 0x03, 0x03, 0x00, 0x00, 0x00, 0x01, 0x01, 0x01, 0x01, 0x03, 0x03, 0x03, 0x03, 
	0x03, 0x03, 0x03, 0x03, 0x01, 0x01, 0x01, 0x01, 0x00, 0x00, 0x00, 0x00, 0x00, 0x00, 0x00, 0x00
};
// 'greater-than', 32x32px
const unsigned char fas_32x32_fa_greater_than [] PROGMEM = {
	0x00, 0x00, 0x00, 0x00, 0xc0, 0xe0, 0xf0, 0xf0, 0xe0, 0xe0, 0xe0, 0xc0, 0xc0, 0x80, 0x80, 0x00, 
	0x00, 0x00, 0x00, 0x00, 0x00, 0x00, 0x00, 0x00, 0x00, 0x00, 0x00, 0x00, 0x00, 0x00, 0x00, 0x00, 
	0x00, 0x00, 0x00, 0x00, 0x01, 0x03, 0x03, 0x07, 0x07, 0x0f, 0x0f, 0x1f, 0x1f, 0x3f, 0x3f, 0x7f, 
	0x7f, 0x7e, 0xfe, 0xfc, 0xfc, 0xf8, 0xf8, 0xf0, 0xf0, 0xf0, 0xe0, 0xc0, 0x00, 0x00, 0x00, 0x00, 
	0x00, 0x00, 0x00, 0x00, 0x80, 0xc0, 0xc0, 0xe0, 0xe0, 0xf0, 0xf0, 0xf8, 0xf8, 0xfc, 0xfc, 0xfc, 
	0xfe, 0x7e, 0x7f, 0x3f, 0x3f, 0x1f, 0x1f, 0x0f, 0x0f, 0x0f, 0x07, 0x03, 0x00, 0x00, 0x00, 0x00, 
	0x00, 0x00, 0x00, 0x00, 0x03, 0x07, 0x0f, 0x0f, 0x07, 0x07, 0x07, 0x03, 0x03, 0x01, 0x01, 0x00, 
	0x00, 0x00, 0x00, 0x00, 0x00, 0x00, 0x00, 0x00, 0x00, 0x00, 0x00, 0x00, 0x00, 0x00, 0x00, 0x00
};
// 'greater-than-equal', 32x32px
const unsigned char fas_32x32_fa_greater_than_equal [] PROGMEM = {
	0x00, 0x00, 0x00, 0x00, 0x38, 0x7e, 0x7e, 0xfe, 0xfe, 0xfc, 0xfc, 0xf8, 0xf8, 0xf8, 0xf0, 0xf0, 
	0xe0, 0xe0, 0xe0, 0xc0, 0xc0, 0x80, 0x80, 0x80, 0x00, 0x00, 0x00, 0x00, 0x00, 0x00, 0x00, 0x00, 
	0x00, 0x00, 0x00, 0x00, 0x00, 0x80, 0x80, 0xc0, 0xc0, 0xc0, 0xe1, 0xe1, 0xf3, 0xf3, 0xf3, 0xff, 
	0xff, 0xff, 0xff, 0xff, 0xff, 0x7f, 0x7f, 0x7f, 0x3f, 0x3f, 0x1e, 0x1e, 0x00, 0x00, 0x00, 0x00, 
	0x00, 0x00, 0x00, 0x00, 0x07, 0x0f, 0x1f, 0x1f, 0x1f, 0x0f, 0x0f, 0x07, 0x07, 0x07, 0x03, 0x03, 
	0x01, 0x01, 0x01, 0x00, 0x00, 0x00, 0x00, 0x00, 0x00, 0x00, 0x00, 0x00, 0x00, 0x00, 0x00, 0x00, 
	0x00, 0x00, 0x7e, 0x7e, 0x7e, 0x7e, 0x7e, 0x7e, 0x7e, 0x7e, 0x7e, 0x7e, 0x7e, 0x7e, 0x7e, 0x7e, 
	0x7e, 0x7e, 0x7e, 0x7e, 0x7e, 0x7e, 0x7e, 0x7e, 0x7e, 0x7e, 0x7e, 0x7e, 0x7e, 0x7e, 0x00, 0x00
};
// 'grimace', 32x32px
const unsigned char fas_32x32_fa_grimace [] PROGMEM = {
	0x00, 0x00, 0x00, 0x80, 0xc0, 0xe0, 0xf0, 0xf8, 0xf8, 0xfc, 0xfc, 0xfe, 0xfe, 0xfe, 0xfe, 0xff, 
	0xff, 0xff, 0xfe, 0xfe, 0xfe, 0xfe, 0xfc, 0xfc, 0xf8, 0xf8, 0xf0, 0xe0, 0xc0, 0x80, 0x00, 0x00, 
	0x00, 0xf0, 0xfe, 0xff, 0xff, 0xff, 0xff, 0xff, 0xff, 0xff, 0x87, 0x87, 0x87, 0xff, 0xff, 0xff, 
	0xff, 0xff, 0xff, 0xff, 0x87, 0x87, 0x87, 0xff, 0xff, 0xff, 0xff, 0xff, 0xff, 0xff, 0xfe, 0xf0, 
	0x00, 0x0f, 0x7f, 0xff, 0xff, 0xff, 0xff, 0xff, 0x67, 0x67, 0xff, 0x67, 0x67, 0x67, 0xff, 0x67, 
	0x67, 0x67, 0xff, 0x67, 0x67, 0x67, 0xff, 0x67, 0x67, 0xff, 0xff, 0xff, 0xff, 0xff, 0x7f, 0x0f, 
	0x00, 0x00, 0x00, 0x01, 0x03, 0x07, 0x0f, 0x1f, 0x1e, 0x3e, 0x3f, 0x7e, 0x7e, 0x7e, 0x7f, 0xfe, 
	0xfe, 0xfe, 0x7f, 0x7e, 0x7e, 0x7e, 0x3f, 0x3e, 0x1e, 0x1f, 0x0f, 0x07, 0x03, 0x01, 0x00, 0x00
};
// 'grin', 32x32px
const unsigned char fas_32x32_fa_grin [] PROGMEM = {
	0x00, 0x00, 0x00, 0x80, 0xc0, 0xe0, 0xf0, 0xf8, 0xf8, 0xfc, 0xfc, 0xfe, 0xfe, 0xfe, 0xfe, 0xff, 
	0xff, 0xff, 0xfe, 0xfe, 0xfe, 0xfe, 0xfc, 0xfc, 0xf8, 0xf8, 0xf0, 0xe0, 0xc0, 0x80, 0x00, 0x00, 
	0x00, 0xf0, 0xfe, 0xff, 0xff, 0xff, 0xff, 0xff, 0xff, 0xff, 0x87, 0x87, 0x87, 0xff, 0xff, 0xff, 
	0xff, 0xff, 0xff, 0xff, 0x87, 0x87, 0x87, 0xff, 0xff, 0xff, 0xff, 0xff, 0xff, 0xff, 0xfe, 0xf0, 
	0x00, 0x0f, 0x7f, 0xff, 0xff, 0xff, 0xff, 0xff, 0x8f, 0x0f, 0x1f, 0x1f, 0x1f, 0x1f, 0x1f, 0x1f, 
	0x1f, 0x1f, 0x1f, 0x1f, 0x1f, 0x1f, 0x1f, 0x0f, 0x8f, 0xff, 0xff, 0xff, 0xff, 0xff, 0x7f, 0x0f, 
	0x00, 0x00, 0x00, 0x01, 0x03, 0x07, 0x0f, 0x1f, 0x1f, 0x3f, 0x3e, 0x7c, 0x7c, 0x7c, 0x78, 0xf8, 
	0xf8, 0xf8, 0x78, 0x7c, 0x7c, 0x7c, 0x3e, 0x3f, 0x1f, 0x1f, 0x0f, 0x07, 0x03, 0x01, 0x00, 0x00
};
// 'grin-alt', 32x32px
const unsigned char fas_32x32_fa_grin_alt [] PROGMEM = {
	0x00, 0x00, 0x00, 0x80, 0xc0, 0xe0, 0xf0, 0xf8, 0xf8, 0xfc, 0xfc, 0xfe, 0xfe, 0xfe, 0xfe, 0xff, 
	0xff, 0xff, 0xfe, 0xfe, 0xfe, 0xfe, 0xfc, 0xfc, 0xf8, 0xf8, 0xf0, 0xe0, 0xc0, 0x80, 0x00, 0x00, 
	0x00, 0xf0, 0xfe, 0xff, 0xff, 0xff, 0xff, 0xff, 0xff, 0xff, 0x81, 0x00, 0x81, 0xff, 0xff, 0xff, 
	0xff, 0xff, 0xff, 0xff, 0x81, 0x00, 0x81, 0xff, 0xff, 0xff, 0xff, 0xff, 0xff, 0xff, 0xfe, 0xf0, 
	0x00, 0x0f, 0x7f, 0xff, 0xff, 0xff, 0xff, 0xff, 0x8f, 0x0f, 0x1f, 0x1f, 0x1f, 0x1f, 0x1f, 0x1f, 
	0x1f, 0x1f, 0x1f, 0x1f, 0x1f, 0x1f, 0x1f, 0x0f, 0x8f, 0xff, 0xff, 0xff, 0xff, 0xff, 0x7f, 0x0f, 
	0x00, 0x00, 0x00, 0x01, 0x03, 0x07, 0x0f, 0x1f, 0x1f, 0x3f, 0x3e, 0x7c, 0x7c, 0x7c, 0x78, 0xf8, 
	0xf8, 0xf8, 0x78, 0x7c, 0x7c, 0x7c, 0x3e, 0x3f, 0x1f, 0x1f, 0x0f, 0x07, 0x03, 0x01, 0x00, 0x00
};
// 'grin-beam', 32x32px
const unsigned char fas_32x32_fa_grin_beam [] PROGMEM = {
	0x00, 0x00, 0x00, 0x80, 0xc0, 0xe0, 0xf0, 0xf8, 0xf8, 0xfc, 0xfc, 0xfe, 0xfe, 0xfe, 0xfe, 0xff, 
	0xff, 0xff, 0xfe, 0xfe, 0xfe, 0xfe, 0xfc, 0xfc, 0xf8, 0xf8, 0xf0, 0xe0, 0xc0, 0x80, 0x00, 0x00, 
	0x00, 0xf0, 0xfe, 0xff, 0xff, 0xff, 0xff, 0xff, 0xcf, 0xe7, 0xf3, 0xf3, 0xf3, 0xe7, 0xcf, 0xff, 
	0xff, 0xff, 0xcf, 0xe7, 0xf3, 0xf3, 0xf3, 0xe7, 0xcf, 0xff, 0xff, 0xff, 0xff, 0xff, 0xfe, 0xf0, 
	0x00, 0x0f, 0x7f, 0xff, 0xff, 0xff, 0xff, 0xff, 0x8f, 0x0f, 0x1f, 0x1f, 0x1f, 0x1f, 0x1f, 0x1f, 
	0x1f, 0x1f, 0x1f, 0x1f, 0x1f, 0x1f, 0x1f, 0x0f, 0x8f, 0xff, 0xff, 0xff, 0xff, 0xff, 0x7f, 0x0f, 
	0x00, 0x00, 0x00, 0x01, 0x03, 0x07, 0x0f, 0x1f, 0x1f, 0x3f, 0x3e, 0x7c, 0x7c, 0x7c, 0x78, 0xf8, 
	0xf8, 0xf8, 0x78, 0x7c, 0x7c, 0x7c, 0x3e, 0x3f, 0x1f, 0x1f, 0x0f, 0x07, 0x03, 0x01, 0x00, 0x00
};
// 'grin-beam-sweat', 32x32px
const unsigned char fas_32x32_fa_grin_beam_sweat [] PROGMEM = {
	0x00, 0x00, 0x00, 0xc0, 0xe0, 0xf0, 0xf8, 0xf8, 0xfc, 0xfc, 0xfe, 0xfe, 0xfe, 0xfe, 0xff, 0xff, 
	0xff, 0xff, 0xfe, 0xfe, 0xfe, 0xfc, 0xfc, 0xfc, 0x80, 0x00, 0x78, 0xfc, 0xff, 0xff, 0xfc, 0x78, 
	0xf0, 0xfe, 0xff, 0xff, 0xff, 0xff, 0xff, 0xcf, 0xe7, 0xf3, 0xf3, 0xf3, 0xe3, 0xcf, 0xff, 0xff, 
	0xff, 0xdf, 0xc7, 0xf3, 0xf3, 0xf3, 0xe3, 0xc7, 0xff, 0xfe, 0xfe, 0xfc, 0xfc, 0xfc, 0xf8, 0xc0, 
	0x0f, 0x7f, 0xff, 0xff, 0xff, 0xff, 0xff, 0x8f, 0x0f, 0x0f, 0x1f, 0x1f, 0x1f, 0x1f, 0x1f, 0x1f, 
	0x1f, 0x1f, 0x1f, 0x1f, 0x1f, 0x1f, 0x0f, 0x0f, 0xcf, 0xff, 0xff, 0xff, 0xff, 0xff, 0x3f, 0x03, 
	0x00, 0x00, 0x00, 0x03, 0x07, 0x0f, 0x1f, 0x1f, 0x3f, 0x3e, 0x7c, 0x7c, 0x7c, 0x78, 0xf8, 0xf8, 
	0xf8, 0xf8, 0x78, 0x7c, 0x7c, 0x3e, 0x3e, 0x3f, 0x1f, 0x0f, 0x07, 0x03, 0x01, 0x00, 0x00, 0x00
};
// 'grin-hearts', 32x32px
const unsigned char fas_32x32_fa_grin_hearts [] PROGMEM = {
	0x00, 0x00, 0x00, 0x80, 0xc0, 0xe0, 0xf0, 0xf8, 0xf8, 0xfc, 0xfc, 0xfe, 0xfe, 0xfe, 0xfe, 0xff, 
	0xff, 0xff, 0xfe, 0xfe, 0xfe, 0xfe, 0xfc, 0xfc, 0xf8, 0xf8, 0xf0, 0xe0, 0xc0, 0x80, 0x00, 0x00, 
	0x00, 0xf0, 0xfe, 0xff, 0xff, 0xff, 0xff, 0xc7, 0xc3, 0x83, 0x81, 0x80, 0x80, 0xc0, 0xff, 0xff, 
	0xff, 0xff, 0xff, 0xc0, 0x80, 0x80, 0x81, 0x83, 0xc3, 0xc7, 0xff, 0xff, 0xff, 0xff, 0xfe, 0xf0, 
	0x00, 0x0f, 0x7f, 0xff, 0xff, 0xff, 0xff, 0xff, 0x8f, 0x0f, 0x1f, 0x1f, 0x1f, 0x1f, 0x1f, 0x1f, 
	0x1f, 0x1f, 0x1f, 0x1f, 0x1f, 0x1f, 0x1f, 0x0f, 0x8f, 0xff, 0xff, 0xff, 0xff, 0xff, 0x7f, 0x0f, 
	0x00, 0x00, 0x00, 0x01, 0x03, 0x07, 0x0f, 0x1f, 0x1f, 0x3f, 0x3e, 0x7c, 0x7c, 0x7c, 0x78, 0xf8, 
	0xf8, 0xf8, 0x78, 0x7c, 0x7c, 0x7c, 0x3e, 0x3f, 0x1f, 0x1f, 0x0f, 0x07, 0x03, 0x01, 0x00, 0x00
};
// 'grin-squint', 32x32px
const unsigned char fas_32x32_fa_grin_squint [] PROGMEM = {
	0x00, 0x00, 0x00, 0x80, 0xc0, 0xe0, 0xf0, 0xf8, 0xf8, 0xfc, 0xfc, 0xfe, 0xfe, 0xfe, 0xfe, 0xff, 
	0xff, 0xff, 0xfe, 0xfe, 0xfe, 0xfe, 0xfc, 0xfc, 0xf8, 0xf8, 0xf0, 0xe0, 0xc0, 0x80, 0x00, 0x00, 
	0x00, 0xf0, 0xfe, 0xff, 0xff, 0xff, 0xff, 0xff, 0xff, 0x31, 0x03, 0x87, 0x87, 0xcf, 0xff, 0xff, 
	0xff, 0xff, 0xff, 0xcf, 0x87, 0x87, 0x03, 0x31, 0xff, 0xff, 0xff, 0xff, 0xff, 0xff, 0xfe, 0xf0, 
	0x00, 0x0f, 0x7f, 0xff, 0xff, 0xff, 0xff, 0xff, 0x8f, 0x0f, 0x1f, 0x1f, 0x1f, 0x1f, 0x1f, 0x1f, 
	0x1f, 0x1f, 0x1f, 0x1f, 0x1f, 0x1f, 0x1f, 0x0f, 0x8f, 0xff, 0xff, 0xff, 0xff, 0xff, 0x7f, 0x0f, 
	0x00, 0x00, 0x00, 0x01, 0x03, 0x07, 0x0f, 0x1f, 0x1f, 0x3f, 0x3e, 0x7c, 0x7c, 0x7c, 0x78, 0xf8, 
	0xf8, 0xf8, 0x78, 0x7c, 0x7c, 0x7c, 0x3e, 0x3f, 0x1f, 0x1f, 0x0f, 0x07, 0x03, 0x01, 0x00, 0x00
};
// 'grin-squint-tears', 32x32px
const unsigned char fas_32x32_fa_grin_squint_tears [] PROGMEM = {
	0x00, 0x00, 0x00, 0x80, 0xc0, 0xe0, 0xf0, 0xf8, 0xfc, 0xfc, 0xfe, 0xfe, 0xfe, 0xfe, 0xff, 0xff, 
	0x3f, 0xff, 0xfe, 0xfe, 0xfe, 0xfe, 0xfc, 0x08, 0x00, 0x70, 0x7e, 0x7f, 0x3f, 0x3f, 0x3f, 0x1e, 
	0xc0, 0xfc, 0xff, 0xff, 0xff, 0xff, 0xff, 0xff, 0xff, 0x7f, 0x7f, 0x7f, 0x7f, 0xff, 0xff, 0xe1, 
	0xe0, 0xe0, 0xf3, 0xf3, 0xf3, 0xff, 0xff, 0x7f, 0x1e, 0x1e, 0x3e, 0xfe, 0xff, 0xfe, 0xfc, 0xc0, 
	0x03, 0x3f, 0x7f, 0xff, 0x7f, 0x7f, 0x7e, 0x7e, 0xfc, 0xfc, 0xe0, 0xe0, 0xfc, 0xff, 0xff, 0x7f, 
	0x3f, 0x1f, 0x1f, 0x0f, 0x07, 0x01, 0x00, 0x00, 0x80, 0xe0, 0xf8, 0xff, 0xff, 0xff, 0x3f, 0x03, 
	0x78, 0xfc, 0xfc, 0xfc, 0xfe, 0x7e, 0x0e, 0x00, 0x10, 0x3f, 0x7f, 0x7f, 0x7f, 0x7c, 0xf8, 0xf8, 
	0xf8, 0xf8, 0x78, 0x7c, 0x7c, 0x7e, 0x3e, 0x3f, 0x1f, 0x0f, 0x07, 0x03, 0x01, 0x00, 0x00, 0x00
};
// 'grin-stars', 32x32px
const unsigned char fas_32x32_fa_grin_stars [] PROGMEM = {
	0x00, 0x00, 0x00, 0x80, 0xc0, 0xe0, 0xf0, 0xf8, 0xf8, 0xfc, 0xfc, 0xfe, 0xfe, 0xfe, 0xfe, 0xff, 
	0xff, 0xff, 0xfe, 0xfe, 0xfe, 0xfe, 0xfc, 0xfc, 0xf8, 0xf8, 0xf0, 0xe0, 0xc0, 0x80, 0x00, 0x00, 
	0x00, 0xf0, 0xfe, 0xff, 0xff, 0xff, 0xff, 0xf7, 0x83, 0x83, 0x80, 0x83, 0x83, 0xf7, 0xff, 0xff, 
	0xff, 0xff, 0xff, 0xf7, 0x83, 0x83, 0x80, 0x83, 0x83, 0xf7, 0xff, 0xff, 0xff, 0xff, 0xfe, 0xf0, 
	0x00, 0x0f, 0x7f, 0xff, 0xff, 0xff, 0xff, 0xff, 0x8f, 0x0f, 0x1f, 0x1f, 0x1f, 0x1f, 0x1f, 0x1f, 
	0x1f, 0x1f, 0x1f, 0x1f, 0x1f, 0x1f, 0x1f, 0x0f, 0x8f, 0xff, 0xff, 0xff, 0xff, 0xff, 0x7f, 0x0f, 
	0x00, 0x00, 0x00, 0x01, 0x03, 0x07, 0x0f, 0x1f, 0x1f, 0x3f, 0x3e, 0x7c, 0x7c, 0x7c, 0x78, 0xf8, 
	0xf8, 0xf8, 0x78, 0x7c, 0x7c, 0x7c, 0x3e, 0x3f, 0x1f, 0x1f, 0x0f, 0x07, 0x03, 0x01, 0x00, 0x00
};
// 'grin-tears', 32x32px
const unsigned char fas_32x32_fa_grin_tears [] PROGMEM = {
	0x00, 0x00, 0x00, 0x00, 0x00, 0x00, 0x00, 0x80, 0xc0, 0xe0, 0xe0, 0xf0, 0xf0, 0xf0, 0xf8, 0xf8, 
	0xf8, 0xf8, 0xf0, 0xf0, 0xf0, 0xe0, 0xe0, 0xc0, 0x80, 0x00, 0x00, 0x00, 0x00, 0x00, 0x00, 0x00, 
	0x00, 0x00, 0x00, 0x00, 0x38, 0x3e, 0x7f, 0xff, 0xff, 0xdf, 0xcf, 0xe7, 0xe7, 0xcf, 0xdf, 0xff, 
	0xff, 0xdf, 0xcf, 0xe7, 0xe7, 0xcf, 0xdf, 0xff, 0xff, 0x7f, 0x3e, 0x38, 0x00, 0x00, 0x00, 0x00, 
	0x1c, 0x1e, 0x3e, 0x1f, 0x1f, 0x40, 0xf0, 0xff, 0xff, 0xc7, 0x87, 0x0f, 0x0f, 0x0f, 0x0f, 0x0f, 
	0x0f, 0x0f, 0x0f, 0x0f, 0x0f, 0x87, 0xc7, 0xff, 0xff, 0xf0, 0x41, 0x1f, 0x1f, 0x3e, 0x1e, 0x1c, 
	0x00, 0x00, 0x00, 0x00, 0x00, 0x00, 0x00, 0x01, 0x03, 0x07, 0x07, 0x0f, 0x0f, 0x0f, 0x1e, 0x1e, 
	0x1e, 0x1e, 0x0f, 0x0f, 0x0f, 0x07, 0x07, 0x03, 0x01, 0x00, 0x00, 0x00, 0x00, 0x00, 0x00, 0x00
};
// 'grin-tongue', 32x32px
const unsigned char fas_32x32_fa_grin_tongue [] PROGMEM = {
	0x00, 0x00, 0x00, 0x80, 0xc0, 0xe0, 0xf0, 0xf8, 0xf8, 0xfc, 0xfc, 0xfe, 0xfe, 0xfe, 0xfe, 0xff, 
	0xff, 0xff, 0xfe, 0xfe, 0xfe, 0xfe, 0xfc, 0xfc, 0xf8, 0xf8, 0xf0, 0xe0, 0xc0, 0x80, 0x00, 0x00, 
	0x00, 0xf0, 0xfe, 0xff, 0xff, 0xff, 0xff, 0xff, 0xff, 0xff, 0x87, 0x87, 0x87, 0xff, 0xff, 0xff, 
	0xff, 0xff, 0xff, 0xff, 0x87, 0x87, 0x87, 0xff, 0xff, 0xff, 0xff, 0xff, 0xff, 0xff, 0xfe, 0xf0, 
	0x00, 0x0f, 0x7f, 0xff, 0xff, 0xff, 0xff, 0xff, 0x8f, 0x0f, 0x1f, 0x1f, 0x1f, 0x9f, 0x9f, 0x1f, 
	0x1f, 0x1f, 0x9f, 0x9f, 0x1f, 0x1f, 0x1f, 0x0f, 0x8f, 0xff, 0xff, 0xff, 0xff, 0xff, 0x7f, 0x0f, 
	0x00, 0x00, 0x00, 0x01, 0x03, 0x07, 0x0f, 0x1f, 0x1f, 0x3f, 0x3c, 0x00, 0x0e, 0x7f, 0xff, 0xff, 
	0xfe, 0xff, 0xff, 0x7f, 0x0f, 0x00, 0x3c, 0x3f, 0x1f, 0x1f, 0x0f, 0x07, 0x03, 0x01, 0x00, 0x00
};
// 'grin-tongue-squint', 32x32px
const unsigned char fas_32x32_fa_grin_tongue_squint [] PROGMEM = {
	0x00, 0x00, 0x00, 0x80, 0xc0, 0xe0, 0xf0, 0xf8, 0xf8, 0xfc, 0xfc, 0xfe, 0xfe, 0xfe, 0xfe, 0xff, 
	0xff, 0xff, 0xfe, 0xfe, 0xfe, 0xfe, 0xfc, 0xfc, 0xf8, 0xf8, 0xf0, 0xe0, 0xc0, 0x80, 0x00, 0x00, 
	0x00, 0xf0, 0xfe, 0xff, 0xff, 0xff, 0xff, 0xff, 0xff, 0x31, 0x03, 0x87, 0x87, 0xcf, 0xff, 0xff, 
	0xff, 0xff, 0xff, 0xcf, 0x87, 0x87, 0x03, 0x31, 0xff, 0xff, 0xff, 0xff, 0xff, 0xff, 0xfe, 0xf0, 
	0x00, 0x0f, 0x7f, 0xff, 0xff, 0xff, 0xff, 0xff, 0x8f, 0x0f, 0x1f, 0x1f, 0x1f, 0x9f, 0x9f, 0x1f, 
	0x1f, 0x1f, 0x9f, 0x9f, 0x1f, 0x1f, 0x1f, 0x0f, 0x8f, 0xff, 0xff, 0xff, 0xff, 0xff, 0x7f, 0x0f, 
	0x00, 0x00, 0x00, 0x01, 0x03, 0x07, 0x0f, 0x1f, 0x1f, 0x3f, 0x3c, 0x00, 0x0e, 0x7f, 0xff, 0xff, 
	0xfe, 0xff, 0xff, 0x7f, 0x0f, 0x00, 0x3c, 0x3f, 0x1f, 0x1f, 0x0f, 0x07, 0x03, 0x01, 0x00, 0x00
};
// 'grin-tongue-wink', 32x32px
const unsigned char fas_32x32_fa_grin_tongue_wink [] PROGMEM = {
	0x00, 0x00, 0x00, 0x80, 0xc0, 0xe0, 0xf0, 0xf8, 0xf8, 0xfc, 0xfc, 0xfe, 0xfe, 0xfe, 0xfe, 0xff, 
	0xff, 0xff, 0xfe, 0xfe, 0xfe, 0xfe, 0xfc, 0xfc, 0xf8, 0xf8, 0xf0, 0xe0, 0xc0, 0x80, 0x00, 0x00, 
	0x00, 0xf0, 0xfe, 0xff, 0xff, 0xff, 0xff, 0x9f, 0xcf, 0xc7, 0xe7, 0xc7, 0xcf, 0x9f, 0xff, 0xff, 
	0xff, 0xff, 0xff, 0x03, 0x03, 0x31, 0x31, 0x31, 0x03, 0x03, 0xff, 0xff, 0xff, 0xff, 0xfe, 0xf0, 
	0x00, 0x0f, 0x7f, 0xff, 0xff, 0xff, 0xff, 0xff, 0x8f, 0x0f, 0x1f, 0x1f, 0x1f, 0x9f, 0x9f, 0x1f, 
	0x1f, 0x1f, 0x9f, 0x9f, 0x1f, 0x1e, 0x1e, 0x0e, 0x8f, 0xff, 0xff, 0xff, 0xff, 0xff, 0x7f, 0x0f, 
	0x00, 0x00, 0x00, 0x01, 0x03, 0x07, 0x0f, 0x1f, 0x1f, 0x3f, 0x3c, 0x00, 0x0e, 0x7f, 0xff, 0xff, 
	0xfe, 0xff, 0xff, 0x7f, 0x0f, 0x00, 0x3c, 0x3f, 0x1f, 0x1f, 0x0f, 0x07, 0x03, 0x01, 0x00, 0x00
};
// 'grin-wink', 32x32px
const unsigned char fas_32x32_fa_grin_wink [] PROGMEM = {
	0x00, 0x00, 0x00, 0x80, 0xc0, 0xe0, 0xf0, 0xf8, 0xf8, 0xfc, 0xfc, 0xfe, 0xfe, 0xfe, 0xfe, 0xff, 
	0xff, 0xff, 0xfe, 0xfe, 0xfe, 0xfe, 0xfc, 0xfc, 0xf8, 0xf8, 0xf0, 0xe0, 0xc0, 0x80, 0x00, 0x00, 
	0x00, 0xf0, 0xfe, 0xff, 0xff, 0xff, 0xff, 0xff, 0xff, 0xff, 0x87, 0x87, 0x87, 0xff, 0xff, 0xff, 
	0xff, 0xff, 0x9f, 0xcf, 0xc7, 0xe7, 0xc7, 0xcf, 0x9f, 0xff, 0xff, 0xff, 0xff, 0xff, 0xfe, 0xf0, 
	0x00, 0x0f, 0x7f, 0xff, 0xff, 0xff, 0xff, 0xff, 0x8f, 0x0f, 0x1f, 0x1f, 0x1f, 0x1f, 0x1f, 0x1f, 
	0x1f, 0x1f, 0x1f, 0x1f, 0x1f, 0x1f, 0x1f, 0x0f, 0x8f, 0xff, 0xff, 0xff, 0xff, 0xff, 0x7f, 0x0f, 
	0x00, 0x00, 0x00, 0x01, 0x03, 0x07, 0x0f, 0x1f, 0x1f, 0x3f, 0x3e, 0x7c, 0x7c, 0x7c, 0x78, 0xf8, 
	0xf8, 0xf8, 0x78, 0x7c, 0x7c, 0x7c, 0x3e, 0x3f, 0x1f, 0x1f, 0x0f, 0x07, 0x03, 0x01, 0x00, 0x00
};
// 'grip-horizontal', 32x32px
const unsigned char fas_32x32_fa_grip_horizontal [] PROGMEM = {
	0x00, 0x00, 0x80, 0xc0, 0xc0, 0xc0, 0xc0, 0xc0, 0xc0, 0x80, 0x00, 0x00, 0x80, 0xc0, 0xc0, 0xc0, 
	0xc0, 0xc0, 0xc0, 0x80, 0x00, 0x00, 0x80, 0xc0, 0xc0, 0xc0, 0xc0, 0xc0, 0xc0, 0x80, 0x00, 0x00, 
	0x00, 0x00, 0x1f, 0x3f, 0x3f, 0x3f, 0x3f, 0x3f, 0x3f, 0x1f, 0x00, 0x00, 0x1f, 0x3f, 0x3f, 0x3f, 
	0x3f, 0x3f, 0x3f, 0x1f, 0x00, 0x00, 0x1f, 0x3f, 0x3f, 0x3f, 0x3f, 0x3f, 0x3f, 0x1f, 0x00, 0x00, 
	0x00, 0x00, 0xf8, 0xfc, 0xfc, 0xfc, 0xfc, 0xfc, 0xfc, 0xf8, 0x00, 0x00, 0xf8, 0xfc, 0xfc, 0xfc, 
	0xfc, 0xfc, 0xfc, 0xf8, 0x00, 0x00, 0xf8, 0xfc, 0xfc, 0xfc, 0xfc, 0xfc, 0xfc, 0xf8, 0x00, 0x00, 
	0x00, 0x00, 0x01, 0x03, 0x03, 0x03, 0x03, 0x03, 0x03, 0x01, 0x00, 0x00, 0x01, 0x03, 0x03, 0x03, 
	0x03, 0x03, 0x03, 0x01, 0x00, 0x00, 0x01, 0x03, 0x03, 0x03, 0x03, 0x03, 0x03, 0x01, 0x00, 0x00
};
// 'grip-lines', 32x32px
const unsigned char fas_32x32_fa_grip_lines [] PROGMEM = {
	0x00, 0x00, 0x00, 0x00, 0x00, 0x00, 0x00, 0x00, 0x00, 0x00, 0x00, 0x00, 0x00, 0x00, 0x00, 0x00, 
	0x00, 0x00, 0x00, 0x00, 0x00, 0x00, 0x00, 0x00, 0x00, 0x00, 0x00, 0x00, 0x00, 0x00, 0x00, 0x00, 
	0x3c, 0x3c, 0x3c, 0x3c, 0x3c, 0x3c, 0x3c, 0x3c, 0x3c, 0x3c, 0x3c, 0x3c, 0x3c, 0x3c, 0x3c, 0x3c, 
	0x3c, 0x3c, 0x3c, 0x3c, 0x3c, 0x3c, 0x3c, 0x3c, 0x3c, 0x3c, 0x3c, 0x3c, 0x3c, 0x3c, 0x3c, 0x3c, 
	0x3c, 0x3c, 0x3c, 0x3c, 0x3c, 0x3c, 0x3c, 0x3c, 0x3c, 0x3c, 0x3c, 0x3c, 0x3c, 0x3c, 0x3c, 0x3c, 
	0x3c, 0x3c, 0x3c, 0x3c, 0x3c, 0x3c, 0x3c, 0x3c, 0x3c, 0x3c, 0x3c, 0x3c, 0x3c, 0x3c, 0x3c, 0x3c, 
	0x00, 0x00, 0x00, 0x00, 0x00, 0x00, 0x00, 0x00, 0x00, 0x00, 0x00, 0x00, 0x00, 0x00, 0x00, 0x00, 
	0x00, 0x00, 0x00, 0x00, 0x00, 0x00, 0x00, 0x00, 0x00, 0x00, 0x00, 0x00, 0x00, 0x00, 0x00, 0x00
};
// 'grip-lines-vertical', 32x32px
const unsigned char fas_32x32_fa_grip_lines_vertical [] PROGMEM = {
	0x00, 0x00, 0x00, 0x00, 0x00, 0x00, 0x00, 0x00, 0x00, 0x00, 0xff, 0xff, 0xff, 0xff, 0x00, 0x00, 
	0x00, 0x00, 0xff, 0xff, 0xff, 0xff, 0x00, 0x00, 0x00, 0x00, 0x00, 0x00, 0x00, 0x00, 0x00, 0x00, 
	0x00, 0x00, 0x00, 0x00, 0x00, 0x00, 0x00, 0x00, 0x00, 0x00, 0xff, 0xff, 0xff, 0xff, 0x00, 0x00, 
	0x00, 0x00, 0xff, 0xff, 0xff, 0xff, 0x00, 0x00, 0x00, 0x00, 0x00, 0x00, 0x00, 0x00, 0x00, 0x00, 
	0x00, 0x00, 0x00, 0x00, 0x00, 0x00, 0x00, 0x00, 0x00, 0x00, 0xff, 0xff, 0xff, 0xff, 0x00, 0x00, 
	0x00, 0x00, 0xff, 0xff, 0xff, 0xff, 0x00, 0x00, 0x00, 0x00, 0x00, 0x00, 0x00, 0x00, 0x00, 0x00, 
	0x00, 0x00, 0x00, 0x00, 0x00, 0x00, 0x00, 0x00, 0x00, 0x00, 0xff, 0xff, 0xff, 0xff, 0x00, 0x00, 
	0x00, 0x00, 0xff, 0xff, 0xff, 0xff, 0x00, 0x00, 0x00, 0x00, 0x00, 0x00, 0x00, 0x00, 0x00, 0x00
};
// 'grip-vertical', 32x32px
const unsigned char fas_32x32_fa_grip_vertical [] PROGMEM = {
	0x00, 0x00, 0x00, 0x00, 0x00, 0x00, 0xf8, 0xfc, 0xfc, 0xfc, 0xfc, 0xfc, 0xfc, 0xf8, 0x00, 0x00, 
	0x00, 0x00, 0xf8, 0xfc, 0xfc, 0xfc, 0xfc, 0xfc, 0xfc, 0xf8, 0x00, 0x00, 0x00, 0x00, 0x00, 0x00, 
	0x00, 0x00, 0x00, 0x00, 0x00, 0x00, 0xe1, 0xf3, 0xf3, 0xf3, 0xf3, 0xf3, 0xf3, 0xe1, 0x00, 0x00, 
	0x00, 0x00, 0xe1, 0xf3, 0xf3, 0xf3, 0xf3, 0xf3, 0xf3, 0xe1, 0x00, 0x00, 0x00, 0x00, 0x00, 0x00, 
	0x00, 0x00, 0x00, 0x00, 0x00, 0x00, 0x87, 0xcf, 0xcf, 0xcf, 0xcf, 0xcf, 0xcf, 0x87, 0x00, 0x00, 
	0x00, 0x00, 0x87, 0xcf, 0xcf, 0xcf, 0xcf, 0xcf, 0xcf, 0x87, 0x00, 0x00, 0x00, 0x00, 0x00, 0x00, 
	0x00, 0x00, 0x00, 0x00, 0x00, 0x00, 0x1f, 0x3f, 0x3f, 0x3f, 0x3f, 0x3f, 0x3f, 0x1f, 0x00, 0x00, 
	0x00, 0x00, 0x1f, 0x3f, 0x3f, 0x3f, 0x3f, 0x3f, 0x3f, 0x1f, 0x00, 0x00, 0x00, 0x00, 0x00, 0x00
};
// 'guitar', 32x32px
const unsigned char fas_32x32_fa_guitar [] PROGMEM = {
	0x00, 0x00, 0x00, 0x00, 0x00, 0x00, 0x00, 0x00, 0x00, 0x00, 0x00, 0x00, 0x00, 0x00, 0x00, 0x00, 
	0x00, 0x00, 0x00, 0x00, 0x00, 0x00, 0xc0, 0xf0, 0xf8, 0xfc, 0xfe, 0xff, 0xff, 0x7f, 0x3e, 0x1c, 
	0x00, 0x00, 0x00, 0x00, 0x00, 0x00, 0x00, 0x80, 0xe0, 0xf0, 0xf8, 0xfc, 0xfc, 0xfc, 0xfc, 0xfc, 
	0xf8, 0xf8, 0xf8, 0xfc, 0xfe, 0x1f, 0x0f, 0x07, 0x03, 0x03, 0x01, 0x01, 0x00, 0x00, 0x00, 0x00, 
	0xf8, 0xfc, 0xfe, 0xff, 0xff, 0xff, 0xff, 0xff, 0xff, 0xff, 0xe1, 0xc0, 0xc0, 0xc0, 0xc0, 0xe1, 
	0xff, 0xff, 0xff, 0x7f, 0x3f, 0x1f, 0x00, 0x00, 0x00, 0x00, 0x00, 0x00, 0x00, 0x00, 0x00, 0x00, 
	0x01, 0x07, 0x1f, 0x3f, 0x3f, 0x7f, 0x7f, 0xff, 0xff, 0xff, 0xff, 0xff, 0xff, 0x7f, 0x3f, 0x1f, 
	0x01, 0x00, 0x00, 0x00, 0x00, 0x00, 0x00, 0x00, 0x00, 0x00, 0x00, 0x00, 0x00, 0x00, 0x00, 0x00
};
// 'hamburger', 32x32px
const unsigned char fas_32x32_fa_hamburger [] PROGMEM = {
	0x00, 0x00, 0x00, 0x80, 0xc0, 0xe0, 0xf0, 0x70, 0x78, 0xf8, 0xf8, 0xfc, 0xfc, 0xfc, 0xfc, 0x9c, 
	0x9c, 0xfc, 0xfc, 0xfc, 0xfc, 0xf8, 0xf8, 0x78, 0x70, 0xf0, 0xe0, 0xc0, 0x80, 0x00, 0x00, 0x00, 
	0x00, 0x1e, 0x3f, 0x3f, 0x3f, 0x3f, 0x3f, 0x3e, 0x3e, 0x3f, 0x3f, 0x3f, 0x3f, 0x3f, 0x3f, 0x3f, 
	0x3f, 0x3f, 0x3f, 0x3f, 0x3f, 0x3f, 0x3f, 0x3e, 0x3e, 0x3f, 0x3f, 0x3f, 0x3f, 0x3f, 0x1e, 0x00, 
	0x1e, 0x3f, 0x3f, 0x3f, 0x3f, 0x3f, 0x3f, 0x3f, 0x3f, 0x3f, 0x3f, 0x3f, 0x3f, 0x3f, 0x3f, 0x3f, 
	0x3f, 0x3f, 0x3f, 0x3f, 0x3f, 0x3f, 0x3f, 0x3f, 0x3f, 0x3f, 0x3f, 0x3f, 0x3f, 0x3f, 0x3f, 0x1e, 
	0x00, 0x0f, 0x1f, 0x3f, 0x3f, 0x3f, 0x3f, 0x3f, 0x3f, 0x3f, 0x3f, 0x3f, 0x3f, 0x3f, 0x3f, 0x3f, 
	0x3f, 0x3f, 0x3f, 0x3f, 0x3f, 0x3f, 0x3f, 0x3f, 0x3f, 0x3f, 0x3f, 0x3f, 0x3f, 0x1f, 0x0f, 0x00
};
// 'hammer', 32x32px
const unsigned char fas_32x32_fa_hammer [] PROGMEM = {
	0x00, 0x00, 0x00, 0x00, 0x00, 0x00, 0x00, 0x00, 0x00, 0x00, 0x00, 0x10, 0x18, 0x38, 0x3c, 0x7c, 
	0xfc, 0xfc, 0xfc, 0xfc, 0xfc, 0xf8, 0xf0, 0xf0, 0xe0, 0xc0, 0x00, 0x00, 0x00, 0x00, 0x00, 0x00, 
	0x00, 0x00, 0x00, 0x00, 0x00, 0x00, 0x00, 0x00, 0x00, 0x00, 0x80, 0x80, 0xc0, 0xe0, 0xf0, 0xf8, 
	0xf3, 0xe7, 0xcf, 0x1f, 0x3f, 0x3f, 0x3f, 0x7f, 0xff, 0xff, 0xff, 0xf8, 0xf0, 0xf8, 0x78, 0x30, 
	0x00, 0x00, 0x80, 0xc0, 0xe0, 0xf0, 0xf8, 0xfc, 0xfe, 0xff, 0xff, 0x7f, 0x3f, 0x1f, 0x0f, 0x07, 
	0x03, 0x01, 0x00, 0x00, 0x00, 0x00, 0x00, 0x00, 0x03, 0x07, 0x07, 0x03, 0x01, 0x00, 0x00, 0x00, 
	0x1e, 0x1f, 0x3f, 0x3f, 0x3f, 0x1f, 0x0f, 0x07, 0x03, 0x01, 0x00, 0x00, 0x00, 0x00, 0x00, 0x00, 
	0x00, 0x00, 0x00, 0x00, 0x00, 0x00, 0x00, 0x00, 0x00, 0x00, 0x00, 0x00, 0x00, 0x00, 0x00, 0x00
};
// 'hamsa', 32x32px
const unsigned char fas_32x32_fa_hamsa [] PROGMEM = {
	0x00, 0x00, 0x00, 0x00, 0x00, 0x00, 0xf8, 0xf8, 0xfc, 0xf8, 0xf8, 0x00, 0x00, 0xfc, 0xff, 0xff, 
	0xff, 0xff, 0xfc, 0x00, 0x00, 0xf8, 0xf8, 0xfc, 0xf8, 0xf8, 0x00, 0x00, 0x00, 0x00, 0x00, 0x00, 
	0x00, 0x00, 0x00, 0x00, 0x00, 0x00, 0xff, 0xff, 0xff, 0xff, 0xff, 0xc0, 0xc0, 0xff, 0xff, 0xff, 
	0xff, 0xff, 0xff, 0xc0, 0xc0, 0xff, 0xff, 0xff, 0xff, 0xff, 0x00, 0x00, 0x00, 0x00, 0x00, 0x00, 
	0x18, 0x3c, 0xfc, 0xfc, 0xfc, 0xfc, 0xff, 0xff, 0xff, 0xff, 0x9f, 0x0f, 0x07, 0x07, 0x63, 0xf3, 
	0xf3, 0x63, 0x07, 0x07, 0x0f, 0x9f, 0xff, 0xff, 0xff, 0xff, 0xfc, 0xfc, 0xfc, 0xfc, 0x3c, 0x18, 
	0x00, 0x00, 0x00, 0x01, 0x03, 0x07, 0x0f, 0x1f, 0x3f, 0x3f, 0x7f, 0x7f, 0xfe, 0xfe, 0xfc, 0xfc, 
	0xfc, 0xfc, 0xfe, 0xfe, 0x7f, 0x7f, 0x3f, 0x3f, 0x1f, 0x0f, 0x07, 0x03, 0x01, 0x00, 0x00, 0x00
};
// 'hand-holding', 32x32px
const unsigned char fas_32x32_fa_hand_holding [] PROGMEM = {
	0x00, 0x00, 0x00, 0x00, 0x00, 0x00, 0x00, 0x00, 0x00, 0x00, 0x00, 0x00, 0x00, 0x00, 0x00, 0x00, 
	0x00, 0x00, 0x00, 0x00, 0x00, 0x00, 0x00, 0x00, 0x00, 0x00, 0x00, 0x00, 0x00, 0x00, 0x00, 0x00, 
	0x00, 0x00, 0x00, 0x00, 0x00, 0x00, 0x00, 0x00, 0x00, 0x00, 0x00, 0x00, 0x00, 0x00, 0x00, 0x00, 
	0x00, 0x00, 0x00, 0x00, 0x00, 0x00, 0x00, 0x00, 0x00, 0x00, 0x00, 0x00, 0x00, 0x00, 0x00, 0x00, 
	0x80, 0x80, 0x80, 0x80, 0x80, 0xc0, 0xe0, 0xf0, 0xf0, 0xf0, 0xf8, 0xf8, 0xf8, 0xf8, 0x78, 0x78, 
	0x78, 0x78, 0x78, 0x70, 0x70, 0x00, 0x00, 0x00, 0x80, 0x80, 0xc0, 0xe0, 0xf0, 0xf0, 0x70, 0x70, 
	0x3f, 0x3f, 0x3f, 0x3f, 0x3f, 0x3f, 0x3f, 0x3f, 0x3f, 0x3f, 0x3f, 0x3f, 0x3f, 0x3f, 0x3f, 0x3e, 
	0x3e, 0x3e, 0x3e, 0x3e, 0x3e, 0x3e, 0x3e, 0x1f, 0x0f, 0x07, 0x03, 0x03, 0x01, 0x00, 0x00, 0x00
};
// 'hand-holding-heart', 32x32px
const unsigned char fas_32x32_fa_hand_holding_heart [] PROGMEM = {
	0x00, 0x00, 0x00, 0x00, 0x00, 0x00, 0x00, 0x00, 0xf0, 0xf8, 0xfc, 0xfc, 0xfc, 0xfc, 0xf8, 0xf8, 
	0xf8, 0xf8, 0xfc, 0xfc, 0xfc, 0xfc, 0xf8, 0xf0, 0x00, 0x00, 0x00, 0x00, 0x00, 0x00, 0x00, 0x00, 
	0x00, 0x00, 0x00, 0x00, 0x00, 0x00, 0x00, 0x00, 0x00, 0x03, 0x07, 0x0f, 0x1f, 0x3f, 0x7f, 0xff, 
	0xff, 0x7f, 0x3f, 0x1f, 0x0f, 0x07, 0x03, 0x00, 0x00, 0x00, 0x00, 0x00, 0x00, 0x00, 0x00, 0x00, 
	0x80, 0x80, 0x80, 0x80, 0x80, 0xc0, 0xe0, 0xf0, 0xf0, 0xf0, 0xf8, 0xf8, 0xf8, 0xf8, 0x78, 0x78, 
	0x78, 0x78, 0x78, 0x70, 0x70, 0x00, 0x00, 0x00, 0x80, 0x80, 0xc0, 0xe0, 0xf0, 0xf0, 0x70, 0x70, 
	0x3f, 0x3f, 0x3f, 0x3f, 0x3f, 0x3f, 0x3f, 0x3f, 0x3f, 0x3f, 0x3f, 0x3f, 0x3f, 0x3f, 0x3f, 0x3e, 
	0x3e, 0x3e, 0x3e, 0x3e, 0x3e, 0x3e, 0x3e, 0x1f, 0x0f, 0x07, 0x03, 0x03, 0x01, 0x00, 0x00, 0x00
};
// 'hand-holding-medical', 32x32px
const unsigned char fas_32x32_fa_hand_holding_medical [] PROGMEM = {
	0x00, 0x00, 0x00, 0x00, 0x00, 0x00, 0x00, 0x00, 0x80, 0xc0, 0xc0, 0xc0, 0xf8, 0xfc, 0xfc, 0xfc, 
	0xfc, 0xfc, 0xc0, 0xc0, 0xc0, 0xc0, 0x00, 0x00, 0x00, 0x00, 0x00, 0x00, 0x00, 0x00, 0x00, 0x00, 
	0x00, 0x00, 0x00, 0x00, 0x00, 0x00, 0x00, 0x00, 0x07, 0x0f, 0x0f, 0x0f, 0x7f, 0xff, 0xff, 0xff, 
	0xff, 0xff, 0x0f, 0x0f, 0x0f, 0x0f, 0x00, 0x00, 0x00, 0x00, 0x00, 0x00, 0x00, 0x00, 0x00, 0x00, 
	0x80, 0x80, 0x80, 0x80, 0xc0, 0xc0, 0xe0, 0xf0, 0xf0, 0xf0, 0xf8, 0xf8, 0xf8, 0xf8, 0x78, 0x78, 
	0x78, 0x78, 0x78, 0x78, 0x70, 0x00, 0x00, 0x80, 0x80, 0xc0, 0xe0, 0xe0, 0xf0, 0xf0, 0xf0, 0x70, 
	0x3f, 0x3f, 0x3f, 0x3f, 0x3f, 0x3f, 0x3f, 0x3f, 0x3f, 0x3f, 0x3f, 0x3f, 0x3f, 0x3f, 0x3f, 0x3e, 
	0x3e, 0x3e, 0x3e, 0x3e, 0x3e, 0x3e, 0x3f, 0x1f, 0x0f, 0x0f, 0x07, 0x03, 0x01, 0x01, 0x00, 0x00
};
// 'hand-holding-usd', 32x32px
const unsigned char fas_32x32_fa_hand_holding_usd [] PROGMEM = {
	0x00, 0x00, 0x00, 0x00, 0x00, 0x00, 0x00, 0x00, 0x00, 0x00, 0x00, 0x00, 0x40, 0xe0, 0xf0, 0xf8, 
	0x3c, 0x3c, 0x78, 0x30, 0x00, 0x00, 0x00, 0x00, 0x00, 0x00, 0x00, 0x00, 0x00, 0x00, 0x00, 0x00, 
	0x00, 0x00, 0x00, 0x00, 0x00, 0x00, 0x00, 0x00, 0x00, 0x00, 0x00, 0x00, 0x00, 0x11, 0x33, 0x7b, 
	0xf3, 0xf7, 0x7f, 0x3f, 0x1e, 0x00, 0x00, 0x00, 0x00, 0x00, 0x00, 0x00, 0x00, 0x00, 0x00, 0x00, 
	0x80, 0x80, 0x80, 0x80, 0x80, 0xc0, 0xe0, 0xf0, 0xf0, 0xf0, 0xf8, 0xf8, 0xf8, 0xf8, 0x78, 0x78, 
	0x78, 0x78, 0x78, 0x70, 0x70, 0x00, 0x00, 0x00, 0x80, 0x80, 0xc0, 0xe0, 0xf0, 0xf0, 0x70, 0x70, 
	0x3f, 0x3f, 0x3f, 0x3f, 0x3f, 0x3f, 0x3f, 0x3f, 0x3f, 0x3f, 0x3f, 0x3f, 0x3f, 0x3f, 0x3f, 0x3e, 
	0x3e, 0x3e, 0x3e, 0x3e, 0x3e, 0x3e, 0x3e, 0x1f, 0x0f, 0x07, 0x03, 0x03, 0x01, 0x00, 0x00, 0x00
};
// 'hand-holding-water', 32x32px
const unsigned char fas_32x32_fa_hand_holding_water [] PROGMEM = {
	0x00, 0x00, 0x00, 0x00, 0x00, 0x00, 0x00, 0x00, 0x00, 0x00, 0x00, 0x00, 0xc0, 0xe0, 0xf8, 0xfc, 
	0xfc, 0xf8, 0xe0, 0xc0, 0x00, 0x00, 0x00, 0x00, 0x00, 0x00, 0x00, 0x00, 0x00, 0x00, 0x00, 0x00, 
	0x00, 0x00, 0x00, 0x00, 0x00, 0x00, 0x00, 0x00, 0x00, 0x00, 0x00, 0x3f, 0x7f, 0x7f, 0xff, 0xff, 
	0xff, 0xff, 0x7f, 0x7f, 0x3f, 0x00, 0x00, 0x00, 0x00, 0x00, 0x00, 0x00, 0x00, 0x00, 0x00, 0x00, 
	0x80, 0x80, 0x80, 0x80, 0x80, 0xc0, 0xe0, 0xf0, 0xf0, 0xf0, 0xf8, 0xf8, 0xf8, 0xf8, 0x78, 0x78, 
	0x78, 0x78, 0x78, 0x70, 0x70, 0x00, 0x00, 0x00, 0x80, 0x80, 0xc0, 0xe0, 0xf0, 0xf0, 0x70, 0x70, 
	0x3f, 0x3f, 0x3f, 0x3f, 0x3f, 0x3f, 0x3f, 0x3f, 0x3f, 0x3f, 0x3f, 0x3f, 0x3f, 0x3f, 0x3f, 0x3e, 
	0x3e, 0x3e, 0x3e, 0x3e, 0x3e, 0x3e, 0x3e, 0x1f, 0x0f, 0x07, 0x03, 0x03, 0x01, 0x00, 0x00, 0x00
};
// 'hand-lizard', 32x32px
const unsigned char fas_32x32_fa_hand_lizard [] PROGMEM = {
	0xf0, 0xf0, 0xf0, 0xf0, 0xf0, 0xf0, 0xf0, 0xf0, 0xf0, 0xf0, 0xf0, 0xf0, 0xf0, 0xf0, 0xf0, 0xf0, 
	0xf0, 0xf0, 0xf0, 0xf0, 0xf0, 0xf0, 0xe0, 0x80, 0x00, 0x00, 0x00, 0x00, 0x00, 0x00, 0x00, 0x00, 
	0x00, 0x01, 0x01, 0x01, 0x81, 0x81, 0xc1, 0xc1, 0xc1, 0xc1, 0xc1, 0xc1, 0xc1, 0xc1, 0xc1, 0xe1, 
	0xf9, 0xff, 0xff, 0xff, 0xff, 0xff, 0xff, 0xff, 0xfe, 0xfc, 0xf0, 0xe0, 0x80, 0x00, 0x00, 0x00, 
	0x00, 0x00, 0x00, 0x00, 0x07, 0x0f, 0x0f, 0x0f, 0x0f, 0x0f, 0x0f, 0x0f, 0x0f, 0x0f, 0x0f, 0x1f, 
	0x1f, 0x3f, 0x3f, 0x7f, 0xff, 0xff, 0xff, 0xff, 0xff, 0xff, 0xff, 0xff, 0xff, 0xff, 0xfc, 0xf8, 
	0x00, 0x00, 0x00, 0x00, 0x00, 0x00, 0x00, 0x00, 0x00, 0x00, 0x00, 0x00, 0x00, 0x00, 0x00, 0x00, 
	0x00, 0x00, 0x00, 0x00, 0x00, 0x0f, 0x0f, 0x0f, 0x0f, 0x0f, 0x0f, 0x0f, 0x0f, 0x0f, 0x0f, 0x0f
};
// 'hand-middle-finger', 32x32px
const unsigned char fas_32x32_fa_hand_middle_finger [] PROGMEM = {
	0x00, 0x00, 0x00, 0x00, 0x00, 0x00, 0x00, 0x00, 0x00, 0x00, 0x00, 0x00, 0x00, 0xfe, 0xff, 0xff, 
	0xff, 0xff, 0xfe, 0x00, 0x00, 0x00, 0x00, 0x00, 0x00, 0x00, 0x00, 0x00, 0x00, 0x00, 0x00, 0x00, 
	0x00, 0x00, 0x00, 0x00, 0x00, 0x00, 0xe0, 0xf0, 0xf0, 0xf0, 0xf0, 0xf0, 0x00, 0xff, 0xff, 0xff, 
	0xff, 0xff, 0xff, 0x00, 0xf0, 0xf0, 0xf0, 0xf0, 0xf0, 0xe0, 0x00, 0x00, 0x00, 0x00, 0x00, 0x00, 
	0x00, 0x00, 0xf0, 0xf0, 0xf8, 0x00, 0xff, 0xff, 0xff, 0xff, 0xff, 0xff, 0xff, 0xff, 0xff, 0xff, 
	0xff, 0xff, 0xff, 0xff, 0xff, 0xff, 0xff, 0xff, 0xff, 0xff, 0xfe, 0xfe, 0xfc, 0xfc, 0x00, 0x00, 
	0x00, 0x00, 0x0f, 0x1f, 0x3f, 0x7f, 0x7f, 0xff, 0xff, 0xff, 0xff, 0xff, 0xff, 0xff, 0xff, 0xff, 
	0xff, 0xff, 0xff, 0xff, 0xff, 0xff, 0xff, 0xff, 0xff, 0xff, 0x7f, 0x3f, 0x1f, 0x0f, 0x00, 0x00
};
// 'hand-paper', 32x32px
const unsigned char fas_32x32_fa_hand_paper [] PROGMEM = {
	0x00, 0x00, 0x00, 0x00, 0x00, 0x00, 0x00, 0x00, 0xe0, 0xf8, 0xf8, 0xf8, 0xf8, 0xf0, 0xfe, 0xff, 
	0xff, 0xff, 0xfe, 0xf0, 0xf8, 0xfc, 0xfc, 0xf8, 0xe0, 0x00, 0x00, 0x00, 0x00, 0x00, 0x00, 0x00, 
	0x00, 0x00, 0x00, 0x00, 0x00, 0x00, 0x00, 0x00, 0xff, 0xff, 0xff, 0xff, 0xff, 0xff, 0xff, 0xff, 
	0xff, 0xff, 0xff, 0xff, 0xff, 0xff, 0xff, 0xff, 0xfe, 0xfe, 0xff, 0xff, 0xff, 0xfe, 0x00, 0x00, 
	0x00, 0x00, 0x0e, 0x1f, 0x7f, 0xff, 0xfe, 0xfc, 0xfd, 0xff, 0xff, 0xff, 0xff, 0xff, 0xff, 0xff, 
	0xff, 0xff, 0xff, 0xff, 0xff, 0xff, 0xff, 0xff, 0xff, 0xff, 0xff, 0xff, 0xff, 0xff, 0x00, 0x00, 
	0x00, 0x00, 0x00, 0x00, 0x00, 0x00, 0x03, 0x07, 0x0f, 0x3f, 0x7f, 0xff, 0xff, 0xff, 0xff, 0xff, 
	0xff, 0xff, 0xff, 0xff, 0xff, 0xff, 0xff, 0xff, 0xff, 0xff, 0xff, 0x7f, 0x0f, 0x00, 0x00, 0x00
};
// 'hand-peace', 32x32px
const unsigned char fas_32x32_fa_hand_peace [] PROGMEM = {
	0x00, 0x00, 0xf0, 0xf8, 0xf8, 0xf8, 0xf8, 0xf0, 0x80, 0x00, 0x00, 0x00, 0x00, 0xfe, 0xff, 0xff, 
	0xff, 0xff, 0xfe, 0x00, 0x00, 0x00, 0x00, 0x00, 0x00, 0x00, 0x00, 0x00, 0x00, 0x00, 0x00, 0x00, 
	0x00, 0x00, 0x00, 0x03, 0x1f, 0xff, 0xff, 0xff, 0xff, 0xfe, 0xf0, 0xc0, 0x00, 0xff, 0xff, 0xff, 
	0xff, 0xff, 0xff, 0xe0, 0xf0, 0xf0, 0xf0, 0xf0, 0xc0, 0x80, 0xc0, 0xe0, 0xc0, 0xc0, 0x00, 0x00, 
	0x00, 0x00, 0x00, 0x00, 0xe0, 0xf0, 0xfb, 0xff, 0xff, 0xff, 0xff, 0xff, 0xff, 0xff, 0xff, 0xff, 
	0xff, 0xff, 0xff, 0xff, 0xff, 0xff, 0xff, 0xff, 0xff, 0xff, 0xff, 0xff, 0xff, 0xff, 0x00, 0x00, 
	0x00, 0x00, 0x00, 0x00, 0x00, 0x03, 0x0f, 0x1f, 0x7f, 0xff, 0xff, 0xff, 0xff, 0xff, 0xff, 0xff, 
	0xff, 0xff, 0xff, 0xff, 0xff, 0xff, 0xff, 0xff, 0xff, 0xff, 0xff, 0x7f, 0x0f, 0x00, 0x00, 0x00
};
// 'hand-point-down', 32x32px
const unsigned char fas_32x32_fa_hand_point_down [] PROGMEM = {
	0x00, 0x00, 0x00, 0x00, 0x00, 0x00, 0x00, 0x00, 0x00, 0x00, 0x00, 0x3f, 0xbf, 0xbf, 0xbf, 0xbf, 
	0xbf, 0xbf, 0xbf, 0xbf, 0xbf, 0xbf, 0xb3, 0xb3, 0xbf, 0x3f, 0x00, 0x00, 0x00, 0x00, 0x00, 0x00, 
	0x00, 0x00, 0x00, 0x00, 0x00, 0x00, 0x80, 0xc0, 0xe0, 0xf8, 0xfe, 0xff, 0xff, 0xff, 0xff, 0xff, 
	0xff, 0xff, 0xff, 0xff, 0xff, 0xff, 0xff, 0xff, 0xff, 0xff, 0xf8, 0xe0, 0x00, 0x00, 0x00, 0x00, 
	0x00, 0x00, 0x00, 0x00, 0x0f, 0x1f, 0x1f, 0x1f, 0x1f, 0x1f, 0xff, 0xff, 0xff, 0xff, 0xff, 0xff, 
	0xff, 0xff, 0x7f, 0x7f, 0x7f, 0x7f, 0x7f, 0x3f, 0x3f, 0x3f, 0x1f, 0x0f, 0x00, 0x00, 0x00, 0x00, 
	0x00, 0x00, 0x00, 0x00, 0x00, 0x00, 0x00, 0x00, 0x00, 0x00, 0x7f, 0xff, 0xff, 0xff, 0x7f, 0x00, 
	0x00, 0x00, 0x00, 0x00, 0x00, 0x00, 0x00, 0x00, 0x00, 0x00, 0x00, 0x00, 0x00, 0x00, 0x00, 0x00
};
// 'hand-pointer', 32x32px
const unsigned char fas_32x32_fa_hand_pointer [] PROGMEM = {
	0x00, 0x00, 0x00, 0x00, 0x00, 0x00, 0x00, 0x00, 0xfc, 0xff, 0xff, 0xff, 0xff, 0xfc, 0x00, 0x00, 
	0x00, 0x00, 0x00, 0x00, 0x00, 0x00, 0x00, 0x00, 0x00, 0x00, 0x00, 0x00, 0x00, 0x00, 0x00, 0x00, 
	0x00, 0x00, 0x00, 0x00, 0x00, 0x00, 0x00, 0x00, 0xff, 0xff, 0xff, 0xff, 0xff, 0xfb, 0xf8, 0xfc, 
	0xfc, 0xfc, 0xf8, 0xe0, 0xf8, 0xf8, 0xf8, 0xf8, 0xe0, 0xc0, 0xe0, 0xf0, 0xe0, 0xe0, 0x00, 0x00, 
	0x00, 0x00, 0x0e, 0x1f, 0x7f, 0xff, 0xfe, 0xfc, 0xfd, 0xff, 0xff, 0xff, 0xff, 0xff, 0xff, 0xff, 
	0xff, 0xff, 0xff, 0xff, 0xff, 0xff, 0xff, 0xff, 0xff, 0xff, 0xff, 0xff, 0xff, 0xff, 0x00, 0x00, 
	0x00, 0x00, 0x00, 0x00, 0x00, 0x00, 0x03, 0x07, 0x0f, 0x3f, 0x7f, 0xff, 0xff, 0xff, 0xff, 0xff, 
	0xff, 0xff, 0xff, 0xff, 0xff, 0xff, 0xff, 0xff, 0xff, 0xff, 0xff, 0x7f, 0x0f, 0x00, 0x00, 0x00
};
// 'hand-point-left', 32x32px
const unsigned char fas_32x32_fa_hand_point_left [] PROGMEM = {
	0x00, 0x00, 0x00, 0x00, 0x00, 0x00, 0x00, 0x00, 0x00, 0x00, 0x00, 0xe0, 0xf0, 0xf0, 0xf0, 0xf0, 
	0xc0, 0x80, 0x00, 0x00, 0x00, 0x00, 0x00, 0x00, 0x00, 0x00, 0x00, 0x00, 0x00, 0x00, 0x00, 0x00, 
	0x38, 0x7c, 0x7c, 0x7c, 0x7c, 0x7c, 0x7c, 0x7c, 0xfc, 0xfc, 0xfc, 0xff, 0xff, 0xff, 0xff, 0xff, 
	0xff, 0xff, 0xff, 0xfe, 0xfe, 0xfc, 0xfc, 0xf8, 0xf0, 0x00, 0xf8, 0xf8, 0xf8, 0xf8, 0xf8, 0xf8, 
	0x00, 0x00, 0x00, 0x00, 0x00, 0x00, 0x00, 0x00, 0x03, 0x7f, 0xff, 0xff, 0xff, 0xff, 0xff, 0xff, 
	0xff, 0xff, 0xff, 0xff, 0xff, 0xff, 0xff, 0xff, 0xff, 0x00, 0xff, 0xff, 0x3f, 0x3f, 0xff, 0xff, 
	0x00, 0x00, 0x00, 0x00, 0x00, 0x00, 0x00, 0x00, 0x00, 0x00, 0x03, 0x07, 0x0f, 0x0f, 0x0f, 0x0f, 
	0x0f, 0x0f, 0x0f, 0x07, 0x07, 0x03, 0x03, 0x03, 0x01, 0x00, 0x03, 0x03, 0x03, 0x03, 0x03, 0x03
};
// 'hand-point-right', 32x32px
const unsigned char fas_32x32_fa_hand_point_right [] PROGMEM = {
	0x00, 0x00, 0x00, 0x00, 0x00, 0x00, 0x00, 0x00, 0x00, 0x00, 0x00, 0x00, 0x00, 0x00, 0x80, 0xc0, 
	0xf0, 0xf0, 0xf0, 0xf0, 0xe0, 0x00, 0x00, 0x00, 0x00, 0x00, 0x00, 0x00, 0x00, 0x00, 0x00, 0x00, 
	0xf8, 0xf8, 0xf8, 0xf8, 0xf8, 0xf8, 0x00, 0xf0, 0xf8, 0xfc, 0xfc, 0xfe, 0xfe, 0xff, 0xff, 0xff, 
	0xff, 0xff, 0xff, 0xff, 0xff, 0xfc, 0xfc, 0xfc, 0x7c, 0x7c, 0x7c, 0x7c, 0x7c, 0x7c, 0x7c, 0x38, 
	0xff, 0xff, 0x3f, 0x3f, 0xff, 0xff, 0x00, 0xff, 0xff, 0xff, 0xff, 0xff, 0xff, 0xff, 0xff, 0xff, 
	0xff, 0xff, 0xff, 0xff, 0xff, 0xff, 0x7f, 0x03, 0x00, 0x00, 0x00, 0x00, 0x00, 0x00, 0x00, 0x00, 
	0x03, 0x03, 0x03, 0x03, 0x03, 0x03, 0x00, 0x01, 0x03, 0x03, 0x03, 0x07, 0x07, 0x0f, 0x0f, 0x0f, 
	0x0f, 0x0f, 0x0f, 0x0f, 0x07, 0x03, 0x00, 0x00, 0x00, 0x00, 0x00, 0x00, 0x00, 0x00, 0x00, 0x00
};
// 'hand-point-up', 32x32px
const unsigned char fas_32x32_fa_hand_point_up [] PROGMEM = {
	0x00, 0x00, 0x00, 0x00, 0x00, 0x00, 0x00, 0x00, 0x00, 0x00, 0xfe, 0xff, 0xff, 0xff, 0xfe, 0x00, 
	0x00, 0x00, 0x00, 0x00, 0x00, 0x00, 0x00, 0x00, 0x00, 0x00, 0x00, 0x00, 0x00, 0x00, 0x00, 0x00, 
	0x00, 0x00, 0x00, 0x00, 0xf0, 0xf8, 0xf8, 0xf8, 0xf8, 0xf8, 0xff, 0xff, 0xff, 0xff, 0xff, 0xff, 
	0xff, 0xff, 0xfe, 0xfe, 0xfe, 0xfe, 0xfe, 0xfc, 0xfc, 0xfc, 0xf8, 0xf0, 0x00, 0x00, 0x00, 0x00, 
	0x00, 0x00, 0x00, 0x00, 0x00, 0x00, 0x01, 0x03, 0x07, 0x1f, 0x7f, 0xff, 0xff, 0xff, 0xff, 0xff, 
	0xff, 0xff, 0xff, 0xff, 0xff, 0xff, 0xff, 0xff, 0xff, 0xff, 0x1f, 0x07, 0x00, 0x00, 0x00, 0x00, 
	0x00, 0x00, 0x00, 0x00, 0x00, 0x00, 0x00, 0x00, 0x00, 0x00, 0x00, 0xfc, 0xfd, 0xfd, 0xfd, 0xfd, 
	0xfd, 0xfd, 0xfd, 0xfd, 0xfd, 0xfd, 0xcd, 0xcd, 0xfd, 0xfc, 0x00, 0x00, 0x00, 0x00, 0x00, 0x00
};
// 'hand-rock', 32x32px
const unsigned char fas_32x32_fa_hand_rock [] PROGMEM = {
	0x00, 0x00, 0x00, 0x00, 0x00, 0x00, 0xc0, 0xf0, 0xf8, 0xf8, 0xf8, 0xf0, 0xe0, 0xf8, 0xfc, 0xfc, 
	0xfc, 0xfc, 0xf8, 0xe0, 0xf0, 0xf8, 0xf8, 0xf8, 0xf0, 0xc0, 0xc0, 0xe0, 0xe0, 0xe0, 0xe0, 0xc0, 
	0xfe, 0xff, 0xff, 0xff, 0xff, 0xfe, 0xff, 0xff, 0xff, 0xff, 0xff, 0xff, 0xff, 0xff, 0xff, 0xff, 
	0xff, 0xff, 0xff, 0xff, 0xff, 0xff, 0xff, 0xff, 0xff, 0xff, 0xff, 0xff, 0xff, 0xff, 0xff, 0xff, 
	0x03, 0x07, 0x0f, 0x1f, 0x3f, 0x7f, 0xff, 0xff, 0xff, 0xff, 0xff, 0xff, 0xff, 0xff, 0xff, 0xff, 
	0xff, 0xff, 0xff, 0xff, 0xff, 0xff, 0xff, 0xff, 0xff, 0xff, 0xff, 0xff, 0xff, 0xff, 0x1f, 0x07, 
	0x00, 0x00, 0x00, 0x00, 0x00, 0x00, 0x00, 0x01, 0x01, 0x07, 0x3f, 0x3f, 0x3f, 0x3f, 0x3f, 0x3f, 
	0x3f, 0x3f, 0x3f, 0x3f, 0x3f, 0x3f, 0x3f, 0x3f, 0x3f, 0x3f, 0x3f, 0x3f, 0x03, 0x00, 0x00, 0x00
};
// 'hands', 32x32px
const unsigned char fas_32x32_fa_hands [] PROGMEM = {
	0x80, 0xc0, 0x80, 0x00, 0x00, 0x00, 0x00, 0x00, 0x00, 0x00, 0x00, 0x00, 0x00, 0x00, 0x00, 0x00, 
	0x00, 0x00, 0x00, 0x00, 0x00, 0x00, 0x00, 0x00, 0x00, 0x00, 0x00, 0x00, 0x00, 0x80, 0xc0, 0x80, 
	0xff, 0xff, 0xff, 0x00, 0x00, 0x00, 0x00, 0x80, 0xc0, 0xc0, 0x80, 0x00, 0x00, 0x00, 0x00, 0x00, 
	0x00, 0x00, 0x00, 0x00, 0x00, 0x80, 0xc0, 0xc0, 0x80, 0x00, 0x00, 0x00, 0x00, 0xff, 0xff, 0xff, 
	0x1f, 0x3f, 0x7f, 0xff, 0xfe, 0xfc, 0xf8, 0xe0, 0xe3, 0xf7, 0xff, 0xff, 0xfc, 0xf8, 0x00, 0x00, 
	0x00, 0x00, 0xf8, 0xfc, 0xff, 0xff, 0xf7, 0xe3, 0xe0, 0xf8, 0xfc, 0xfe, 0xff, 0x7f, 0x3f, 0x1f, 
	0x00, 0x00, 0x00, 0x00, 0x03, 0x07, 0x1f, 0x1f, 0x1f, 0x1f, 0x1f, 0x1f, 0x1f, 0x1f, 0x00, 0x00, 
	0x00, 0x00, 0x1f, 0x1f, 0x1f, 0x1f, 0x1f, 0x1f, 0x1f, 0x1f, 0x07, 0x03, 0x00, 0x00, 0x00, 0x00
};
// 'hand-scissors', 32x32px
const unsigned char fas_32x32_fa_hand_scissors [] PROGMEM = {
	0x00, 0x00, 0x00, 0x78, 0xfc, 0xfc, 0xfc, 0xfc, 0xf8, 0xf8, 0xf8, 0xf0, 0xf0, 0xe0, 0xe0, 0xe0, 
	0xc0, 0xc0, 0x80, 0xc0, 0xe0, 0xf0, 0xf0, 0xf0, 0xe0, 0xe0, 0xc0, 0xc0, 0x80, 0x00, 0x00, 0x00, 
	0xc0, 0xe0, 0xe0, 0xe0, 0xe0, 0xe0, 0xe0, 0xe1, 0xe1, 0xe3, 0xe3, 0xe3, 0xe7, 0xe7, 0xef, 0xef, 
	0xff, 0xff, 0xff, 0xff, 0xff, 0xff, 0xff, 0xff, 0xff, 0xff, 0xff, 0xff, 0xff, 0xff, 0xff, 0xfe, 
	0x03, 0x07, 0x07, 0x07, 0x07, 0x07, 0x07, 0x07, 0x07, 0x07, 0x07, 0x07, 0xf7, 0xff, 0xff, 0xff, 
	0xff, 0xff, 0xff, 0xff, 0xff, 0xff, 0xff, 0xff, 0xff, 0xff, 0xff, 0xff, 0xff, 0xff, 0xff, 0xff, 
	0x00, 0x00, 0x00, 0x00, 0x00, 0x00, 0x00, 0x00, 0x00, 0x00, 0x00, 0x00, 0x00, 0x00, 0x3d, 0x3f, 
	0x3f, 0x3f, 0x3f, 0x3f, 0x3f, 0x3f, 0x3f, 0x3f, 0x1f, 0x1f, 0x1f, 0x1f, 0x0f, 0x0f, 0x0f, 0x07
};
// 'handshake', 32x32px
const unsigned char fas_32x32_fa_handshake [] PROGMEM = {
	0x00, 0x00, 0x00, 0x00, 0x00, 0x00, 0x00, 0x00, 0x80, 0xc0, 0xc0, 0xc0, 0xc0, 0x40, 0x00, 0x80, 
	0x80, 0xc0, 0xc0, 0xc0, 0xc0, 0xc0, 0xc0, 0x80, 0x00, 0x00, 0x00, 0x00, 0x00, 0x00, 0x00, 0x00, 
	0xfe, 0xfe, 0xfe, 0xfe, 0xfc, 0x00, 0xfc, 0xff, 0xff, 0xc7, 0x83, 0x39, 0x7c, 0x7e, 0x3f, 0x9f, 
	0xcf, 0x87, 0x93, 0x3f, 0x7f, 0xff, 0xff, 0xff, 0xff, 0xfc, 0x00, 0xfc, 0xfe, 0xfe, 0xfe, 0xfe, 
	0x7f, 0x7f, 0x67, 0x3f, 0x3f, 0x00, 0x0f, 0x1f, 0x3f, 0x7f, 0xff, 0xff, 0xff, 0xff, 0xff, 0xff, 
	0xff, 0xff, 0xff, 0xff, 0xfe, 0x7c, 0xf9, 0x73, 0x23, 0x07, 0x00, 0x3f, 0x3f, 0x67, 0x7f, 0x7f, 
	0x00, 0x00, 0x00, 0x00, 0x00, 0x00, 0x00, 0x00, 0x00, 0x00, 0x00, 0x01, 0x01, 0x03, 0x03, 0x01, 
	0x01, 0x03, 0x03, 0x01, 0x00, 0x00, 0x00, 0x00, 0x00, 0x00, 0x00, 0x00, 0x00, 0x00, 0x00, 0x00
};
// 'handshake-alt-slash', 32x32px
const unsigned char fas_32x32_fa_handshake_alt_slash [] PROGMEM = {
	0x30, 0x78, 0xf8, 0xf0, 0xe0, 0xc0, 0xc0, 0x80, 0x80, 0xc0, 0xc0, 0xc0, 0xc0, 0x40, 0x00, 0x80, 
	0x80, 0xc0, 0xc0, 0xc0, 0xc0, 0xc0, 0xc0, 0x80, 0x00, 0x00, 0x00, 0x00, 0x00, 0x00, 0x00, 0x00, 
	0xfc, 0xfc, 0xfc, 0xf8, 0xf1, 0xe3, 0xc7, 0xc7, 0x8f, 0x1f, 0x3f, 0x7d, 0x7c, 0xfe, 0xff, 0xff, 
	0xcf, 0x87, 0x13, 0x3f, 0x7f, 0xff, 0xff, 0xff, 0xff, 0xfe, 0xfc, 0xfe, 0xfe, 0xfe, 0xfe, 0xfc, 
	0x1f, 0x1f, 0x1f, 0x1f, 0x1f, 0x1f, 0x1f, 0x1f, 0x3f, 0x7f, 0xfe, 0xfc, 0xfc, 0xf8, 0xf1, 0xe3, 
	0xe3, 0xc7, 0x8f, 0x1e, 0x3e, 0x3c, 0x79, 0xf3, 0xe3, 0xe7, 0xdf, 0x9f, 0x1f, 0x1f, 0x1f, 0x1f, 
	0x00, 0x00, 0x00, 0x00, 0x00, 0x00, 0x00, 0x00, 0x00, 0x00, 0x00, 0x01, 0x01, 0x03, 0x03, 0x01, 
	0x01, 0x01, 0x03, 0x01, 0x00, 0x00, 0x00, 0x00, 0x01, 0x03, 0x03, 0x07, 0x0f, 0x1f, 0x1e, 0x0c
};
// 'handshake-slash', 32x32px
const unsigned char fas_32x32_fa_handshake_slash [] PROGMEM = {
	0x30, 0x78, 0xf8, 0xf0, 0xe0, 0xc0, 0xc0, 0x80, 0x80, 0xc0, 0xc0, 0xc0, 0xc0, 0x40, 0x00, 0x80, 
	0x80, 0xc0, 0xc0, 0xc0, 0xc0, 0xc0, 0xc0, 0x80, 0x00, 0x00, 0x00, 0x00, 0x00, 0x00, 0x00, 0x00, 
	0xfe, 0xfc, 0xfc, 0xf8, 0xf1, 0x03, 0xc7, 0xc7, 0x8f, 0x1f, 0x3f, 0x7d, 0x7c, 0xfe, 0xff, 0xff, 
	0xcf, 0x87, 0x13, 0x3f, 0x7f, 0xff, 0xff, 0xff, 0xff, 0xfc, 0x00, 0xfc, 0xfe, 0xfe, 0xfe, 0xfe, 
	0x7f, 0x7f, 0x67, 0x3f, 0x3f, 0x00, 0x0f, 0x1f, 0x3f, 0x7f, 0xfe, 0xfc, 0xfc, 0xf8, 0xf1, 0xe3, 
	0xe3, 0xc7, 0x8f, 0x1e, 0x3e, 0x3c, 0x79, 0xf3, 0xe3, 0xe7, 0xc0, 0xbf, 0x3f, 0x67, 0x7f, 0x7f, 
	0x00, 0x00, 0x00, 0x00, 0x00, 0x00, 0x00, 0x00, 0x00, 0x00, 0x00, 0x01, 0x01, 0x03, 0x03, 0x01, 
	0x01, 0x01, 0x03, 0x01, 0x00, 0x00, 0x00, 0x00, 0x01, 0x03, 0x03, 0x07, 0x0f, 0x1f, 0x1e, 0x0c
};
// 'hands-helping', 32x32px
const unsigned char fas_32x32_fa_hands_helping [] PROGMEM = {
	0x00, 0x00, 0x00, 0x00, 0x00, 0x00, 0x00, 0x00, 0x00, 0x00, 0x00, 0x00, 0x80, 0x80, 0xc0, 0xc0, 
	0xc0, 0xc0, 0xc0, 0xc0, 0xc0, 0xc0, 0xe0, 0xf0, 0xf0, 0xf8, 0xf8, 0xf8, 0xe0, 0x80, 0x00, 0x00, 
	0x00, 0x00, 0x00, 0x00, 0x00, 0xf0, 0xf8, 0xf8, 0xfc, 0xfc, 0x00, 0xff, 0xff, 0xff, 0xff, 0x07, 
	0x07, 0xe7, 0xe7, 0xe7, 0xe7, 0xe7, 0xe7, 0xe7, 0xe7, 0xc7, 0x0f, 0x7f, 0x7f, 0x3f, 0x3e, 0x1c, 
	0x38, 0x7c, 0xfc, 0xfe, 0xfe, 0xff, 0xff, 0xff, 0xff, 0xff, 0xfc, 0xf9, 0xf9, 0xfb, 0xf9, 0xfc, 
	0xfe, 0xff, 0xff, 0xff, 0xff, 0x7f, 0x3f, 0x3f, 0x03, 0x01, 0x00, 0x00, 0x00, 0x00, 0x00, 0x00, 
	0x00, 0x00, 0x01, 0x07, 0x1f, 0x1f, 0x1f, 0x0f, 0x0f, 0x07, 0x03, 0x03, 0x03, 0x03, 0x03, 0x03, 
	0x03, 0x03, 0x03, 0x03, 0x01, 0x00, 0x00, 0x00, 0x00, 0x00, 0x00, 0x00, 0x00, 0x00, 0x00, 0x00
};
// 'hand-sparkles', 32x32px
const unsigned char fas_32x32_fa_hand_sparkles [] PROGMEM = {
	0x00, 0x00, 0x00, 0x80, 0x80, 0x00, 0x00, 0x00, 0x00, 0x00, 0xe0, 0xe0, 0xe0, 0x00, 0xf0, 0xf8, 
	0xf8, 0xf0, 0x00, 0xe0, 0xe0, 0xe0, 0x00, 0x00, 0x00, 0x00, 0x00, 0x00, 0x00, 0x00, 0x00, 0x00, 
	0x04, 0x06, 0x0e, 0x3f, 0x3f, 0x0e, 0x06, 0x04, 0x00, 0x00, 0xff, 0xff, 0xff, 0xc0, 0xff, 0xff, 
	0xff, 0xff, 0xc0, 0xff, 0xff, 0xff, 0xc0, 0xc0, 0xfe, 0xfe, 0xfe, 0x00, 0x00, 0x00, 0x00, 0x00, 
	0x00, 0x00, 0x00, 0x00, 0x00, 0x0e, 0x1f, 0x7f, 0xfe, 0xfe, 0xff, 0xff, 0xff, 0xff, 0xe7, 0xc3, 
	0xe7, 0xff, 0xff, 0xff, 0xff, 0xff, 0xff, 0x7f, 0x7f, 0x3f, 0x8f, 0xe0, 0xe0, 0x80, 0x00, 0x00, 
	0x00, 0x00, 0x00, 0x00, 0x00, 0x00, 0x00, 0x00, 0x00, 0x01, 0x07, 0x0f, 0x1f, 0x1f, 0x1f, 0x1f, 
	0x1f, 0x1f, 0x1f, 0x1f, 0x1f, 0x1f, 0x1f, 0x18, 0x18, 0x03, 0x03, 0x1f, 0x1f, 0x03, 0x03, 0x01
};
// 'hand-spock', 32x32px
const unsigned char fas_32x32_fa_hand_spock [] PROGMEM = {
	0x00, 0x00, 0x00, 0x00, 0x00, 0xc0, 0xc0, 0xc0, 0xc0, 0x00, 0x7f, 0xff, 0xff, 0xff, 0xfc, 0xc0, 
	0x00, 0x00, 0x00, 0x00, 0x00, 0xf0, 0xfc, 0xfc, 0xfc, 0xf8, 0x00, 0x80, 0xc0, 0xc0, 0xc0, 0x80, 
	0x00, 0x00, 0x00, 0x00, 0x00, 0x0f, 0xff, 0xff, 0xff, 0xff, 0xf8, 0x87, 0xff, 0xff, 0xff, 0xff, 
	0xfc, 0xc0, 0x00, 0xc0, 0xfe, 0xff, 0xff, 0xff, 0xff, 0xc3, 0xfc, 0xff, 0xff, 0xff, 0x7f, 0x07, 
	0x70, 0xf8, 0xf8, 0xf8, 0xf0, 0xe0, 0xc0, 0xc7, 0xff, 0xff, 0xff, 0xff, 0xff, 0xff, 0xff, 0xff, 
	0xff, 0xff, 0xff, 0xff, 0xff, 0xff, 0xff, 0xff, 0xff, 0xff, 0xff, 0xff, 0xff, 0x07, 0x00, 0x00, 
	0x00, 0x00, 0x01, 0x03, 0x07, 0x0f, 0x1f, 0x3f, 0x3f, 0x7f, 0xff, 0xff, 0xff, 0xff, 0xff, 0xff, 
	0xff, 0xff, 0xff, 0xff, 0xff, 0xff, 0xff, 0xff, 0x7f, 0x7f, 0x3f, 0x0f, 0x00, 0x00, 0x00, 0x00
};
// 'hands-wash', 32x32px
const unsigned char fas_32x32_fa_hands_wash [] PROGMEM = {
	0x00, 0x00, 0x00, 0x00, 0x00, 0x00, 0x00, 0xe0, 0xf8, 0xf8, 0x80, 0xf0, 0xfc, 0x7c, 0xc0, 0xe0, 
	0xe0, 0x00, 0x00, 0x00, 0x00, 0x08, 0x1c, 0x1c, 0x18, 0x00, 0x00, 0x00, 0x00, 0x00, 0x00, 0x00, 
	0x00, 0x00, 0xfc, 0xfc, 0xf8, 0xf8, 0xff, 0xff, 0x7f, 0x3c, 0x3f, 0xbf, 0x9b, 0x9e, 0xdf, 0xcf, 
	0xc1, 0xee, 0xef, 0x47, 0x00, 0x00, 0x00, 0x00, 0x00, 0x1c, 0x3e, 0x3e, 0x3e, 0x1c, 0x00, 0x00, 
	0x00, 0x00, 0x0f, 0x3f, 0x7f, 0x0f, 0x03, 0x78, 0xfc, 0xfe, 0xff, 0xff, 0xff, 0xff, 0xff, 0xff, 
	0xff, 0xff, 0xfe, 0xfe, 0x7e, 0x7e, 0x7e, 0x7e, 0x7e, 0x7e, 0x7e, 0x76, 0x70, 0x60, 0x00, 0x00, 
	0x00, 0x00, 0x00, 0x00, 0x1e, 0x3e, 0x3e, 0x3e, 0x1c, 0x01, 0x13, 0x3f, 0x3f, 0x3f, 0x3f, 0x3f, 
	0x3f, 0x3f, 0x3f, 0x3f, 0x3f, 0x3f, 0x3f, 0x3f, 0x3f, 0x3f, 0x13, 0x03, 0x00, 0x00, 0x00, 0x00
};
// 'hanukiah', 32x32px
const unsigned char fas_32x32_fa_hanukiah [] PROGMEM = {
	0x80, 0xc0, 0x80, 0x00, 0x00, 0xc0, 0x80, 0x00, 0xc0, 0x80, 0x00, 0xc0, 0xc0, 0x00, 0x00, 0x70, 
	0x70, 0x00, 0x00, 0xc0, 0xc0, 0x00, 0x80, 0xc0, 0x00, 0x80, 0xc0, 0x00, 0x00, 0x80, 0xc0, 0x80, 
	0xf9, 0xf9, 0xf9, 0x00, 0x01, 0xf9, 0x01, 0x00, 0xf9, 0xf1, 0x00, 0xf9, 0xf9, 0x00, 0xfe, 0xfe, 
	0xfe, 0xfe, 0x00, 0xf9, 0xf9, 0x00, 0xf1, 0xf9, 0x00, 0x01, 0xf9, 0x01, 0x00, 0xf9, 0xf9, 0xf9, 
	0x0f, 0x1f, 0x3f, 0x3c, 0x38, 0x7b, 0x78, 0x78, 0x7b, 0x79, 0x78, 0x79, 0x79, 0x78, 0xff, 0xff, 
	0xff, 0xff, 0x78, 0x79, 0x79, 0x78, 0x79, 0x7b, 0x78, 0x78, 0x7b, 0x38, 0x3c, 0x3f, 0x1f, 0x0f, 
	0x00, 0x00, 0x00, 0x00, 0x00, 0x1c, 0x1c, 0x1c, 0x1c, 0x1c, 0x1c, 0x1c, 0x1c, 0x1c, 0x1f, 0x1f, 
	0x1f, 0x1f, 0x1c, 0x1c, 0x1c, 0x1c, 0x1c, 0x1c, 0x1c, 0x1c, 0x1c, 0x00, 0x00, 0x00, 0x00, 0x00
};
// 'hard-hat', 32x32px
const unsigned char fas_32x32_fa_hard_hat [] PROGMEM = {
	0x00, 0x00, 0x00, 0x00, 0x00, 0x00, 0x00, 0x00, 0x80, 0x80, 0x00, 0x00, 0xf0, 0xf0, 0xf0, 0xf0, 
	0xf0, 0xf0, 0xf0, 0xf0, 0x00, 0x00, 0x80, 0x80, 0x00, 0x00, 0x00, 0x00, 0x00, 0x00, 0x00, 0x00, 
	0x00, 0x00, 0xc0, 0xf0, 0xf8, 0xfe, 0xfe, 0xff, 0xff, 0xff, 0xfe, 0xf8, 0xff, 0xff, 0xff, 0xff, 
	0xff, 0xff, 0xff, 0xff, 0xf8, 0xfe, 0xff, 0xff, 0xff, 0xfe, 0xfe, 0xf8, 0xf0, 0xc0, 0x00, 0x00, 
	0x00, 0x00, 0x3f, 0x3f, 0x3f, 0x3f, 0x3f, 0x3f, 0x3f, 0x3f, 0x3f, 0x3f, 0x3f, 0x3f, 0x3f, 0x3f, 
	0x3f, 0x3f, 0x3f, 0x3f, 0x3f, 0x3f, 0x3f, 0x3f, 0x3f, 0x3f, 0x3f, 0x3f, 0x3f, 0x3f, 0x00, 0x00, 
	0x0f, 0x0f, 0x0f, 0x0f, 0x0f, 0x0f, 0x0f, 0x0f, 0x0f, 0x0f, 0x0f, 0x0f, 0x0f, 0x0f, 0x0f, 0x0f, 
	0x0f, 0x0f, 0x0f, 0x0f, 0x0f, 0x0f, 0x0f, 0x0f, 0x0f, 0x0f, 0x0f, 0x0f, 0x0f, 0x0f, 0x0f, 0x0f
};
// 'hashtag', 32x32px
const unsigned char fas_32x32_fa_hashtag [] PROGMEM = {
	0x00, 0x00, 0x00, 0x00, 0x00, 0x00, 0x00, 0x00, 0x00, 0x00, 0x80, 0xfc, 0xfc, 0xfc, 0xfc, 0x00, 
	0x00, 0x00, 0x00, 0x00, 0x80, 0xf8, 0xfc, 0xfc, 0xfc, 0x00, 0x00, 0x00, 0x00, 0x00, 0x00, 0x00, 
	0x00, 0x00, 0x00, 0x00, 0x0e, 0x0f, 0x0f, 0x0f, 0x0f, 0xff, 0xff, 0xff, 0xff, 0x1f, 0x0f, 0x0f, 
	0x0f, 0x0f, 0x0f, 0xef, 0xff, 0xff, 0xff, 0x3f, 0x0f, 0x0f, 0x0f, 0x0f, 0x0f, 0x0f, 0x00, 0x00, 
	0x00, 0x00, 0xf0, 0xf0, 0xf0, 0xf0, 0xf0, 0xf0, 0xfc, 0xff, 0xff, 0xff, 0xf7, 0xf0, 0xf0, 0xf0, 
	0xf0, 0xf0, 0xf8, 0xff, 0xff, 0xff, 0xff, 0xf0, 0xf0, 0xf0, 0xf0, 0x70, 0x00, 0x00, 0x00, 0x00, 
	0x00, 0x00, 0x00, 0x00, 0x00, 0x00, 0x00, 0x3f, 0x3f, 0x3f, 0x1f, 0x01, 0x00, 0x00, 0x00, 0x00, 
	0x00, 0x3f, 0x3f, 0x3f, 0x3f, 0x01, 0x00, 0x00, 0x00, 0x00, 0x00, 0x00, 0x00, 0x00, 0x00, 0x00
};
// 'hat-cowboy', 32x32px
const unsigned char fas_32x32_fa_hat_cowboy [] PROGMEM = {
	0x00, 0x00, 0x00, 0x00, 0x00, 0x00, 0x00, 0x00, 0x00, 0x00, 0x00, 0x80, 0xc0, 0xc0, 0x80, 0x80, 
	0x80, 0x80, 0xc0, 0xc0, 0x80, 0x00, 0x00, 0x00, 0x00, 0x00, 0x00, 0x00, 0x00, 0x00, 0x00, 0x00, 
	0x00, 0x00, 0x00, 0x00, 0x00, 0x00, 0x00, 0x00, 0xe0, 0xfc, 0xff, 0xff, 0xff, 0xff, 0xff, 0xff, 
	0xff, 0xff, 0xff, 0xff, 0xff, 0xff, 0xfc, 0xe0, 0x00, 0x00, 0x00, 0x00, 0x00, 0x00, 0x00, 0x00, 
	0x03, 0x0f, 0x1e, 0x3c, 0x7c, 0xf8, 0xf8, 0xf8, 0xf3, 0xf7, 0xf7, 0xf7, 0xe7, 0xe7, 0xe7, 0xe7, 
	0xe7, 0xe7, 0xe7, 0xe7, 0xf7, 0xf7, 0xf7, 0xf3, 0xf0, 0xf8, 0xf8, 0x7c, 0x3c, 0x1e, 0x0f, 0x03, 
	0x00, 0x00, 0x00, 0x00, 0x00, 0x00, 0x01, 0x01, 0x03, 0x03, 0x07, 0x07, 0x07, 0x07, 0x07, 0x07, 
	0x07, 0x07, 0x07, 0x07, 0x07, 0x07, 0x03, 0x03, 0x01, 0x01, 0x00, 0x00, 0x00, 0x00, 0x00, 0x00
};
// 'hat-cowboy-side', 32x32px
const unsigned char fas_32x32_fa_hat_cowboy_side [] PROGMEM = {
	0x00, 0x00, 0x00, 0x00, 0x00, 0x00, 0x00, 0x00, 0x00, 0x00, 0x00, 0x00, 0x00, 0x00, 0x80, 0x80, 
	0x80, 0x80, 0xc0, 0xc0, 0xc0, 0xc0, 0x80, 0x00, 0x00, 0x00, 0x00, 0x00, 0x00, 0x00, 0x00, 0x00, 
	0x00, 0x00, 0x00, 0x00, 0x00, 0x00, 0x00, 0x38, 0x3e, 0x7f, 0x7f, 0x7f, 0xff, 0xff, 0xff, 0xff, 
	0xff, 0xff, 0xff, 0xff, 0xff, 0xff, 0xff, 0xfe, 0x80, 0x00, 0x00, 0x00, 0x00, 0x00, 0x00, 0x00, 
	0xc0, 0xf0, 0xf8, 0xfc, 0xfe, 0xfe, 0xff, 0xff, 0xff, 0xff, 0xff, 0xfe, 0xfe, 0xfc, 0xf9, 0xf3, 
	0xe7, 0xcf, 0x8f, 0x9f, 0x3f, 0x7f, 0xff, 0xff, 0xff, 0xfe, 0xfe, 0xfe, 0xfc, 0xf8, 0xf0, 0xe0, 
	0x03, 0x07, 0x07, 0x07, 0x07, 0x07, 0x07, 0x07, 0x07, 0x07, 0x07, 0x07, 0x07, 0x07, 0x07, 0x07, 
	0x07, 0x07, 0x07, 0x07, 0x07, 0x06, 0x04, 0x04, 0x05, 0x01, 0x01, 0x03, 0x03, 0x03, 0x03, 0x01
};
// 'hat-wizard', 32x32px
const unsigned char fas_32x32_fa_hat_wizard [] PROGMEM = {
	0x00, 0x00, 0x00, 0x00, 0x00, 0x00, 0x00, 0x00, 0x00, 0x00, 0x00, 0x00, 0x00, 0x80, 0x80, 0xc0, 
	0xe0, 0xe0, 0xf0, 0xf0, 0xf8, 0xf8, 0xfc, 0xfe, 0x1e, 0x03, 0x00, 0x00, 0x00, 0x00, 0x00, 0x00, 
	0x00, 0x00, 0x00, 0x00, 0x00, 0x00, 0x00, 0x00, 0x00, 0xc0, 0xf8, 0xfe, 0xff, 0xff, 0xff, 0xf3, 
	0xe1, 0xe1, 0xf3, 0xff, 0xff, 0xff, 0xe7, 0x80, 0x00, 0x00, 0x00, 0x00, 0x00, 0x00, 0x00, 0x00, 
	0x00, 0x00, 0x00, 0x00, 0x00, 0x80, 0xf0, 0xfc, 0xff, 0x9f, 0x9f, 0x0f, 0x07, 0x01, 0x01, 0x07, 
	0x0f, 0x9f, 0x9f, 0xff, 0xff, 0xff, 0xff, 0xff, 0xfc, 0xf0, 0xc0, 0x00, 0x00, 0x00, 0x00, 0x00, 
	0xf0, 0xf0, 0xf0, 0xf0, 0xf2, 0xf3, 0xf3, 0xf3, 0xf3, 0xf3, 0xf3, 0xf3, 0xf2, 0xf0, 0xf0, 0xf2, 
	0xf3, 0xf3, 0xf3, 0xf3, 0xf3, 0xf3, 0xf3, 0xf3, 0xf3, 0xf3, 0xf3, 0xf2, 0xf0, 0xf0, 0xf0, 0xf0
};
// 'hdd', 32x32px
const unsigned char fas_32x32_fa_hdd [] PROGMEM = {
	0x00, 0x00, 0x00, 0x00, 0x00, 0x00, 0xc0, 0xc0, 0xc0, 0xe0, 0xe0, 0xe0, 0xe0, 0xe0, 0xe0, 0xe0, 
	0xe0, 0xe0, 0xe0, 0xe0, 0xe0, 0xe0, 0xe0, 0xc0, 0xc0, 0xc0, 0x00, 0x00, 0x00, 0x00, 0x00, 0x00, 
	0x00, 0x00, 0x30, 0x38, 0x3e, 0x3f, 0x3f, 0x3f, 0x3f, 0x3f, 0x3f, 0x3f, 0x3f, 0x3f, 0x3f, 0x3f, 
	0x3f, 0x3f, 0x3f, 0x3f, 0x3f, 0x3f, 0x3f, 0x3f, 0x3f, 0x3f, 0x3f, 0x3e, 0x38, 0x30, 0x00, 0x00, 
	0xfe, 0xff, 0xff, 0xff, 0xff, 0xff, 0xff, 0xff, 0xff, 0xff, 0xff, 0xff, 0xff, 0xff, 0xff, 0xff, 
	0xff, 0xff, 0xff, 0xff, 0x8f, 0x8f, 0xcf, 0xff, 0xff, 0xcf, 0x8f, 0x8f, 0xff, 0xff, 0xff, 0xfe, 
	0x03, 0x03, 0x03, 0x07, 0x07, 0x07, 0x07, 0x07, 0x07, 0x07, 0x07, 0x07, 0x07, 0x07, 0x07, 0x07, 
	0x07, 0x07, 0x07, 0x07, 0x07, 0x07, 0x07, 0x07, 0x07, 0x07, 0x07, 0x07, 0x07, 0x03, 0x03, 0x03
};
// 'heading', 32x32px
const unsigned char fas_32x32_fa_heading [] PROGMEM = {
	0x00, 0x3c, 0x3c, 0x3c, 0xfc, 0xfc, 0xfc, 0xfc, 0xfc, 0xfc, 0x3c, 0x3c, 0x3c, 0x00, 0x00, 0x00, 
	0x00, 0x00, 0x00, 0x3c, 0x3c, 0x3c, 0xfc, 0xfc, 0xfc, 0xfc, 0xfc, 0xfc, 0x3c, 0x3c, 0x3c, 0x00, 
	0x00, 0x00, 0x00, 0x00, 0xff, 0xff, 0xff, 0xff, 0xff, 0xff, 0xc0, 0xc0, 0xc0, 0xc0, 0xc0, 0xc0, 
	0xc0, 0xc0, 0xc0, 0xc0, 0xc0, 0xc0, 0xff, 0xff, 0xff, 0xff, 0xff, 0xff, 0x00, 0x00, 0x00, 0x00, 
	0x00, 0x00, 0x00, 0x00, 0xff, 0xff, 0xff, 0xff, 0xff, 0xff, 0x03, 0x03, 0x03, 0x03, 0x03, 0x03, 
	0x03, 0x03, 0x03, 0x03, 0x03, 0x03, 0xff, 0xff, 0xff, 0xff, 0xff, 0xff, 0x00, 0x00, 0x00, 0x00, 
	0x00, 0x3c, 0x3c, 0x3c, 0x3f, 0x3f, 0x3f, 0x3f, 0x3f, 0x3f, 0x3c, 0x3c, 0x3c, 0x00, 0x00, 0x00, 
	0x00, 0x00, 0x00, 0x3c, 0x3c, 0x3c, 0x3f, 0x3f, 0x3f, 0x3f, 0x3f, 0x3f, 0x3c, 0x3c, 0x3c, 0x00
};
// 'headphones', 32x32px
const unsigned char fas_32x32_fa_headphones [] PROGMEM = {
	0x00, 0x00, 0x00, 0x00, 0x80, 0xc0, 0xe0, 0xf0, 0xf0, 0xf8, 0x78, 0x78, 0x7c, 0x3c, 0x3c, 0x3c, 
	0x3c, 0x3c, 0x3c, 0x7c, 0x78, 0x78, 0xf8, 0xf0, 0xf0, 0xe0, 0xc0, 0x80, 0x00, 0x00, 0x00, 0x00, 
	0xc0, 0xf8, 0xfe, 0xff, 0x7f, 0x0f, 0x07, 0x03, 0x01, 0x00, 0x00, 0x00, 0x00, 0x00, 0x00, 0x00, 
	0x00, 0x00, 0x00, 0x00, 0x00, 0x00, 0x00, 0x01, 0x03, 0x07, 0x0f, 0x7f, 0xff, 0xfe, 0xf8, 0xc0, 
	0x3f, 0x7f, 0xff, 0xff, 0xfe, 0xfe, 0xff, 0xff, 0xff, 0xff, 0xff, 0xff, 0x00, 0x00, 0x00, 0x00, 
	0x00, 0x00, 0x00, 0x00, 0xff, 0xff, 0xff, 0xff, 0xff, 0xff, 0xfe, 0xfe, 0xff, 0xff, 0x7f, 0x3f, 
	0x00, 0x00, 0x03, 0x07, 0x0f, 0x1f, 0x3f, 0x3f, 0x3f, 0x3f, 0x3f, 0x3f, 0x00, 0x00, 0x00, 0x00, 
	0x00, 0x00, 0x00, 0x00, 0x3f, 0x3f, 0x3f, 0x3f, 0x3f, 0x3f, 0x1f, 0x0f, 0x07, 0x03, 0x00, 0x00
};
// 'headphones-alt', 32x32px
const unsigned char fas_32x32_fa_headphones_alt [] PROGMEM = {
	0x00, 0x00, 0x00, 0x00, 0x80, 0xc0, 0xe0, 0xf0, 0x70, 0x78, 0x38, 0x38, 0x3c, 0x1c, 0x1c, 0x1c, 
	0x1c, 0x1c, 0x1c, 0x3c, 0x38, 0x38, 0x78, 0x70, 0xf0, 0xe0, 0xc0, 0x80, 0x00, 0x00, 0x00, 0x00, 
	0xc0, 0xf0, 0xfc, 0x7f, 0x0f, 0x03, 0x01, 0x00, 0x00, 0x00, 0x00, 0x00, 0x00, 0x00, 0x00, 0x00, 
	0x00, 0x00, 0x00, 0x00, 0x00, 0x00, 0x00, 0x00, 0x00, 0x01, 0x03, 0x0f, 0x7f, 0xfc, 0xf0, 0xc0, 
	0xff, 0xff, 0xff, 0x00, 0x00, 0xf0, 0xf8, 0xfc, 0xfc, 0xfc, 0xfc, 0xf8, 0x00, 0x00, 0x00, 0x00, 
	0x00, 0x00, 0x00, 0x00, 0xf8, 0xfc, 0xfc, 0xfc, 0xfc, 0xf8, 0xf0, 0x00, 0x00, 0xff, 0xff, 0xff, 
	0x03, 0x03, 0x03, 0x00, 0x00, 0x0f, 0x1f, 0x3f, 0x3f, 0x3f, 0x3f, 0x1f, 0x00, 0x00, 0x00, 0x00, 
	0x00, 0x00, 0x00, 0x00, 0x1f, 0x3f, 0x3f, 0x3f, 0x3f, 0x1f, 0x0f, 0x00, 0x00, 0x03, 0x03, 0x03
};
// 'headset', 32x32px
const unsigned char fas_32x32_fa_headset [] PROGMEM = {
	0x00, 0x00, 0x00, 0xc0, 0xe0, 0xf0, 0x78, 0x3c, 0x1c, 0x1e, 0x0e, 0x0e, 0x0f, 0x07, 0x07, 0x07, 
	0x07, 0x07, 0x07, 0x0f, 0x0e, 0x0e, 0x1e, 0x1c, 0x3c, 0x78, 0xf0, 0xe0, 0xc0, 0x00, 0x00, 0x00, 
	0xf0, 0xfe, 0xff, 0x1f, 0x03, 0xe0, 0xf0, 0xf8, 0xf8, 0xf8, 0xf8, 0xf0, 0x00, 0x00, 0x00, 0x00, 
	0x00, 0x00, 0x00, 0x00, 0xf0, 0xf8, 0xf8, 0xf8, 0xf8, 0xf0, 0xe0, 0x03, 0x1f, 0xff, 0xfe, 0xf0, 
	0x03, 0x03, 0x03, 0x00, 0x00, 0x0f, 0x1f, 0x3f, 0x3f, 0x3f, 0x3f, 0x1f, 0x00, 0x00, 0x00, 0x00, 
	0x00, 0x00, 0x00, 0x00, 0x1f, 0x3f, 0x3f, 0x3f, 0x3f, 0x1f, 0x0f, 0x00, 0x00, 0xff, 0xff, 0xff, 
	0x00, 0x00, 0x00, 0x00, 0x00, 0x00, 0x00, 0x00, 0x00, 0x00, 0x00, 0x00, 0x78, 0xfc, 0xfc, 0xfc, 
	0xfc, 0xfc, 0xfc, 0xf8, 0xe0, 0xe0, 0xe0, 0xe0, 0xe0, 0xe0, 0xe0, 0xe0, 0xf0, 0x7f, 0x3f, 0x1f
};
// 'head-side-cough', 32x32px
const unsigned char fas_32x32_fa_head_side_cough [] PROGMEM = {
	0x00, 0x80, 0xc0, 0xe0, 0xf0, 0xf0, 0xf8, 0xf8, 0xf8, 0xf8, 0xf8, 0xf8, 0xf8, 0xf8, 0xf8, 0xf0, 
	0xf0, 0xe0, 0xc0, 0x80, 0x00, 0x00, 0x00, 0x00, 0x00, 0x00, 0x00, 0x00, 0x00, 0x00, 0x00, 0x00, 
	0xfe, 0xff, 0xff, 0xff, 0xff, 0xff, 0xff, 0xff, 0xff, 0xff, 0xff, 0xff, 0xff, 0xcf, 0xc7, 0xcf, 
	0xff, 0xff, 0xff, 0xff, 0xff, 0xfc, 0xe0, 0x00, 0x00, 0x00, 0x00, 0x00, 0x00, 0x00, 0x00, 0x00, 
	0x00, 0x03, 0x07, 0xff, 0xff, 0xff, 0xff, 0xff, 0xff, 0xff, 0xff, 0xff, 0xff, 0xff, 0xbf, 0x1f, 
	0x1f, 0x1f, 0x1f, 0x1f, 0x1f, 0x07, 0x07, 0x47, 0xe0, 0x40, 0x10, 0x38, 0x10, 0x00, 0xe3, 0xe3, 
	0x00, 0x00, 0x00, 0x1f, 0x1f, 0x1f, 0x1f, 0x1f, 0x1f, 0x1f, 0x1f, 0x1f, 0x1f, 0x1f, 0x0f, 0x07, 
	0x07, 0x07, 0x07, 0x07, 0x03, 0x00, 0x00, 0x00, 0x00, 0x00, 0x02, 0x07, 0x02, 0x00, 0x18, 0x18
};
// 'head-side-cough-slash', 32x32px
const unsigned char fas_32x32_fa_head_side_cough_slash [] PROGMEM = {
	0x30, 0x78, 0xf8, 0xf0, 0xf0, 0xf0, 0xf8, 0xf8, 0xf8, 0xf8, 0xf8, 0xf8, 0xf8, 0xf8, 0xf8, 0xf0, 
	0xf0, 0xe0, 0xc0, 0x80, 0x00, 0x00, 0x00, 0x00, 0x00, 0x00, 0x00, 0x00, 0x00, 0x00, 0x00, 0x00, 
	0xfe, 0xfe, 0xfe, 0xfc, 0xf9, 0xf3, 0xe7, 0xe7, 0xcf, 0x9f, 0x3f, 0x7f, 0x7f, 0xff, 0xe7, 0xef, 
	0xff, 0xff, 0xff, 0xff, 0xff, 0xfc, 0xe0, 0x00, 0x00, 0x00, 0x00, 0x00, 0x00, 0x00, 0x00, 0x00, 
	0x00, 0x03, 0x07, 0xff, 0xff, 0xff, 0xff, 0xff, 0xff, 0xff, 0xff, 0xfe, 0xfe, 0xfc, 0xb9, 0x13, 
	0x03, 0x07, 0x0f, 0x1f, 0x3f, 0x3f, 0x7f, 0xf7, 0xe0, 0xe0, 0xd0, 0xb8, 0x10, 0x00, 0xe3, 0xe3, 
	0x00, 0x00, 0x00, 0x1f, 0x1f, 0x1f, 0x1f, 0x1f, 0x1f, 0x1f, 0x1f, 0x1f, 0x1f, 0x1f, 0x0f, 0x07, 
	0x07, 0x07, 0x07, 0x07, 0x03, 0x00, 0x00, 0x00, 0x01, 0x03, 0x03, 0x07, 0x0f, 0x1f, 0x1e, 0x0c
};
// 'head-side-mask', 32x32px
const unsigned char fas_32x32_fa_head_side_mask [] PROGMEM = {
	0x00, 0xc0, 0xe0, 0xf0, 0xf8, 0xfc, 0xfe, 0xfe, 0xfe, 0xff, 0xff, 0xff, 0xff, 0xff, 0xff, 0xff, 
	0xff, 0xff, 0xff, 0xff, 0xff, 0xfe, 0xfe, 0xfc, 0xf8, 0xf8, 0xf0, 0xc0, 0x00, 0x00, 0x00, 0x00, 
	0xfc, 0xf8, 0xf9, 0xf3, 0xe3, 0xc7, 0xcf, 0x9f, 0x1f, 0x3f, 0x7f, 0xff, 0xff, 0xff, 0xff, 0xff, 
	0xff, 0xff, 0xe7, 0xc3, 0xc3, 0xe7, 0xff, 0xff, 0xff, 0xff, 0xff, 0xff, 0xff, 0xf8, 0xc0, 0x00, 
	0x00, 0x03, 0x07, 0x1f, 0xff, 0xff, 0xff, 0xff, 0xff, 0xff, 0xfe, 0xfc, 0xf8, 0xf9, 0x03, 0x03, 
	0xf3, 0xf3, 0xf3, 0xf3, 0x73, 0x73, 0x73, 0x73, 0x73, 0x73, 0x73, 0x73, 0x73, 0x73, 0x73, 0x33, 
	0x00, 0x00, 0x00, 0x00, 0xff, 0xff, 0xff, 0xff, 0xff, 0xff, 0xff, 0xff, 0xff, 0xff, 0x00, 0x00, 
	0xff, 0xff, 0xff, 0xff, 0xe6, 0xe6, 0xe6, 0xe6, 0xe6, 0xe6, 0xe6, 0x66, 0x26, 0x06, 0x00, 0x00
};
// 'head-side-virus', 32x32px
const unsigned char fas_32x32_fa_head_side_virus [] PROGMEM = {
	0x00, 0xc0, 0xe0, 0xf8, 0xf8, 0xfc, 0xfe, 0xfe, 0xff, 0x7f, 0xff, 0xff, 0xff, 0xff, 0x1f, 0x1f, 
	0xff, 0xff, 0xff, 0xff, 0x7f, 0xfe, 0xfe, 0xfc, 0xf8, 0xf8, 0xf0, 0xc0, 0x00, 0x00, 0x00, 0x00, 
	0xff, 0xff, 0xff, 0xff, 0xff, 0xff, 0x9f, 0x9f, 0x9e, 0x0c, 0x00, 0x01, 0x19, 0x18, 0x00, 0x00, 
	0x80, 0x81, 0x01, 0x00, 0x0c, 0x9e, 0x9f, 0x9f, 0xff, 0xff, 0xff, 0xff, 0xff, 0xf8, 0xc0, 0x00, 
	0x00, 0x03, 0x07, 0x1f, 0xff, 0xff, 0xff, 0xff, 0xf7, 0xe3, 0xf0, 0xf8, 0xf8, 0xf0, 0x80, 0x80, 
	0xf1, 0xf9, 0xf8, 0xf0, 0xe3, 0xf7, 0xff, 0xff, 0xff, 0xff, 0xff, 0xff, 0x0f, 0x0f, 0x0f, 0x07, 
	0x00, 0x00, 0x00, 0x00, 0xff, 0xff, 0xff, 0xff, 0xff, 0xff, 0xff, 0xff, 0xff, 0xff, 0xff, 0xff, 
	0xff, 0xff, 0xff, 0xff, 0x0f, 0x0f, 0x0f, 0x0f, 0x0f, 0x0f, 0x07, 0x03, 0x00, 0x00, 0x00, 0x00
};
// 'heart', 32x32px
const unsigned char fas_32x32_fa_heart [] PROGMEM = {
	0x80, 0xc0, 0xf0, 0xf0, 0xf8, 0xfc, 0xfc, 0xfc, 0xfc, 0xfc, 0xfc, 0xf8, 0xf8, 0xf0, 0xf0, 0xe0, 
	0xe0, 0xf0, 0xf0, 0xf8, 0xf8, 0xfc, 0xfc, 0xfc, 0xfc, 0xfc, 0xfc, 0xf8, 0xf0, 0xf0, 0xc0, 0x80, 
	0x3f, 0xff, 0xff, 0xff, 0xff, 0xff, 0xff, 0xff, 0xff, 0xff, 0xff, 0xff, 0xff, 0xff, 0xff, 0xff, 
	0xff, 0xff, 0xff, 0xff, 0xff, 0xff, 0xff, 0xff, 0xff, 0xff, 0xff, 0xff, 0xff, 0xff, 0xff, 0x3f, 
	0x00, 0x00, 0x01, 0x03, 0x07, 0x0f, 0x1f, 0x3f, 0x7f, 0xff, 0xff, 0xff, 0xff, 0xff, 0xff, 0xff, 
	0xff, 0xff, 0xff, 0xff, 0xff, 0xff, 0xff, 0x7f, 0x3f, 0x1f, 0x0f, 0x07, 0x03, 0x01, 0x00, 0x00, 
	0x00, 0x00, 0x00, 0x00, 0x00, 0x00, 0x00, 0x00, 0x00, 0x00, 0x01, 0x03, 0x07, 0x0f, 0x1f, 0x3f, 
	0x3f, 0x1f, 0x0f, 0x07, 0x03, 0x01, 0x00, 0x00, 0x00, 0x00, 0x00, 0x00, 0x00, 0x00, 0x00, 0x00
};
// 'heartbeat', 32x32px
const unsigned char fas_32x32_fa_heartbeat [] PROGMEM = {
	0x80, 0xc0, 0xf0, 0xf0, 0xf8, 0xfc, 0xfc, 0xfc, 0xfc, 0xfc, 0xfc, 0xf8, 0xf8, 0xf0, 0xe0, 0xc0, 
	0xc0, 0xe0, 0xf0, 0xf8, 0xf8, 0xfc, 0xfc, 0xfc, 0xfc, 0xfc, 0xfc, 0xf8, 0xf0, 0xf0, 0xc0, 0x80, 
	0x3f, 0x7f, 0xff, 0xff, 0xff, 0xff, 0xff, 0xff, 0xff, 0x1f, 0x07, 0xc3, 0x07, 0x1f, 0x7f, 0xff, 
	0xff, 0xff, 0x3f, 0x0f, 0x0f, 0x3f, 0xff, 0xff, 0xff, 0xff, 0xff, 0xff, 0xff, 0xff, 0x7f, 0x3f, 
	0x00, 0x00, 0x00, 0x00, 0x04, 0x0c, 0x1c, 0x3c, 0x7c, 0xfc, 0xff, 0xff, 0xff, 0xfc, 0xf0, 0xc3, 
	0xc3, 0xf0, 0xfc, 0xff, 0xff, 0xfc, 0xfc, 0x7c, 0x3c, 0x1c, 0x0c, 0x04, 0x00, 0x00, 0x00, 0x00, 
	0x00, 0x00, 0x00, 0x00, 0x00, 0x00, 0x00, 0x00, 0x00, 0x00, 0x01, 0x03, 0x07, 0x0f, 0x1f, 0x3f, 
	0x3f, 0x1f, 0x0f, 0x07, 0x03, 0x01, 0x00, 0x00, 0x00, 0x00, 0x00, 0x00, 0x00, 0x00, 0x00, 0x00
};
// 'heart-broken', 32x32px
const unsigned char fas_32x32_fa_heart_broken [] PROGMEM = {
	0x80, 0xc0, 0xf0, 0xf0, 0xf8, 0xfc, 0xfc, 0xfc, 0xfc, 0xfc, 0xfc, 0xf8, 0xf8, 0xf0, 0x80, 0x00, 
	0x00, 0x00, 0x00, 0x38, 0xf8, 0xfc, 0xfc, 0xfc, 0xfc, 0xfc, 0xfc, 0xf8, 0xf0, 0xf0, 0xc0, 0x80, 
	0x3f, 0x7f, 0xff, 0xff, 0xff, 0xff, 0xff, 0xff, 0xff, 0xff, 0xcf, 0x87, 0x07, 0x03, 0x01, 0x40, 
	0xe0, 0xf0, 0xf0, 0xf8, 0xfd, 0xff, 0xff, 0xff, 0xff, 0xff, 0xff, 0xff, 0xff, 0xff, 0x7f, 0x3f, 
	0x00, 0x00, 0x01, 0x03, 0x07, 0x0f, 0x1f, 0x3f, 0x7f, 0xff, 0xff, 0xff, 0xff, 0xfe, 0xfc, 0xf8, 
	0xf3, 0xff, 0xff, 0xff, 0xff, 0xff, 0xff, 0x7f, 0x3f, 0x1f, 0x0f, 0x07, 0x03, 0x01, 0x00, 0x00, 
	0x00, 0x00, 0x00, 0x00, 0x00, 0x00, 0x00, 0x00, 0x00, 0x00, 0x01, 0x03, 0x07, 0x0f, 0x1f, 0x3f, 
	0x3f, 0x1f, 0x0f, 0x07, 0x03, 0x01, 0x00, 0x00, 0x00, 0x00, 0x00, 0x00, 0x00, 0x00, 0x00, 0x00
};
// 'helicopter', 32x32px
const unsigned char fas_32x32_fa_helicopter [] PROGMEM = {
	0xc0, 0xc0, 0xc0, 0x80, 0x00, 0x00, 0x38, 0x38, 0x38, 0x38, 0x38, 0x38, 0x38, 0x38, 0x38, 0x38, 
	0xf8, 0xf8, 0xf8, 0x38, 0x38, 0x38, 0x38, 0x38, 0x38, 0x38, 0x38, 0x38, 0x38, 0x00, 0x00, 0x00, 
	0x01, 0x0f, 0x1f, 0x3f, 0x3f, 0x3e, 0x7c, 0x7e, 0xfe, 0xfe, 0xfe, 0xfe, 0xfe, 0xfe, 0xfe, 0xfe, 
	0xff, 0xff, 0xff, 0xfe, 0xfc, 0x1c, 0x3c, 0x3c, 0x78, 0xf8, 0xf0, 0xe0, 0xc0, 0x00, 0x00, 0x00, 
	0x00, 0x00, 0x00, 0x00, 0x00, 0x00, 0x00, 0x00, 0x00, 0x00, 0x01, 0x07, 0x0f, 0x1f, 0x3f, 0x7f, 
	0x7f, 0x7f, 0x7f, 0x7f, 0x7f, 0x78, 0x78, 0x78, 0x78, 0x78, 0x7b, 0x7f, 0x7f, 0x3f, 0x00, 0x00, 
	0x00, 0x00, 0x00, 0x00, 0x00, 0x00, 0x00, 0x00, 0x00, 0x00, 0x00, 0x1c, 0x1c, 0x1c, 0x1c, 0x1c, 
	0x1c, 0x1c, 0x1c, 0x1c, 0x1c, 0x1c, 0x1c, 0x1c, 0x1c, 0x1c, 0x1c, 0x1c, 0x1c, 0x1e, 0x1e, 0x0c
};
// 'highlighter', 32x32px
const unsigned char fas_32x32_fa_highlighter [] PROGMEM = {
	0x00, 0x00, 0x00, 0x00, 0x00, 0x00, 0x00, 0x00, 0x00, 0x00, 0x00, 0x00, 0x00, 0x00, 0x00, 0x00, 
	0x80, 0xc0, 0xc0, 0xe0, 0xf0, 0xf8, 0xfc, 0xfe, 0xfe, 0xfe, 0xfe, 0xfc, 0xf8, 0xf0, 0xe0, 0xc0, 
	0x00, 0x00, 0x00, 0x00, 0x00, 0x00, 0x00, 0x80, 0xc0, 0xe0, 0xc0, 0x80, 0x18, 0x3c, 0x7e, 0xff, 
	0xff, 0xff, 0xff, 0xff, 0xff, 0xff, 0xff, 0xff, 0xff, 0xff, 0xff, 0x3f, 0x1f, 0x0f, 0x07, 0x03, 
	0x00, 0x00, 0x00, 0x00, 0x00, 0xc0, 0xe0, 0xff, 0xff, 0xff, 0xff, 0xff, 0xff, 0xfe, 0xfc, 0xf8, 
	0xf1, 0xe3, 0xc7, 0x8f, 0x1f, 0x1f, 0x0f, 0x07, 0x03, 0x01, 0x00, 0x00, 0x00, 0x00, 0x00, 0x00, 
	0x10, 0x30, 0x3c, 0x3e, 0x7e, 0x7c, 0x79, 0x13, 0x07, 0x0f, 0x0f, 0x07, 0x03, 0x03, 0x03, 0x03, 
	0x03, 0x03, 0x01, 0x00, 0x00, 0x00, 0x00, 0x00, 0x00, 0x00, 0x00, 0x00, 0x00, 0x00, 0x00, 0x00
};
// 'hiking', 32x32px
const unsigned char fas_32x32_fa_hiking [] PROGMEM = {
	0x00, 0x00, 0x00, 0x00, 0x00, 0x00, 0x00, 0x80, 0xc0, 0xc0, 0xc0, 0xc0, 0x80, 0x00, 0x00, 0x00, 
	0x1e, 0x3f, 0x3f, 0x3f, 0x3f, 0x1e, 0x00, 0x00, 0x00, 0x00, 0x00, 0x00, 0x00, 0x00, 0x00, 0x00, 
	0x00, 0x00, 0x00, 0x00, 0xc0, 0xfc, 0xff, 0xff, 0xff, 0xff, 0x7f, 0x0f, 0x00, 0xf0, 0xfe, 0xff, 
	0xff, 0xff, 0xff, 0x7e, 0x7c, 0xf8, 0xf0, 0xf0, 0xf0, 0xfc, 0xfc, 0xfc, 0x00, 0x00, 0x00, 0x00, 
	0x00, 0x00, 0x00, 0x00, 0x01, 0x01, 0x01, 0x03, 0x03, 0x03, 0x00, 0xe0, 0xc7, 0x8f, 0x1f, 0x3f, 
	0x7f, 0xff, 0xf1, 0xe0, 0xc0, 0x80, 0x00, 0x00, 0x00, 0xff, 0xff, 0xff, 0x00, 0x00, 0x00, 0x00, 
	0x00, 0x00, 0x00, 0x00, 0x00, 0x00, 0x00, 0x00, 0x00, 0x70, 0xff, 0xff, 0x7f, 0x0f, 0x00, 0x00, 
	0x00, 0x00, 0x7f, 0xff, 0xff, 0x7f, 0x00, 0x00, 0x00, 0xff, 0xff, 0xff, 0x00, 0x00, 0x00, 0x00
};
// 'hippo', 32x32px
const unsigned char fas_32x32_fa_hippo [] PROGMEM = {
	0x00, 0x00, 0x00, 0x00, 0x80, 0x80, 0x80, 0xc0, 0xc0, 0xc0, 0xc0, 0xc0, 0x80, 0x80, 0x80, 0x00, 
	0xe0, 0xe0, 0xe0, 0xc0, 0xc0, 0xc0, 0x80, 0x80, 0x00, 0x00, 0x00, 0x00, 0x00, 0x00, 0x00, 0x00, 
	0xf0, 0xfc, 0xfe, 0xff, 0xff, 0xff, 0xff, 0xff, 0xff, 0xff, 0xff, 0xff, 0xff, 0xff, 0xff, 0xff, 
	0xff, 0xff, 0xff, 0xff, 0xff, 0xff, 0xf3, 0xff, 0xff, 0xfe, 0xfe, 0xff, 0xff, 0xff, 0xff, 0xfe, 
	0xff, 0xff, 0xff, 0xff, 0xff, 0x7f, 0xff, 0xff, 0xff, 0xff, 0xff, 0xff, 0xff, 0xff, 0xff, 0x7f, 
	0xff, 0xff, 0xff, 0xff, 0xff, 0x03, 0x03, 0x03, 0x03, 0x03, 0x03, 0x0f, 0x0f, 0x0f, 0x03, 0x01, 
	0x07, 0x07, 0x07, 0x07, 0x07, 0x00, 0x00, 0x00, 0x00, 0x00, 0x00, 0x00, 0x00, 0x00, 0x00, 0x00, 
	0x07, 0x07, 0x07, 0x07, 0x07, 0x00, 0x00, 0x00, 0x00, 0x00, 0x00, 0x00, 0x00, 0x00, 0x00, 0x00
};
// 'history', 32x32px
const unsigned char fas_32x32_fa_history [] PROGMEM = {
	0xfc, 0xfe, 0xfc, 0xf8, 0xf0, 0xf0, 0xf0, 0xf8, 0xfc, 0x7c, 0x3e, 0x1e, 0x1e, 0x1e, 0x1f, 0x1f, 
	0x1f, 0x1f, 0x1e, 0x1e, 0x1e, 0x3e, 0x7c, 0x7c, 0xf8, 0xf0, 0xe0, 0xc0, 0x80, 0x00, 0x00, 0x00, 
	0x0f, 0x0f, 0x1f, 0x1f, 0x1f, 0x1f, 0x1f, 0x1f, 0x1f, 0x1e, 0x0c, 0x08, 0x00, 0x00, 0xff, 0xff, 
	0xff, 0xff, 0x00, 0x00, 0x00, 0x00, 0x00, 0x00, 0x00, 0x03, 0x07, 0xff, 0xff, 0xff, 0xfc, 0xc0, 
	0x00, 0x00, 0x00, 0x00, 0x00, 0x00, 0x00, 0x00, 0x00, 0x00, 0x00, 0x00, 0x00, 0x00, 0x03, 0x07, 
	0x0f, 0x1f, 0x1f, 0x1e, 0x1c, 0x00, 0x00, 0x00, 0x00, 0xc0, 0xe0, 0xff, 0xff, 0xff, 0x3f, 0x03, 
	0x00, 0x00, 0x00, 0x00, 0x00, 0x00, 0x0e, 0x1e, 0x3e, 0x3e, 0x7c, 0x78, 0x78, 0x78, 0xf8, 0xf8, 
	0xf8, 0xf8, 0x78, 0x78, 0x78, 0x7c, 0x3e, 0x3e, 0x1f, 0x0f, 0x07, 0x03, 0x01, 0x00, 0x00, 0x00
};
// 'hockey-puck', 32x32px
const unsigned char fas_32x32_fa_hockey_puck [] PROGMEM = {
	0x00, 0x80, 0x80, 0xc0, 0xc0, 0xe0, 0xe0, 0xe0, 0xe0, 0xf0, 0xf0, 0xf0, 0xf0, 0xf0, 0xf0, 0xf0, 
	0xf0, 0xf0, 0xf0, 0xf0, 0xf0, 0xf0, 0xf0, 0xe0, 0xe0, 0xe0, 0xe0, 0xc0, 0xc0, 0x80, 0x80, 0x00, 
	0x8f, 0x1f, 0x1f, 0x3f, 0x3f, 0x7f, 0x7f, 0x7f, 0x7f, 0xff, 0xff, 0xff, 0xff, 0xff, 0xff, 0xff, 
	0xff, 0xff, 0xff, 0xff, 0xff, 0xff, 0xff, 0x7f, 0x7f, 0x7f, 0x7f, 0x3f, 0x3f, 0x1f, 0x1f, 0x8f, 
	0xff, 0xff, 0xfe, 0xfe, 0xfe, 0xfc, 0xfc, 0xfc, 0xfc, 0xfc, 0xf8, 0xf8, 0xf8, 0xf8, 0xf8, 0xf8, 
	0xf8, 0xf8, 0xf8, 0xf8, 0xf8, 0xf8, 0xfc, 0xfc, 0xfc, 0xfc, 0xfc, 0xfe, 0xfe, 0xfe, 0xff, 0xff, 
	0x00, 0x01, 0x01, 0x03, 0x03, 0x07, 0x07, 0x07, 0x07, 0x0f, 0x0f, 0x0f, 0x0f, 0x0f, 0x0f, 0x0f, 
	0x0f, 0x0f, 0x0f, 0x0f, 0x0f, 0x0f, 0x0f, 0x07, 0x07, 0x07, 0x07, 0x03, 0x03, 0x01, 0x01, 0x00
};
// 'holly-berry', 32x32px
const unsigned char fas_32x32_fa_holly_berry [] PROGMEM = {
	0x00, 0x00, 0x00, 0x00, 0x00, 0x00, 0x00, 0x00, 0x80, 0xc0, 0xc0, 0xc0, 0xc0, 0x9e, 0x3f, 0x3f, 
	0x3f, 0x3f, 0x9e, 0xc0, 0xc0, 0xc0, 0xc0, 0x80, 0x00, 0x00, 0x00, 0x00, 0x00, 0x00, 0x00, 0x00, 
	0x00, 0x00, 0x00, 0x00, 0x00, 0x00, 0x00, 0x00, 0x07, 0x0f, 0x8f, 0x8f, 0xcf, 0xc7, 0xc0, 0x00, 
	0x00, 0xc0, 0xc7, 0xcf, 0x8f, 0x8f, 0x0f, 0x07, 0x00, 0x00, 0x00, 0x00, 0x00, 0x00, 0x00, 0x00, 
	0x00, 0x00, 0x80, 0x80, 0x80, 0xc0, 0xc7, 0xff, 0xff, 0xff, 0xff, 0xff, 0xff, 0x7f, 0x7f, 0x78, 
	0x00, 0x07, 0x7f, 0xff, 0xff, 0xff, 0xff, 0xff, 0xff, 0xc7, 0xc0, 0x80, 0x80, 0x80, 0x00, 0x00, 
	0x00, 0x00, 0x01, 0x7f, 0xff, 0xff, 0x7f, 0x7f, 0x3f, 0x3f, 0x3f, 0x3f, 0x10, 0x00, 0x00, 0x00, 
	0x00, 0x00, 0x00, 0x10, 0x3f, 0x3f, 0x3f, 0x3f, 0x7f, 0x7f, 0xff, 0xff, 0x7f, 0x01, 0x00, 0x00
};
// 'home', 32x32px
const unsigned char fas_32x32_fa_home [] PROGMEM = {
	0x00, 0x00, 0x00, 0x00, 0x00, 0x00, 0x00, 0x00, 0x00, 0x00, 0x80, 0x80, 0xc0, 0xe0, 0xf0, 0xf0, 
	0xf0, 0xf0, 0xe0, 0xc0, 0x80, 0x80, 0x00, 0xf0, 0xf0, 0xf0, 0xf0, 0x00, 0x00, 0x00, 0x00, 0x00, 
	0x80, 0x80, 0xc0, 0xe0, 0xf0, 0xf8, 0x78, 0x3c, 0x3e, 0x9f, 0xcf, 0xe7, 0xe3, 0xf3, 0xf9, 0xfc, 
	0xfc, 0xf9, 0xf3, 0xe3, 0xe7, 0xcf, 0x9f, 0x3f, 0x3f, 0x7f, 0xff, 0xf0, 0xe0, 0xc0, 0x80, 0x80, 
	0x01, 0x03, 0x03, 0x03, 0x01, 0xfc, 0xfe, 0xfe, 0xff, 0xff, 0xff, 0xff, 0xff, 0x3f, 0x1f, 0x1f, 
	0x1f, 0x1f, 0x3f, 0xff, 0xff, 0xff, 0xff, 0xff, 0xfe, 0xfe, 0xfc, 0x01, 0x03, 0x03, 0x03, 0x01, 
	0x00, 0x00, 0x00, 0x00, 0x00, 0x0f, 0x0f, 0x0f, 0x0f, 0x0f, 0x0f, 0x0f, 0x0f, 0x00, 0x00, 0x00, 
	0x00, 0x00, 0x00, 0x0f, 0x0f, 0x0f, 0x0f, 0x0f, 0x0f, 0x0f, 0x0f, 0x00, 0x00, 0x00, 0x00, 0x00
};
// 'horse', 32x32px
const unsigned char fas_32x32_fa_horse [] PROGMEM = {
	0x00, 0x00, 0x00, 0x00, 0x00, 0x00, 0x00, 0x00, 0x00, 0x00, 0x00, 0x00, 0x00, 0x00, 0x00, 0x00, 
	0x00, 0x00, 0xc0, 0xf0, 0xf8, 0xf8, 0xfc, 0xfc, 0xfc, 0xfc, 0xfc, 0xfc, 0xbc, 0xfc, 0xfc, 0xec, 
	0xe0, 0xf0, 0xf8, 0x78, 0xf8, 0xfc, 0xfc, 0xfe, 0xfe, 0xfe, 0xfe, 0xfe, 0xfe, 0xfe, 0xfe, 0xfe, 
	0xfe, 0xfe, 0xff, 0xff, 0xff, 0xff, 0xff, 0xff, 0xff, 0x03, 0x07, 0x1f, 0x1f, 0x1f, 0x0f, 0x0f, 
	0x07, 0x0f, 0x07, 0x00, 0xf1, 0xff, 0xff, 0xff, 0xff, 0x3f, 0x0f, 0x0f, 0x0f, 0x0f, 0x0f, 0x1f, 
	0x1f, 0x1f, 0xff, 0xff, 0xff, 0xff, 0xff, 0x07, 0x01, 0x00, 0x00, 0x00, 0x00, 0x00, 0x00, 0x00, 
	0x00, 0x00, 0x00, 0x00, 0x07, 0x3f, 0x3f, 0x3f, 0x3f, 0x3e, 0x00, 0x00, 0x00, 0x00, 0x00, 0x00, 
	0x00, 0x00, 0x3f, 0x3f, 0x3f, 0x3f, 0x3f, 0x00, 0x00, 0x00, 0x00, 0x00, 0x00, 0x00, 0x00, 0x00
};
// 'horse-head', 32x32px
const unsigned char fas_32x32_fa_horse_head [] PROGMEM = {
	0x00, 0x00, 0x00, 0x00, 0x00, 0x00, 0x80, 0xc0, 0xc0, 0xe0, 0xe0, 0xf0, 0xf0, 0xf0, 0xf8, 0xf8, 
	0xfc, 0xfc, 0xfc, 0xfe, 0xfe, 0xfe, 0xdf, 0xcf, 0x80, 0x80, 0x00, 0x00, 0x00, 0x00, 0x00, 0x00, 
	0x00, 0xc0, 0xf8, 0xfc, 0xfe, 0xff, 0xff, 0xff, 0xff, 0xff, 0xff, 0xff, 0xff, 0xff, 0xff, 0xff, 
	0xff, 0xff, 0xff, 0xef, 0xc7, 0xef, 0xff, 0xff, 0xff, 0xff, 0xfe, 0xfc, 0xe0, 0x80, 0x00, 0x00, 
	0xfe, 0xff, 0xff, 0xff, 0xff, 0xff, 0xff, 0xff, 0xff, 0xff, 0xe3, 0xc7, 0x8f, 0x9f, 0x3f, 0x3f, 
	0x3f, 0x3f, 0x3f, 0x3f, 0x7f, 0xff, 0xff, 0xff, 0xff, 0xff, 0xff, 0xff, 0xff, 0xff, 0xfe, 0x70, 
	0xff, 0xff, 0xff, 0xff, 0xff, 0xff, 0xff, 0xff, 0xff, 0xff, 0xff, 0xff, 0xff, 0xff, 0xff, 0xff, 
	0xfe, 0xf8, 0x60, 0x00, 0x00, 0x00, 0x01, 0x03, 0x03, 0x03, 0x03, 0x03, 0x03, 0x01, 0x00, 0x00
};
// 'hospital', 32x32px
const unsigned char fas_32x32_fa_hospital [] PROGMEM = {
	0x00, 0x00, 0x00, 0x00, 0xc0, 0xc0, 0xc0, 0xc0, 0xc0, 0xc0, 0xc0, 0xff, 0xff, 0xcf, 0xcf, 0x03, 
	0x03, 0xcf, 0xcf, 0xff, 0xff, 0xc0, 0xc0, 0xc0, 0xc0, 0xc0, 0xc0, 0xc0, 0x00, 0x00, 0x00, 0x00, 
	0x00, 0x00, 0x00, 0x00, 0xff, 0xff, 0xff, 0xff, 0xff, 0xff, 0x0f, 0x0f, 0x0f, 0x0f, 0xff, 0xff, 
	0xff, 0xff, 0x0f, 0x0f, 0x0f, 0x0f, 0xff, 0xff, 0xff, 0xff, 0xff, 0xff, 0x00, 0x00, 0x00, 0x00, 
	0x00, 0x00, 0x00, 0x00, 0xff, 0xff, 0xff, 0xff, 0xff, 0xff, 0xc3, 0xc3, 0xc3, 0xc3, 0xff, 0xff, 
	0xff, 0xff, 0xc3, 0xc3, 0xc3, 0xc3, 0xff, 0xff, 0xff, 0xff, 0xff, 0xff, 0x00, 0x00, 0x00, 0x00, 
	0x00, 0x00, 0xc0, 0xc0, 0xff, 0xff, 0xff, 0xff, 0xff, 0xff, 0xff, 0xff, 0xff, 0xff, 0xc0, 0xc0, 
	0xc0, 0xc0, 0xff, 0xff, 0xff, 0xff, 0xff, 0xff, 0xff, 0xff, 0xff, 0xff, 0xc0, 0xc0, 0x00, 0x00
};
// 'hospital-alt', 32x32px
const unsigned char fas_32x32_fa_hospital_alt [] PROGMEM = {
	0x00, 0x80, 0x80, 0x80, 0x80, 0x80, 0x80, 0x80, 0x80, 0xfc, 0xfc, 0xfc, 0xfc, 0xfc, 0xfc, 0x7c, 
	0x7c, 0xfc, 0xfc, 0xfc, 0xfc, 0xfc, 0xfc, 0x80, 0x80, 0x80, 0x80, 0x80, 0x80, 0x80, 0x80, 0x00, 
	0xff, 0xff, 0xff, 0xff, 0xff, 0xff, 0xff, 0xff, 0xff, 0xff, 0xff, 0xff, 0xff, 0xff, 0xfc, 0xf8, 
	0xf8, 0xfc, 0xff, 0xff, 0xff, 0xff, 0xff, 0xff, 0xff, 0xff, 0xff, 0xff, 0xff, 0xff, 0xff, 0xff, 
	0xff, 0xff, 0xff, 0xff, 0xff, 0xf9, 0x78, 0x78, 0x78, 0xff, 0xff, 0xff, 0xff, 0xff, 0x78, 0x78, 
	0x78, 0x78, 0xff, 0xff, 0xff, 0xff, 0xff, 0x78, 0x78, 0x78, 0xf9, 0xff, 0xff, 0xff, 0xff, 0xff, 
	0x3f, 0x3f, 0x3f, 0x3f, 0x3f, 0x3c, 0x3c, 0x3c, 0x3c, 0x3f, 0x3f, 0x3f, 0x3f, 0x3f, 0x3c, 0x3c, 
	0x3c, 0x3c, 0x3f, 0x3f, 0x3f, 0x3f, 0x3f, 0x3c, 0x3c, 0x3c, 0x3c, 0x3f, 0x3f, 0x3f, 0x3f, 0x3f
};
// 'hospital-symbol', 32x32px
const unsigned char fas_32x32_fa_hospital_symbol [] PROGMEM = {
	0x00, 0x00, 0x80, 0xc0, 0xe0, 0xf0, 0xf8, 0xfc, 0xfc, 0xfe, 0xfe, 0xfe, 0xff, 0xff, 0xff, 0xff, 
	0xff, 0xff, 0xff, 0xff, 0xfe, 0xfe, 0xfe, 0xfc, 0xfc, 0xf8, 0xf0, 0xe0, 0xc0, 0x80, 0x00, 0x00, 
	0xf0, 0xfe, 0xff, 0xff, 0xff, 0xff, 0xff, 0xff, 0xff, 0x00, 0x00, 0x00, 0x00, 0x3f, 0x3f, 0x3f, 
	0x3f, 0x3f, 0x3f, 0x00, 0x00, 0x00, 0x00, 0xff, 0xff, 0xff, 0xff, 0xff, 0xff, 0xff, 0xfe, 0xf0, 
	0x0f, 0x7f, 0xff, 0xff, 0xff, 0xff, 0xff, 0xff, 0xff, 0x00, 0x00, 0x00, 0x00, 0xfc, 0xfc, 0xfc, 
	0xfc, 0xfc, 0xfc, 0x00, 0x00, 0x00, 0x00, 0xff, 0xff, 0xff, 0xff, 0xff, 0xff, 0xff, 0x7f, 0x0f, 
	0x00, 0x00, 0x01, 0x03, 0x07, 0x0f, 0x1f, 0x3f, 0x3f, 0x7f, 0x7f, 0x7f, 0xff, 0xff, 0xff, 0xff, 
	0xff, 0xff, 0xff, 0xff, 0x7f, 0x7f, 0x7f, 0x3f, 0x3f, 0x1f, 0x0f, 0x07, 0x03, 0x01, 0x00, 0x00
};
// 'hospital-user', 32x32px
const unsigned char fas_32x32_fa_hospital_user [] PROGMEM = {
	0x00, 0x00, 0x00, 0xf0, 0xf8, 0xf8, 0xf8, 0xf8, 0x38, 0x78, 0xf8, 0xf8, 0xf8, 0xf8, 0x80, 0x00, 
	0x00, 0x00, 0x00, 0x00, 0x00, 0x00, 0x00, 0x00, 0x00, 0x00, 0x00, 0x00, 0x00, 0x00, 0x00, 0x00, 
	0xff, 0xff, 0xff, 0xff, 0x7f, 0x3f, 0x3e, 0xfc, 0xf8, 0xf8, 0x7e, 0x3f, 0x3f, 0x7f, 0xff, 0xff, 
	0xff, 0xfe, 0x00, 0xe0, 0xf8, 0xfc, 0xfc, 0xfc, 0xfc, 0xfc, 0xfc, 0xf8, 0xe0, 0x00, 0x00, 0x00, 
	0xff, 0xff, 0xff, 0xff, 0x1e, 0x1c, 0x1c, 0xff, 0xff, 0xff, 0xbe, 0x1c, 0x1c, 0xbe, 0xff, 0x7f, 
	0x1f, 0x8f, 0xc0, 0xe0, 0xe3, 0xe7, 0xe7, 0xe7, 0xe7, 0xe7, 0xe7, 0xe3, 0xe0, 0xc0, 0x80, 0x00, 
	0x1f, 0x1f, 0x1f, 0x1f, 0x1f, 0x1f, 0x1f, 0x1f, 0x1f, 0x1f, 0x1f, 0x1f, 0x1f, 0x1f, 0x1b, 0x00, 
	0x0f, 0x1f, 0x1f, 0x1f, 0x1f, 0x1f, 0x1f, 0x1f, 0x1f, 0x1f, 0x1f, 0x1f, 0x1f, 0x1f, 0x1f, 0x0f
};
// 'hotdog', 32x32px
const unsigned char fas_32x32_fa_hotdog [] PROGMEM = {
	0x00, 0x00, 0x00, 0x00, 0x00, 0x00, 0x00, 0x80, 0xc0, 0xe0, 0xf0, 0xf8, 0xfc, 0xfe, 0xff, 0x7f, 
	0x3f, 0x9f, 0xcf, 0xe6, 0xf0, 0xf8, 0x7c, 0x7e, 0x7e, 0x3f, 0x3f, 0xbf, 0xff, 0xfe, 0xfe, 0x78, 
	0xc0, 0xe0, 0xf0, 0xf8, 0xfc, 0xfe, 0xff, 0x7f, 0x3f, 0x9f, 0xcf, 0xe7, 0xf3, 0xf9, 0x7c, 0x7e, 
	0x7f, 0x3f, 0x1f, 0x83, 0xc1, 0xf8, 0xfc, 0xfe, 0x7e, 0x3e, 0x9f, 0xcf, 0xe7, 0xf3, 0xf1, 0xe0, 
	0x07, 0x8f, 0xcf, 0xe7, 0xf3, 0xf9, 0x7c, 0x7e, 0x7f, 0x3f, 0x1f, 0x83, 0xc1, 0xf8, 0xfc, 0xfe, 
	0x7e, 0x3e, 0x9f, 0xcf, 0xe7, 0xf3, 0xf9, 0xfc, 0xfe, 0xff, 0x7f, 0x3f, 0x1f, 0x0f, 0x07, 0x03, 
	0x3e, 0x7f, 0xff, 0xff, 0xfd, 0xfc, 0xfc, 0x7e, 0x7e, 0x3e, 0x1f, 0x0f, 0x67, 0xf3, 0xf9, 0xfc, 
	0xfe, 0xff, 0x7f, 0x3f, 0x1f, 0x0f, 0x07, 0x03, 0x01, 0x00, 0x00, 0x00, 0x00, 0x00, 0x00, 0x00
};
// 'hotel', 32x32px
const unsigned char fas_32x32_fa_hotel [] PROGMEM = {
	0x1c, 0x3c, 0xfc, 0xfc, 0xfc, 0xfc, 0xfc, 0xfc, 0x7c, 0x7c, 0xfc, 0xfc, 0xfc, 0xfc, 0xfc, 0x7c, 
	0x7c, 0xfc, 0xfc, 0xfc, 0xfc, 0xfc, 0x7c, 0x7c, 0xfc, 0xfc, 0xfc, 0xfc, 0xfc, 0xfc, 0x3c, 0x1c, 
	0x00, 0x00, 0xff, 0xff, 0xff, 0xff, 0xff, 0x1c, 0x18, 0x18, 0x9c, 0xff, 0xff, 0xff, 0x1c, 0x18, 
	0x18, 0x1c, 0xff, 0xff, 0xff, 0x9c, 0x18, 0x18, 0x1c, 0xff, 0xff, 0xff, 0xff, 0xff, 0x00, 0x00, 
	0x00, 0x00, 0xff, 0xff, 0xff, 0xff, 0xff, 0xff, 0xff, 0xff, 0xff, 0x8f, 0x87, 0x83, 0x83, 0x83, 
	0x83, 0x83, 0x83, 0x87, 0x8f, 0xff, 0xff, 0xff, 0xff, 0xff, 0xff, 0xff, 0xff, 0xff, 0x00, 0x00, 
	0x38, 0x3c, 0x3f, 0x3f, 0x3f, 0x3f, 0x3f, 0x3f, 0x3f, 0x3f, 0x3f, 0x3f, 0x3f, 0x3f, 0x01, 0x01, 
	0x01, 0x01, 0x3f, 0x3f, 0x3f, 0x3f, 0x3f, 0x3f, 0x3f, 0x3f, 0x3f, 0x3f, 0x3f, 0x3f, 0x3c, 0x38
};
// 'hot-tub', 32x32px
const unsigned char fas_32x32_fa_hot_tub [] PROGMEM = {
	0x3c, 0x7e, 0xff, 0xff, 0xff, 0xff, 0x7e, 0x3c, 0x00, 0x00, 0x00, 0x00, 0x00, 0x00, 0x07, 0x1f, 
	0x7f, 0xf8, 0xf0, 0xe0, 0xc0, 0x0f, 0x3f, 0x7f, 0xf8, 0xf0, 0xe0, 0x80, 0x00, 0x00, 0x00, 0x00, 
	0xf0, 0xf8, 0xfc, 0xfc, 0xfc, 0xfc, 0xfc, 0xfc, 0xfc, 0xf8, 0xf0, 0xe0, 0xe0, 0xc0, 0x80, 0x00, 
	0x00, 0x00, 0x01, 0x0f, 0x0f, 0x0f, 0x00, 0x00, 0x00, 0x03, 0x0f, 0x0f, 0x0e, 0x00, 0x00, 0x00, 
	0xff, 0xff, 0xff, 0xff, 0xff, 0xff, 0x0f, 0x0f, 0xff, 0xff, 0xff, 0xff, 0x0f, 0x0f, 0xff, 0xff, 
	0xff, 0xff, 0x0f, 0x0f, 0xff, 0xff, 0xff, 0xff, 0x0f, 0x0f, 0xff, 0xff, 0xff, 0xff, 0xff, 0xfe, 
	0x3f, 0x7f, 0xff, 0xff, 0xff, 0xff, 0xf0, 0xf0, 0xff, 0xff, 0xff, 0xff, 0xf0, 0xf0, 0xff, 0xff, 
	0xff, 0xff, 0xf0, 0xf0, 0xff, 0xff, 0xff, 0xff, 0xf0, 0xf0, 0xff, 0xff, 0xff, 0xff, 0x7f, 0x3f
};
// 'hourglass', 32x32px
const unsigned char fas_32x32_fa_hourglass [] PROGMEM = {
	0x00, 0x00, 0x00, 0x00, 0x0f, 0x1f, 0xff, 0xff, 0xff, 0xff, 0xff, 0xff, 0xff, 0xff, 0xff, 0xff, 
	0xff, 0xff, 0xff, 0xff, 0xff, 0xff, 0xff, 0xff, 0xff, 0xff, 0x1f, 0x0f, 0x00, 0x00, 0x00, 0x00, 
	0x00, 0x00, 0x00, 0x00, 0x00, 0x00, 0x01, 0x07, 0x1f, 0x3f, 0x7f, 0x7f, 0xff, 0xff, 0xff, 0xff, 
	0xff, 0xff, 0xff, 0xff, 0x7f, 0x7f, 0x3f, 0x1f, 0x07, 0x01, 0x00, 0x00, 0x00, 0x00, 0x00, 0x00, 
	0x00, 0x00, 0x00, 0x00, 0x00, 0x00, 0x80, 0xe0, 0xf8, 0xfc, 0xfe, 0xfe, 0xff, 0xff, 0xff, 0xff, 
	0xff, 0xff, 0xff, 0xff, 0xfe, 0xfe, 0xfc, 0xf8, 0xe0, 0x80, 0x00, 0x00, 0x00, 0x00, 0x00, 0x00, 
	0x00, 0x00, 0x00, 0x00, 0xf0, 0xf8, 0xff, 0xff, 0xff, 0xff, 0xff, 0xff, 0xff, 0xff, 0xff, 0xff, 
	0xff, 0xff, 0xff, 0xff, 0xff, 0xff, 0xff, 0xff, 0xff, 0xff, 0xf8, 0xf0, 0x00, 0x00, 0x00, 0x00
};
// 'hourglass-end', 32x32px
const unsigned char fas_32x32_fa_hourglass_end [] PROGMEM = {
	0x00, 0x00, 0x00, 0x00, 0x0f, 0x1f, 0xff, 0xff, 0xff, 0xff, 0x0f, 0x0f, 0x0f, 0x0f, 0x0f, 0x0f, 
	0x0f, 0x0f, 0x0f, 0x0f, 0x0f, 0x0f, 0xff, 0xff, 0xff, 0xff, 0x1f, 0x0f, 0x00, 0x00, 0x00, 0x00, 
	0x00, 0x00, 0x00, 0x00, 0x00, 0x00, 0x01, 0x07, 0x1f, 0x3f, 0x7e, 0x7c, 0xf8, 0xf0, 0xe0, 0xe0, 
	0xe0, 0xe0, 0xf0, 0xf8, 0x7c, 0x7e, 0x3f, 0x1f, 0x07, 0x01, 0x00, 0x00, 0x00, 0x00, 0x00, 0x00, 
	0x00, 0x00, 0x00, 0x00, 0x00, 0x00, 0x80, 0xe0, 0xf8, 0xfc, 0xfe, 0xfe, 0xff, 0xff, 0xff, 0xff, 
	0xff, 0xff, 0xff, 0xff, 0xfe, 0xfe, 0xfc, 0xf8, 0xe0, 0x80, 0x00, 0x00, 0x00, 0x00, 0x00, 0x00, 
	0x00, 0x00, 0x00, 0x00, 0xf0, 0xf8, 0xff, 0xff, 0xff, 0xff, 0xff, 0xff, 0xff, 0xff, 0xff, 0xff, 
	0xff, 0xff, 0xff, 0xff, 0xff, 0xff, 0xff, 0xff, 0xff, 0xff, 0xf8, 0xf0, 0x00, 0x00, 0x00, 0x00
};
// 'hourglass-half', 32x32px
const unsigned char fas_32x32_fa_hourglass_half [] PROGMEM = {
	0x00, 0x00, 0x00, 0x00, 0x0f, 0x1f, 0xff, 0xff, 0xff, 0xff, 0x0f, 0x0f, 0x0f, 0x0f, 0x0f, 0x0f, 
	0x0f, 0x0f, 0x0f, 0x0f, 0x0f, 0x0f, 0xff, 0xff, 0xff, 0xff, 0x1f, 0x0f, 0x00, 0x00, 0x00, 0x00, 
	0x00, 0x00, 0x00, 0x00, 0x00, 0x00, 0x01, 0x07, 0x1f, 0x3f, 0x7f, 0x7f, 0xff, 0xff, 0xff, 0xff, 
	0xff, 0xff, 0xff, 0xff, 0x7f, 0x7f, 0x3f, 0x1f, 0x07, 0x01, 0x00, 0x00, 0x00, 0x00, 0x00, 0x00, 
	0x00, 0x00, 0x00, 0x00, 0x00, 0x00, 0x80, 0xe0, 0xf8, 0xfc, 0xfe, 0x3e, 0x1f, 0x0f, 0x07, 0x07, 
	0x07, 0x07, 0x0f, 0x1f, 0x3e, 0xfe, 0xfc, 0xf8, 0xe0, 0x80, 0x00, 0x00, 0x00, 0x00, 0x00, 0x00, 
	0x00, 0x00, 0x00, 0x00, 0xf0, 0xf8, 0xff, 0xff, 0xff, 0xff, 0xff, 0xff, 0xff, 0xff, 0xff, 0xff, 
	0xff, 0xff, 0xff, 0xff, 0xff, 0xff, 0xff, 0xff, 0xff, 0xff, 0xf8, 0xf0, 0x00, 0x00, 0x00, 0x00
};
// 'hourglass-start', 32x32px
const unsigned char fas_32x32_fa_hourglass_start [] PROGMEM = {
	0x00, 0x00, 0x00, 0x00, 0x0f, 0x1f, 0xff, 0xff, 0xff, 0xff, 0xff, 0xff, 0xff, 0xff, 0xff, 0xff, 
	0xff, 0xff, 0xff, 0xff, 0xff, 0xff, 0xff, 0xff, 0xff, 0xff, 0x1f, 0x0f, 0x00, 0x00, 0x00, 0x00, 
	0x00, 0x00, 0x00, 0x00, 0x00, 0x00, 0x01, 0x07, 0x1f, 0x3f, 0x7f, 0x7f, 0xff, 0xff, 0xff, 0xff, 
	0xff, 0xff, 0xff, 0xff, 0x7f, 0x7f, 0x3f, 0x1f, 0x07, 0x01, 0x00, 0x00, 0x00, 0x00, 0x00, 0x00, 
	0x00, 0x00, 0x00, 0x00, 0x00, 0x00, 0x80, 0xe0, 0xf8, 0xfc, 0x7e, 0x3e, 0x1f, 0x0f, 0x07, 0x07, 
	0x07, 0x07, 0x0f, 0x1f, 0x3e, 0x7e, 0xfc, 0xf8, 0xe0, 0x80, 0x00, 0x00, 0x00, 0x00, 0x00, 0x00, 
	0x00, 0x00, 0x00, 0x00, 0xf0, 0xf8, 0xff, 0xff, 0xff, 0xff, 0xf0, 0xf0, 0xf0, 0xf0, 0xf0, 0xf0, 
	0xf0, 0xf0, 0xf0, 0xf0, 0xf0, 0xf0, 0xff, 0xff, 0xff, 0xff, 0xf8, 0xf0, 0x00, 0x00, 0x00, 0x00
};
// 'house-damage', 32x32px
const unsigned char fas_32x32_fa_house_damage [] PROGMEM = {
	0x00, 0x00, 0x00, 0x00, 0x00, 0x00, 0x00, 0x00, 0x00, 0x80, 0xc0, 0xe0, 0xf0, 0xf8, 0x7c, 0x7c, 
	0x7c, 0x7c, 0xf8, 0xf0, 0xe0, 0xc0, 0x80, 0xf0, 0xf0, 0xf0, 0xf0, 0xf0, 0x00, 0x00, 0x00, 0x00, 
	0x80, 0xc0, 0xe0, 0xf0, 0xf8, 0x7c, 0x3e, 0x1e, 0x9f, 0xcf, 0xe7, 0xf3, 0xf9, 0xfc, 0xfc, 0xfe, 
	0xfe, 0xfc, 0xfc, 0xf9, 0xf3, 0xe7, 0xcf, 0x9f, 0x1f, 0x3f, 0x7f, 0xff, 0xf0, 0xe0, 0xc0, 0x80, 
	0x01, 0x03, 0x03, 0x01, 0xfc, 0xfe, 0xff, 0xff, 0xff, 0xff, 0xff, 0xff, 0xff, 0xff, 0xf9, 0x63, 
	0x07, 0x0f, 0x1f, 0x3f, 0x7f, 0xff, 0xff, 0xff, 0xff, 0xff, 0xfe, 0xfc, 0x01, 0x03, 0x03, 0x01, 
	0x00, 0x00, 0x00, 0x00, 0x3f, 0x3f, 0x3f, 0x3f, 0x3f, 0x3f, 0x3f, 0x33, 0x01, 0x00, 0x00, 0x00, 
	0x0c, 0x3c, 0x3e, 0x3e, 0x3f, 0x3f, 0x3f, 0x3f, 0x3f, 0x3f, 0x3f, 0x3f, 0x00, 0x00, 0x00, 0x00
};
// 'house-user', 32x32px
const unsigned char fas_32x32_fa_house_user [] PROGMEM = {
	0x00, 0x00, 0x00, 0x00, 0x00, 0x00, 0x00, 0x00, 0x00, 0x80, 0xc0, 0xe0, 0xf0, 0xf8, 0xfc, 0xfc, 
	0xfc, 0xfc, 0xf8, 0xf0, 0xe0, 0xc0, 0x80, 0xf0, 0xf0, 0xf0, 0xf0, 0xf0, 0x00, 0x00, 0x00, 0x00, 
	0x80, 0xc0, 0xe0, 0xf0, 0xf8, 0xfc, 0xfe, 0xfe, 0xff, 0xff, 0xff, 0xff, 0xff, 0x1f, 0x0f, 0x0f, 
	0x0f, 0x0f, 0x1f, 0xff, 0xff, 0xff, 0xff, 0xff, 0xff, 0xff, 0xff, 0xff, 0xf0, 0xe0, 0xc0, 0x80, 
	0x01, 0x01, 0x03, 0x03, 0xff, 0xff, 0xff, 0xff, 0xff, 0x7f, 0x3f, 0x1f, 0x1f, 0x0c, 0x0c, 0x08, 
	0x08, 0x0c, 0x0c, 0x1f, 0x1f, 0x3f, 0x7f, 0xff, 0xff, 0xff, 0xff, 0xff, 0x03, 0x03, 0x01, 0x01, 
	0x00, 0x00, 0x00, 0x00, 0x3f, 0x3f, 0x3f, 0x3f, 0x3f, 0x3c, 0x3c, 0x3c, 0x3c, 0x3c, 0x3c, 0x3c, 
	0x3c, 0x3c, 0x3c, 0x3c, 0x3c, 0x3c, 0x3c, 0x3f, 0x3f, 0x3f, 0x3f, 0x3f, 0x00, 0x00, 0x00, 0x00
};
// 'hryvnia', 32x32px
const unsigned char fas_32x32_fa_hryvnia [] PROGMEM = {
	0x00, 0x00, 0x00, 0x00, 0x00, 0x00, 0x00, 0x00, 0x30, 0xf8, 0xf8, 0xfc, 0x7c, 0x7c, 0x7c, 0x7c, 
	0x7c, 0x7c, 0x7c, 0x7c, 0xfc, 0xf8, 0xf8, 0xf0, 0xc0, 0x00, 0x00, 0x00, 0x00, 0x00, 0x00, 0x00, 
	0x00, 0x00, 0x00, 0x00, 0x78, 0x78, 0x78, 0x78, 0x78, 0x78, 0x78, 0x78, 0x78, 0xf8, 0xf8, 0xf8, 
	0xf8, 0xf8, 0xfc, 0xfe, 0x7f, 0x7f, 0x7f, 0x7f, 0x7f, 0x78, 0x78, 0x78, 0x00, 0x00, 0x00, 0x00, 
	0x00, 0x00, 0x00, 0x00, 0x1e, 0x1e, 0x1e, 0xfe, 0xfe, 0xfe, 0xfe, 0xfe, 0x7f, 0x3f, 0x1f, 0x1f, 
	0x1f, 0x1f, 0x1f, 0x1e, 0x1e, 0x1e, 0x1e, 0x1e, 0x1e, 0x1e, 0x1e, 0x1e, 0x00, 0x00, 0x00, 0x00, 
	0x00, 0x00, 0x00, 0x00, 0x00, 0x00, 0x00, 0x03, 0x0f, 0x1f, 0x1f, 0x3f, 0x3e, 0x3e, 0x3e, 0x3e, 
	0x3e, 0x3e, 0x3e, 0x3e, 0x3f, 0x1f, 0x1f, 0x0c, 0x00, 0x00, 0x00, 0x00, 0x00, 0x00, 0x00, 0x00
};
// 'h-square', 32x32px
const unsigned char fas_32x32_fa_h_square [] PROGMEM = {
	0x00, 0x00, 0xf8, 0xfc, 0xfc, 0xfc, 0xfc, 0xfc, 0xfc, 0xfc, 0xfc, 0xfc, 0xfc, 0xfc, 0xfc, 0xfc, 
	0xfc, 0xfc, 0xfc, 0xfc, 0xfc, 0xfc, 0xfc, 0xfc, 0xfc, 0xfc, 0xfc, 0xfc, 0xfc, 0xf8, 0x00, 0x00, 
	0x00, 0x00, 0xff, 0xff, 0xff, 0xff, 0xff, 0xff, 0x00, 0x00, 0x00, 0x00, 0x3f, 0x3f, 0x3f, 0x3f, 
	0x3f, 0x3f, 0x3f, 0x3f, 0x00, 0x00, 0x00, 0x00, 0xff, 0xff, 0xff, 0xff, 0xff, 0xff, 0x00, 0x00, 
	0x00, 0x00, 0xff, 0xff, 0xff, 0xff, 0xff, 0xff, 0x00, 0x00, 0x00, 0x00, 0xfc, 0xfc, 0xfc, 0xfc, 
	0xfc, 0xfc, 0xfc, 0xfc, 0x00, 0x00, 0x00, 0x00, 0xff, 0xff, 0xff, 0xff, 0xff, 0xff, 0x00, 0x00, 
	0x00, 0x00, 0x1f, 0x3f, 0x3f, 0x3f, 0x3f, 0x3f, 0x3f, 0x3f, 0x3f, 0x3f, 0x3f, 0x3f, 0x3f, 0x3f, 
	0x3f, 0x3f, 0x3f, 0x3f, 0x3f, 0x3f, 0x3f, 0x3f, 0x3f, 0x3f, 0x3f, 0x3f, 0x3f, 0x1f, 0x00, 0x00
};
// 'ice-cream', 32x32px
const unsigned char fas_32x32_fa_ice_cream [] PROGMEM = {
	0x00, 0x00, 0x00, 0x00, 0x00, 0x00, 0x00, 0xc0, 0xf0, 0xf8, 0xfc, 0xfe, 0xfe, 0xff, 0xff, 0xff, 
	0xff, 0xff, 0xff, 0xfe, 0xfe, 0xfc, 0xf8, 0xf0, 0xc0, 0x00, 0x00, 0x00, 0x00, 0x00, 0x00, 0x00, 
	0x00, 0x00, 0x00, 0x00, 0x78, 0xfc, 0xfc, 0xff, 0xff, 0xff, 0xff, 0xff, 0xff, 0xff, 0xff, 0xff, 
	0xff, 0xff, 0xff, 0xff, 0xff, 0xff, 0xff, 0xff, 0xff, 0xfc, 0xfc, 0x78, 0x00, 0x00, 0x00, 0x00, 
	0x00, 0x00, 0x00, 0x00, 0x00, 0x00, 0x00, 0x00, 0x04, 0x1c, 0x7c, 0xfc, 0xfc, 0xfc, 0xfc, 0xfc, 
	0xfc, 0xfc, 0xfc, 0xfc, 0xfc, 0x7c, 0x1c, 0x04, 0x00, 0x00, 0x00, 0x00, 0x00, 0x00, 0x00, 0x00, 
	0x00, 0x00, 0x00, 0x00, 0x00, 0x00, 0x00, 0x00, 0x00, 0x00, 0x00, 0x01, 0x07, 0x1f, 0x7f, 0xff, 
	0xff, 0x7f, 0x1f, 0x07, 0x01, 0x00, 0x00, 0x00, 0x00, 0x00, 0x00, 0x00, 0x00, 0x00, 0x00, 0x00
};
// 'icicles', 32x32px
const unsigned char fas_32x32_fa_icicles [] PROGMEM = {
	0x0e, 0x7f, 0xff, 0xff, 0xff, 0xff, 0xff, 0xff, 0xff, 0xff, 0xff, 0xff, 0xff, 0xff, 0xff, 0xff, 
	0xff, 0xff, 0xff, 0xff, 0xff, 0xff, 0xff, 0xff, 0xff, 0xff, 0xff, 0xff, 0xff, 0xff, 0xff, 0x1e, 
	0x00, 0x00, 0x03, 0x1f, 0xff, 0xff, 0xff, 0xff, 0x1f, 0x7f, 0xff, 0xff, 0xff, 0xff, 0x7f, 0x1f, 
	0xff, 0xff, 0xff, 0xff, 0x0f, 0x07, 0x7f, 0xff, 0xff, 0xff, 0xff, 0xff, 0xff, 0xff, 0x03, 0x00, 
	0x00, 0x00, 0x00, 0x00, 0x01, 0x0f, 0x0f, 0x00, 0x00, 0x00, 0x0f, 0x7f, 0x7f, 0x0f, 0x00, 0x00, 
	0x00, 0x0f, 0x0f, 0x00, 0x00, 0x00, 0x00, 0x1f, 0xff, 0xff, 0xff, 0xff, 0x1f, 0x00, 0x00, 0x00, 
	0x00, 0x00, 0x00, 0x00, 0x00, 0x00, 0x00, 0x00, 0x00, 0x00, 0x00, 0x00, 0x00, 0x00, 0x00, 0x00, 
	0x00, 0x00, 0x00, 0x00, 0x00, 0x00, 0x00, 0x00, 0x03, 0xff, 0xff, 0x03, 0x00, 0x00, 0x00, 0x00
};
// 'icons', 32x32px
const unsigned char fas_32x32_fa_icons [] PROGMEM = {
	0x7c, 0xfe, 0xff, 0xff, 0xff, 0xff, 0xfe, 0xfe, 0xfe, 0xfe, 0xff, 0xff, 0xff, 0xff, 0xfe, 0x3c, 
	0x00, 0x00, 0x00, 0xfc, 0xfe, 0xfe, 0x3e, 0x3e, 0x3e, 0x3e, 0x3f, 0x1f, 0x1f, 0xff, 0xff, 0xff, 
	0x00, 0x00, 0x01, 0x03, 0x07, 0x0f, 0x1f, 0x3f, 0x3f, 0x1f, 0x0f, 0x07, 0x03, 0x01, 0x30, 0x78, 
	0xfc, 0xfc, 0xfc, 0xff, 0x7f, 0x3f, 0x00, 0x00, 0x0c, 0x1e, 0x3f, 0x3f, 0x3f, 0x3f, 0x1f, 0x1f, 
	0xf0, 0xf0, 0xf0, 0xf0, 0xf0, 0xf8, 0xfc, 0x7c, 0x7c, 0x7c, 0x7c, 0xfc, 0xf8, 0xf0, 0xf0, 0xf0, 
	0xf0, 0xe0, 0x00, 0x00, 0x00, 0x00, 0xf8, 0xfc, 0xfc, 0xfc, 0xfc, 0xfc, 0xcc, 0xc0, 0xc0, 0xc0, 
	0xff, 0xff, 0xff, 0xff, 0xff, 0xff, 0xf0, 0xe0, 0xe0, 0xe0, 0xe0, 0xf0, 0xff, 0xff, 0xff, 0xff, 
	0xff, 0xff, 0x00, 0x00, 0x00, 0x00, 0x03, 0x03, 0x03, 0xf3, 0x7f, 0x3f, 0x0f, 0x07, 0x01, 0x00
};
// 'i-cursor', 32x32px
const unsigned char fas_32x32_fa_i_cursor [] PROGMEM = {
	0x00, 0x00, 0x00, 0x00, 0x00, 0x00, 0x00, 0x00, 0x0f, 0x0f, 0x0f, 0x0f, 0x1f, 0x3e, 0xfe, 0xfc, 
	0xfc, 0xfe, 0x3e, 0x1f, 0x0f, 0x0f, 0x0f, 0x0f, 0x00, 0x00, 0x00, 0x00, 0x00, 0x00, 0x00, 0x00, 
	0x00, 0x00, 0x00, 0x00, 0x00, 0x00, 0x00, 0x00, 0x00, 0x00, 0x00, 0xc0, 0xc0, 0xc0, 0xff, 0xff, 
	0xff, 0xff, 0xc0, 0xc0, 0xc0, 0x00, 0x00, 0x00, 0x00, 0x00, 0x00, 0x00, 0x00, 0x00, 0x00, 0x00, 
	0x00, 0x00, 0x00, 0x00, 0x00, 0x00, 0x00, 0x00, 0x00, 0x00, 0x00, 0x03, 0x03, 0x03, 0xff, 0xff, 
	0xff, 0xff, 0x03, 0x03, 0x03, 0x00, 0x00, 0x00, 0x00, 0x00, 0x00, 0x00, 0x00, 0x00, 0x00, 0x00, 
	0x00, 0x00, 0x00, 0x00, 0x00, 0x00, 0x00, 0x00, 0xf0, 0xf0, 0xf0, 0xf0, 0xf8, 0x7c, 0x7f, 0x3f, 
	0x3f, 0x7f, 0x7c, 0xf8, 0xf0, 0xf0, 0xf0, 0xf0, 0x00, 0x00, 0x00, 0x00, 0x00, 0x00, 0x00, 0x00
};
// 'id-badge', 32x32px
const unsigned char fas_32x32_fa_id_badge [] PROGMEM = {
	0x00, 0x00, 0x00, 0x00, 0xfe, 0xff, 0xff, 0xff, 0xff, 0xff, 0xff, 0xff, 0xf3, 0xf3, 0xf3, 0xf3, 
	0xf3, 0xf3, 0xf3, 0xf3, 0xff, 0xff, 0xff, 0xff, 0xff, 0xff, 0xff, 0xfe, 0x00, 0x00, 0x00, 0x00, 
	0x00, 0x00, 0x00, 0x00, 0xff, 0xff, 0xff, 0xff, 0xff, 0xff, 0xff, 0xff, 0x0f, 0x07, 0x03, 0x03, 
	0x03, 0x03, 0x07, 0x0f, 0xff, 0xff, 0xff, 0xff, 0xff, 0xff, 0xff, 0xff, 0x00, 0x00, 0x00, 0x00, 
	0x00, 0x00, 0x00, 0x00, 0xff, 0xff, 0xff, 0xff, 0xff, 0x3f, 0x1f, 0x0f, 0x0f, 0x0e, 0x0c, 0x0c, 
	0x0c, 0x0c, 0x0e, 0x0f, 0x0f, 0x1f, 0x3f, 0xff, 0xff, 0xff, 0xff, 0xff, 0x00, 0x00, 0x00, 0x00, 
	0x00, 0x00, 0x00, 0x00, 0x7f, 0xff, 0xff, 0xff, 0xff, 0xfc, 0xfc, 0xfc, 0xfc, 0xfc, 0xfc, 0xfc, 
	0xfc, 0xfc, 0xfc, 0xfc, 0xfc, 0xfc, 0xfc, 0xff, 0xff, 0xff, 0xff, 0x7f, 0x00, 0x00, 0x00, 0x00
};
// 'id-card', 32x32px
const unsigned char fas_32x32_fa_id_card [] PROGMEM = {
	0x60, 0x70, 0x70, 0x70, 0x70, 0x70, 0x70, 0x70, 0x70, 0x70, 0x70, 0x70, 0x70, 0x70, 0x70, 0x70, 
	0x70, 0x70, 0x70, 0x70, 0x70, 0x70, 0x70, 0x70, 0x70, 0x70, 0x70, 0x70, 0x70, 0x70, 0x70, 0x60, 
	0xfe, 0xfe, 0xfe, 0xfe, 0xfe, 0xfe, 0x7e, 0x1e, 0x1e, 0x1e, 0x1e, 0x1e, 0x3e, 0xfe, 0xfe, 0xfe, 
	0xfe, 0xfe, 0xfe, 0xfe, 0xde, 0xde, 0xde, 0xde, 0xde, 0xde, 0xde, 0xde, 0xfe, 0xfe, 0xfe, 0xfe, 
	0xff, 0xff, 0xff, 0xff, 0x3f, 0x3f, 0x1e, 0x18, 0x38, 0x38, 0x38, 0x18, 0x1c, 0x1f, 0x3f, 0x7f, 
	0xff, 0xff, 0xff, 0xff, 0xec, 0xec, 0xec, 0xec, 0xec, 0xec, 0xec, 0xec, 0xff, 0xff, 0xff, 0xff, 
	0x07, 0x0f, 0x0f, 0x0f, 0x0e, 0x0e, 0x0e, 0x0e, 0x0e, 0x0e, 0x0e, 0x0e, 0x0e, 0x0e, 0x0e, 0x0f, 
	0x0f, 0x0f, 0x0f, 0x0f, 0x0f, 0x0f, 0x0f, 0x0f, 0x0f, 0x0f, 0x0f, 0x0f, 0x0f, 0x0f, 0x0f, 0x07
};
// 'id-card-alt', 32x32px
const unsigned char fas_32x32_fa_id_card_alt [] PROGMEM = {
	0xc0, 0xc0, 0xc0, 0xe0, 0xe0, 0xe0, 0xe0, 0xe0, 0xe0, 0xe0, 0xc0, 0x00, 0xf8, 0xfc, 0xfc, 0xfc, 
	0xfc, 0xfc, 0xfc, 0xf8, 0x00, 0xc0, 0xe0, 0xe0, 0xe0, 0xe0, 0xe0, 0xe0, 0xe0, 0xc0, 0xc0, 0xc0, 
	0xff, 0xff, 0xff, 0xff, 0xff, 0xff, 0xff, 0xff, 0xff, 0xff, 0xff, 0xf8, 0xf8, 0x79, 0x79, 0x39, 
	0x39, 0x79, 0x79, 0xf8, 0xf8, 0xff, 0xff, 0xff, 0xff, 0xff, 0xff, 0xff, 0xff, 0xff, 0xff, 0xff, 
	0xff, 0xff, 0xff, 0xff, 0xff, 0xff, 0xff, 0xff, 0xff, 0xff, 0xff, 0xff, 0x7f, 0x70, 0x60, 0x60, 
	0x60, 0x60, 0x70, 0x7f, 0xff, 0xff, 0xff, 0xff, 0xff, 0xff, 0xff, 0xff, 0xff, 0xff, 0xff, 0xff, 
	0x1f, 0x3f, 0x3f, 0x3f, 0x3f, 0x3f, 0x3f, 0x3f, 0x3f, 0x3f, 0x3d, 0x3c, 0x3c, 0x3c, 0x3c, 0x3c, 
	0x3c, 0x3c, 0x3c, 0x3c, 0x3c, 0x3d, 0x3f, 0x3f, 0x3f, 0x3f, 0x3f, 0x3f, 0x3f, 0x3f, 0x3f, 0x1f
};
// 'igloo', 32x32px
const unsigned char fas_32x32_fa_igloo [] PROGMEM = {
	0x00, 0x00, 0x00, 0x00, 0x00, 0x00, 0x80, 0xc0, 0xc0, 0xe0, 0xe0, 0xf0, 0xf0, 0xf0, 0xf0, 0xf0, 
	0xf0, 0xf0, 0x00, 0x00, 0xf0, 0xe0, 0xe0, 0xc0, 0xc0, 0x80, 0x00, 0x00, 0x00, 0x00, 0x00, 0x00, 
	0x80, 0xe0, 0xf0, 0xf4, 0xf7, 0x07, 0x07, 0xe7, 0xf7, 0xf7, 0xf7, 0xf7, 0xf7, 0xf7, 0xf7, 0xf7, 
	0xf7, 0xf7, 0xf0, 0xf0, 0xf7, 0xf7, 0xf7, 0xf7, 0xe7, 0x07, 0x07, 0xf6, 0xf4, 0xf0, 0xe0, 0x80, 
	0xef, 0xef, 0xef, 0xef, 0xef, 0xe0, 0xe0, 0xe7, 0xef, 0x07, 0x07, 0xf3, 0xf9, 0xfd, 0xfc, 0xfc, 
	0xfc, 0xfc, 0xfd, 0xf9, 0xf3, 0x07, 0x07, 0xef, 0xe7, 0xe0, 0xe0, 0xef, 0xef, 0xef, 0xef, 0xef, 
	0x0f, 0x0f, 0x0f, 0x0f, 0x0f, 0x0f, 0x0f, 0x0f, 0x0f, 0x00, 0x00, 0x0f, 0x0f, 0x0f, 0x0f, 0x0f, 
	0x0f, 0x0f, 0x0f, 0x0f, 0x0f, 0x00, 0x00, 0x0f, 0x0f, 0x0f, 0x0f, 0x0f, 0x0f, 0x0f, 0x0f, 0x0f
};
// 'image', 32x32px
const unsigned char fas_32x32_fa_image [] PROGMEM = {
	0xe0, 0xf0, 0xf0, 0xf0, 0xf0, 0xf0, 0xf0, 0xf0, 0xf0, 0xf0, 0xf0, 0xf0, 0xf0, 0xf0, 0xf0, 0xf0, 
	0xf0, 0xf0, 0xf0, 0xf0, 0xf0, 0xf0, 0xf0, 0xf0, 0xf0, 0xf0, 0xf0, 0xf0, 0xf0, 0xf0, 0xf0, 0xe0, 
	0xff, 0xff, 0xff, 0xff, 0xe1, 0xc0, 0xc0, 0xc0, 0xc0, 0xe1, 0xff, 0xff, 0xff, 0xff, 0xff, 0xff, 
	0xff, 0xff, 0x7f, 0x3f, 0x1f, 0x0f, 0x0f, 0x1f, 0x3f, 0x7f, 0xff, 0xff, 0xff, 0xff, 0xff, 0xff, 
	0xff, 0xff, 0xff, 0xff, 0x1f, 0x0f, 0x07, 0x03, 0x01, 0x01, 0x03, 0x07, 0x0f, 0x0f, 0x07, 0x03, 
	0x01, 0x00, 0x00, 0x00, 0x00, 0x00, 0x00, 0x00, 0x00, 0x00, 0x00, 0x01, 0xff, 0xff, 0xff, 0xff, 
	0x07, 0x0f, 0x0f, 0x0f, 0x0f, 0x0f, 0x0f, 0x0f, 0x0f, 0x0f, 0x0f, 0x0f, 0x0f, 0x0f, 0x0f, 0x0f, 
	0x0f, 0x0f, 0x0f, 0x0f, 0x0f, 0x0f, 0x0f, 0x0f, 0x0f, 0x0f, 0x0f, 0x0f, 0x0f, 0x0f, 0x0f, 0x07
};
// 'images', 32x32px
const unsigned char fas_32x32_fa_images [] PROGMEM = {
	0x00, 0x00, 0x00, 0x00, 0x00, 0xe0, 0xf0, 0xf0, 0xf0, 0x70, 0x70, 0x30, 0x70, 0x70, 0xf0, 0xf0, 
	0xf0, 0xf0, 0xf0, 0xf0, 0xf0, 0xf0, 0xf0, 0xf0, 0xf0, 0xf0, 0xf0, 0xf0, 0xf0, 0xf0, 0xf0, 0xe0, 
	0xfc, 0xfe, 0xfe, 0xfc, 0x00, 0xff, 0xff, 0xff, 0xff, 0xf8, 0x78, 0x30, 0x38, 0x38, 0x7f, 0xff, 
	0x7f, 0x3f, 0x1f, 0x0f, 0x07, 0x03, 0x01, 0x01, 0x03, 0x07, 0x07, 0x0f, 0xff, 0xff, 0xff, 0xff, 
	0xff, 0xff, 0xff, 0xff, 0x80, 0x1f, 0x7f, 0x7f, 0x7f, 0x78, 0x78, 0x78, 0x78, 0x78, 0x78, 0x78, 
	0x78, 0x78, 0x78, 0x78, 0x78, 0x78, 0x78, 0x78, 0x78, 0x78, 0x78, 0x78, 0x7f, 0x7f, 0x7f, 0x3f, 
	0x07, 0x0f, 0x0f, 0x0f, 0x0f, 0x0f, 0x0f, 0x0e, 0x0e, 0x0e, 0x0e, 0x0e, 0x0e, 0x0e, 0x0e, 0x0e, 
	0x0e, 0x0e, 0x0e, 0x0e, 0x0e, 0x0e, 0x0e, 0x0e, 0x0e, 0x0e, 0x06, 0x00, 0x00, 0x00, 0x00, 0x00
};
// 'inbox', 32x32px
const unsigned char fas_32x32_fa_inbox [] PROGMEM = {
	0x00, 0x00, 0x00, 0x00, 0x00, 0x00, 0xc0, 0xc0, 0xc0, 0xe0, 0xe0, 0xe0, 0xe0, 0xe0, 0xe0, 0xe0, 
	0xe0, 0xe0, 0xe0, 0xe0, 0xe0, 0xe0, 0xe0, 0xc0, 0xc0, 0xc0, 0x00, 0x00, 0x00, 0x00, 0x00, 0x00, 
	0x80, 0xc0, 0xf0, 0xf8, 0xfe, 0x3f, 0x1f, 0x07, 0x03, 0x01, 0x01, 0x01, 0x01, 0x01, 0x01, 0x01, 
	0x01, 0x01, 0x01, 0x01, 0x01, 0x01, 0x01, 0x03, 0x07, 0x1f, 0x3f, 0xfe, 0xf8, 0xf0, 0xc0, 0x80, 
	0xff, 0xff, 0xff, 0xff, 0xff, 0xff, 0xff, 0xff, 0xff, 0xff, 0xff, 0xfe, 0xf8, 0xf8, 0xf8, 0xf8, 
	0xf8, 0xf8, 0xf8, 0xf8, 0xfe, 0xff, 0xff, 0xff, 0xff, 0xff, 0xff, 0xff, 0xff, 0xff, 0xff, 0xff, 
	0x03, 0x03, 0x03, 0x07, 0x07, 0x07, 0x07, 0x07, 0x07, 0x07, 0x07, 0x07, 0x07, 0x07, 0x07, 0x07, 
	0x07, 0x07, 0x07, 0x07, 0x07, 0x07, 0x07, 0x07, 0x07, 0x07, 0x07, 0x07, 0x07, 0x03, 0x03, 0x03
};
// 'indent', 32x32px
const unsigned char fas_32x32_fa_indent [] PROGMEM = {
	0x00, 0x00, 0x3c, 0x3c, 0x3c, 0x3c, 0x3c, 0x3c, 0x3c, 0x3c, 0x3c, 0x3c, 0x3c, 0x3c, 0x3c, 0x3c, 
	0x3c, 0x3c, 0x3c, 0x3c, 0x3c, 0x3c, 0x3c, 0x3c, 0x3c, 0x3c, 0x3c, 0x3c, 0x3c, 0x3c, 0x00, 0x00, 
	0x00, 0x00, 0xfe, 0xfe, 0xfc, 0xf8, 0xf0, 0xe0, 0xc0, 0x80, 0x00, 0x00, 0x00, 0x00, 0x3c, 0x3c, 
	0x3c, 0x3c, 0x3c, 0x3c, 0x3c, 0x3c, 0x3c, 0x3c, 0x3c, 0x3c, 0x3c, 0x3c, 0x3c, 0x3c, 0x00, 0x00, 
	0x00, 0x00, 0x7f, 0x7f, 0x3f, 0x1f, 0x0f, 0x07, 0x03, 0x01, 0x00, 0x00, 0x00, 0x00, 0x3c, 0x3c, 
	0x3c, 0x3c, 0x3c, 0x3c, 0x3c, 0x3c, 0x3c, 0x3c, 0x3c, 0x3c, 0x3c, 0x3c, 0x3c, 0x3c, 0x00, 0x00, 
	0x00, 0x00, 0x3c, 0x3c, 0x3c, 0x3c, 0x3c, 0x3c, 0x3c, 0x3c, 0x3c, 0x3c, 0x3c, 0x3c, 0x3c, 0x3c, 
	0x3c, 0x3c, 0x3c, 0x3c, 0x3c, 0x3c, 0x3c, 0x3c, 0x3c, 0x3c, 0x3c, 0x3c, 0x3c, 0x3c, 0x00, 0x00
};
// 'industry', 32x32px
const unsigned char fas_32x32_fa_industry [] PROGMEM = {
	0xfc, 0xfc, 0xfc, 0xfc, 0xfc, 0xfc, 0xfc, 0xfc, 0xfc, 0xfc, 0x00, 0x00, 0x00, 0x00, 0x00, 0x00, 
	0x00, 0x00, 0x00, 0x00, 0x00, 0x00, 0x00, 0x00, 0x00, 0x00, 0x00, 0x00, 0x00, 0x00, 0x00, 0x00, 
	0xff, 0xff, 0xff, 0xff, 0xff, 0xff, 0xff, 0xff, 0xff, 0xff, 0x80, 0x80, 0xc0, 0xe0, 0xe0, 0xf0, 
	0xf0, 0xf8, 0xfc, 0xfc, 0xfc, 0x80, 0x80, 0xc0, 0xe0, 0xe0, 0xf0, 0xf0, 0xf8, 0xfc, 0xfc, 0xfc, 
	0xff, 0xff, 0xff, 0xff, 0xff, 0xff, 0xff, 0xff, 0xff, 0xff, 0xff, 0xff, 0xff, 0xff, 0xff, 0xff, 
	0xff, 0xff, 0xff, 0xff, 0xff, 0xff, 0xff, 0xff, 0xff, 0xff, 0xff, 0xff, 0xff, 0xff, 0xff, 0xff, 
	0x3f, 0x3f, 0x3f, 0x3f, 0x3f, 0x3f, 0x3f, 0x3f, 0x3f, 0x3f, 0x3f, 0x3f, 0x3f, 0x3f, 0x3f, 0x3f, 
	0x3f, 0x3f, 0x3f, 0x3f, 0x3f, 0x3f, 0x3f, 0x3f, 0x3f, 0x3f, 0x3f, 0x3f, 0x3f, 0x3f, 0x3f, 0x3f
};
// 'infinity', 32x32px
const unsigned char fas_32x32_fa_infinity [] PROGMEM = {
	0x00, 0x00, 0x00, 0x00, 0x00, 0x00, 0x00, 0x00, 0x00, 0x00, 0x00, 0x00, 0x00, 0x00, 0x00, 0x00, 
	0x00, 0x00, 0x00, 0x00, 0x00, 0x00, 0x00, 0x00, 0x00, 0x00, 0x00, 0x00, 0x00, 0x00, 0x00, 0x00, 
	0xe0, 0xf8, 0xfc, 0xfe, 0xfe, 0x3f, 0x1f, 0x1f, 0x1f, 0x1f, 0x1f, 0x3f, 0x7e, 0xfc, 0xfc, 0xf8, 
	0xf8, 0xfc, 0xfc, 0x7e, 0x3f, 0x1f, 0x1f, 0x1f, 0x1f, 0x1f, 0x3f, 0xfe, 0xfe, 0xfc, 0xf8, 0xe0, 
	0x07, 0x1f, 0x3f, 0x7f, 0x7f, 0xfc, 0xf8, 0xf8, 0xf8, 0xf8, 0xf8, 0xfc, 0x7e, 0x3f, 0x3f, 0x1f, 
	0x1f, 0x3f, 0x3f, 0x7e, 0xfc, 0xf8, 0xf8, 0xf8, 0xf8, 0xf8, 0xfc, 0x7f, 0x7f, 0x3f, 0x1f, 0x07, 
	0x00, 0x00, 0x00, 0x00, 0x00, 0x00, 0x00, 0x00, 0x00, 0x00, 0x00, 0x00, 0x00, 0x00, 0x00, 0x00, 
	0x00, 0x00, 0x00, 0x00, 0x00, 0x00, 0x00, 0x00, 0x00, 0x00, 0x00, 0x00, 0x00, 0x00, 0x00, 0x00
};
// 'info', 32x32px
const unsigned char fas_32x32_fa_info [] PROGMEM = {
	0x00, 0x00, 0x00, 0x00, 0x00, 0x00, 0x00, 0x00, 0x00, 0x00, 0x00, 0x00, 0x7c, 0xfe, 0xff, 0xff, 
	0xff, 0xff, 0xfe, 0x7c, 0x00, 0x00, 0x00, 0x00, 0x00, 0x00, 0x00, 0x00, 0x00, 0x00, 0x00, 0x00, 
	0x00, 0x00, 0x00, 0x00, 0x00, 0x00, 0x00, 0x00, 0x00, 0x00, 0xf0, 0xf0, 0xf0, 0xf0, 0xf1, 0xf1, 
	0xf1, 0xf1, 0xf0, 0xe0, 0x00, 0x00, 0x00, 0x00, 0x00, 0x00, 0x00, 0x00, 0x00, 0x00, 0x00, 0x00, 
	0x00, 0x00, 0x00, 0x00, 0x00, 0x00, 0x00, 0x00, 0x00, 0x00, 0x01, 0x01, 0xff, 0xff, 0xff, 0xff, 
	0xff, 0xff, 0xff, 0xff, 0x00, 0x00, 0x00, 0x00, 0x00, 0x00, 0x00, 0x00, 0x00, 0x00, 0x00, 0x00, 
	0x00, 0x00, 0x00, 0x00, 0x00, 0x00, 0x00, 0x00, 0x00, 0x00, 0xf8, 0xf8, 0xff, 0xff, 0xff, 0xff, 
	0xff, 0xff, 0xff, 0xff, 0xf8, 0xf8, 0x00, 0x00, 0x00, 0x00, 0x00, 0x00, 0x00, 0x00, 0x00, 0x00
};
// 'info-circle', 32x32px
const unsigned char fas_32x32_fa_info_circle [] PROGMEM = {
	0x00, 0x00, 0x00, 0x80, 0xc0, 0xe0, 0xf0, 0xf8, 0xfc, 0xfc, 0xfe, 0xfe, 0xfe, 0xfe, 0xff, 0xff, 
	0xff, 0xff, 0xfe, 0xfe, 0xfe, 0xfe, 0xfc, 0xfc, 0xf8, 0xf0, 0xe0, 0xc0, 0x80, 0x00, 0x00, 0x00, 
	0xc0, 0xfc, 0xff, 0xff, 0xff, 0xff, 0xff, 0xff, 0xff, 0xff, 0xff, 0xff, 0xff, 0x3f, 0x30, 0x30, 
	0x30, 0x30, 0xff, 0xff, 0xff, 0xff, 0xff, 0xff, 0xff, 0xff, 0xff, 0xff, 0xff, 0xff, 0xfc, 0xc0, 
	0x03, 0x3f, 0xff, 0xff, 0xff, 0xff, 0xff, 0xff, 0xff, 0xff, 0xff, 0xff, 0xff, 0x1e, 0x00, 0x00, 
	0x00, 0x00, 0x1f, 0xff, 0xff, 0xff, 0xff, 0xff, 0xff, 0xff, 0xff, 0xff, 0xff, 0xff, 0x3f, 0x03, 
	0x00, 0x00, 0x00, 0x01, 0x03, 0x07, 0x0f, 0x1f, 0x3f, 0x3f, 0x7f, 0x7f, 0x7f, 0x7f, 0xff, 0xff, 
	0xff, 0xff, 0x7f, 0x7f, 0x7f, 0x7f, 0x3f, 0x3f, 0x1f, 0x0f, 0x07, 0x03, 0x01, 0x00, 0x00, 0x00
};
// 'italic', 32x32px
const unsigned char fas_32x32_fa_italic [] PROGMEM = {
	0x00, 0x00, 0x00, 0x00, 0x00, 0x00, 0x00, 0x00, 0x00, 0x00, 0x00, 0x00, 0x3c, 0x3c, 0x3c, 0x3c, 
	0xfc, 0xfc, 0xfc, 0xfc, 0xfc, 0x3c, 0x3c, 0x3c, 0x3c, 0x3c, 0x00, 0x00, 0x00, 0x00, 0x00, 0x00, 
	0x00, 0x00, 0x00, 0x00, 0x00, 0x00, 0x00, 0x00, 0x00, 0x00, 0x00, 0x00, 0x00, 0x00, 0xf0, 0xff, 
	0xff, 0xff, 0xff, 0x0f, 0x00, 0x00, 0x00, 0x00, 0x00, 0x00, 0x00, 0x00, 0x00, 0x00, 0x00, 0x00, 
	0x00, 0x00, 0x00, 0x00, 0x00, 0x00, 0x00, 0x00, 0x00, 0x00, 0x00, 0x00, 0xf0, 0xff, 0xff, 0xff, 
	0xff, 0x0f, 0x00, 0x00, 0x00, 0x00, 0x00, 0x00, 0x00, 0x00, 0x00, 0x00, 0x00, 0x00, 0x00, 0x00, 
	0x00, 0x00, 0x00, 0x00, 0x00, 0x00, 0x3c, 0x3c, 0x3c, 0x3c, 0x3c, 0x3f, 0x3f, 0x3f, 0x3f, 0x3f, 
	0x3c, 0x3c, 0x3c, 0x3c, 0x00, 0x00, 0x00, 0x00, 0x00, 0x00, 0x00, 0x00, 0x00, 0x00, 0x00, 0x00
};
// 'jedi', 32x32px
const unsigned char fas_32x32_fa_jedi [] PROGMEM = {
	0x00, 0x00, 0x00, 0x80, 0xc0, 0xf0, 0xf0, 0xf8, 0x18, 0x00, 0x00, 0x00, 0x00, 0x00, 0x00, 0xf8, 
	0xf8, 0x00, 0x00, 0x00, 0x00, 0x00, 0x00, 0x18, 0xf8, 0xf0, 0xe0, 0xc0, 0x80, 0x00, 0x00, 0x00, 
	0x00, 0xc8, 0xdf, 0xff, 0xff, 0xff, 0xff, 0xff, 0xfe, 0xf8, 0xf0, 0x00, 0x00, 0x00, 0x00, 0xff, 
	0xff, 0x00, 0x00, 0x00, 0x00, 0xf0, 0xf8, 0xfe, 0xff, 0xff, 0xff, 0xff, 0xff, 0xde, 0xc8, 0x00, 
	0x00, 0x03, 0x07, 0xef, 0xff, 0xff, 0xff, 0xff, 0xff, 0xc1, 0x00, 0x10, 0x10, 0xfe, 0x7c, 0xff, 
	0xff, 0x7c, 0xfe, 0x10, 0x10, 0x00, 0xc1, 0xff, 0xff, 0xff, 0xff, 0xff, 0xef, 0x07, 0x03, 0x00, 
	0x00, 0x00, 0x00, 0x00, 0x01, 0x03, 0x07, 0x07, 0x0f, 0x1f, 0x1f, 0x1e, 0x3e, 0x3c, 0x3c, 0x3f, 
	0x3f, 0x3c, 0x3c, 0x3e, 0x1e, 0x1f, 0x1f, 0x0f, 0x07, 0x07, 0x03, 0x01, 0x00, 0x00, 0x00, 0x00
};
// 'joint', 32x32px
const unsigned char fas_32x32_fa_joint [] PROGMEM = {
	0x00, 0x00, 0x00, 0x00, 0x00, 0x00, 0x00, 0x00, 0x00, 0x00, 0x00, 0x00, 0x00, 0x00, 0x00, 0x00, 
	0x00, 0x00, 0x00, 0xf8, 0xf8, 0xf8, 0x80, 0x00, 0xf8, 0xf8, 0xf8, 0x80, 0x00, 0x00, 0x00, 0x00, 
	0x00, 0x00, 0x00, 0x00, 0x00, 0x00, 0x00, 0x00, 0x00, 0x00, 0x00, 0x00, 0x00, 0x00, 0x00, 0x00, 
	0x00, 0x00, 0x00, 0x01, 0x07, 0x0f, 0x1f, 0x3e, 0xfc, 0xf9, 0xe3, 0x0f, 0x3f, 0xfe, 0xfc, 0xf0, 
	0x00, 0x00, 0x00, 0x80, 0x80, 0xc0, 0xc0, 0xc0, 0xe0, 0xe0, 0xe0, 0xe0, 0xc0, 0x80, 0x20, 0x60, 
	0xe0, 0xe0, 0xe0, 0xe0, 0xc0, 0x80, 0x20, 0x60, 0xe3, 0xe3, 0xe3, 0xe0, 0xe0, 0xe3, 0xe3, 0xe3, 
	0x00, 0x03, 0x03, 0x07, 0x07, 0x0f, 0x0f, 0x0f, 0x1f, 0x1f, 0x1f, 0x1f, 0x1f, 0x1f, 0x1f, 0x1c, 
	0x18, 0x13, 0x07, 0x0f, 0x1f, 0x1f, 0x1f, 0x1c, 0x18, 0x13, 0x07, 0x0f, 0x1f, 0x1f, 0x1f, 0x1f
};
// 'journal-whills', 32x32px
const unsigned char fas_32x32_fa_journal_whills [] PROGMEM = {
	0x00, 0x00, 0xf8, 0xfc, 0xfe, 0xff, 0xff, 0xff, 0xff, 0xff, 0xff, 0x7f, 0x3f, 0xff, 0xff, 0xff, 
	0xff, 0xff, 0xff, 0xff, 0xff, 0x3f, 0x7f, 0xff, 0xff, 0xff, 0xff, 0xff, 0xff, 0xff, 0x00, 0x00, 
	0x00, 0x00, 0xff, 0xff, 0xff, 0xff, 0xff, 0xff, 0xff, 0xff, 0xfb, 0xb2, 0x00, 0x11, 0x7f, 0xef, 
	0x07, 0x07, 0xcf, 0x7f, 0x11, 0x00, 0xb2, 0xfb, 0xff, 0xff, 0xff, 0xff, 0xff, 0xff, 0x00, 0x00, 
	0x00, 0x00, 0xff, 0xff, 0xff, 0xff, 0xff, 0xff, 0xff, 0xff, 0xff, 0xff, 0xff, 0xfe, 0xfe, 0xfc, 
	0xfc, 0xfc, 0xfc, 0xfe, 0xfe, 0xff, 0xff, 0xff, 0xff, 0xff, 0xff, 0xff, 0xff, 0xff, 0x00, 0x00, 
	0x00, 0x00, 0x1f, 0x3f, 0x7f, 0xff, 0xf9, 0xf0, 0xf0, 0xf0, 0xf0, 0xf0, 0xf0, 0xf0, 0xf0, 0xf0, 
	0xf0, 0xf0, 0xf0, 0xf0, 0xf0, 0xf0, 0xf0, 0xf0, 0xf0, 0xf0, 0xff, 0xff, 0xff, 0xf0, 0x00, 0x00
};
// 'kaaba', 32x32px
const unsigned char fas_32x32_fa_kaaba [] PROGMEM = {
	0x80, 0xc0, 0xc0, 0xc0, 0xe0, 0xe0, 0xe0, 0xf0, 0xf0, 0xf0, 0xf8, 0xf8, 0x78, 0x7c, 0x7c, 0x3c, 
	0x3c, 0x7c, 0x7c, 0x78, 0xf8, 0xf8, 0xf0, 0xf0, 0xf0, 0xe0, 0xe0, 0xe0, 0xc0, 0xc0, 0xc0, 0x80, 
	0xe7, 0xf7, 0x33, 0x33, 0x3b, 0xb9, 0x99, 0xfd, 0xfc, 0xdc, 0xcc, 0xce, 0xee, 0xe6, 0xe7, 0xff, 
	0xff, 0xe7, 0xe6, 0xee, 0xce, 0xcc, 0xdc, 0xfc, 0xfd, 0x99, 0xb9, 0x3b, 0x33, 0x33, 0xf7, 0xe7, 
	0xff, 0xff, 0xff, 0xff, 0xff, 0xff, 0xff, 0xff, 0xff, 0xff, 0xff, 0xff, 0xff, 0xff, 0xff, 0xff, 
	0xff, 0xff, 0xff, 0xff, 0xff, 0xff, 0xff, 0xff, 0xff, 0xff, 0xff, 0xff, 0xff, 0xff, 0xff, 0xff, 
	0x07, 0x07, 0x07, 0x07, 0x0f, 0x0f, 0x0f, 0x0f, 0x1f, 0x1f, 0x1f, 0x1f, 0x1f, 0x3f, 0x3f, 0x3f, 
	0x3f, 0x3f, 0x3f, 0x1f, 0x1f, 0x1f, 0x1f, 0x1f, 0x0f, 0x0f, 0x0f, 0x0f, 0x07, 0x07, 0x07, 0x07
};
// 'key', 32x32px
const unsigned char fas_32x32_fa_key [] PROGMEM = {
	0x00, 0x00, 0x00, 0x00, 0x00, 0x00, 0x00, 0x00, 0x00, 0x00, 0x00, 0xe0, 0xf0, 0xf8, 0xfc, 0xfe, 
	0xfe, 0xff, 0xff, 0xff, 0xff, 0x3f, 0x1f, 0x1f, 0x1f, 0x1e, 0x3e, 0xfc, 0xf8, 0xf0, 0xe0, 0x80, 
	0x00, 0x00, 0x00, 0x00, 0x00, 0x00, 0x00, 0x00, 0x00, 0x80, 0xff, 0xff, 0xff, 0xff, 0xff, 0xff, 
	0xff, 0xff, 0xff, 0xff, 0xff, 0xfc, 0xf8, 0xf8, 0xf8, 0xf8, 0xfc, 0xff, 0xff, 0xff, 0xff, 0x7f, 
	0x00, 0x80, 0xc0, 0xe0, 0xf0, 0xf8, 0xfc, 0xfe, 0xff, 0xff, 0xff, 0xff, 0xff, 0xff, 0xff, 0xff, 
	0xff, 0x7f, 0x3f, 0x3f, 0x3f, 0x3f, 0x3f, 0x3f, 0x1f, 0x1f, 0x1f, 0x0f, 0x07, 0x03, 0x01, 0x00, 
	0xff, 0xff, 0xff, 0xff, 0xff, 0xff, 0xff, 0xff, 0xff, 0xff, 0x0f, 0x0f, 0x0f, 0x0f, 0x00, 0x00, 
	0x00, 0x00, 0x00, 0x00, 0x00, 0x00, 0x00, 0x00, 0x00, 0x00, 0x00, 0x00, 0x00, 0x00, 0x00, 0x00
};
// 'keyboard', 32x32px
const unsigned char fas_32x32_fa_keyboard [] PROGMEM = {
	0xc0, 0xc0, 0xc0, 0xe0, 0xe0, 0xe0, 0xe0, 0xe0, 0xe0, 0xe0, 0xe0, 0xe0, 0xe0, 0xe0, 0xe0, 0xe0, 
	0xe0, 0xe0, 0xe0, 0xe0, 0xe0, 0xe0, 0xe0, 0xe0, 0xe0, 0xe0, 0xe0, 0xe0, 0xe0, 0xc0, 0xc0, 0xc0, 
	0xff, 0xff, 0xff, 0xff, 0xf1, 0xf1, 0x71, 0x3f, 0x3f, 0x71, 0xf1, 0xf1, 0x3f, 0x3f, 0x31, 0xf1, 
	0xf1, 0x31, 0x3f, 0x3f, 0xf1, 0xf1, 0x71, 0x3f, 0x3f, 0x71, 0xf1, 0xf1, 0xff, 0xff, 0xff, 0xff, 
	0xff, 0xff, 0xff, 0xff, 0x8f, 0x8f, 0x8e, 0xfc, 0xfc, 0x8e, 0x8f, 0x8f, 0x8c, 0x8c, 0x8c, 0x8f, 
	0x8f, 0x8c, 0x8c, 0x8c, 0x8f, 0x8f, 0x8e, 0xfc, 0xfc, 0x8e, 0x8f, 0x8f, 0xff, 0xff, 0xff, 0xff, 
	0x03, 0x03, 0x03, 0x07, 0x07, 0x07, 0x07, 0x07, 0x07, 0x07, 0x07, 0x07, 0x07, 0x07, 0x07, 0x07, 
	0x07, 0x07, 0x07, 0x07, 0x07, 0x07, 0x07, 0x07, 0x07, 0x07, 0x07, 0x07, 0x07, 0x03, 0x03, 0x03
};
// 'khanda', 32x32px
const unsigned char fas_32x32_fa_khanda [] PROGMEM = {
	0x00, 0x00, 0x80, 0xc0, 0xe0, 0xf0, 0x70, 0x00, 0x00, 0x00, 0x80, 0xc0, 0xf8, 0xfc, 0xfe, 0xff, 
	0xff, 0xfe, 0xfc, 0xf8, 0xc0, 0x80, 0x00, 0x00, 0x00, 0x70, 0xf0, 0xe0, 0xc0, 0x80, 0x00, 0x00, 
	0xfc, 0xff, 0xff, 0xff, 0xff, 0xff, 0x80, 0x00, 0x00, 0x3f, 0x7f, 0xff, 0xe1, 0xc0, 0xff, 0xff, 
	0xff, 0xf7, 0xc0, 0xe1, 0xff, 0x7f, 0x3f, 0x00, 0x00, 0x80, 0xff, 0xff, 0xff, 0xff, 0xff, 0xfc, 
	0x03, 0x0f, 0x1f, 0x7f, 0xff, 0xff, 0xff, 0xff, 0xfc, 0xf8, 0xf8, 0xf0, 0xe7, 0xcf, 0xdf, 0xff, 
	0xff, 0xdf, 0xcf, 0xe7, 0xf0, 0xf8, 0xf8, 0xfc, 0xff, 0xff, 0xff, 0xff, 0x7f, 0x1f, 0x0f, 0x03, 
	0x00, 0x00, 0x00, 0x00, 0x00, 0x01, 0x03, 0x03, 0x01, 0x01, 0x18, 0x1c, 0x0c, 0x0e, 0x67, 0xff, 
	0xff, 0x67, 0x0e, 0x0c, 0x1c, 0x18, 0x01, 0x01, 0x03, 0x03, 0x01, 0x00, 0x00, 0x00, 0x00, 0x00
};
// 'kiss', 32x32px
const unsigned char fas_32x32_fa_kiss [] PROGMEM = {
	0x00, 0x00, 0x00, 0x80, 0xc0, 0xe0, 0xf0, 0xf8, 0xf8, 0xfc, 0xfc, 0xfe, 0xfe, 0xfe, 0xfe, 0xff, 
	0xff, 0xff, 0xfe, 0xfe, 0xfe, 0xfe, 0xfc, 0xfc, 0xf8, 0xf8, 0xf0, 0xe0, 0xc0, 0x80, 0x00, 0x00, 
	0x00, 0xf0, 0xfe, 0xff, 0xff, 0xff, 0xff, 0xff, 0xff, 0xff, 0x87, 0x87, 0x87, 0xff, 0xff, 0xff, 
	0xff, 0xff, 0xff, 0xff, 0x87, 0x87, 0x87, 0xff, 0xff, 0xff, 0xff, 0xff, 0xff, 0xff, 0xfe, 0xf0, 
	0x00, 0x0f, 0x7f, 0xff, 0xff, 0xff, 0xff, 0xff, 0xff, 0xff, 0xff, 0xff, 0xff, 0xff, 0xff, 0xbf, 
	0xbb, 0x13, 0x43, 0xe7, 0xff, 0xff, 0xff, 0xff, 0xff, 0xff, 0xff, 0xff, 0xff, 0xff, 0x7f, 0x0f, 
	0x00, 0x00, 0x00, 0x01, 0x03, 0x07, 0x0f, 0x1f, 0x1f, 0x3f, 0x3f, 0x7f, 0x7f, 0x7f, 0x7f, 0xff, 
	0xfb, 0xf9, 0x78, 0x7c, 0x7f, 0x7f, 0x3f, 0x3f, 0x1f, 0x1f, 0x0f, 0x07, 0x03, 0x01, 0x00, 0x00
};
// 'kiss-beam', 32x32px
const unsigned char fas_32x32_fa_kiss_beam [] PROGMEM = {
	0x00, 0x00, 0x00, 0x80, 0xc0, 0xe0, 0xf0, 0xf8, 0xf8, 0xfc, 0xfc, 0xfe, 0xfe, 0xfe, 0xfe, 0xff, 
	0xff, 0xff, 0xfe, 0xfe, 0xfe, 0xfe, 0xfc, 0xfc, 0xf8, 0xf8, 0xf0, 0xe0, 0xc0, 0x80, 0x00, 0x00, 
	0x00, 0xf0, 0xfe, 0xff, 0xff, 0xff, 0xff, 0xff, 0xcf, 0xe7, 0xf3, 0xf3, 0xf3, 0xe7, 0xcf, 0xff, 
	0xff, 0xff, 0xcf, 0xe7, 0xf3, 0xf3, 0xf3, 0xe7, 0xcf, 0xff, 0xff, 0xff, 0xff, 0xff, 0xfe, 0xf0, 
	0x00, 0x0f, 0x7f, 0xff, 0xff, 0xff, 0xff, 0xff, 0xff, 0xff, 0xff, 0xff, 0xff, 0xff, 0xff, 0xbf, 
	0xbb, 0x13, 0x43, 0xe7, 0xff, 0xff, 0xff, 0xff, 0xff, 0xff, 0xff, 0xff, 0xff, 0xff, 0x7f, 0x0f, 
	0x00, 0x00, 0x00, 0x01, 0x03, 0x07, 0x0f, 0x1f, 0x1f, 0x3f, 0x3f, 0x7f, 0x7f, 0x7f, 0x7f, 0xff, 
	0xfb, 0xf9, 0x78, 0x7c, 0x7f, 0x7f, 0x3f, 0x3f, 0x1f, 0x1f, 0x0f, 0x07, 0x03, 0x01, 0x00, 0x00
};
// 'kiss-wink-heart', 32x32px
const unsigned char fas_32x32_fa_kiss_wink_heart [] PROGMEM = {
	0x00, 0x00, 0x00, 0xc0, 0xe0, 0xf0, 0xf8, 0xf8, 0xfc, 0xfc, 0xfe, 0xfe, 0xfe, 0xfe, 0xff, 0xff, 
	0xff, 0xff, 0xfe, 0xfe, 0xfe, 0xfc, 0xfc, 0xfc, 0xf8, 0xf0, 0xe0, 0xc0, 0x80, 0x00, 0x00, 0x00, 
	0xf0, 0xfe, 0xff, 0xff, 0xff, 0xff, 0xff, 0xff, 0xff, 0x87, 0x87, 0x87, 0xcf, 0xff, 0xff, 0xff, 
	0xff, 0xff, 0xef, 0xe7, 0xe7, 0xf3, 0xf3, 0xe7, 0xc7, 0xff, 0xff, 0xff, 0xff, 0xff, 0xfc, 0xc0, 
	0x0f, 0x7f, 0xff, 0xff, 0xff, 0xff, 0xff, 0xff, 0xff, 0xff, 0xff, 0xff, 0xff, 0xff, 0xbb, 0x1b, 
	0x03, 0x47, 0xff, 0xff, 0x7f, 0x1f, 0x8f, 0xc7, 0xe7, 0xe7, 0xe7, 0xcf, 0x9f, 0x9f, 0x1f, 0x03, 
	0x00, 0x00, 0x00, 0x03, 0x07, 0x0f, 0x1f, 0x1f, 0x3f, 0x3f, 0x7f, 0x7f, 0x7f, 0x7f, 0xfb, 0xfb, 
	0xf8, 0xfc, 0x7f, 0x7f, 0x7f, 0x30, 0x01, 0x0f, 0x3f, 0x3f, 0x3f, 0x1f, 0x1f, 0x1f, 0x0f, 0x0f
};
// 'kiwi-bird', 32x32px
const unsigned char fas_32x32_fa_kiwi_bird [] PROGMEM = {
	0x00, 0x00, 0x80, 0xc0, 0xc0, 0xe0, 0xe0, 0xf0, 0xf0, 0xf0, 0xf0, 0xf0, 0xf0, 0xf0, 0xf0, 0xe0, 
	0xe0, 0xc0, 0x80, 0x80, 0x80, 0x00, 0x00, 0x00, 0x00, 0x00, 0x00, 0x00, 0x00, 0x00, 0x00, 0x00, 
	0xf8, 0xfe, 0xff, 0xff, 0xff, 0xff, 0xff, 0xff, 0xff, 0xff, 0xff, 0xff, 0xff, 0xff, 0xff, 0xff, 
	0xff, 0xff, 0xff, 0xff, 0xff, 0xff, 0xff, 0xff, 0xff, 0x9f, 0x9f, 0xff, 0xfe, 0xfe, 0xfc, 0xf0, 
	0x03, 0x0f, 0x1f, 0x3f, 0x7f, 0xff, 0xff, 0xff, 0xff, 0xff, 0xff, 0xff, 0xff, 0xff, 0xff, 0xff, 
	0x7f, 0x3f, 0x3f, 0x3f, 0x1f, 0x1f, 0x1f, 0x0f, 0x0f, 0x0f, 0x1f, 0x7f, 0xef, 0xc7, 0xff, 0xff, 
	0x00, 0x00, 0x00, 0x00, 0x00, 0x0f, 0x0f, 0x0f, 0x01, 0x01, 0x01, 0x07, 0x0f, 0x0f, 0x00, 0x00, 
	0x00, 0x00, 0x00, 0x00, 0x00, 0x00, 0x00, 0x00, 0x00, 0x00, 0x00, 0x00, 0x01, 0x03, 0x0f, 0x0f
};
// 'landmark', 32x32px
const unsigned char fas_32x32_fa_landmark [] PROGMEM = {
	0xc0, 0xe0, 0xe0, 0xe0, 0xf0, 0xf0, 0xf8, 0xf8, 0xf8, 0xfc, 0xfc, 0xfc, 0xfe, 0xfe, 0xff, 0xff, 
	0xff, 0xff, 0xfe, 0xfe, 0xfc, 0xfc, 0xfc, 0xf8, 0xf8, 0xf8, 0xf0, 0xf0, 0xe0, 0xe0, 0xe0, 0xc0, 
	0x03, 0x03, 0x03, 0x03, 0xf3, 0xf3, 0xf3, 0xf3, 0x03, 0x03, 0x03, 0x03, 0x03, 0x03, 0xf3, 0xf3, 
	0xf3, 0xf3, 0x03, 0x03, 0x03, 0x03, 0x03, 0x03, 0xf3, 0xf3, 0xf3, 0xf3, 0x03, 0x03, 0x03, 0x03, 
	0x00, 0x00, 0xc0, 0xc0, 0xff, 0xff, 0xff, 0xff, 0xc0, 0xc0, 0xc0, 0xc0, 0xc0, 0xc0, 0xff, 0xff, 
	0xff, 0xff, 0xc0, 0xc0, 0xc0, 0xc0, 0xc0, 0xc0, 0xff, 0xff, 0xff, 0xff, 0xc0, 0xc0, 0x00, 0x00, 
	0xf0, 0xf0, 0xf3, 0xf3, 0xf3, 0xf3, 0xf3, 0xf3, 0xf3, 0xf3, 0xf3, 0xf3, 0xf3, 0xf3, 0xf3, 0xf3, 
	0xf3, 0xf3, 0xf3, 0xf3, 0xf3, 0xf3, 0xf3, 0xf3, 0xf3, 0xf3, 0xf3, 0xf3, 0xf3, 0xf3, 0xf0, 0xf0
};
// 'language', 32x32px
const unsigned char fas_32x32_fa_language [] PROGMEM = {
	0x00, 0x00, 0x00, 0x00, 0x00, 0x00, 0x00, 0x00, 0x00, 0x00, 0x00, 0x00, 0x00, 0x00, 0x00, 0x00, 
	0x00, 0x00, 0x00, 0x00, 0x00, 0x00, 0x00, 0x00, 0x00, 0x00, 0x00, 0x00, 0x00, 0x00, 0x00, 0x00, 
	0xff, 0xff, 0xff, 0xff, 0xff, 0x1f, 0x07, 0x87, 0x0f, 0x3f, 0xff, 0xff, 0xff, 0xff, 0xff, 0x00, 
	0x00, 0xff, 0xff, 0xff, 0xdf, 0x9f, 0x9f, 0x8f, 0x87, 0x87, 0x1f, 0x1f, 0x9f, 0xdf, 0xff, 0xff, 
	0xff, 0xff, 0xff, 0xe7, 0xe0, 0xf8, 0xf9, 0xf9, 0xf8, 0xe0, 0xe1, 0xff, 0xff, 0xff, 0xff, 0x00, 
	0x00, 0xff, 0xff, 0xff, 0xff, 0xff, 0xe6, 0xf0, 0xf0, 0xf0, 0xe0, 0xf7, 0xff, 0xff, 0xff, 0xff, 
	0x00, 0x00, 0x00, 0x00, 0x00, 0x00, 0x00, 0x00, 0x00, 0x00, 0x00, 0x00, 0x00, 0x00, 0x00, 0x00, 
	0x00, 0x00, 0x00, 0x00, 0x00, 0x00, 0x00, 0x00, 0x00, 0x00, 0x00, 0x00, 0x00, 0x00, 0x00, 0x00
};
// 'laptop', 32x32px
const unsigned char fas_32x32_fa_laptop [] PROGMEM = {
	0x00, 0x00, 0x00, 0xf0, 0xf8, 0xf8, 0x78, 0x38, 0x38, 0x38, 0x38, 0x38, 0x38, 0x38, 0x38, 0x38, 
	0x38, 0x38, 0x38, 0x38, 0x38, 0x38, 0x38, 0x38, 0x38, 0x78, 0xf8, 0xf8, 0xf0, 0x00, 0x00, 0x00, 
	0x00, 0x00, 0x00, 0xff, 0xff, 0xff, 0x00, 0x00, 0x00, 0x00, 0x00, 0x00, 0x00, 0x00, 0x00, 0x00, 
	0x00, 0x00, 0x00, 0x00, 0x00, 0x00, 0x00, 0x00, 0x00, 0x00, 0xff, 0xff, 0xff, 0x00, 0x00, 0x00, 
	0x00, 0x00, 0x00, 0x3f, 0x7f, 0x7f, 0x78, 0x78, 0x78, 0x78, 0x78, 0x78, 0x78, 0x78, 0x78, 0x78, 
	0x78, 0x78, 0x78, 0x78, 0x78, 0x78, 0x78, 0x78, 0x78, 0x78, 0x7f, 0x7f, 0x3f, 0x00, 0x00, 0x00, 
	0x0f, 0x1f, 0x1f, 0x1f, 0x1f, 0x1f, 0x1f, 0x1f, 0x1f, 0x1f, 0x1f, 0x1f, 0x1f, 0x1e, 0x1c, 0x1c, 
	0x1c, 0x1c, 0x1e, 0x1f, 0x1f, 0x1f, 0x1f, 0x1f, 0x1f, 0x1f, 0x1f, 0x1f, 0x1f, 0x1f, 0x1f, 0x0f
};
// 'laptop-code', 32x32px
const unsigned char fas_32x32_fa_laptop_code [] PROGMEM = {
	0x00, 0x00, 0x00, 0xf0, 0xf8, 0xf8, 0x78, 0x38, 0x38, 0x38, 0x38, 0x38, 0x38, 0x38, 0x38, 0x38, 
	0x38, 0x38, 0x38, 0x38, 0x38, 0x38, 0x38, 0x38, 0x38, 0x78, 0xf8, 0xf8, 0xf0, 0x00, 0x00, 0x00, 
	0x00, 0x00, 0x00, 0xff, 0xff, 0xff, 0x00, 0x00, 0x00, 0x00, 0x38, 0x7c, 0xfe, 0xce, 0x84, 0x00, 
	0x00, 0x84, 0xce, 0xfe, 0x7c, 0x38, 0x00, 0x00, 0x00, 0x00, 0xff, 0xff, 0xff, 0x00, 0x00, 0x00, 
	0x00, 0x00, 0x00, 0x3f, 0x7f, 0x7f, 0x78, 0x78, 0x78, 0x78, 0x78, 0x78, 0x78, 0x78, 0x78, 0x78, 
	0x78, 0x78, 0x78, 0x78, 0x78, 0x78, 0x78, 0x78, 0x78, 0x78, 0x7f, 0x7f, 0x3f, 0x00, 0x00, 0x00, 
	0x0f, 0x1f, 0x1f, 0x1f, 0x1f, 0x1f, 0x1f, 0x1f, 0x1f, 0x1f, 0x1f, 0x1f, 0x1f, 0x1e, 0x1c, 0x1c, 
	0x1c, 0x1c, 0x1e, 0x1f, 0x1f, 0x1f, 0x1f, 0x1f, 0x1f, 0x1f, 0x1f, 0x1f, 0x1f, 0x1f, 0x1f, 0x0f
};
// 'laptop-house', 32x32px
const unsigned char fas_32x32_fa_laptop_house [] PROGMEM = {
	0x00, 0x00, 0x00, 0x00, 0x00, 0x00, 0x80, 0xc0, 0xe0, 0xe0, 0xf0, 0xf8, 0xf8, 0xf0, 0xe0, 0xe0, 
	0xc0, 0x80, 0xe0, 0xe0, 0xe0, 0x00, 0x00, 0x00, 0x00, 0x00, 0x00, 0x00, 0x00, 0x00, 0x00, 0x00, 
	0x60, 0x70, 0x78, 0xfc, 0xfe, 0xff, 0xff, 0xff, 0xff, 0xff, 0x1f, 0x1f, 0x1f, 0x1f, 0x7f, 0x7f, 
	0x3f, 0x3f, 0x3f, 0x3f, 0x3f, 0x38, 0x30, 0x20, 0x00, 0x00, 0x00, 0x00, 0x00, 0x00, 0x00, 0x00, 
	0x00, 0x00, 0x00, 0x7f, 0xff, 0xff, 0xff, 0xff, 0xff, 0xff, 0xfc, 0xfc, 0xfc, 0xfc, 0x00, 0xfe, 
	0xff, 0xff, 0x03, 0x03, 0x03, 0x03, 0x03, 0x03, 0x03, 0x03, 0x03, 0xff, 0xff, 0xfe, 0x00, 0x00, 
	0x00, 0x00, 0x00, 0x00, 0x00, 0x00, 0x00, 0x00, 0x00, 0x00, 0x00, 0x00, 0x00, 0x1c, 0x1c, 0x1f, 
	0x1f, 0x1f, 0x1c, 0x1c, 0x1c, 0x1c, 0x1c, 0x1c, 0x1c, 0x1c, 0x1c, 0x1f, 0x1f, 0x1f, 0x1c, 0x0c
};
// 'laptop-medical', 32x32px
const unsigned char fas_32x32_fa_laptop_medical [] PROGMEM = {
	0x00, 0x00, 0x00, 0xf0, 0xf8, 0xf8, 0x78, 0x38, 0x38, 0x38, 0x38, 0x38, 0x38, 0x38, 0x38, 0x38, 
	0x38, 0x38, 0x38, 0x38, 0x38, 0x38, 0x38, 0x38, 0x38, 0x78, 0xf8, 0xf8, 0xf0, 0x00, 0x00, 0x00, 
	0x00, 0x00, 0x00, 0xff, 0xff, 0xff, 0x00, 0x00, 0x00, 0x00, 0x00, 0x38, 0x38, 0x38, 0xff, 0xff, 
	0xff, 0xff, 0x38, 0x38, 0x38, 0x00, 0x00, 0x00, 0x00, 0x00, 0xff, 0xff, 0xff, 0x00, 0x00, 0x00, 
	0x00, 0x00, 0x00, 0x3f, 0x7f, 0x7f, 0x78, 0x78, 0x78, 0x78, 0x78, 0x78, 0x78, 0x78, 0x79, 0x7b, 
	0x7b, 0x79, 0x78, 0x78, 0x78, 0x78, 0x78, 0x78, 0x78, 0x78, 0x7f, 0x7f, 0x3f, 0x00, 0x00, 0x00, 
	0x0f, 0x1f, 0x1f, 0x1f, 0x1f, 0x1f, 0x1f, 0x1f, 0x1f, 0x1f, 0x1f, 0x1f, 0x1f, 0x1e, 0x1c, 0x1c, 
	0x1c, 0x1c, 0x1e, 0x1f, 0x1f, 0x1f, 0x1f, 0x1f, 0x1f, 0x1f, 0x1f, 0x1f, 0x1f, 0x1f, 0x1f, 0x0f
};
// 'laugh', 32x32px
const unsigned char fas_32x32_fa_laugh [] PROGMEM = {
	0x00, 0x00, 0x00, 0x80, 0xc0, 0xe0, 0xf0, 0xf8, 0xf8, 0xfc, 0xfc, 0xfe, 0xfe, 0xfe, 0xfe, 0xff, 
	0xff, 0xff, 0xfe, 0xfe, 0xfe, 0xfe, 0xfc, 0xfc, 0xf8, 0xf8, 0xf0, 0xe0, 0xc0, 0x80, 0x00, 0x00, 
	0x00, 0xf0, 0xfe, 0xff, 0xff, 0xff, 0xff, 0xff, 0xff, 0xff, 0xc3, 0xc3, 0xc3, 0xff, 0xff, 0xff, 
	0xff, 0xff, 0xff, 0xff, 0xc3, 0xc3, 0xc3, 0xff, 0xff, 0xff, 0xff, 0xff, 0xff, 0xff, 0xfe, 0xf0, 
	0x00, 0x0f, 0x7f, 0xff, 0xff, 0xff, 0xff, 0xe3, 0x83, 0x03, 0x03, 0x03, 0x03, 0x03, 0x03, 0x03, 
	0x03, 0x03, 0x03, 0x03, 0x03, 0x03, 0x03, 0x03, 0x83, 0xe3, 0xff, 0xff, 0xff, 0xff, 0x7f, 0x0f, 
	0x00, 0x00, 0x00, 0x01, 0x03, 0x07, 0x0f, 0x1f, 0x1f, 0x3f, 0x3e, 0x7c, 0x7c, 0x78, 0x78, 0xf8, 
	0xf8, 0xf8, 0x78, 0x78, 0x7c, 0x7c, 0x3e, 0x3f, 0x1f, 0x1f, 0x0f, 0x07, 0x03, 0x01, 0x00, 0x00
};
// 'laugh-beam', 32x32px
const unsigned char fas_32x32_fa_laugh_beam [] PROGMEM = {
	0x00, 0x00, 0x00, 0x80, 0xc0, 0xe0, 0xf0, 0xf8, 0xf8, 0xfc, 0xfc, 0xfe, 0xfe, 0xfe, 0xfe, 0xff, 
	0xff, 0xff, 0xfe, 0xfe, 0xfe, 0xfe, 0xfc, 0xfc, 0xf8, 0xf8, 0xf0, 0xe0, 0xc0, 0x80, 0x00, 0x00, 
	0x00, 0xf0, 0xfe, 0xff, 0xff, 0xff, 0xff, 0xff, 0xe7, 0xf3, 0xf9, 0xf9, 0xf9, 0xf3, 0xe7, 0xff, 
	0xff, 0xff, 0xe7, 0xf3, 0xf9, 0xf9, 0xf9, 0xf3, 0xe7, 0xff, 0xff, 0xff, 0xff, 0xff, 0xfe, 0xf0, 
	0x00, 0x0f, 0x7f, 0xff, 0xff, 0xff, 0xff, 0xe3, 0x83, 0x03, 0x03, 0x03, 0x03, 0x03, 0x03, 0x03, 
	0x03, 0x03, 0x03, 0x03, 0x03, 0x03, 0x03, 0x03, 0x83, 0xe3, 0xff, 0xff, 0xff, 0xff, 0x7f, 0x0f, 
	0x00, 0x00, 0x00, 0x01, 0x03, 0x07, 0x0f, 0x1f, 0x1f, 0x3f, 0x3e, 0x7c, 0x7c, 0x78, 0x78, 0xf8, 
	0xf8, 0xf8, 0x78, 0x78, 0x7c, 0x7c, 0x3e, 0x3f, 0x1f, 0x1f, 0x0f, 0x07, 0x03, 0x01, 0x00, 0x00
};
// 'laugh-squint', 32x32px
const unsigned char fas_32x32_fa_laugh_squint [] PROGMEM = {
	0x00, 0x00, 0x00, 0x80, 0xc0, 0xe0, 0xf0, 0xf8, 0xf8, 0xfc, 0xfc, 0xfe, 0xfe, 0xfe, 0xfe, 0xff, 
	0xff, 0xff, 0xfe, 0xfe, 0xfe, 0xfe, 0xfc, 0xfc, 0xf8, 0xf8, 0xf0, 0xe0, 0xc0, 0x80, 0x00, 0x00, 
	0x00, 0xf0, 0xfe, 0xff, 0xff, 0xff, 0xff, 0xff, 0xfe, 0x9c, 0xc0, 0xc1, 0xe3, 0xf3, 0xf7, 0xff, 
	0xff, 0xff, 0xf7, 0xf3, 0xe3, 0xc1, 0xc0, 0x9c, 0xfe, 0xff, 0xff, 0xff, 0xff, 0xff, 0xfe, 0xf0, 
	0x00, 0x0f, 0x7f, 0xff, 0xff, 0xff, 0xff, 0xe3, 0x83, 0x03, 0x03, 0x03, 0x03, 0x03, 0x03, 0x03, 
	0x03, 0x03, 0x03, 0x03, 0x03, 0x03, 0x03, 0x03, 0x83, 0xe3, 0xff, 0xff, 0xff, 0xff, 0x7f, 0x0f, 
	0x00, 0x00, 0x00, 0x01, 0x03, 0x07, 0x0f, 0x1f, 0x1f, 0x3f, 0x3e, 0x7c, 0x7c, 0x78, 0x78, 0xf8, 
	0xf8, 0xf8, 0x78, 0x78, 0x7c, 0x7c, 0x3e, 0x3f, 0x1f, 0x1f, 0x0f, 0x07, 0x03, 0x01, 0x00, 0x00
};
// 'laugh-wink', 32x32px
const unsigned char fas_32x32_fa_laugh_wink [] PROGMEM = {
	0x00, 0x00, 0x00, 0x80, 0xc0, 0xe0, 0xf0, 0xf8, 0xf8, 0xfc, 0xfc, 0xfe, 0xfe, 0xfe, 0xfe, 0xff, 
	0xff, 0xff, 0xfe, 0xfe, 0xfe, 0xfe, 0xfc, 0xfc, 0xf8, 0xf8, 0xf0, 0xe0, 0xc0, 0x80, 0x00, 0x00, 
	0x00, 0xf0, 0xfe, 0xff, 0xff, 0xff, 0xff, 0xff, 0xff, 0xff, 0xc3, 0xc3, 0xc3, 0xff, 0xff, 0xff, 
	0xff, 0xff, 0xcf, 0xe7, 0xe3, 0xf3, 0xe3, 0xe7, 0xcf, 0xff, 0xff, 0xff, 0xff, 0xff, 0xfe, 0xf0, 
	0x00, 0x0f, 0x7f, 0xff, 0xff, 0xff, 0xff, 0xe3, 0x83, 0x03, 0x03, 0x03, 0x03, 0x03, 0x03, 0x03, 
	0x03, 0x03, 0x03, 0x03, 0x03, 0x03, 0x03, 0x03, 0x83, 0xe3, 0xff, 0xff, 0xff, 0xff, 0x7f, 0x0f, 
	0x00, 0x00, 0x00, 0x01, 0x03, 0x07, 0x0f, 0x1f, 0x1f, 0x3f, 0x3e, 0x7c, 0x7c, 0x78, 0x78, 0xf8, 
	0xf8, 0xf8, 0x78, 0x78, 0x7c, 0x7c, 0x3e, 0x3f, 0x1f, 0x1f, 0x0f, 0x07, 0x03, 0x01, 0x00, 0x00
};
// 'layer-group', 32x32px
const unsigned char fas_32x32_fa_layer_group [] PROGMEM = {
	0x80, 0xc0, 0xc0, 0xe0, 0xe0, 0xe0, 0xf0, 0xf0, 0xf8, 0xf8, 0xfc, 0xfc, 0xfe, 0xfe, 0xff, 0xff, 
	0xff, 0xff, 0xfe, 0xfe, 0xfc, 0xfc, 0xf8, 0xf8, 0xf0, 0xf0, 0xe0, 0xe0, 0xe0, 0xc0, 0xc0, 0x80, 
	0x81, 0xc3, 0xc3, 0xe7, 0xe7, 0xc7, 0xcf, 0xcf, 0x9f, 0x9f, 0x3f, 0x3f, 0x7f, 0x7f, 0xff, 0xff, 
	0xff, 0xff, 0x7f, 0x7f, 0x3f, 0x3f, 0x9f, 0x9f, 0xcf, 0xcf, 0xc7, 0xe7, 0xe7, 0xc3, 0xc3, 0x81, 
	0x81, 0xc3, 0xc3, 0xe7, 0xe7, 0xc7, 0xcf, 0xcf, 0x9f, 0x9f, 0x3f, 0x3f, 0x7e, 0x7e, 0xfc, 0xfc, 
	0xfc, 0xfc, 0x7e, 0x7e, 0x3f, 0x3f, 0x9f, 0x9f, 0xcf, 0xcf, 0xc7, 0xe7, 0xe7, 0xc3, 0xc3, 0x81, 
	0x01, 0x03, 0x03, 0x07, 0x07, 0x07, 0x0f, 0x0f, 0x1f, 0x1f, 0x3f, 0x3f, 0x7e, 0x7e, 0xfc, 0xfc, 
	0xfc, 0xfc, 0x7e, 0x7e, 0x3f, 0x3f, 0x1f, 0x1f, 0x0f, 0x0f, 0x07, 0x07, 0x07, 0x03, 0x03, 0x01
};
// 'leaf', 32x32px
const unsigned char fas_32x32_fa_leaf [] PROGMEM = {
	0x00, 0x00, 0x00, 0x00, 0x00, 0x00, 0x00, 0x00, 0x00, 0x00, 0x00, 0x00, 0x00, 0x00, 0x80, 0x80, 
	0x80, 0x80, 0x80, 0x80, 0x80, 0x80, 0x80, 0x80, 0xc0, 0xc0, 0xe0, 0xf0, 0xf8, 0xfc, 0xf8, 0xc0, 
	0x00, 0x00, 0x00, 0x00, 0x00, 0x00, 0xe0, 0xf8, 0xfc, 0xfe, 0xfe, 0xff, 0xff, 0x7f, 0x7f, 0x7f, 
	0x7f, 0x3f, 0x3f, 0x3f, 0x3f, 0x3f, 0xff, 0xff, 0xff, 0xff, 0xff, 0xff, 0xff, 0xff, 0xff, 0x7f, 
	0x00, 0x00, 0x00, 0x80, 0xc0, 0xe3, 0xf3, 0xf3, 0xf9, 0xfd, 0xfc, 0xfc, 0xfe, 0xfe, 0xfe, 0xfe, 
	0xff, 0xff, 0xff, 0xff, 0xff, 0xff, 0xff, 0xff, 0xff, 0xff, 0xff, 0x7f, 0x3f, 0x0f, 0x03, 0x00, 
	0x38, 0x3e, 0x3f, 0x1f, 0x07, 0x03, 0x01, 0x00, 0x01, 0x03, 0x07, 0x07, 0x0f, 0x0f, 0x0f, 0x0f, 
	0x0f, 0x0f, 0x0f, 0x0f, 0x0f, 0x07, 0x07, 0x03, 0x03, 0x01, 0x00, 0x00, 0x00, 0x00, 0x00, 0x00
};
// 'lemon', 32x32px
const unsigned char fas_32x32_fa_lemon [] PROGMEM = {
	0x00, 0x00, 0x00, 0x00, 0x80, 0xc0, 0xe0, 0xf0, 0xf8, 0x78, 0x3c, 0x3c, 0x9e, 0x9e, 0xce, 0xce, 
	0xfe, 0xfe, 0xfe, 0xfe, 0xfe, 0xfe, 0xfe, 0xfe, 0xfe, 0xff, 0xff, 0xff, 0xff, 0xfe, 0xfe, 0x78, 
	0x00, 0xf0, 0xfc, 0xff, 0x3f, 0x0f, 0xc3, 0xf1, 0xf8, 0xfc, 0xfe, 0xff, 0xff, 0xff, 0xff, 0xff, 
	0xff, 0xff, 0xff, 0xff, 0xff, 0xff, 0xff, 0xff, 0xff, 0xff, 0xff, 0xff, 0xff, 0xff, 0xff, 0x00, 
	0x00, 0xff, 0xff, 0xff, 0xff, 0xff, 0xff, 0xff, 0xff, 0xff, 0xff, 0xff, 0xff, 0xff, 0xff, 0xff, 
	0xff, 0xff, 0xff, 0xff, 0xff, 0xff, 0xff, 0xff, 0xff, 0xff, 0xff, 0xff, 0xff, 0x3f, 0x0f, 0x00, 
	0x1e, 0x7f, 0x7f, 0xff, 0xff, 0xff, 0xff, 0x7f, 0x7f, 0x7f, 0x7f, 0x7f, 0x7f, 0x7f, 0x7f, 0x7f, 
	0x7f, 0x7f, 0x7f, 0x7f, 0x3f, 0x3f, 0x1f, 0x1f, 0x0f, 0x07, 0x03, 0x01, 0x00, 0x00, 0x00, 0x00
};
// 'less-than', 32x32px
const unsigned char fas_32x32_fa_less_than [] PROGMEM = {
	0x00, 0x00, 0x00, 0x00, 0x00, 0x00, 0x00, 0x00, 0x00, 0x00, 0x00, 0x00, 0x00, 0x00, 0x00, 0x00, 
	0x00, 0x80, 0x80, 0xc0, 0xc0, 0xe0, 0xe0, 0xe0, 0xf0, 0xf0, 0xe0, 0xc0, 0x00, 0x00, 0x00, 0x00, 
	0x00, 0x00, 0x00, 0x00, 0xc0, 0xe0, 0xf0, 0xf0, 0xf0, 0xf8, 0xf8, 0xfc, 0xfc, 0xfe, 0x7e, 0x7f, 
	0x7f, 0x3f, 0x3f, 0x1f, 0x1f, 0x0f, 0x0f, 0x07, 0x07, 0x03, 0x03, 0x01, 0x00, 0x00, 0x00, 0x00, 
	0x00, 0x00, 0x00, 0x00, 0x03, 0x07, 0x0f, 0x0f, 0x0f, 0x1f, 0x1f, 0x3f, 0x3f, 0x7f, 0x7e, 0xfe, 
	0xfe, 0xfc, 0xfc, 0xf8, 0xf8, 0xf0, 0xf0, 0xe0, 0xe0, 0xc0, 0xc0, 0x80, 0x00, 0x00, 0x00, 0x00, 
	0x00, 0x00, 0x00, 0x00, 0x00, 0x00, 0x00, 0x00, 0x00, 0x00, 0x00, 0x00, 0x00, 0x00, 0x00, 0x00, 
	0x00, 0x01, 0x01, 0x03, 0x03, 0x07, 0x07, 0x07, 0x0f, 0x0f, 0x07, 0x03, 0x00, 0x00, 0x00, 0x00
};
// 'less-than-equal', 32x32px
const unsigned char fas_32x32_fa_less_than_equal [] PROGMEM = {
	0x00, 0x00, 0x00, 0x00, 0x00, 0x00, 0x00, 0x00, 0x80, 0x80, 0x80, 0xc0, 0xc0, 0xe0, 0xe0, 0xe0, 
	0xf0, 0xf0, 0xf8, 0xf8, 0xf8, 0xfc, 0xfc, 0xfe, 0xfe, 0x7e, 0x7e, 0x38, 0x00, 0x00, 0x00, 0x00, 
	0x00, 0x00, 0x00, 0x00, 0x1e, 0x1e, 0x3f, 0x3f, 0x7f, 0x7f, 0x7f, 0xff, 0xff, 0xff, 0xff, 0xff, 
	0xff, 0xf3, 0xf3, 0xf3, 0xe1, 0xe1, 0xc0, 0xc0, 0xc0, 0x80, 0x80, 0x00, 0x00, 0x00, 0x00, 0x00, 
	0x00, 0x00, 0x00, 0x00, 0x00, 0x00, 0x00, 0x00, 0x00, 0x00, 0x00, 0x00, 0x00, 0x01, 0x01, 0x01, 
	0x03, 0x03, 0x07, 0x07, 0x07, 0x0f, 0x0f, 0x1f, 0x1f, 0x1f, 0x0f, 0x07, 0x00, 0x00, 0x00, 0x00, 
	0x00, 0x00, 0x7e, 0x7e, 0x7e, 0x7e, 0x7e, 0x7e, 0x7e, 0x7e, 0x7e, 0x7e, 0x7e, 0x7e, 0x7e, 0x7e, 
	0x7e, 0x7e, 0x7e, 0x7e, 0x7e, 0x7e, 0x7e, 0x7e, 0x7e, 0x7e, 0x7e, 0x7e, 0x7e, 0x7e, 0x00, 0x00
};
// 'level-down-alt', 32x32px
const unsigned char fas_32x32_fa_level_down_alt [] PROGMEM = {
	0x00, 0x00, 0x00, 0x00, 0x00, 0x00, 0x03, 0x07, 0x0f, 0x1f, 0x1f, 0x1f, 0x1f, 0x1f, 0x1f, 0xff, 
	0xff, 0xff, 0xff, 0xff, 0xfc, 0x00, 0x00, 0x00, 0x00, 0x00, 0x00, 0x00, 0x00, 0x00, 0x00, 0x00, 
	0x00, 0x00, 0x00, 0x00, 0x00, 0x00, 0x00, 0x00, 0x00, 0x00, 0x00, 0x00, 0x00, 0x00, 0x00, 0xff, 
	0xff, 0xff, 0xff, 0xff, 0xff, 0x00, 0x00, 0x00, 0x00, 0x00, 0x00, 0x00, 0x00, 0x00, 0x00, 0x00, 
	0x00, 0x00, 0x00, 0x00, 0x00, 0x00, 0x00, 0x00, 0x00, 0x00, 0xc0, 0xc0, 0xc0, 0xc0, 0xc0, 0xff, 
	0xff, 0xff, 0xff, 0xff, 0xff, 0xc0, 0xc0, 0xc0, 0xc0, 0xc0, 0x00, 0x00, 0x00, 0x00, 0x00, 0x00, 
	0x00, 0x00, 0x00, 0x00, 0x00, 0x00, 0x00, 0x00, 0x00, 0x00, 0x01, 0x03, 0x07, 0x0f, 0x1f, 0x3f, 
	0x7f, 0xff, 0xff, 0x7f, 0x3f, 0x1f, 0x0f, 0x07, 0x03, 0x01, 0x00, 0x00, 0x00, 0x00, 0x00, 0x00
};
// 'level-up-alt', 32x32px
const unsigned char fas_32x32_fa_level_up_alt [] PROGMEM = {
	0x00, 0x00, 0x00, 0x00, 0x00, 0x00, 0x00, 0x00, 0x00, 0x00, 0x80, 0xc0, 0xe0, 0xf0, 0xf8, 0xfc, 
	0xfe, 0xff, 0xff, 0xfe, 0xfc, 0xf8, 0xf0, 0xe0, 0xc0, 0x80, 0x00, 0x00, 0x00, 0x00, 0x00, 0x00, 
	0x00, 0x00, 0x00, 0x00, 0x00, 0x00, 0x00, 0x00, 0x00, 0x00, 0x03, 0x03, 0x03, 0x03, 0x03, 0xff, 
	0xff, 0xff, 0xff, 0xff, 0xff, 0x03, 0x03, 0x03, 0x03, 0x03, 0x00, 0x00, 0x00, 0x00, 0x00, 0x00, 
	0x00, 0x00, 0x00, 0x00, 0x00, 0x00, 0x00, 0x00, 0x00, 0x00, 0x00, 0x00, 0x00, 0x00, 0x00, 0xff, 
	0xff, 0xff, 0xff, 0xff, 0xff, 0x00, 0x00, 0x00, 0x00, 0x00, 0x00, 0x00, 0x00, 0x00, 0x00, 0x00, 
	0x00, 0x00, 0x00, 0x00, 0x00, 0x00, 0xc0, 0xe0, 0xf0, 0xf8, 0xf8, 0xf8, 0xf8, 0xf8, 0xf8, 0xff, 
	0xff, 0xff, 0xff, 0xff, 0x3f, 0x00, 0x00, 0x00, 0x00, 0x00, 0x00, 0x00, 0x00, 0x00, 0x00, 0x00
};
// 'life-ring', 32x32px
const unsigned char fas_32x32_fa_life_ring [] PROGMEM = {
	0x00, 0x00, 0x00, 0x80, 0xc0, 0xe0, 0x30, 0x38, 0x3c, 0x7c, 0xfe, 0xfe, 0xfe, 0xfe, 0xff, 0xff, 
	0xff, 0xff, 0xfe, 0xfe, 0xfe, 0xfe, 0x7c, 0x3c, 0x38, 0x30, 0xe0, 0xc0, 0x80, 0x00, 0x00, 0x00, 
	0xc0, 0xfc, 0xff, 0xff, 0xff, 0xff, 0xfe, 0xfc, 0xf8, 0xf8, 0x3c, 0x0f, 0x07, 0x07, 0x03, 0x03, 
	0x03, 0x03, 0x07, 0x07, 0x0f, 0x3c, 0xf8, 0xf8, 0xfc, 0xfe, 0xff, 0xff, 0xff, 0xff, 0xfc, 0xc0, 
	0x03, 0x3f, 0xff, 0xff, 0xff, 0xff, 0x7f, 0x3f, 0x1f, 0x1f, 0x3c, 0xf0, 0xe0, 0xe0, 0xc0, 0xc0, 
	0xc0, 0xc0, 0xe0, 0xe0, 0xf0, 0x3c, 0x1f, 0x1f, 0x3f, 0x7f, 0xff, 0xff, 0xff, 0xff, 0x3f, 0x03, 
	0x00, 0x00, 0x00, 0x01, 0x03, 0x07, 0x0c, 0x1c, 0x3c, 0x3e, 0x7f, 0x7f, 0x7f, 0x7f, 0xff, 0xff, 
	0xff, 0xff, 0x7f, 0x7f, 0x7f, 0x7f, 0x3e, 0x3c, 0x1c, 0x0c, 0x07, 0x03, 0x01, 0x00, 0x00, 0x00
};
// 'lightbulb', 32x32px
const unsigned char fas_32x32_fa_lightbulb [] PROGMEM = {
	0x00, 0x00, 0x00, 0x00, 0x00, 0x80, 0xe0, 0xf0, 0xf8, 0xfc, 0x7e, 0x3e, 0x9f, 0x9f, 0xcf, 0xcf, 
	0xcf, 0xff, 0xff, 0xff, 0xfe, 0xfe, 0xfc, 0xf8, 0xf0, 0xe0, 0x80, 0x00, 0x00, 0x00, 0x00, 0x00, 
	0x00, 0x00, 0x00, 0x00, 0x00, 0x7f, 0xff, 0xff, 0xff, 0xf1, 0xf0, 0xfe, 0xff, 0xff, 0xff, 0xff, 
	0xff, 0xff, 0xff, 0xff, 0xff, 0xff, 0xff, 0xff, 0xff, 0xff, 0x7f, 0x00, 0x00, 0x00, 0x00, 0x00, 
	0x00, 0x00, 0x00, 0x00, 0x00, 0x00, 0x01, 0x03, 0x07, 0x1f, 0x7f, 0xff, 0xff, 0xff, 0xff, 0xff, 
	0xff, 0xff, 0xff, 0xff, 0xff, 0x7f, 0x1f, 0x07, 0x03, 0x01, 0x00, 0x00, 0x00, 0x00, 0x00, 0x00, 
	0x00, 0x00, 0x00, 0x00, 0x00, 0x00, 0x00, 0x00, 0x00, 0x00, 0x00, 0x3c, 0x7c, 0xfc, 0xfc, 0xfc, 
	0xfc, 0xfc, 0xfc, 0x7c, 0x3c, 0x00, 0x00, 0x00, 0x00, 0x00, 0x00, 0x00, 0x00, 0x00, 0x00, 0x00
};
// 'link', 32x32px
const unsigned char fas_32x32_fa_link [] PROGMEM = {
	0x00, 0x00, 0x00, 0x00, 0x00, 0x00, 0x00, 0x00, 0x00, 0x00, 0x00, 0x80, 0xc0, 0xe0, 0xf0, 0xf8, 
	0xfc, 0xfe, 0x7e, 0x3f, 0x3f, 0x1f, 0x1f, 0x1f, 0x3f, 0x3f, 0xfe, 0xfe, 0xfc, 0xf8, 0xf0, 0xc0, 
	0x00, 0x00, 0x00, 0x80, 0xc0, 0xe0, 0xc0, 0x00, 0x00, 0xfc, 0xff, 0xff, 0xff, 0xff, 0x07, 0x03, 
	0x71, 0xf8, 0xfc, 0xf8, 0xf0, 0xe0, 0x80, 0x00, 0x00, 0xe0, 0xf8, 0xff, 0xff, 0xff, 0x7f, 0x1f, 
	0xf8, 0xfe, 0xff, 0xff, 0xff, 0x1f, 0x07, 0x00, 0x00, 0x01, 0x07, 0x0f, 0x1f, 0x3f, 0x1f, 0x8e, 
	0xc0, 0xe0, 0xff, 0xff, 0xff, 0xff, 0x3f, 0x00, 0x00, 0x03, 0x07, 0x03, 0x01, 0x00, 0x00, 0x00, 
	0x03, 0x0f, 0x1f, 0x3f, 0x7f, 0x7f, 0xfc, 0xfc, 0xf8, 0xf8, 0xf8, 0xfc, 0xfc, 0x7e, 0x7f, 0x3f, 
	0x1f, 0x0f, 0x07, 0x03, 0x01, 0x00, 0x00, 0x00, 0x00, 0x00, 0x00, 0x00, 0x00, 0x00, 0x00, 0x00
};
// 'lira-sign', 32x32px
const unsigned char fas_32x32_fa_lira_sign [] PROGMEM = {
	0x00, 0x00, 0x00, 0x00, 0x00, 0x00, 0x80, 0x80, 0xfc, 0xfc, 0xfc, 0xfc, 0xfc, 0xc0, 0xc0, 0xe0, 
	0xe0, 0xe0, 0xe0, 0xf0, 0xf0, 0xf0, 0x00, 0x00, 0x00, 0x00, 0x00, 0x00, 0x00, 0x00, 0x00, 0x00, 
	0x00, 0x00, 0x00, 0x00, 0xcf, 0xcf, 0xef, 0xe7, 0xff, 0xff, 0xff, 0xff, 0xff, 0xf3, 0xf3, 0xfb, 
	0x79, 0x79, 0x79, 0x7d, 0x3c, 0x3c, 0x00, 0x00, 0x00, 0x00, 0x00, 0x00, 0x00, 0x00, 0x00, 0x00, 
	0x00, 0x00, 0x00, 0x00, 0x03, 0x03, 0x03, 0x01, 0xff, 0xff, 0xff, 0xff, 0xff, 0x00, 0x00, 0x00, 
	0x00, 0x00, 0x00, 0x00, 0x80, 0xc0, 0xe0, 0xfe, 0xff, 0xff, 0x7f, 0x1f, 0x00, 0x00, 0x00, 0x00, 
	0x00, 0x00, 0x00, 0x00, 0x00, 0x00, 0x00, 0x00, 0x3f, 0x3f, 0x3f, 0x3f, 0x3f, 0x3c, 0x3c, 0x3c, 
	0x3c, 0x3e, 0x1e, 0x1f, 0x1f, 0x0f, 0x0f, 0x07, 0x03, 0x01, 0x00, 0x00, 0x00, 0x00, 0x00, 0x00
};
// 'list', 32x32px
const unsigned char fas_32x32_fa_list [] PROGMEM = {
	0xf8, 0xf8, 0xf8, 0xf8, 0xf8, 0xf8, 0x00, 0x00, 0x00, 0x00, 0xf0, 0xf0, 0xf0, 0xf0, 0xf0, 0xf0, 
	0xf0, 0xf0, 0xf0, 0xf0, 0xf0, 0xf0, 0xf0, 0xf0, 0xf0, 0xf0, 0xf0, 0xf0, 0xf0, 0xf0, 0xf0, 0xf0, 
	0xe1, 0xe1, 0xe1, 0xe1, 0xe1, 0xe1, 0x00, 0x00, 0x00, 0x00, 0xc0, 0xc0, 0xc0, 0xc0, 0xc0, 0xc0, 
	0xc0, 0xc0, 0xc0, 0xc0, 0xc0, 0xc0, 0xc0, 0xc0, 0xc0, 0xc0, 0xc0, 0xc0, 0xc0, 0xc0, 0xc0, 0xc0, 
	0x87, 0x87, 0x87, 0x87, 0x87, 0x87, 0x00, 0x00, 0x00, 0x00, 0x03, 0x03, 0x03, 0x03, 0x03, 0x03, 
	0x03, 0x03, 0x03, 0x03, 0x03, 0x03, 0x03, 0x03, 0x03, 0x03, 0x03, 0x03, 0x03, 0x03, 0x03, 0x03, 
	0x1f, 0x1f, 0x1f, 0x1f, 0x1f, 0x1f, 0x00, 0x00, 0x00, 0x00, 0x0f, 0x0f, 0x0f, 0x0f, 0x0f, 0x0f, 
	0x0f, 0x0f, 0x0f, 0x0f, 0x0f, 0x0f, 0x0f, 0x0f, 0x0f, 0x0f, 0x0f, 0x0f, 0x0f, 0x0f, 0x0f, 0x0f
};
// 'list-alt', 32x32px
const unsigned char fas_32x32_fa_list_alt [] PROGMEM = {
	0xf8, 0xfc, 0xfc, 0xfc, 0xfc, 0xfc, 0xfc, 0xfc, 0xfc, 0xfc, 0xfc, 0xfc, 0xfc, 0xfc, 0xfc, 0xfc, 
	0xfc, 0xfc, 0xfc, 0xfc, 0xfc, 0xfc, 0xfc, 0xfc, 0xfc, 0xfc, 0xfc, 0xfc, 0xfc, 0xfc, 0xfc, 0xf8, 
	0xff, 0xff, 0xff, 0xff, 0xff, 0xff, 0x30, 0x30, 0x30, 0x30, 0xff, 0xff, 0x30, 0x30, 0x30, 0x30, 
	0x30, 0x30, 0x30, 0x30, 0x30, 0x30, 0x30, 0x30, 0x30, 0x30, 0xff, 0xff, 0xff, 0xff, 0xff, 0xff, 
	0xff, 0xff, 0xff, 0xff, 0xff, 0xff, 0x0c, 0x0c, 0x0c, 0x0c, 0xff, 0xff, 0x0c, 0x0c, 0x0c, 0x0c, 
	0x0c, 0x0c, 0x0c, 0x0c, 0x0c, 0x0c, 0x0c, 0x0c, 0x0c, 0x0c, 0xff, 0xff, 0xff, 0xff, 0xff, 0xff, 
	0x1f, 0x3f, 0x3f, 0x3f, 0x3f, 0x3f, 0x3f, 0x3f, 0x3f, 0x3f, 0x3f, 0x3f, 0x3f, 0x3f, 0x3f, 0x3f, 
	0x3f, 0x3f, 0x3f, 0x3f, 0x3f, 0x3f, 0x3f, 0x3f, 0x3f, 0x3f, 0x3f, 0x3f, 0x3f, 0x3f, 0x3f, 0x1f
};
// 'list-ol', 32x32px
const unsigned char fas_32x32_fa_list_ol [] PROGMEM = {
	0x00, 0x0c, 0xfc, 0xfc, 0x00, 0x00, 0x00, 0x00, 0x00, 0x00, 0xf0, 0xf0, 0xf0, 0xf0, 0xf0, 0xf0, 
	0xf0, 0xf0, 0xf0, 0xf0, 0xf0, 0xf0, 0xf0, 0xf0, 0xf0, 0xf0, 0xf0, 0xf0, 0xf0, 0xf0, 0xf0, 0xf0, 
	0x20, 0x73, 0xb3, 0xf3, 0xf3, 0x40, 0x00, 0x00, 0x00, 0x00, 0xc0, 0xc0, 0xc0, 0xc0, 0xc0, 0xc0, 
	0xc0, 0xc0, 0xc0, 0xc0, 0xc0, 0xc0, 0xc0, 0xc0, 0xc0, 0xc0, 0xc0, 0xc0, 0xc0, 0xc0, 0xc0, 0xc0, 
	0x0e, 0xcf, 0xcf, 0xcf, 0xcd, 0x00, 0x00, 0x00, 0x00, 0x00, 0x03, 0x03, 0x03, 0x03, 0x03, 0x03, 
	0x03, 0x03, 0x03, 0x03, 0x03, 0x03, 0x03, 0x03, 0x03, 0x03, 0x03, 0x03, 0x03, 0x03, 0x03, 0x03, 
	0x30, 0x32, 0x37, 0x3f, 0x3e, 0x0c, 0x00, 0x00, 0x00, 0x00, 0x0f, 0x0f, 0x0f, 0x0f, 0x0f, 0x0f, 
	0x0f, 0x0f, 0x0f, 0x0f, 0x0f, 0x0f, 0x0f, 0x0f, 0x0f, 0x0f, 0x0f, 0x0f, 0x0f, 0x0f, 0x0f, 0x0f
};
// 'list-ul', 32x32px
const unsigned char fas_32x32_fa_list_ul [] PROGMEM = {
	0xf0, 0xf8, 0xf8, 0xf8, 0xf8, 0xf0, 0x00, 0x00, 0x00, 0x00, 0xf0, 0xf0, 0xf0, 0xf0, 0xf0, 0xf0, 
	0xf0, 0xf0, 0xf0, 0xf0, 0xf0, 0xf0, 0xf0, 0xf0, 0xf0, 0xf0, 0xf0, 0xf0, 0xf0, 0xf0, 0xf0, 0xf0, 
	0xc0, 0xe1, 0xe1, 0xe1, 0xe1, 0xc0, 0x00, 0x00, 0x00, 0x00, 0xc0, 0xc0, 0xc0, 0xc0, 0xc0, 0xc0, 
	0xc0, 0xc0, 0xc0, 0xc0, 0xc0, 0xc0, 0xc0, 0xc0, 0xc0, 0xc0, 0xc0, 0xc0, 0xc0, 0xc0, 0xc0, 0xc0, 
	0x03, 0x87, 0x87, 0x87, 0x87, 0x03, 0x00, 0x00, 0x00, 0x00, 0x03, 0x03, 0x03, 0x03, 0x03, 0x03, 
	0x03, 0x03, 0x03, 0x03, 0x03, 0x03, 0x03, 0x03, 0x03, 0x03, 0x03, 0x03, 0x03, 0x03, 0x03, 0x03, 
	0x0f, 0x1f, 0x1f, 0x1f, 0x1f, 0x0f, 0x00, 0x00, 0x00, 0x00, 0x0f, 0x0f, 0x0f, 0x0f, 0x0f, 0x0f, 
	0x0f, 0x0f, 0x0f, 0x0f, 0x0f, 0x0f, 0x0f, 0x0f, 0x0f, 0x0f, 0x0f, 0x0f, 0x0f, 0x0f, 0x0f, 0x0f
};
// 'location-arrow', 32x32px
const unsigned char fas_32x32_fa_location_arrow [] PROGMEM = {
	0x00, 0x00, 0x00, 0x00, 0x00, 0x00, 0x00, 0x00, 0x00, 0x00, 0x00, 0x00, 0x80, 0x80, 0xc0, 0xc0, 
	0xe0, 0xe0, 0xf0, 0xf0, 0xf0, 0xf8, 0xf8, 0xfc, 0xfc, 0xfe, 0xfe, 0xff, 0xff, 0xff, 0x7f, 0x1e, 
	0xe0, 0xf0, 0xf0, 0xf8, 0xf8, 0xfc, 0xfc, 0xfc, 0xfe, 0xfe, 0xff, 0xff, 0xff, 0xff, 0xff, 0xff, 
	0xff, 0xff, 0xff, 0xff, 0xff, 0xff, 0xff, 0xff, 0xff, 0xff, 0xff, 0x3f, 0x07, 0x01, 0x00, 0x00, 
	0x01, 0x03, 0x03, 0x03, 0x03, 0x03, 0x03, 0x03, 0x03, 0x03, 0x03, 0x03, 0x03, 0x03, 0xff, 0xff, 
	0xff, 0xff, 0xff, 0xff, 0xff, 0xff, 0xff, 0x3f, 0x0f, 0x03, 0x00, 0x00, 0x00, 0x00, 0x00, 0x00, 
	0x00, 0x00, 0x00, 0x00, 0x00, 0x00, 0x00, 0x00, 0x00, 0x00, 0x00, 0x00, 0x00, 0x00, 0x7f, 0xff, 
	0xff, 0xff, 0xff, 0x7f, 0x1f, 0x07, 0x00, 0x00, 0x00, 0x00, 0x00, 0x00, 0x00, 0x00, 0x00, 0x00
};
// 'lock', 32x32px
const unsigned char fas_32x32_fa_lock [] PROGMEM = {
	0x00, 0x00, 0x00, 0x00, 0x00, 0x00, 0x00, 0xe0, 0xf0, 0xf8, 0xfc, 0xfe, 0x7e, 0x3f, 0x1f, 0x1f, 
	0x1f, 0x1f, 0x3f, 0x7e, 0xfe, 0xfc, 0xf8, 0xf0, 0xe0, 0x00, 0x00, 0x00, 0x00, 0x00, 0x00, 0x00, 
	0x00, 0x00, 0x80, 0xc0, 0xc0, 0xc0, 0xfe, 0xff, 0xff, 0xff, 0xff, 0xff, 0xc0, 0xc0, 0xc0, 0xc0, 
	0xc0, 0xc0, 0xc0, 0xc0, 0xff, 0xff, 0xff, 0xff, 0xff, 0xfe, 0xc0, 0xc0, 0xc0, 0x80, 0x00, 0x00, 
	0x00, 0x00, 0xff, 0xff, 0xff, 0xff, 0xff, 0xff, 0xff, 0xff, 0xff, 0xff, 0xff, 0xff, 0xff, 0xff, 
	0xff, 0xff, 0xff, 0xff, 0xff, 0xff, 0xff, 0xff, 0xff, 0xff, 0xff, 0xff, 0xff, 0xff, 0x00, 0x00, 
	0x00, 0x00, 0x7f, 0xff, 0xff, 0xff, 0xff, 0xff, 0xff, 0xff, 0xff, 0xff, 0xff, 0xff, 0xff, 0xff, 
	0xff, 0xff, 0xff, 0xff, 0xff, 0xff, 0xff, 0xff, 0xff, 0xff, 0xff, 0xff, 0xff, 0x7f, 0x00, 0x00
};
// 'lock-open', 32x32px
const unsigned char fas_32x32_fa_lock_open [] PROGMEM = {
	0x00, 0x00, 0x00, 0x00, 0x00, 0x00, 0x00, 0x00, 0x00, 0x00, 0x00, 0x00, 0x00, 0x00, 0x00, 0x00, 
	0xc0, 0xe0, 0xf0, 0xf8, 0xfc, 0x7c, 0x7c, 0x3c, 0x7c, 0x7c, 0xfc, 0xf8, 0xf0, 0xf0, 0xc0, 0x80, 
	0x80, 0x80, 0xc0, 0xc0, 0xc0, 0xc0, 0xc0, 0xc0, 0xc0, 0xc0, 0xc0, 0xc0, 0xc0, 0xc0, 0xc0, 0xff, 
	0xff, 0xff, 0xff, 0xff, 0xc0, 0xc0, 0xc0, 0x80, 0x00, 0x00, 0x00, 0x03, 0xff, 0xff, 0xff, 0xff, 
	0xff, 0xff, 0xff, 0xff, 0xff, 0xff, 0xff, 0xff, 0xff, 0xff, 0xff, 0xff, 0xff, 0xff, 0xff, 0xff, 
	0xff, 0xff, 0xff, 0xff, 0xff, 0xff, 0xff, 0xff, 0xff, 0x00, 0x00, 0x00, 0x00, 0x00, 0x00, 0x00, 
	0x1f, 0x3f, 0x3f, 0x3f, 0x3f, 0x3f, 0x3f, 0x3f, 0x3f, 0x3f, 0x3f, 0x3f, 0x3f, 0x3f, 0x3f, 0x3f, 
	0x3f, 0x3f, 0x3f, 0x3f, 0x3f, 0x3f, 0x3f, 0x3f, 0x1f, 0x00, 0x00, 0x00, 0x00, 0x00, 0x00, 0x00
};
// 'long-arrow-alt-down', 32x32px
const unsigned char fas_32x32_fa_long_arrow_alt_down [] PROGMEM = {
	0x00, 0x00, 0x00, 0x00, 0x00, 0x00, 0x00, 0x00, 0x00, 0x00, 0x00, 0x00, 0x00, 0xf8, 0xfc, 0xfc, 
	0xfc, 0xfc, 0xf8, 0x00, 0x00, 0x00, 0x00, 0x00, 0x00, 0x00, 0x00, 0x00, 0x00, 0x00, 0x00, 0x00, 
	0x00, 0x00, 0x00, 0x00, 0x00, 0x00, 0x00, 0x00, 0x00, 0x00, 0x00, 0x00, 0x00, 0xff, 0xff, 0xff, 
	0xff, 0xff, 0xff, 0x00, 0x00, 0x00, 0x00, 0x00, 0x00, 0x00, 0x00, 0x00, 0x00, 0x00, 0x00, 0x00, 
	0x00, 0x00, 0x00, 0x00, 0x00, 0x00, 0x00, 0x00, 0x00, 0xc0, 0xc0, 0xc0, 0xc0, 0xff, 0xff, 0xff, 
	0xff, 0xff, 0xff, 0xc0, 0xc0, 0xc0, 0xc0, 0x00, 0x00, 0x00, 0x00, 0x00, 0x00, 0x00, 0x00, 0x00, 
	0x00, 0x00, 0x00, 0x00, 0x00, 0x00, 0x00, 0x00, 0x00, 0x00, 0x01, 0x03, 0x07, 0x0f, 0x1f, 0x3f, 
	0x3f, 0x1f, 0x0f, 0x07, 0x03, 0x01, 0x00, 0x00, 0x00, 0x00, 0x00, 0x00, 0x00, 0x00, 0x00, 0x00
};
// 'long-arrow-alt-left', 32x32px
const unsigned char fas_32x32_fa_long_arrow_alt_left [] PROGMEM = {
	0x00, 0x00, 0x00, 0x00, 0x00, 0x00, 0x00, 0x00, 0x00, 0x00, 0x00, 0x00, 0x00, 0x00, 0x00, 0x00, 
	0x00, 0x00, 0x00, 0x00, 0x00, 0x00, 0x00, 0x00, 0x00, 0x00, 0x00, 0x00, 0x00, 0x00, 0x00, 0x00, 
	0x00, 0x00, 0x80, 0xc0, 0xe0, 0xf0, 0xf8, 0xfc, 0xfe, 0xfe, 0xe0, 0xc0, 0xe0, 0xe0, 0xe0, 0xe0, 
	0xe0, 0xe0, 0xe0, 0xe0, 0xe0, 0xe0, 0xe0, 0xe0, 0xe0, 0xe0, 0xe0, 0xe0, 0xe0, 0xc0, 0x00, 0x00, 
	0x00, 0x00, 0x01, 0x03, 0x07, 0x0f, 0x1f, 0x3f, 0x7f, 0x7f, 0x07, 0x03, 0x07, 0x07, 0x07, 0x07, 
	0x07, 0x07, 0x07, 0x07, 0x07, 0x07, 0x07, 0x07, 0x07, 0x07, 0x07, 0x07, 0x07, 0x03, 0x00, 0x00, 
	0x00, 0x00, 0x00, 0x00, 0x00, 0x00, 0x00, 0x00, 0x00, 0x00, 0x00, 0x00, 0x00, 0x00, 0x00, 0x00, 
	0x00, 0x00, 0x00, 0x00, 0x00, 0x00, 0x00, 0x00, 0x00, 0x00, 0x00, 0x00, 0x00, 0x00, 0x00, 0x00
};
// 'long-arrow-alt-right', 32x32px
const unsigned char fas_32x32_fa_long_arrow_alt_right [] PROGMEM = {
	0x00, 0x00, 0x00, 0x00, 0x00, 0x00, 0x00, 0x00, 0x00, 0x00, 0x00, 0x00, 0x00, 0x00, 0x00, 0x00, 
	0x00, 0x00, 0x00, 0x00, 0x00, 0x00, 0x00, 0x00, 0x00, 0x00, 0x00, 0x00, 0x00, 0x00, 0x00, 0x00, 
	0x00, 0x00, 0xc0, 0xe0, 0xe0, 0xe0, 0xe0, 0xe0, 0xe0, 0xe0, 0xe0, 0xe0, 0xe0, 0xe0, 0xe0, 0xe0, 
	0xe0, 0xe0, 0xe0, 0xe0, 0xc0, 0xe0, 0xfe, 0xfe, 0xfc, 0xf8, 0xf0, 0xe0, 0xc0, 0x80, 0x00, 0x00, 
	0x00, 0x00, 0x03, 0x07, 0x07, 0x07, 0x07, 0x07, 0x07, 0x07, 0x07, 0x07, 0x07, 0x07, 0x07, 0x07, 
	0x07, 0x07, 0x07, 0x07, 0x03, 0x07, 0x7f, 0x7f, 0x3f, 0x1f, 0x0f, 0x07, 0x03, 0x01, 0x00, 0x00, 
	0x00, 0x00, 0x00, 0x00, 0x00, 0x00, 0x00, 0x00, 0x00, 0x00, 0x00, 0x00, 0x00, 0x00, 0x00, 0x00, 
	0x00, 0x00, 0x00, 0x00, 0x00, 0x00, 0x00, 0x00, 0x00, 0x00, 0x00, 0x00, 0x00, 0x00, 0x00, 0x00
};
// 'long-arrow-alt-up', 32x32px
const unsigned char fas_32x32_fa_long_arrow_alt_up [] PROGMEM = {
	0x00, 0x00, 0x00, 0x00, 0x00, 0x00, 0x00, 0x00, 0x00, 0x00, 0x80, 0xc0, 0xe0, 0xf0, 0xf8, 0xfc, 
	0xfc, 0xf8, 0xf0, 0xe0, 0xc0, 0x80, 0x00, 0x00, 0x00, 0x00, 0x00, 0x00, 0x00, 0x00, 0x00, 0x00, 
	0x00, 0x00, 0x00, 0x00, 0x00, 0x00, 0x00, 0x00, 0x00, 0x03, 0x03, 0x03, 0x03, 0xff, 0xff, 0xff, 
	0xff, 0xff, 0xff, 0x03, 0x03, 0x03, 0x03, 0x00, 0x00, 0x00, 0x00, 0x00, 0x00, 0x00, 0x00, 0x00, 
	0x00, 0x00, 0x00, 0x00, 0x00, 0x00, 0x00, 0x00, 0x00, 0x00, 0x00, 0x00, 0x00, 0xff, 0xff, 0xff, 
	0xff, 0xff, 0xff, 0x00, 0x00, 0x00, 0x00, 0x00, 0x00, 0x00, 0x00, 0x00, 0x00, 0x00, 0x00, 0x00, 
	0x00, 0x00, 0x00, 0x00, 0x00, 0x00, 0x00, 0x00, 0x00, 0x00, 0x00, 0x00, 0x00, 0x1f, 0x3f, 0x3f, 
	0x3f, 0x3f, 0x1f, 0x00, 0x00, 0x00, 0x00, 0x00, 0x00, 0x00, 0x00, 0x00, 0x00, 0x00, 0x00, 0x00
};
// 'low-vision', 32x32px
const unsigned char fas_32x32_fa_low_vision [] PROGMEM = {
	0x00, 0x00, 0x00, 0x00, 0x00, 0x08, 0x3c, 0x7c, 0xfc, 0xf0, 0xe0, 0xc0, 0xc0, 0xc0, 0xc0, 0xc0, 
	0xc0, 0xc0, 0xc0, 0xc0, 0xc0, 0x80, 0x80, 0x80, 0x00, 0x00, 0x00, 0x00, 0x00, 0x00, 0x00, 0x00, 
	0xc0, 0xe0, 0xf0, 0x78, 0x3c, 0x7e, 0xfe, 0xff, 0xe3, 0xc3, 0x87, 0x1f, 0x3f, 0xff, 0xfd, 0xfd, 
	0xdd, 0x81, 0x01, 0x81, 0x83, 0xc7, 0x0f, 0xff, 0xff, 0xfe, 0xfe, 0xfc, 0xf8, 0xf0, 0xe0, 0xc0, 
	0x03, 0x07, 0x0f, 0x1f, 0x3e, 0x78, 0x70, 0xc1, 0x87, 0x0f, 0x3f, 0x7e, 0xfc, 0xf0, 0xe1, 0xc3, 
	0x0f, 0x1f, 0x7f, 0xff, 0xff, 0xf3, 0xf0, 0xff, 0xff, 0x7f, 0x7f, 0x3f, 0x1f, 0x0f, 0x07, 0x03, 
	0x00, 0x00, 0x00, 0x00, 0x00, 0x00, 0x00, 0x00, 0x01, 0x00, 0x00, 0x00, 0x01, 0x03, 0x03, 0x03, 
	0x03, 0x02, 0x00, 0x00, 0x01, 0x07, 0x0f, 0x3f, 0x3e, 0x3c, 0x10, 0x00, 0x00, 0x00, 0x00, 0x00
};
// 'luggage-cart', 32x32px
const unsigned char fas_32x32_fa_luggage_cart [] PROGMEM = {
	0x38, 0x38, 0x38, 0xf8, 0xf8, 0xf8, 0x00, 0x00, 0x00, 0x00, 0x00, 0x00, 0x00, 0x00, 0xe0, 0xf8, 
	0xf8, 0x18, 0x18, 0x18, 0x18, 0xb8, 0xf8, 0xf0, 0x00, 0x00, 0x00, 0x00, 0x00, 0x00, 0x00, 0x00, 
	0x00, 0x00, 0x00, 0xff, 0xff, 0xff, 0x00, 0x00, 0x00, 0x00, 0xff, 0xff, 0xff, 0x00, 0xff, 0xff, 
	0xff, 0xff, 0xff, 0xff, 0xff, 0xff, 0xff, 0xff, 0x00, 0x00, 0xff, 0xff, 0xfe, 0x00, 0x00, 0x00, 
	0x00, 0x00, 0x00, 0xff, 0xff, 0xff, 0xc0, 0x80, 0xc0, 0xc0, 0xc7, 0xc7, 0xc7, 0xc0, 0xc7, 0xc7, 
	0xc7, 0xc7, 0xc7, 0xc7, 0xc7, 0xc7, 0xc7, 0xc7, 0xc0, 0xc0, 0xc7, 0xc7, 0xc7, 0xc0, 0xc0, 0x80, 
	0x00, 0x00, 0x00, 0x01, 0x03, 0x03, 0x03, 0x03, 0x0f, 0x1f, 0x1f, 0x1f, 0x0f, 0x03, 0x03, 0x03, 
	0x03, 0x03, 0x03, 0x03, 0x03, 0x03, 0x07, 0x1f, 0x1f, 0x1f, 0x0f, 0x03, 0x03, 0x03, 0x03, 0x03
};
// 'lungs', 32x32px
const unsigned char fas_32x32_fa_lungs [] PROGMEM = {
	0x00, 0x00, 0x00, 0x00, 0x00, 0x00, 0x00, 0x00, 0x00, 0x00, 0x00, 0x00, 0x00, 0x00, 0x00, 0xf8, 
	0xf8, 0x00, 0x00, 0x00, 0x00, 0x00, 0x00, 0x00, 0x00, 0x00, 0x00, 0x00, 0x00, 0x00, 0x00, 0x00, 
	0x00, 0x00, 0x00, 0xc0, 0xf0, 0xf8, 0xfe, 0xff, 0xff, 0xff, 0xff, 0xfe, 0xfc, 0xc0, 0xe0, 0x7f, 
	0x7f, 0xe0, 0xc0, 0xfc, 0xfe, 0xff, 0xff, 0xff, 0xff, 0xfe, 0xf8, 0xf0, 0xc0, 0x00, 0x00, 0x00, 
	0xe0, 0xf8, 0xff, 0xff, 0xff, 0xff, 0xff, 0xff, 0xcf, 0xe7, 0xe7, 0xf3, 0xf1, 0x01, 0x00, 0x00, 
	0x00, 0x00, 0x01, 0xf1, 0xf3, 0xe7, 0xe7, 0xcf, 0xff, 0xff, 0xff, 0xff, 0xff, 0xff, 0xf8, 0xe0, 
	0x07, 0x0f, 0x0f, 0x1f, 0x1f, 0x1f, 0x1f, 0x1f, 0x0f, 0x0f, 0x07, 0x07, 0x01, 0x00, 0x00, 0x00, 
	0x00, 0x00, 0x00, 0x01, 0x07, 0x07, 0x0f, 0x0f, 0x1f, 0x1f, 0x1f, 0x1f, 0x1f, 0x0f, 0x0f, 0x07
};
// 'lungs-virus', 32x32px
const unsigned char fas_32x32_fa_lungs_virus [] PROGMEM = {
	0x00, 0x00, 0x00, 0x00, 0x00, 0x00, 0x00, 0x00, 0x00, 0x00, 0x00, 0x00, 0x00, 0x00, 0x00, 0xf8, 
	0xf8, 0x00, 0x00, 0x00, 0x00, 0x00, 0x00, 0x00, 0x00, 0x00, 0x00, 0x00, 0x00, 0x00, 0x00, 0x00, 
	0x00, 0x00, 0x00, 0xc0, 0xf0, 0xf8, 0xfe, 0xff, 0xff, 0x1f, 0x0f, 0xce, 0xcc, 0x80, 0x80, 0xf3, 
	0xf3, 0x80, 0x80, 0xcc, 0xce, 0x0f, 0x1f, 0xff, 0xff, 0xfe, 0xf8, 0xf0, 0xc0, 0x00, 0x00, 0x00, 
	0xe0, 0xf8, 0xff, 0xff, 0xff, 0xff, 0xff, 0xf3, 0xe1, 0x49, 0x0c, 0xdc, 0xff, 0xff, 0xfd, 0xff, 
	0xff, 0xcf, 0xff, 0xff, 0xdc, 0x0c, 0x49, 0xe1, 0xf3, 0xff, 0xff, 0xff, 0xff, 0xff, 0xf8, 0xe0, 
	0x07, 0x0f, 0x0f, 0x1f, 0x1f, 0x1f, 0x1f, 0x1f, 0x0f, 0x0e, 0x04, 0x01, 0x00, 0x00, 0x00, 0x03, 
	0x03, 0x00, 0x00, 0x00, 0x01, 0x04, 0x0e, 0x0f, 0x1f, 0x1f, 0x1f, 0x1f, 0x1f, 0x0f, 0x0f, 0x07
};
// 'magic', 32x32px
const unsigned char fas_32x32_fa_magic [] PROGMEM = {
	0x00, 0x30, 0x30, 0x78, 0xfe, 0xfe, 0x78, 0x30, 0x30, 0x00, 0x00, 0x00, 0x0c, 0x1e, 0x1e, 0x0c, 
	0x80, 0xc0, 0xe0, 0xf0, 0xf8, 0x7c, 0x3e, 0x1f, 0x1f, 0x1f, 0x3e, 0xfc, 0xf8, 0xf0, 0xe0, 0xc0, 
	0x00, 0x00, 0x00, 0x00, 0x01, 0x01, 0x00, 0x00, 0x80, 0xc0, 0xe0, 0xf0, 0xf8, 0xfc, 0xfe, 0xff, 
	0xff, 0xff, 0xff, 0xff, 0xf8, 0xf0, 0xf0, 0xf0, 0xf8, 0x7c, 0x3e, 0x1f, 0x0f, 0x07, 0x03, 0x01, 
	0x80, 0xc0, 0xe0, 0xf0, 0xf8, 0xfc, 0xfe, 0xff, 0xff, 0xff, 0xff, 0xff, 0xff, 0xff, 0xff, 0xff, 
	0xff, 0x7f, 0x3f, 0x1f, 0x0f, 0x07, 0x03, 0xc1, 0xc0, 0xe0, 0xf8, 0xf8, 0xe0, 0xc0, 0xc0, 0x00, 
	0x03, 0x07, 0x0f, 0x1f, 0x3f, 0x7f, 0xff, 0xff, 0xff, 0x7f, 0x3f, 0x1f, 0x0f, 0x07, 0x03, 0x01, 
	0x00, 0x00, 0x00, 0x00, 0x00, 0x00, 0x00, 0x00, 0x00, 0x01, 0x07, 0x07, 0x01, 0x00, 0x00, 0x00
};
// 'magnet', 32x32px
const unsigned char fas_32x32_fa_magnet [] PROGMEM = {
	0xfc, 0xfe, 0xfe, 0xfe, 0xfe, 0xfe, 0xfe, 0xfe, 0xfe, 0xfe, 0xfc, 0x00, 0x00, 0x00, 0x00, 0x00, 
	0x00, 0x00, 0x00, 0x00, 0x00, 0xfc, 0xfe, 0xfe, 0xfe, 0xfe, 0xfe, 0xfe, 0xfe, 0xfe, 0xfe, 0xfc, 
	0xf9, 0xf9, 0xf9, 0xf9, 0xf9, 0xf9, 0xf9, 0xf9, 0xf9, 0xf9, 0xf9, 0x00, 0x00, 0x00, 0x00, 0x00, 
	0x00, 0x00, 0x00, 0x00, 0x00, 0xf9, 0xf9, 0xf9, 0xf9, 0xf9, 0xf9, 0xf9, 0xf9, 0xf9, 0xf9, 0xf9, 
	0x0f, 0x3f, 0xff, 0xff, 0xff, 0xff, 0xff, 0xff, 0xff, 0xff, 0xff, 0xfc, 0xf0, 0xf0, 0xe0, 0xe0, 
	0xe0, 0xe0, 0xf0, 0xf0, 0xfc, 0xff, 0xff, 0xff, 0xff, 0xff, 0xff, 0xff, 0xff, 0xff, 0x3f, 0x0f, 
	0x00, 0x00, 0x00, 0x01, 0x03, 0x07, 0x0f, 0x0f, 0x1f, 0x1f, 0x3f, 0x3f, 0x3f, 0x7f, 0x7f, 0x7f, 
	0x7f, 0x7f, 0x7f, 0x3f, 0x3f, 0x3f, 0x1f, 0x1f, 0x0f, 0x0f, 0x07, 0x03, 0x01, 0x00, 0x00, 0x00
};
// 'mail-bulk', 32x32px
const unsigned char fas_32x32_fa_mail_bulk [] PROGMEM = {
	0x00, 0x00, 0x00, 0x00, 0xfc, 0xfc, 0xfc, 0xfc, 0xfc, 0xfc, 0xfc, 0xfc, 0xfc, 0xfc, 0xfc, 0xfc, 
	0xfc, 0xfc, 0xfc, 0xfc, 0xfc, 0xfc, 0xfc, 0xfc, 0xf8, 0x00, 0x00, 0x00, 0x00, 0x00, 0x00, 0x00, 
	0x00, 0x00, 0x00, 0x00, 0x3f, 0x3f, 0x3f, 0x3f, 0x3f, 0x07, 0x03, 0x39, 0x39, 0x39, 0x39, 0x39, 
	0x39, 0x79, 0x79, 0xf9, 0xf9, 0xf9, 0xf9, 0xf9, 0xf9, 0x38, 0x38, 0x38, 0xf8, 0xf8, 0xf8, 0xf8, 
	0xe7, 0xcf, 0x9f, 0x9f, 0x3f, 0x7f, 0x7f, 0xff, 0xff, 0xff, 0xff, 0x7f, 0x7f, 0x3f, 0x9f, 0x9f, 
	0xcf, 0xe6, 0x00, 0x01, 0xff, 0xff, 0xff, 0xff, 0xff, 0xfc, 0xfc, 0xfc, 0xff, 0xff, 0xff, 0xff, 
	0x3f, 0x3f, 0x3f, 0x3f, 0x3f, 0x3e, 0x3c, 0x3c, 0x3d, 0x3d, 0x3c, 0x3e, 0x3e, 0x3f, 0x3f, 0x3f, 
	0x3f, 0x1f, 0x00, 0x00, 0x01, 0x01, 0x01, 0x01, 0x01, 0x01, 0x01, 0x01, 0x01, 0x01, 0x01, 0x00
};
// 'male', 32x32px
const unsigned char fas_32x32_fa_male [] PROGMEM = {
	0x00, 0x00, 0x00, 0x00, 0x00, 0x00, 0x00, 0x00, 0x00, 0x00, 0x00, 0x00, 0x3c, 0x7e, 0xff, 0xff, 
	0xff, 0xff, 0x7e, 0x3c, 0x00, 0x00, 0x00, 0x00, 0x00, 0x00, 0x00, 0x00, 0x00, 0x00, 0x00, 0x00, 
	0x00, 0x00, 0x00, 0x00, 0x00, 0x00, 0x00, 0x00, 0x00, 0x00, 0xfc, 0xfe, 0xfe, 0xfe, 0xfe, 0xfe, 
	0xfe, 0xfe, 0xfe, 0xfe, 0xfe, 0xfc, 0x00, 0x00, 0x00, 0x00, 0x00, 0x00, 0x00, 0x00, 0x00, 0x00, 
	0x00, 0x00, 0x00, 0x00, 0x00, 0x00, 0x00, 0x00, 0x00, 0x00, 0x3f, 0x3f, 0xff, 0xff, 0xff, 0xff, 
	0xff, 0xff, 0xff, 0xff, 0x3f, 0x3f, 0x00, 0x00, 0x00, 0x00, 0x00, 0x00, 0x00, 0x00, 0x00, 0x00, 
	0x00, 0x00, 0x00, 0x00, 0x00, 0x00, 0x00, 0x00, 0x00, 0x00, 0x00, 0x00, 0x3f, 0xff, 0xff, 0xff, 
	0xff, 0xff, 0xff, 0x3f, 0x00, 0x00, 0x00, 0x00, 0x00, 0x00, 0x00, 0x00, 0x00, 0x00, 0x00, 0x00
};
// 'map', 32x32px
const unsigned char fas_32x32_fa_map [] PROGMEM = {
	0x80, 0x80, 0xc0, 0xc0, 0xe0, 0xe0, 0xe0, 0xf0, 0xf0, 0x00, 0x00, 0xf0, 0xf0, 0xe0, 0xe0, 0xe0, 
	0xc0, 0xc0, 0xc0, 0x80, 0x80, 0x00, 0x00, 0x80, 0x80, 0xc0, 0xc0, 0xe0, 0xe0, 0xf0, 0xf0, 0xf0, 
	0xff, 0xff, 0xff, 0xff, 0xff, 0xff, 0xff, 0xff, 0xff, 0x00, 0x00, 0xff, 0xff, 0xff, 0xff, 0xff, 
	0xff, 0xff, 0xff, 0xff, 0xff, 0x00, 0x00, 0xff, 0xff, 0xff, 0xff, 0xff, 0xff, 0xff, 0xff, 0xff, 
	0xff, 0xff, 0xff, 0xff, 0xff, 0xff, 0xff, 0xff, 0xff, 0x00, 0x00, 0xff, 0xff, 0xff, 0xff, 0xff, 
	0xff, 0xff, 0xff, 0xff, 0xff, 0x00, 0x00, 0xff, 0xff, 0xff, 0xff, 0xff, 0xff, 0xff, 0xff, 0xff, 
	0x0f, 0x0f, 0x0f, 0x07, 0x07, 0x03, 0x03, 0x01, 0x01, 0x00, 0x00, 0x01, 0x01, 0x03, 0x03, 0x03, 
	0x07, 0x07, 0x07, 0x0f, 0x0f, 0x00, 0x00, 0x0f, 0x0f, 0x07, 0x07, 0x07, 0x03, 0x03, 0x01, 0x01
};
// 'map-marked', 32x32px
const unsigned char fas_32x32_fa_map_marked [] PROGMEM = {
	0x00, 0x00, 0x00, 0x00, 0x00, 0x00, 0x00, 0x00, 0x00, 0xc0, 0xe0, 0xf0, 0xf8, 0xfc, 0xfc, 0xfc, 
	0xfc, 0xfc, 0xfc, 0xf8, 0xf0, 0xe0, 0xc0, 0x00, 0x00, 0x00, 0x00, 0x00, 0x00, 0x00, 0x00, 0x00, 
	0xc0, 0xc0, 0xe0, 0xe0, 0xf0, 0xf0, 0xf0, 0xf8, 0xe0, 0x07, 0x1f, 0x7f, 0xff, 0xff, 0xff, 0xff, 
	0xff, 0xff, 0xff, 0xff, 0x7f, 0x1f, 0x07, 0xc0, 0xc0, 0xe0, 0xe0, 0xf0, 0xf0, 0xf8, 0xf8, 0xf8, 
	0xff, 0xff, 0xff, 0xff, 0xff, 0xff, 0xff, 0xff, 0xff, 0x00, 0x00, 0xfc, 0xf8, 0xf1, 0xe7, 0xcf, 
	0xcf, 0xe7, 0xf1, 0xf8, 0xfc, 0x00, 0x00, 0xff, 0xff, 0xff, 0xff, 0xff, 0xff, 0xff, 0xff, 0xff, 
	0x3f, 0x3f, 0x1f, 0x1f, 0x1f, 0x0f, 0x0f, 0x07, 0x07, 0x00, 0x00, 0x07, 0x07, 0x07, 0x0f, 0x0f, 
	0x0f, 0x1f, 0x1f, 0x3f, 0x3f, 0x00, 0x00, 0x3f, 0x3f, 0x1f, 0x1f, 0x0f, 0x0f, 0x0f, 0x07, 0x07
};
// 'map-marked-alt', 32x32px
const unsigned char fas_32x32_fa_map_marked_alt [] PROGMEM = {
	0x00, 0x00, 0x00, 0x00, 0x00, 0x00, 0x00, 0x00, 0x00, 0xc0, 0xe0, 0xf0, 0xf8, 0xfc, 0x7c, 0x7c, 
	0x7c, 0x7c, 0xfc, 0xf8, 0xf0, 0xe0, 0xc0, 0x00, 0x00, 0x00, 0x00, 0x00, 0x00, 0x00, 0x00, 0x00, 
	0xc0, 0xc0, 0xe0, 0xe0, 0xf0, 0xf0, 0xf0, 0xf8, 0xe0, 0x07, 0x1f, 0x7f, 0xff, 0xff, 0xf8, 0xf8, 
	0xf8, 0xf8, 0xff, 0xff, 0x7f, 0x1f, 0x07, 0xc0, 0xc0, 0xe0, 0xe0, 0xf0, 0xf0, 0xf8, 0xf8, 0xf8, 
	0xff, 0xff, 0xff, 0xff, 0xff, 0xff, 0xff, 0xff, 0xff, 0x00, 0x00, 0xfc, 0xf8, 0xf1, 0xe7, 0xcf, 
	0xcf, 0xe7, 0xf1, 0xf8, 0xfc, 0x00, 0x00, 0xff, 0xff, 0xff, 0xff, 0xff, 0xff, 0xff, 0xff, 0xff, 
	0x3f, 0x3f, 0x1f, 0x1f, 0x1f, 0x0f, 0x0f, 0x07, 0x07, 0x00, 0x00, 0x07, 0x07, 0x07, 0x0f, 0x0f, 
	0x0f, 0x1f, 0x1f, 0x3f, 0x3f, 0x00, 0x00, 0x3f, 0x3f, 0x1f, 0x1f, 0x0f, 0x0f, 0x0f, 0x07, 0x07
};
// 'map-marker', 32x32px
const unsigned char fas_32x32_fa_map_marker [] PROGMEM = {
	0x00, 0x00, 0x00, 0x00, 0x00, 0xc0, 0xe0, 0xf8, 0xf8, 0xfc, 0xfe, 0xfe, 0xff, 0xff, 0xff, 0xff, 
	0xff, 0xff, 0xff, 0xff, 0xfe, 0xfe, 0xfc, 0xf8, 0xf8, 0xe0, 0xc0, 0x00, 0x00, 0x00, 0x00, 0x00, 
	0x00, 0x00, 0x00, 0x00, 0xff, 0xff, 0xff, 0xff, 0xff, 0xff, 0xff, 0xff, 0xff, 0xff, 0xff, 0xff, 
	0xff, 0xff, 0xff, 0xff, 0xff, 0xff, 0xff, 0xff, 0xff, 0xff, 0xff, 0xff, 0x00, 0x00, 0x00, 0x00, 
	0x00, 0x00, 0x00, 0x00, 0x00, 0x03, 0x07, 0x1f, 0x3f, 0xff, 0xff, 0xff, 0xff, 0xff, 0xff, 0xff, 
	0xff, 0xff, 0xff, 0xff, 0xff, 0xff, 0xff, 0x3f, 0x1f, 0x07, 0x03, 0x00, 0x00, 0x00, 0x00, 0x00, 
	0x00, 0x00, 0x00, 0x00, 0x00, 0x00, 0x00, 0x00, 0x00, 0x00, 0x01, 0x07, 0x0f, 0x3f, 0x7f, 0xff, 
	0xff, 0x7f, 0x3f, 0x0f, 0x07, 0x01, 0x00, 0x00, 0x00, 0x00, 0x00, 0x00, 0x00, 0x00, 0x00, 0x00
};
// 'map-marker-alt', 32x32px
const unsigned char fas_32x32_fa_map_marker_alt [] PROGMEM = {
	0x00, 0x00, 0x00, 0x00, 0x00, 0xc0, 0xe0, 0xf8, 0xf8, 0xfc, 0xfe, 0xfe, 0xff, 0xff, 0x7f, 0x7f, 
	0x7f, 0x7f, 0xff, 0xff, 0xfe, 0xfe, 0xfc, 0xf8, 0xf8, 0xe0, 0xc0, 0x00, 0x00, 0x00, 0x00, 0x00, 
	0x00, 0x00, 0x00, 0x00, 0xff, 0xff, 0xff, 0xff, 0xff, 0xff, 0xff, 0xc3, 0x81, 0x00, 0x00, 0x00, 
	0x00, 0x00, 0x00, 0x81, 0xc3, 0xff, 0xff, 0xff, 0xff, 0xff, 0xff, 0xff, 0x00, 0x00, 0x00, 0x00, 
	0x00, 0x00, 0x00, 0x00, 0x00, 0x03, 0x07, 0x1f, 0x3f, 0xff, 0xff, 0xff, 0xff, 0xff, 0xfe, 0xfe, 
	0xfe, 0xfe, 0xff, 0xff, 0xff, 0xff, 0xff, 0x3f, 0x1f, 0x07, 0x03, 0x00, 0x00, 0x00, 0x00, 0x00, 
	0x00, 0x00, 0x00, 0x00, 0x00, 0x00, 0x00, 0x00, 0x00, 0x00, 0x01, 0x07, 0x0f, 0x3f, 0x7f, 0xff, 
	0xff, 0x7f, 0x3f, 0x0f, 0x07, 0x01, 0x00, 0x00, 0x00, 0x00, 0x00, 0x00, 0x00, 0x00, 0x00, 0x00
};
// 'map-pin', 32x32px
const unsigned char fas_32x32_fa_map_pin [] PROGMEM = {
	0x00, 0x00, 0x00, 0x00, 0x00, 0x00, 0x00, 0xc0, 0xf0, 0xf8, 0xfc, 0x3e, 0x9e, 0xcf, 0xe7, 0xe7, 
	0xff, 0xff, 0xff, 0xfe, 0xfe, 0xfc, 0xf8, 0xf0, 0xc0, 0x00, 0x00, 0x00, 0x00, 0x00, 0x00, 0x00, 
	0x00, 0x00, 0x00, 0x00, 0x00, 0x00, 0x00, 0x0f, 0x3f, 0x7f, 0xfe, 0xfe, 0xff, 0xff, 0xff, 0xff, 
	0xff, 0xff, 0xff, 0xff, 0xff, 0xff, 0x7f, 0x3f, 0x0f, 0x00, 0x00, 0x00, 0x00, 0x00, 0x00, 0x00, 
	0x00, 0x00, 0x00, 0x00, 0x00, 0x00, 0x00, 0x00, 0x00, 0x00, 0x00, 0x01, 0x01, 0x03, 0xf3, 0xf3, 
	0xf3, 0xf3, 0x03, 0x01, 0x01, 0x00, 0x00, 0x00, 0x00, 0x00, 0x00, 0x00, 0x00, 0x00, 0x00, 0x00, 
	0x00, 0x00, 0x00, 0x00, 0x00, 0x00, 0x00, 0x00, 0x00, 0x00, 0x00, 0x00, 0x00, 0x00, 0x3f, 0xff, 
	0xff, 0x3f, 0x00, 0x00, 0x00, 0x00, 0x00, 0x00, 0x00, 0x00, 0x00, 0x00, 0x00, 0x00, 0x00, 0x00
};
// 'map-signs', 32x32px
const unsigned char fas_32x32_fa_map_signs [] PROGMEM = {
	0x00, 0x00, 0xfc, 0xfc, 0xfc, 0xfc, 0xfc, 0xfc, 0xfc, 0xfc, 0xfc, 0xfc, 0xfc, 0xfc, 0xff, 0xff, 
	0xff, 0xff, 0xfc, 0xfc, 0xfc, 0xfc, 0xfc, 0xfc, 0xfc, 0xfc, 0xfc, 0xfc, 0xfc, 0xf8, 0xf0, 0x60, 
	0x00, 0x00, 0x83, 0xc3, 0xc3, 0xc3, 0xc3, 0xc3, 0xc3, 0xc3, 0xc3, 0xc3, 0xc3, 0xc3, 0xf3, 0xf3, 
	0xf3, 0xf3, 0xc3, 0xc3, 0xc3, 0xc3, 0xc3, 0xc3, 0xc3, 0xc3, 0xc3, 0xc3, 0xc3, 0xc1, 0x00, 0x00, 
	0x06, 0x0f, 0x1f, 0x3f, 0x3f, 0x3f, 0x3f, 0x3f, 0x3f, 0x3f, 0x3f, 0x3f, 0x3f, 0x3f, 0x3f, 0x3f, 
	0x3f, 0x3f, 0x3f, 0x3f, 0x3f, 0x3f, 0x3f, 0x3f, 0x3f, 0x3f, 0x3f, 0x3f, 0x3f, 0x3f, 0x00, 0x00, 
	0x00, 0x00, 0x00, 0x00, 0x00, 0x00, 0x00, 0x00, 0x00, 0x00, 0x00, 0x00, 0x00, 0x00, 0xff, 0xff, 
	0xff, 0xff, 0x00, 0x00, 0x00, 0x00, 0x00, 0x00, 0x00, 0x00, 0x00, 0x00, 0x00, 0x00, 0x00, 0x00
};
// 'marker', 32x32px
const unsigned char fas_32x32_fa_marker [] PROGMEM = {
	0x00, 0x00, 0x00, 0x00, 0x00, 0x00, 0x00, 0x00, 0x00, 0xc0, 0xe0, 0xf0, 0xf8, 0xfc, 0x7e, 0x3f, 
	0x9f, 0xdf, 0xff, 0xfe, 0xfc, 0xfc, 0xfe, 0xfe, 0xff, 0xff, 0xff, 0xff, 0xff, 0xfe, 0xfc, 0xf8, 
	0x00, 0x00, 0x00, 0x00, 0x00, 0x00, 0x00, 0x00, 0x80, 0xc3, 0xc3, 0xc3, 0x99, 0x3c, 0x7e, 0xff, 
	0xff, 0xff, 0xff, 0xff, 0xff, 0xff, 0xff, 0xff, 0xff, 0x7f, 0x3f, 0x1f, 0x0f, 0x07, 0x03, 0x00, 
	0x00, 0x00, 0xc0, 0xe0, 0xf0, 0xfc, 0xfe, 0xff, 0xff, 0xff, 0xff, 0xff, 0xff, 0xff, 0xfe, 0xfc, 
	0xf9, 0x73, 0x07, 0x0f, 0x0f, 0x07, 0x03, 0x01, 0x00, 0x00, 0x00, 0x00, 0x00, 0x00, 0x00, 0x00, 
	0xf8, 0xfe, 0xff, 0xff, 0xff, 0x7f, 0x7f, 0x3f, 0x3f, 0x3f, 0x1f, 0x0f, 0x07, 0x07, 0x03, 0x01, 
	0x00, 0x00, 0x00, 0x00, 0x00, 0x00, 0x00, 0x00, 0x00, 0x00, 0x00, 0x00, 0x00, 0x00, 0x00, 0x00
};
// 'mars', 32x32px
const unsigned char fas_32x32_fa_mars [] PROGMEM = {
	0x00, 0x00, 0x00, 0x00, 0x00, 0x00, 0x00, 0x00, 0x00, 0x00, 0x00, 0x00, 0x00, 0x00, 0x00, 0x00, 
	0x00, 0x00, 0x00, 0x00, 0x00, 0x00, 0xf0, 0xf0, 0xf0, 0xf0, 0xf0, 0xf0, 0x00, 0x00, 0x00, 0x00, 
	0x00, 0x00, 0x00, 0x00, 0x00, 0xc0, 0xe0, 0xf0, 0xf8, 0xf8, 0x7c, 0x3c, 0x3c, 0x3c, 0x3c, 0x7c, 
	0xf8, 0xf8, 0xf8, 0xfc, 0xfe, 0x1f, 0x0f, 0x07, 0x03, 0x03, 0x03, 0x03, 0x00, 0x00, 0x00, 0x00, 
	0x00, 0x00, 0x00, 0x00, 0x3f, 0xff, 0xff, 0xff, 0xe1, 0xc0, 0x80, 0x00, 0x00, 0x00, 0x00, 0x80, 
	0xc0, 0xe1, 0xff, 0xff, 0xff, 0x3f, 0x00, 0x00, 0x00, 0x00, 0x00, 0x00, 0x00, 0x00, 0x00, 0x00, 
	0x00, 0x00, 0x00, 0x00, 0x00, 0x00, 0x01, 0x03, 0x07, 0x07, 0x0f, 0x0f, 0x0f, 0x0f, 0x0f, 0x0f, 
	0x07, 0x07, 0x03, 0x01, 0x00, 0x00, 0x00, 0x00, 0x00, 0x00, 0x00, 0x00, 0x00, 0x00, 0x00, 0x00
};
// 'mars-double', 32x32px
const unsigned char fas_32x32_fa_mars_double [] PROGMEM = {
	0x00, 0x00, 0x80, 0xc0, 0xe0, 0xe0, 0xf0, 0xf0, 0xf0, 0xf0, 0xf0, 0xf0, 0xe0, 0xe0, 0xe0, 0xf0, 
	0xff, 0x7f, 0x3f, 0x3f, 0x3f, 0x3f, 0x00, 0x00, 0x00, 0x00, 0x00, 0x00, 0x00, 0x00, 0x00, 0x00, 
	0xfc, 0xff, 0xff, 0xff, 0x87, 0x03, 0x01, 0x00, 0x00, 0x00, 0x00, 0x01, 0x03, 0x87, 0xff, 0xff, 
	0xff, 0xfc, 0x00, 0x00, 0xc0, 0xc0, 0x80, 0x80, 0x80, 0xc0, 0xfc, 0xfc, 0xfc, 0xfc, 0xfc, 0xfc, 
	0x00, 0x03, 0x07, 0x0f, 0x1f, 0x1f, 0x3e, 0x3c, 0x3c, 0x3c, 0x3c, 0x3e, 0x9f, 0x9f, 0x0f, 0x07, 
	0x03, 0x00, 0x00, 0x03, 0x03, 0x07, 0x0f, 0x1f, 0xff, 0xff, 0xff, 0xf1, 0x00, 0x00, 0x00, 0x00, 
	0x00, 0x00, 0x00, 0x00, 0x00, 0x00, 0x00, 0x00, 0x00, 0x00, 0x03, 0x0f, 0x1f, 0x3f, 0x7e, 0x7c, 
	0xf8, 0xf0, 0xf0, 0xf0, 0xf0, 0xf8, 0x7c, 0x7e, 0x3f, 0x1f, 0x0f, 0x03, 0x00, 0x00, 0x00, 0x00
};
// 'mars-stroke', 32x32px
const unsigned char fas_32x32_fa_mars_stroke [] PROGMEM = {
	0x00, 0x00, 0x00, 0x00, 0x00, 0x00, 0x00, 0x00, 0x00, 0x00, 0x00, 0x00, 0x00, 0x00, 0x00, 0x00, 
	0x00, 0x00, 0x00, 0x80, 0xc0, 0x80, 0xf0, 0xf0, 0xf0, 0xf0, 0xf0, 0xf0, 0x00, 0x00, 0x00, 0x00, 
	0x00, 0x00, 0x00, 0x00, 0x00, 0xc0, 0xe0, 0xf0, 0xf8, 0xf8, 0x7c, 0x3c, 0x3c, 0x3c, 0x3c, 0x7c, 
	0xf8, 0xf8, 0xff, 0xff, 0xff, 0x3f, 0x3f, 0x3f, 0x1f, 0x0b, 0x03, 0x03, 0x00, 0x00, 0x00, 0x00, 
	0x00, 0x00, 0x00, 0x00, 0x3f, 0xff, 0xff, 0xff, 0xe1, 0xc0, 0x80, 0x00, 0x00, 0x00, 0x00, 0x80, 
	0xc0, 0xe1, 0xff, 0xff, 0xff, 0x3f, 0x00, 0x00, 0x00, 0x00, 0x00, 0x00, 0x00, 0x00, 0x00, 0x00, 
	0x00, 0x00, 0x00, 0x00, 0x00, 0x00, 0x01, 0x03, 0x07, 0x07, 0x0f, 0x0f, 0x0f, 0x0f, 0x0f, 0x0f, 
	0x07, 0x07, 0x03, 0x01, 0x00, 0x00, 0x00, 0x00, 0x00, 0x00, 0x00, 0x00, 0x00, 0x00, 0x00, 0x00
};
// 'mars-stroke-h', 32x32px
const unsigned char fas_32x32_fa_mars_stroke_h [] PROGMEM = {
	0x00, 0x00, 0x00, 0x00, 0x00, 0x00, 0x00, 0x80, 0x80, 0x80, 0x80, 0x80, 0x80, 0x00, 0x00, 0x00, 
	0x00, 0x00, 0x00, 0x00, 0x00, 0x00, 0x00, 0x00, 0x00, 0x00, 0x00, 0x00, 0x00, 0x00, 0x00, 0x00, 
	0x00, 0xe0, 0xf8, 0xfc, 0xfe, 0x3f, 0x1f, 0x0f, 0x07, 0x07, 0x07, 0x07, 0x0f, 0x1f, 0x3f, 0xfe, 
	0xfc, 0xf8, 0xe0, 0xc0, 0xe0, 0xf0, 0xf0, 0xf0, 0xe0, 0xc0, 0xf0, 0xf0, 0xe0, 0xc0, 0x80, 0x00, 
	0x00, 0x07, 0x1f, 0x3f, 0x7f, 0xfc, 0xf8, 0xf0, 0xe0, 0xe0, 0xe0, 0xe0, 0xf0, 0xf8, 0xfc, 0x7f, 
	0x3f, 0x1f, 0x07, 0x03, 0x07, 0x0f, 0x0f, 0x0f, 0x07, 0x03, 0x0f, 0x0f, 0x07, 0x03, 0x01, 0x00, 
	0x00, 0x00, 0x00, 0x00, 0x00, 0x00, 0x00, 0x01, 0x01, 0x01, 0x01, 0x01, 0x01, 0x00, 0x00, 0x00, 
	0x00, 0x00, 0x00, 0x00, 0x00, 0x00, 0x00, 0x00, 0x00, 0x00, 0x00, 0x00, 0x00, 0x00, 0x00, 0x00
};
// 'mars-stroke-v', 32x32px
const unsigned char fas_32x32_fa_mars_stroke_v [] PROGMEM = {
	0x00, 0x00, 0x00, 0x00, 0x00, 0x00, 0x00, 0x00, 0x00, 0x00, 0x00, 0x00, 0x98, 0x9c, 0xfe, 0xff, 
	0xff, 0xfe, 0x9c, 0x98, 0x00, 0x00, 0x00, 0x00, 0x00, 0x00, 0x00, 0x00, 0x00, 0x00, 0x00, 0x00, 
	0x00, 0x00, 0x00, 0x00, 0x00, 0x00, 0x00, 0x00, 0x00, 0x80, 0xc0, 0xe0, 0xe7, 0xf7, 0xff, 0xff, 
	0xff, 0xff, 0xf7, 0xe7, 0xe0, 0xc0, 0x80, 0x00, 0x00, 0x00, 0x00, 0x00, 0x00, 0x00, 0x00, 0x00, 
	0x00, 0x00, 0x00, 0x00, 0x00, 0x00, 0x00, 0xfc, 0xff, 0xff, 0xff, 0x87, 0x03, 0x01, 0x00, 0x00, 
	0x00, 0x00, 0x01, 0x03, 0x87, 0xff, 0xff, 0xff, 0xfc, 0x00, 0x00, 0x00, 0x00, 0x00, 0x00, 0x00, 
	0x00, 0x00, 0x00, 0x00, 0x00, 0x00, 0x00, 0x00, 0x03, 0x07, 0x0f, 0x1f, 0x1f, 0x3e, 0x3c, 0x3c, 
	0x3c, 0x3c, 0x3e, 0x1f, 0x1f, 0x0f, 0x07, 0x03, 0x00, 0x00, 0x00, 0x00, 0x00, 0x00, 0x00, 0x00
};
// 'mask', 32x32px
const unsigned char fas_32x32_fa_mask [] PROGMEM = {
	0x00, 0x00, 0x00, 0x00, 0x00, 0x00, 0x00, 0x00, 0x80, 0x80, 0x80, 0x80, 0xc0, 0xc0, 0xc0, 0xc0, 
	0xc0, 0xc0, 0xc0, 0xc0, 0x80, 0x80, 0x80, 0x80, 0x80, 0x00, 0x00, 0x00, 0x00, 0x00, 0x00, 0x00, 
	0xc0, 0xf0, 0xf8, 0xfc, 0xfe, 0x7f, 0x3f, 0x3f, 0x1f, 0x1f, 0x3f, 0x3f, 0x7f, 0xff, 0xff, 0xff, 
	0xff, 0xff, 0xff, 0x7f, 0x3f, 0x3f, 0x1f, 0x1f, 0x3f, 0x3f, 0x7f, 0xfe, 0xfc, 0xfc, 0xf0, 0xe0, 
	0x0f, 0x3f, 0x7f, 0xff, 0xff, 0xfe, 0xfc, 0xfc, 0xf8, 0xf8, 0xfc, 0xfc, 0xfe, 0x7f, 0x1f, 0x0f, 
	0x0f, 0x1f, 0x3f, 0xfe, 0xfc, 0xfc, 0xf8, 0xf8, 0xfc, 0xfc, 0xfe, 0xff, 0xff, 0x7f, 0x3f, 0x0f, 
	0x00, 0x00, 0x00, 0x00, 0x01, 0x01, 0x03, 0x03, 0x03, 0x03, 0x01, 0x01, 0x00, 0x00, 0x00, 0x00, 
	0x00, 0x00, 0x00, 0x00, 0x01, 0x01, 0x03, 0x03, 0x03, 0x03, 0x01, 0x01, 0x00, 0x00, 0x00, 0x00
};
// 'medal', 32x32px
const unsigned char fas_32x32_fa_medal [] PROGMEM = {
	0x03, 0x0f, 0x1f, 0x3f, 0xff, 0xff, 0xff, 0xff, 0xff, 0xfe, 0xfc, 0xf0, 0xc0, 0x80, 0x00, 0x00, 
	0x00, 0x00, 0x80, 0xc0, 0xf0, 0xfc, 0xfe, 0xff, 0xff, 0xff, 0xff, 0xff, 0x3f, 0x1f, 0x0f, 0x03, 
	0x00, 0x00, 0x00, 0x00, 0x00, 0x01, 0x87, 0xc7, 0xe3, 0xf3, 0xf9, 0xf9, 0xf9, 0xfc, 0xfc, 0x7c, 
	0x7c, 0xfc, 0xfc, 0xf9, 0xf9, 0xf9, 0xf3, 0xe3, 0xc7, 0x87, 0x01, 0x00, 0x00, 0x00, 0x00, 0x00, 
	0x00, 0x00, 0x00, 0x00, 0x00, 0xfc, 0xff, 0xff, 0xff, 0xff, 0xf7, 0xe7, 0x43, 0x03, 0x01, 0x00, 
	0x00, 0x01, 0x03, 0x43, 0xe7, 0xf7, 0xff, 0xff, 0xff, 0xff, 0xfc, 0x00, 0x00, 0x00, 0x00, 0x00, 
	0x00, 0x00, 0x00, 0x00, 0x00, 0x00, 0x07, 0x0f, 0x1f, 0x3f, 0x7f, 0x7f, 0xfc, 0xfc, 0xfe, 0xfe, 
	0xfe, 0xfe, 0xfc, 0xfc, 0x7f, 0x7f, 0x3f, 0x1f, 0x0f, 0x07, 0x00, 0x00, 0x00, 0x00, 0x00, 0x00
};
// 'medkit', 32x32px
const unsigned char fas_32x32_fa_medkit [] PROGMEM = {
	0x00, 0x00, 0x00, 0x00, 0x00, 0x00, 0x00, 0x00, 0xf8, 0xfc, 0xfc, 0xfc, 0x3c, 0x3c, 0x3c, 0x3c, 
	0x3c, 0x3c, 0x3c, 0x3c, 0xfc, 0xfc, 0xfc, 0xf8, 0x00, 0x00, 0x00, 0x00, 0x00, 0x00, 0x00, 0x00, 
	0xfe, 0xff, 0xff, 0xff, 0x00, 0x00, 0xff, 0xff, 0xff, 0xff, 0xff, 0xff, 0xff, 0xff, 0x0f, 0x0f, 
	0x0f, 0x0f, 0xff, 0xff, 0xff, 0xff, 0xff, 0xff, 0xff, 0xff, 0x00, 0x00, 0xff, 0xff, 0xff, 0xfe, 
	0xff, 0xff, 0xff, 0xff, 0x00, 0x00, 0xff, 0xff, 0xff, 0xff, 0xf0, 0xf0, 0xf0, 0xf0, 0x00, 0x00, 
	0x00, 0x00, 0xf0, 0xf0, 0xf0, 0xf0, 0xff, 0xff, 0xff, 0xff, 0x00, 0x00, 0xff, 0xff, 0xff, 0xff, 
	0x1f, 0x3f, 0x3f, 0x3f, 0x00, 0x00, 0x3f, 0x3f, 0x3f, 0x3f, 0x3f, 0x3f, 0x3f, 0x3f, 0x3f, 0x3f, 
	0x3f, 0x3f, 0x3f, 0x3f, 0x3f, 0x3f, 0x3f, 0x3f, 0x3f, 0x3f, 0x00, 0x00, 0x3f, 0x3f, 0x3f, 0x1f
};
// 'meh', 32x32px
const unsigned char fas_32x32_fa_meh [] PROGMEM = {
	0x00, 0x00, 0x00, 0x80, 0xc0, 0xe0, 0xf0, 0xf8, 0xf8, 0xfc, 0xfc, 0xfe, 0xfe, 0xfe, 0xfe, 0xff, 
	0xff, 0xff, 0xfe, 0xfe, 0xfe, 0xfe, 0xfc, 0xfc, 0xf8, 0xf8, 0xf0, 0xe0, 0xc0, 0x80, 0x00, 0x00, 
	0x00, 0xf0, 0xfe, 0xff, 0xff, 0xff, 0xff, 0xff, 0xff, 0xff, 0x87, 0x87, 0x87, 0xff, 0xff, 0xff, 
	0xff, 0xff, 0xff, 0xff, 0x87, 0x87, 0x87, 0xff, 0xff, 0xff, 0xff, 0xff, 0xff, 0xff, 0xfe, 0xf0, 
	0x00, 0x0f, 0x7f, 0xff, 0xff, 0xff, 0xff, 0xff, 0xff, 0xff, 0x9f, 0x9f, 0x9f, 0x9f, 0x9f, 0x9f, 
	0x9f, 0x9f, 0x9f, 0x9f, 0x9f, 0x9f, 0x9f, 0xff, 0xff, 0xff, 0xff, 0xff, 0xff, 0xff, 0x7f, 0x0f, 
	0x00, 0x00, 0x00, 0x01, 0x03, 0x07, 0x0f, 0x1f, 0x1f, 0x3f, 0x3f, 0x7f, 0x7f, 0x7f, 0x7f, 0xff, 
	0xff, 0xff, 0x7f, 0x7f, 0x7f, 0x7f, 0x3f, 0x3f, 0x1f, 0x1f, 0x0f, 0x07, 0x03, 0x01, 0x00, 0x00
};
// 'meh-blank', 32x32px
const unsigned char fas_32x32_fa_meh_blank [] PROGMEM = {
	0x00, 0x00, 0x00, 0x80, 0xc0, 0xe0, 0xf0, 0xf8, 0xf8, 0xfc, 0xfc, 0xfe, 0xfe, 0xfe, 0xfe, 0xff, 
	0xff, 0xff, 0xfe, 0xfe, 0xfe, 0xfe, 0xfc, 0xfc, 0xf8, 0xf8, 0xf0, 0xe0, 0xc0, 0x80, 0x00, 0x00, 
	0x00, 0xf0, 0xfe, 0xff, 0xff, 0xff, 0xff, 0xff, 0xff, 0xff, 0x87, 0x87, 0x87, 0xff, 0xff, 0xff, 
	0xff, 0xff, 0xff, 0xff, 0x87, 0x87, 0x87, 0xff, 0xff, 0xff, 0xff, 0xff, 0xff, 0xff, 0xfe, 0xf0, 
	0x00, 0x0f, 0x7f, 0xff, 0xff, 0xff, 0xff, 0xff, 0xff, 0xff, 0xff, 0xff, 0xff, 0xff, 0xff, 0xff, 
	0xff, 0xff, 0xff, 0xff, 0xff, 0xff, 0xff, 0xff, 0xff, 0xff, 0xff, 0xff, 0xff, 0xff, 0x7f, 0x0f, 
	0x00, 0x00, 0x00, 0x01, 0x03, 0x07, 0x0f, 0x1f, 0x1f, 0x3f, 0x3f, 0x7f, 0x7f, 0x7f, 0x7f, 0xff, 
	0xff, 0xff, 0x7f, 0x7f, 0x7f, 0x7f, 0x3f, 0x3f, 0x1f, 0x1f, 0x0f, 0x07, 0x03, 0x01, 0x00, 0x00
};
// 'meh-rolling-eyes', 32x32px
const unsigned char fas_32x32_fa_meh_rolling_eyes [] PROGMEM = {
	0x00, 0x00, 0x00, 0x80, 0xc0, 0xe0, 0xf0, 0xf8, 0xf8, 0xfc, 0xfc, 0xfe, 0xfe, 0xfe, 0xfe, 0xff, 
	0xff, 0xff, 0xfe, 0xfe, 0xfe, 0xfe, 0xfc, 0xfc, 0xf8, 0xf8, 0xf0, 0xe0, 0xc0, 0x80, 0x00, 0x00, 
	0x00, 0xf0, 0xfe, 0xff, 0xff, 0xff, 0xff, 0x07, 0x07, 0x1f, 0x1f, 0x1f, 0x07, 0x07, 0xff, 0xff, 
	0xff, 0xff, 0xff, 0x07, 0x07, 0x1f, 0x1f, 0x1f, 0x07, 0x07, 0xff, 0xff, 0xff, 0xff, 0xfe, 0xf0, 
	0x00, 0x0f, 0x7f, 0xff, 0xff, 0xff, 0xff, 0xfe, 0xfe, 0xfc, 0xfc, 0xfc, 0x7e, 0x7e, 0x7f, 0x7f, 
	0x7f, 0x7f, 0x7f, 0x7e, 0x7e, 0xfc, 0xfc, 0xfc, 0xfe, 0xfe, 0xff, 0xff, 0xff, 0xff, 0x7f, 0x0f, 
	0x00, 0x00, 0x00, 0x01, 0x03, 0x07, 0x0f, 0x1f, 0x1f, 0x3f, 0x3f, 0x7f, 0x7e, 0x7e, 0x7e, 0xfe, 
	0xfe, 0xfe, 0x7e, 0x7e, 0x7e, 0x7f, 0x3f, 0x3f, 0x1f, 0x1f, 0x0f, 0x07, 0x03, 0x01, 0x00, 0x00
};
// 'memory', 32x32px
const unsigned char fas_32x32_fa_memory [] PROGMEM = {
	0x80, 0xc0, 0xc0, 0xc0, 0xc0, 0xc0, 0xc0, 0xc0, 0xc0, 0xc0, 0xc0, 0xc0, 0xc0, 0xc0, 0xc0, 0xc0, 
	0xc0, 0xc0, 0xc0, 0xc0, 0xc0, 0xc0, 0xc0, 0xc0, 0xc0, 0xc0, 0xc0, 0xc0, 0xc0, 0xc0, 0xc0, 0x80, 
	0xc3, 0xff, 0xff, 0xff, 0xff, 0xff, 0xff, 0xff, 0x03, 0x03, 0x03, 0xff, 0xff, 0xff, 0x03, 0x01, 
	0x01, 0x03, 0xff, 0xff, 0xff, 0x03, 0x03, 0x03, 0xff, 0xff, 0xff, 0xff, 0xff, 0xff, 0xff, 0xc3, 
	0xe7, 0xe7, 0xe7, 0xe7, 0xe7, 0xe7, 0xe7, 0xe7, 0xe7, 0xe7, 0xe7, 0xe7, 0xe7, 0xe7, 0xe7, 0xe7, 
	0xe7, 0xe7, 0xe7, 0xe7, 0xe7, 0xe7, 0xe7, 0xe7, 0xe7, 0xe7, 0xe7, 0xe7, 0xe7, 0xe7, 0xe7, 0xe7, 
	0x03, 0x03, 0x03, 0x00, 0x00, 0x03, 0x03, 0x03, 0x03, 0x03, 0x03, 0x00, 0x00, 0x03, 0x03, 0x03, 
	0x03, 0x03, 0x03, 0x00, 0x00, 0x03, 0x03, 0x03, 0x03, 0x03, 0x03, 0x00, 0x00, 0x03, 0x03, 0x03
};
// 'menorah', 32x32px
const unsigned char fas_32x32_fa_menorah [] PROGMEM = {
	0x60, 0xf8, 0xf0, 0x00, 0x00, 0xf0, 0xf8, 0x60, 0x00, 0x00, 0xf0, 0xf8, 0x60, 0x00, 0x40, 0xf0, 
	0xf0, 0x40, 0x00, 0x60, 0xf8, 0xf0, 0x00, 0x00, 0x60, 0xf8, 0xf0, 0x00, 0x00, 0xf0, 0xf8, 0x60, 
	0xfc, 0xfe, 0xfc, 0x00, 0x00, 0xfc, 0xfe, 0xfc, 0x00, 0x00, 0xfc, 0xfe, 0xfc, 0x00, 0xfc, 0xfe, 
	0xfe, 0xfc, 0x00, 0xfc, 0xfe, 0xfc, 0x00, 0x00, 0xfc, 0xfe, 0xfc, 0x00, 0x00, 0xfc, 0xfe, 0xfc, 
	0x0f, 0x1f, 0x3f, 0x3c, 0x38, 0x7b, 0x7b, 0x7b, 0x78, 0x78, 0x7b, 0x7b, 0x79, 0x78, 0xff, 0xff, 
	0xff, 0xff, 0x78, 0x79, 0x7b, 0x7b, 0x78, 0x78, 0x7b, 0x7b, 0x7b, 0x38, 0x3c, 0x3f, 0x1f, 0x0f, 
	0x00, 0x00, 0x00, 0x00, 0x00, 0x1c, 0x1c, 0x1c, 0x1c, 0x1c, 0x1c, 0x1c, 0x1c, 0x1c, 0x1f, 0x1f, 
	0x1f, 0x1f, 0x1c, 0x1c, 0x1c, 0x1c, 0x1c, 0x1c, 0x1c, 0x1c, 0x1c, 0x00, 0x00, 0x00, 0x00, 0x00
};
// 'mercury', 32x32px
const unsigned char fas_32x32_fa_mercury [] PROGMEM = {
	0x00, 0x00, 0x00, 0x00, 0x00, 0x00, 0x00, 0x07, 0x0f, 0xbf, 0xff, 0xfc, 0xf8, 0xf8, 0xf0, 0xf0, 
	0xf0, 0xf0, 0xf8, 0xf8, 0xfc, 0xff, 0xbf, 0x0f, 0x07, 0x00, 0x00, 0x00, 0x00, 0x00, 0x00, 0x00, 
	0x00, 0x00, 0x00, 0x00, 0x00, 0x00, 0x00, 0xfc, 0xff, 0xff, 0xff, 0x87, 0x03, 0x01, 0x00, 0x00, 
	0x00, 0x00, 0x01, 0x03, 0x87, 0xff, 0xff, 0xff, 0xfc, 0x00, 0x00, 0x00, 0x00, 0x00, 0x00, 0x00, 
	0x00, 0x00, 0x00, 0x00, 0x00, 0x00, 0x00, 0x00, 0x03, 0x07, 0x0f, 0x1f, 0x1f, 0x3e, 0xfc, 0xfc, 
	0xfc, 0xfc, 0x3e, 0x1f, 0x1f, 0x0f, 0x07, 0x03, 0x00, 0x00, 0x00, 0x00, 0x00, 0x00, 0x00, 0x00, 
	0x00, 0x00, 0x00, 0x00, 0x00, 0x00, 0x00, 0x00, 0x00, 0x00, 0x00, 0x1e, 0x1e, 0x1e, 0xff, 0xff, 
	0xff, 0xff, 0x1e, 0x1e, 0x1e, 0x00, 0x00, 0x00, 0x00, 0x00, 0x00, 0x00, 0x00, 0x00, 0x00, 0x00
};
// 'meteor', 32x32px
const unsigned char fas_32x32_fa_meteor [] PROGMEM = {
	0x00, 0x00, 0x00, 0x00, 0x00, 0x00, 0x00, 0x00, 0x80, 0x80, 0xc0, 0xe0, 0xe0, 0xf0, 0xf0, 0xf8, 
	0xfc, 0xfc, 0xf8, 0xf0, 0xf8, 0xf8, 0xf8, 0xfc, 0xfc, 0xfc, 0xfe, 0xfe, 0xfe, 0xff, 0x3f, 0x07, 
	0x00, 0xc0, 0xf0, 0xf8, 0xfc, 0x7e, 0x3e, 0x1f, 0x1f, 0x0f, 0x0f, 0x0f, 0x0f, 0x0f, 0x0f, 0x1f, 
	0x1f, 0x3f, 0x7f, 0xff, 0xff, 0xff, 0xff, 0xff, 0xff, 0xff, 0xff, 0xff, 0xef, 0xc1, 0x00, 0x00, 
	0xff, 0xff, 0xff, 0xff, 0x81, 0x00, 0x00, 0x00, 0x06, 0x0f, 0x0f, 0x06, 0xc0, 0xc0, 0x00, 0x00, 
	0x00, 0x00, 0x00, 0x81, 0xff, 0xff, 0xff, 0xff, 0xff, 0x3f, 0x1f, 0x07, 0x01, 0x00, 0x00, 0x00, 
	0x00, 0x03, 0x07, 0x0f, 0x1f, 0x3e, 0x7c, 0x78, 0xf8, 0xf0, 0xf0, 0xf0, 0xf0, 0xf0, 0xf0, 0xf8, 
	0x78, 0x7c, 0x3e, 0x3f, 0x1f, 0x0f, 0x07, 0x01, 0x00, 0x00, 0x00, 0x00, 0x00, 0x00, 0x00, 0x00
};
// 'microchip', 32x32px
const unsigned char fas_32x32_fa_microchip [] PROGMEM = {
	0xc0, 0xc0, 0xe0, 0xe0, 0x00, 0x00, 0xfe, 0xff, 0xff, 0xff, 0xff, 0xff, 0xff, 0xff, 0xff, 0xff, 
	0xff, 0xff, 0xff, 0xff, 0xff, 0xff, 0xff, 0xff, 0xff, 0xfe, 0x00, 0x00, 0xe0, 0xe0, 0xc0, 0xc0, 
	0x30, 0x30, 0x79, 0x79, 0x00, 0x00, 0xff, 0xff, 0xff, 0xff, 0xff, 0xff, 0xff, 0xff, 0xff, 0xff, 
	0xff, 0xff, 0xff, 0xff, 0xff, 0xff, 0xff, 0xff, 0xff, 0xff, 0x00, 0x00, 0x79, 0x79, 0x30, 0x30, 
	0x0c, 0x0c, 0x9e, 0x9e, 0x00, 0x00, 0xff, 0xff, 0xff, 0xff, 0xff, 0xff, 0xff, 0xff, 0xff, 0xff, 
	0xff, 0xff, 0xff, 0xff, 0xff, 0xff, 0xff, 0xff, 0xff, 0xff, 0x00, 0x00, 0x9e, 0x9e, 0x0c, 0x0c, 
	0x03, 0x03, 0x07, 0x07, 0x00, 0x00, 0x7f, 0xff, 0xff, 0xff, 0xff, 0xff, 0xff, 0xff, 0xff, 0xff, 
	0xff, 0xff, 0xff, 0xff, 0xff, 0xff, 0xff, 0xff, 0xff, 0x7f, 0x00, 0x00, 0x07, 0x07, 0x03, 0x03
};
// 'microphone', 32x32px
const unsigned char fas_32x32_fa_microphone [] PROGMEM = {
	0x00, 0x00, 0x00, 0x00, 0x00, 0x00, 0x00, 0x00, 0x00, 0x00, 0xf0, 0xfc, 0xfe, 0xff, 0xff, 0xff, 
	0xff, 0xff, 0xff, 0xfe, 0xfc, 0xf0, 0x00, 0x00, 0x00, 0x00, 0x00, 0x00, 0x00, 0x00, 0x00, 0x00, 
	0x00, 0x00, 0x00, 0x00, 0x00, 0xf0, 0xf0, 0xf0, 0x00, 0x00, 0xff, 0xff, 0xff, 0xff, 0xff, 0xff, 
	0xff, 0xff, 0xff, 0xff, 0xff, 0xff, 0x00, 0x00, 0xf0, 0xf0, 0xf0, 0x00, 0x00, 0x00, 0x00, 0x00, 
	0x00, 0x00, 0x00, 0x00, 0x00, 0x07, 0x1f, 0x7f, 0xfc, 0xf0, 0xc3, 0xcf, 0x9f, 0x1f, 0x3f, 0x3f, 
	0x3f, 0x3f, 0x1f, 0x9f, 0x8f, 0xc3, 0xe0, 0xf8, 0x7f, 0x3f, 0x0f, 0x00, 0x00, 0x00, 0x00, 0x00, 
	0x00, 0x00, 0x00, 0x00, 0x00, 0x00, 0x00, 0x00, 0x00, 0x01, 0xe1, 0xe3, 0xe3, 0xe7, 0xff, 0xff, 
	0xff, 0xff, 0xe7, 0xe3, 0xe3, 0xe3, 0x01, 0x00, 0x00, 0x00, 0x00, 0x00, 0x00, 0x00, 0x00, 0x00
};
// 'microphone-alt', 32x32px
const unsigned char fas_32x32_fa_microphone_alt [] PROGMEM = {
	0x00, 0x00, 0x00, 0x00, 0x00, 0x00, 0x00, 0x00, 0x00, 0x00, 0xf0, 0xfc, 0xfe, 0xff, 0xff, 0xff, 
	0x3f, 0x3f, 0x3f, 0x3e, 0x3c, 0x30, 0x00, 0x00, 0x00, 0x00, 0x00, 0x00, 0x00, 0x00, 0x00, 0x00, 
	0x00, 0x00, 0x00, 0x00, 0x00, 0xf0, 0xf0, 0xf0, 0x00, 0x00, 0xff, 0xff, 0xff, 0xff, 0xff, 0xff, 
	0x33, 0x33, 0x33, 0x33, 0x33, 0x33, 0x00, 0x00, 0xf0, 0xf0, 0xf0, 0x00, 0x00, 0x00, 0x00, 0x00, 
	0x00, 0x00, 0x00, 0x00, 0x00, 0x07, 0x1f, 0x7f, 0xfc, 0xf0, 0xc3, 0xcf, 0x9f, 0x1f, 0x3f, 0x3f, 
	0x3f, 0x3f, 0x1f, 0x9f, 0x8f, 0xc3, 0xe0, 0xf8, 0x7f, 0x3f, 0x0f, 0x00, 0x00, 0x00, 0x00, 0x00, 
	0x00, 0x00, 0x00, 0x00, 0x00, 0x00, 0x00, 0x00, 0x00, 0x01, 0xe1, 0xe3, 0xe3, 0xe7, 0xff, 0xff, 
	0xff, 0xff, 0xe7, 0xe3, 0xe3, 0xe3, 0x01, 0x00, 0x00, 0x00, 0x00, 0x00, 0x00, 0x00, 0x00, 0x00
};
// 'microphone-alt-slash', 32x32px
const unsigned char fas_32x32_fa_microphone_alt_slash [] PROGMEM = {
	0x30, 0x78, 0xf8, 0xf0, 0xe0, 0xc0, 0xc0, 0x80, 0x00, 0x00, 0x00, 0xc0, 0xe0, 0xf0, 0xf8, 0xf8, 
	0xf8, 0xf8, 0xf0, 0xe0, 0xc0, 0x00, 0x00, 0x00, 0x00, 0x00, 0x00, 0x00, 0x00, 0x00, 0x00, 0x00, 
	0x00, 0x00, 0x00, 0x00, 0x01, 0x03, 0x07, 0x07, 0x0f, 0x1e, 0x3c, 0x7f, 0x7f, 0xff, 0xff, 0xff, 
	0xe6, 0xe6, 0x26, 0x26, 0x24, 0x00, 0xe0, 0xe0, 0xe0, 0x00, 0x00, 0x00, 0x00, 0x00, 0x00, 0x00, 
	0x00, 0x00, 0x00, 0x00, 0x00, 0x00, 0x00, 0x03, 0x1f, 0x3e, 0x78, 0xf0, 0xe0, 0xc0, 0xc1, 0xc3, 
	0x83, 0x87, 0x0f, 0x1f, 0x3f, 0x3c, 0x7f, 0xff, 0xe3, 0xe0, 0xc0, 0x80, 0x00, 0x00, 0x00, 0x00, 
	0x00, 0x00, 0x00, 0x00, 0x00, 0x00, 0x00, 0x00, 0x00, 0x00, 0x00, 0x18, 0x18, 0x19, 0x1d, 0x1f, 
	0x1f, 0x1d, 0x18, 0x18, 0x18, 0x00, 0x00, 0x00, 0x01, 0x03, 0x03, 0x07, 0x0f, 0x1f, 0x1e, 0x0c
};
// 'microphone-slash', 32x32px
const unsigned char fas_32x32_fa_microphone_slash [] PROGMEM = {
	0x30, 0x78, 0xf8, 0xf0, 0xe0, 0xc0, 0xc0, 0x80, 0x00, 0x00, 0x00, 0xc0, 0xe0, 0xf0, 0xf8, 0xf8, 
	0xf8, 0xf8, 0xf0, 0xe0, 0xc0, 0x00, 0x00, 0x00, 0x00, 0x00, 0x00, 0x00, 0x00, 0x00, 0x00, 0x00, 
	0x00, 0x00, 0x00, 0x00, 0x01, 0x03, 0x07, 0x07, 0x0f, 0x1e, 0x3c, 0x7f, 0x7f, 0xff, 0xff, 0xff, 
	0xff, 0xff, 0xff, 0xff, 0xff, 0x00, 0xe0, 0xe0, 0xe0, 0x00, 0x00, 0x00, 0x00, 0x00, 0x00, 0x00, 
	0x00, 0x00, 0x00, 0x00, 0x00, 0x00, 0x00, 0x03, 0x1f, 0x3e, 0x78, 0xf0, 0xe0, 0xc0, 0xc1, 0xc3, 
	0x83, 0x87, 0x0f, 0x1f, 0x3f, 0x3c, 0x7f, 0xff, 0xe3, 0xe0, 0xc0, 0x80, 0x00, 0x00, 0x00, 0x00, 
	0x00, 0x00, 0x00, 0x00, 0x00, 0x00, 0x00, 0x00, 0x00, 0x00, 0x00, 0x18, 0x18, 0x19, 0x1d, 0x1f, 
	0x1f, 0x1d, 0x18, 0x18, 0x18, 0x00, 0x00, 0x00, 0x01, 0x03, 0x03, 0x07, 0x0f, 0x1f, 0x1e, 0x0c
};
// 'microscope', 32x32px
const unsigned char fas_32x32_fa_microscope [] PROGMEM = {
	0x00, 0x00, 0x00, 0x00, 0x00, 0x00, 0x00, 0x00, 0xf8, 0xfc, 0xff, 0xff, 0xff, 0xff, 0xff, 0xff, 
	0xfc, 0xf8, 0x00, 0x00, 0x00, 0x00, 0x00, 0x00, 0x00, 0x00, 0x00, 0x00, 0x00, 0x00, 0x00, 0x00, 
	0x00, 0x00, 0x00, 0x00, 0x00, 0x00, 0x00, 0x00, 0xff, 0xff, 0xff, 0xff, 0xff, 0xff, 0xff, 0xff, 
	0xff, 0xff, 0x00, 0x00, 0x0f, 0x0f, 0x0f, 0x1f, 0x1e, 0x3e, 0x7c, 0xf8, 0xf8, 0xe0, 0xc0, 0x00, 
	0x00, 0x00, 0x00, 0x00, 0x00, 0x00, 0x00, 0x00, 0x07, 0x0f, 0x0f, 0x3f, 0x3f, 0x3f, 0x3f, 0x0f, 
	0x0f, 0x07, 0x00, 0x00, 0x00, 0x00, 0x00, 0x00, 0x00, 0x00, 0x00, 0x81, 0xff, 0xff, 0xff, 0xff, 
	0xe0, 0xf0, 0xf0, 0xf0, 0xf0, 0xf0, 0xf3, 0xf3, 0xf3, 0xf3, 0xf3, 0xf3, 0xf3, 0xf3, 0xf3, 0xf3, 
	0xf3, 0xf3, 0xf3, 0xf3, 0xf0, 0xf0, 0xf0, 0xf8, 0xf8, 0xfc, 0xfe, 0xff, 0xff, 0xff, 0xf3, 0xe0
};
// 'minus', 32x32px
const unsigned char fas_32x32_fa_minus [] PROGMEM = {
	0x00, 0x00, 0x00, 0x00, 0x00, 0x00, 0x00, 0x00, 0x00, 0x00, 0x00, 0x00, 0x00, 0x00, 0x00, 0x00, 
	0x00, 0x00, 0x00, 0x00, 0x00, 0x00, 0x00, 0x00, 0x00, 0x00, 0x00, 0x00, 0x00, 0x00, 0x00, 0x00, 
	0x00, 0x00, 0xc0, 0xe0, 0xe0, 0xe0, 0xe0, 0xe0, 0xe0, 0xe0, 0xe0, 0xe0, 0xe0, 0xe0, 0xe0, 0xe0, 
	0xe0, 0xe0, 0xe0, 0xe0, 0xe0, 0xe0, 0xe0, 0xe0, 0xe0, 0xe0, 0xe0, 0xe0, 0xe0, 0xc0, 0x00, 0x00, 
	0x00, 0x00, 0x03, 0x07, 0x07, 0x07, 0x07, 0x07, 0x07, 0x07, 0x07, 0x07, 0x07, 0x07, 0x07, 0x07, 
	0x07, 0x07, 0x07, 0x07, 0x07, 0x07, 0x07, 0x07, 0x07, 0x07, 0x07, 0x07, 0x07, 0x03, 0x00, 0x00, 
	0x00, 0x00, 0x00, 0x00, 0x00, 0x00, 0x00, 0x00, 0x00, 0x00, 0x00, 0x00, 0x00, 0x00, 0x00, 0x00, 
	0x00, 0x00, 0x00, 0x00, 0x00, 0x00, 0x00, 0x00, 0x00, 0x00, 0x00, 0x00, 0x00, 0x00, 0x00, 0x00
};
// 'minus-circle', 32x32px
const unsigned char fas_32x32_fa_minus_circle [] PROGMEM = {
	0x00, 0x00, 0x00, 0x80, 0xc0, 0xe0, 0xf0, 0xf8, 0xfc, 0xfc, 0xfe, 0xfe, 0xfe, 0xfe, 0xff, 0xff, 
	0xff, 0xff, 0xfe, 0xfe, 0xfe, 0xfe, 0xfc, 0xfc, 0xf8, 0xf0, 0xe0, 0xc0, 0x80, 0x00, 0x00, 0x00, 
	0xc0, 0xfc, 0xff, 0xff, 0xff, 0xff, 0xff, 0x3f, 0x3f, 0x3f, 0x3f, 0x3f, 0x3f, 0x3f, 0x3f, 0x3f, 
	0x3f, 0x3f, 0x3f, 0x3f, 0x3f, 0x3f, 0x3f, 0x3f, 0x3f, 0xff, 0xff, 0xff, 0xff, 0xff, 0xfc, 0xc0, 
	0x03, 0x3f, 0xff, 0xff, 0xff, 0xff, 0xff, 0xfc, 0xfc, 0xfc, 0xfc, 0xfc, 0xfc, 0xfc, 0xfc, 0xfc, 
	0xfc, 0xfc, 0xfc, 0xfc, 0xfc, 0xfc, 0xfc, 0xfc, 0xfc, 0xff, 0xff, 0xff, 0xff, 0xff, 0x3f, 0x03, 
	0x00, 0x00, 0x00, 0x01, 0x03, 0x07, 0x0f, 0x1f, 0x3f, 0x3f, 0x7f, 0x7f, 0x7f, 0x7f, 0xff, 0xff, 
	0xff, 0xff, 0x7f, 0x7f, 0x7f, 0x7f, 0x3f, 0x3f, 0x1f, 0x0f, 0x07, 0x03, 0x01, 0x00, 0x00, 0x00
};
// 'minus-square', 32x32px
const unsigned char fas_32x32_fa_minus_square [] PROGMEM = {
	0x00, 0x00, 0xf8, 0xfc, 0xfc, 0xfc, 0xfc, 0xfc, 0xfc, 0xfc, 0xfc, 0xfc, 0xfc, 0xfc, 0xfc, 0xfc, 
	0xfc, 0xfc, 0xfc, 0xfc, 0xfc, 0xfc, 0xfc, 0xfc, 0xfc, 0xfc, 0xfc, 0xfc, 0xfc, 0xf8, 0x00, 0x00, 
	0x00, 0x00, 0xff, 0xff, 0xff, 0xff, 0xff, 0x3f, 0x3f, 0x3f, 0x3f, 0x3f, 0x3f, 0x3f, 0x3f, 0x3f, 
	0x3f, 0x3f, 0x3f, 0x3f, 0x3f, 0x3f, 0x3f, 0x3f, 0x3f, 0xff, 0xff, 0xff, 0xff, 0xff, 0x00, 0x00, 
	0x00, 0x00, 0xff, 0xff, 0xff, 0xff, 0xff, 0xfc, 0xfc, 0xfc, 0xfc, 0xfc, 0xfc, 0xfc, 0xfc, 0xfc, 
	0xfc, 0xfc, 0xfc, 0xfc, 0xfc, 0xfc, 0xfc, 0xfc, 0xfc, 0xff, 0xff, 0xff, 0xff, 0xff, 0x00, 0x00, 
	0x00, 0x00, 0x1f, 0x3f, 0x3f, 0x3f, 0x3f, 0x3f, 0x3f, 0x3f, 0x3f, 0x3f, 0x3f, 0x3f, 0x3f, 0x3f, 
	0x3f, 0x3f, 0x3f, 0x3f, 0x3f, 0x3f, 0x3f, 0x3f, 0x3f, 0x3f, 0x3f, 0x3f, 0x3f, 0x1f, 0x00, 0x00
};
// 'mitten', 32x32px
const unsigned char fas_32x32_fa_mitten [] PROGMEM = {
	0x00, 0x00, 0xc0, 0xf0, 0xf8, 0xfc, 0xfe, 0xfe, 0xff, 0xff, 0xff, 0xff, 0xff, 0xff, 0xfe, 0xfe, 
	0xfc, 0xf8, 0xf0, 0xc0, 0x00, 0x00, 0x00, 0x00, 0x00, 0x00, 0x00, 0x00, 0x00, 0x00, 0x00, 0x00, 
	0x00, 0x00, 0x1f, 0xff, 0xff, 0xff, 0xff, 0xff, 0xff, 0xff, 0xff, 0xff, 0xff, 0xff, 0xff, 0xff, 
	0xff, 0xff, 0xff, 0xff, 0xfc, 0xc0, 0xc0, 0xe0, 0xf0, 0xf0, 0xf0, 0xf0, 0xe0, 0xc0, 0x00, 0x00, 
	0x00, 0x00, 0x00, 0x01, 0x1f, 0xff, 0xff, 0xff, 0xff, 0xff, 0xff, 0xff, 0xff, 0xff, 0xff, 0xff, 
	0xff, 0xff, 0xff, 0xff, 0xff, 0xff, 0xff, 0xff, 0xff, 0x7f, 0x3f, 0x1f, 0x07, 0x03, 0x00, 0x00, 
	0x00, 0x00, 0x00, 0x00, 0xfc, 0xfc, 0xfc, 0xfc, 0xfc, 0xfc, 0xfc, 0xfc, 0xfc, 0xfc, 0xfc, 0xfc, 
	0xfc, 0xfc, 0xfc, 0xfc, 0xfc, 0xfc, 0xfc, 0xfc, 0xfc, 0xfc, 0x00, 0x00, 0x00, 0x00, 0x00, 0x00
};
// 'mobile', 32x32px
const unsigned char fas_32x32_fa_mobile [] PROGMEM = {
	0x00, 0x00, 0x00, 0x00, 0x00, 0x00, 0xfe, 0xff, 0xff, 0xff, 0xff, 0xff, 0xff, 0xff, 0xff, 0xff, 
	0xff, 0xff, 0xff, 0xff, 0xff, 0xff, 0xff, 0xff, 0xff, 0xfe, 0x00, 0x00, 0x00, 0x00, 0x00, 0x00, 
	0x00, 0x00, 0x00, 0x00, 0x00, 0x00, 0xff, 0xff, 0xff, 0xff, 0xff, 0xff, 0xff, 0xff, 0xff, 0xff, 
	0xff, 0xff, 0xff, 0xff, 0xff, 0xff, 0xff, 0xff, 0xff, 0xff, 0x00, 0x00, 0x00, 0x00, 0x00, 0x00, 
	0x00, 0x00, 0x00, 0x00, 0x00, 0x00, 0xff, 0xff, 0xff, 0xff, 0xff, 0xff, 0xff, 0xff, 0xff, 0xff, 
	0xff, 0xff, 0xff, 0xff, 0xff, 0xff, 0xff, 0xff, 0xff, 0xff, 0x00, 0x00, 0x00, 0x00, 0x00, 0x00, 
	0x00, 0x00, 0x00, 0x00, 0x00, 0x00, 0x7f, 0xff, 0xff, 0xff, 0xff, 0xff, 0xff, 0xff, 0xe7, 0xc3, 
	0xc3, 0xe7, 0xff, 0xff, 0xff, 0xff, 0xff, 0xff, 0xff, 0x7f, 0x00, 0x00, 0x00, 0x00, 0x00, 0x00
};
// 'mobile-alt', 32x32px
const unsigned char fas_32x32_fa_mobile_alt [] PROGMEM = {
	0x00, 0x00, 0x00, 0x00, 0x00, 0x00, 0xfe, 0xff, 0xff, 0x07, 0x07, 0x07, 0x07, 0x07, 0x07, 0x07, 
	0x07, 0x07, 0x07, 0x07, 0x07, 0x07, 0x07, 0xff, 0xff, 0xfe, 0x00, 0x00, 0x00, 0x00, 0x00, 0x00, 
	0x00, 0x00, 0x00, 0x00, 0x00, 0x00, 0xff, 0xff, 0xff, 0x00, 0x00, 0x00, 0x00, 0x00, 0x00, 0x00, 
	0x00, 0x00, 0x00, 0x00, 0x00, 0x00, 0x00, 0xff, 0xff, 0xff, 0x00, 0x00, 0x00, 0x00, 0x00, 0x00, 
	0x00, 0x00, 0x00, 0x00, 0x00, 0x00, 0xff, 0xff, 0xff, 0x00, 0x00, 0x00, 0x00, 0x00, 0x00, 0x00, 
	0x00, 0x00, 0x00, 0x00, 0x00, 0x00, 0x00, 0xff, 0xff, 0xff, 0x00, 0x00, 0x00, 0x00, 0x00, 0x00, 
	0x00, 0x00, 0x00, 0x00, 0x00, 0x00, 0x7f, 0xff, 0xff, 0xff, 0xff, 0xff, 0xff, 0xff, 0xe7, 0xc3, 
	0xc3, 0xe7, 0xff, 0xff, 0xff, 0xff, 0xff, 0xff, 0xff, 0x7f, 0x00, 0x00, 0x00, 0x00, 0x00, 0x00
};
// 'money-bill', 32x32px
const unsigned char fas_32x32_fa_money_bill [] PROGMEM = {
	0x80, 0xc0, 0xc0, 0xc0, 0xc0, 0xc0, 0xc0, 0xc0, 0xc0, 0xc0, 0xc0, 0xc0, 0xc0, 0xc0, 0xc0, 0xc0, 
	0xc0, 0xc0, 0xc0, 0xc0, 0xc0, 0xc0, 0xc0, 0xc0, 0xc0, 0xc0, 0xc0, 0xc0, 0xc0, 0xc0, 0xc0, 0x80, 
	0xff, 0xff, 0xf9, 0xf1, 0xf9, 0xff, 0xff, 0xff, 0xff, 0xff, 0xff, 0xff, 0x3f, 0x0f, 0x0f, 0x07, 
	0x07, 0x0f, 0x0f, 0x3f, 0xff, 0xff, 0xff, 0xff, 0xff, 0xff, 0xff, 0xf9, 0xf1, 0xf9, 0xff, 0xff, 
	0xff, 0xff, 0x9f, 0x8f, 0x9f, 0xff, 0xff, 0xff, 0xff, 0xff, 0xff, 0xff, 0xfc, 0xf0, 0xf0, 0xe0, 
	0xe0, 0xf0, 0xf0, 0xfc, 0xff, 0xff, 0xff, 0xff, 0xff, 0xff, 0xff, 0x9f, 0x8f, 0x9f, 0xff, 0xff, 
	0x01, 0x03, 0x03, 0x03, 0x03, 0x03, 0x03, 0x03, 0x03, 0x03, 0x03, 0x03, 0x03, 0x03, 0x03, 0x03, 
	0x03, 0x03, 0x03, 0x03, 0x03, 0x03, 0x03, 0x03, 0x03, 0x03, 0x03, 0x03, 0x03, 0x03, 0x03, 0x01
};
// 'money-bill-alt', 32x32px
const unsigned char fas_32x32_fa_money_bill_alt [] PROGMEM = {
	0x80, 0xc0, 0xc0, 0xc0, 0xc0, 0xc0, 0xc0, 0xc0, 0xc0, 0xc0, 0xc0, 0xc0, 0xc0, 0xc0, 0xc0, 0xc0, 
	0xc0, 0xc0, 0xc0, 0xc0, 0xc0, 0xc0, 0xc0, 0xc0, 0xc0, 0xc0, 0xc0, 0xc0, 0xc0, 0xc0, 0xc0, 0x80, 
	0xff, 0xff, 0xf9, 0xf1, 0xf9, 0xff, 0xff, 0xff, 0xff, 0xff, 0xff, 0x3f, 0x0f, 0x07, 0x67, 0xe3, 
	0xe3, 0x07, 0x07, 0x0f, 0x3f, 0xff, 0xff, 0xff, 0xff, 0xff, 0xff, 0xf9, 0xf1, 0xf9, 0xff, 0xff, 
	0xff, 0xff, 0x9f, 0x8f, 0x9f, 0xff, 0xff, 0xff, 0xff, 0xff, 0xff, 0xfc, 0xf0, 0xe0, 0xe4, 0xc7, 
	0xc7, 0xe4, 0xe0, 0xf0, 0xfc, 0xff, 0xff, 0xff, 0xff, 0xff, 0xff, 0x9f, 0x8f, 0x9f, 0xff, 0xff, 
	0x01, 0x03, 0x03, 0x03, 0x03, 0x03, 0x03, 0x03, 0x03, 0x03, 0x03, 0x03, 0x03, 0x03, 0x03, 0x03, 
	0x03, 0x03, 0x03, 0x03, 0x03, 0x03, 0x03, 0x03, 0x03, 0x03, 0x03, 0x03, 0x03, 0x03, 0x03, 0x01
};
// 'money-bill-wave', 32x32px
const unsigned char fas_32x32_fa_money_bill_wave [] PROGMEM = {
	0x80, 0x80, 0x80, 0x80, 0x00, 0x00, 0x00, 0x00, 0x00, 0x00, 0x80, 0x80, 0x80, 0x80, 0x80, 0xc0, 
	0xc0, 0xc0, 0xc0, 0xe0, 0xe0, 0xe0, 0xe0, 0xe0, 0xe0, 0xe0, 0xe0, 0x60, 0xe0, 0xe0, 0xc0, 0xc0, 
	0xff, 0xff, 0xf3, 0xe3, 0xf3, 0xff, 0xff, 0xff, 0xff, 0xff, 0xff, 0xff, 0x3f, 0x0f, 0x0f, 0x07, 
	0x07, 0x0f, 0x0f, 0x3f, 0xff, 0xff, 0xff, 0xff, 0xff, 0xff, 0xff, 0xfe, 0xfc, 0xfc, 0xff, 0xff, 
	0xff, 0xff, 0x3f, 0x3f, 0x7f, 0xff, 0xff, 0xff, 0xff, 0xff, 0xff, 0xff, 0xfc, 0xf0, 0xf0, 0xe0, 
	0xe0, 0xf0, 0xf0, 0xfc, 0xff, 0xff, 0xff, 0xff, 0xff, 0xff, 0xff, 0xdf, 0xcf, 0xcf, 0xff, 0xff, 
	0x03, 0x03, 0x07, 0x07, 0x06, 0x07, 0x07, 0x07, 0x07, 0x07, 0x07, 0x07, 0x07, 0x03, 0x03, 0x03, 
	0x03, 0x01, 0x01, 0x01, 0x01, 0x01, 0x00, 0x00, 0x00, 0x00, 0x00, 0x00, 0x01, 0x01, 0x01, 0x01
};
// 'money-bill-wave-alt', 32x32px
const unsigned char fas_32x32_fa_money_bill_wave_alt [] PROGMEM = {
	0x80, 0x80, 0x80, 0x80, 0x00, 0x00, 0x00, 0x00, 0x00, 0x00, 0x80, 0x80, 0x80, 0x80, 0x80, 0xc0, 
	0xc0, 0xc0, 0xc0, 0xe0, 0xe0, 0xe0, 0xe0, 0xe0, 0xe0, 0xe0, 0xe0, 0xe0, 0xe0, 0xe0, 0xc0, 0xc0, 
	0xff, 0xff, 0xff, 0xff, 0xff, 0xff, 0xff, 0xff, 0xff, 0xff, 0xff, 0xff, 0x3f, 0x0f, 0x0f, 0x07, 
	0x07, 0x0f, 0x0f, 0x3f, 0xff, 0xff, 0xff, 0xff, 0xff, 0xff, 0xff, 0xff, 0xff, 0xff, 0xff, 0xff, 
	0xff, 0xff, 0xff, 0xff, 0xff, 0xff, 0xff, 0xff, 0xff, 0xff, 0xff, 0xff, 0xfc, 0xf0, 0xf0, 0xe0, 
	0xe0, 0xf0, 0xf0, 0xfc, 0xff, 0xff, 0xff, 0xff, 0xff, 0xff, 0xff, 0xff, 0xff, 0xff, 0xff, 0xff, 
	0x03, 0x03, 0x07, 0x07, 0x07, 0x07, 0x07, 0x07, 0x07, 0x07, 0x07, 0x07, 0x07, 0x03, 0x03, 0x03, 
	0x03, 0x01, 0x01, 0x01, 0x01, 0x01, 0x00, 0x00, 0x00, 0x00, 0x00, 0x00, 0x01, 0x01, 0x01, 0x01
};
// 'money-check', 32x32px
const unsigned char fas_32x32_fa_money_check [] PROGMEM = {
	0xe0, 0xe0, 0xe0, 0xe0, 0xe0, 0xe0, 0xe0, 0xe0, 0xe0, 0xe0, 0xe0, 0xe0, 0xe0, 0xe0, 0xe0, 0xe0, 
	0xe0, 0xe0, 0xe0, 0xe0, 0xe0, 0xe0, 0xe0, 0xe0, 0xe0, 0xe0, 0xe0, 0xe0, 0xe0, 0xe0, 0xe0, 0xe0, 
	0xfe, 0xfe, 0xfe, 0xfe, 0xfe, 0xfe, 0xfe, 0xfe, 0xfe, 0xfe, 0xfe, 0xfe, 0xfe, 0xfe, 0xfe, 0xfe, 
	0xfe, 0xfe, 0xfe, 0xfe, 0xfe, 0xfe, 0x7e, 0x3e, 0x3e, 0x3e, 0x3e, 0x3e, 0x7e, 0xfe, 0xfe, 0xfe, 
	0xff, 0xff, 0xff, 0xde, 0x9c, 0xdc, 0xdc, 0xdc, 0xdc, 0xdc, 0xdc, 0x9c, 0xdc, 0xfc, 0xfc, 0xfc, 
	0xfc, 0xfc, 0xfc, 0xff, 0xff, 0xff, 0xde, 0x9c, 0xdc, 0xdc, 0xdc, 0x9c, 0xde, 0xff, 0xff, 0xff, 
	0x07, 0x07, 0x07, 0x07, 0x07, 0x07, 0x07, 0x07, 0x07, 0x07, 0x07, 0x07, 0x07, 0x07, 0x07, 0x07, 
	0x07, 0x07, 0x07, 0x07, 0x07, 0x07, 0x07, 0x07, 0x07, 0x07, 0x07, 0x07, 0x07, 0x07, 0x07, 0x07
};
// 'money-check-alt', 32x32px
const unsigned char fas_32x32_fa_money_check_alt [] PROGMEM = {
	0xe0, 0xe0, 0xe0, 0xe0, 0xe0, 0xe0, 0xe0, 0xe0, 0xe0, 0xe0, 0xe0, 0xe0, 0xe0, 0xe0, 0xe0, 0xe0, 
	0xe0, 0xe0, 0xe0, 0xe0, 0xe0, 0xe0, 0xe0, 0xe0, 0xe0, 0xe0, 0xe0, 0xe0, 0xe0, 0xe0, 0xe0, 0xe0, 
	0xff, 0xff, 0xff, 0xff, 0xff, 0x9f, 0x0f, 0x67, 0x67, 0x6f, 0xff, 0xff, 0xff, 0xff, 0xdf, 0xdf, 
	0xdf, 0xdf, 0xdf, 0xdf, 0xdf, 0xdf, 0xdf, 0xdf, 0xdf, 0xdf, 0xdf, 0xdf, 0xdf, 0xff, 0xff, 0xff, 
	0xff, 0xff, 0xff, 0xff, 0xff, 0xff, 0xfb, 0xe3, 0xe2, 0xf8, 0xf8, 0xff, 0xff, 0xff, 0xfb, 0xfb, 
	0xfb, 0xfb, 0xfb, 0xfb, 0xfb, 0xff, 0xff, 0xff, 0xfb, 0xfb, 0xfb, 0xfb, 0xfb, 0xff, 0xff, 0xff, 
	0x07, 0x07, 0x07, 0x07, 0x07, 0x07, 0x07, 0x07, 0x07, 0x07, 0x07, 0x07, 0x07, 0x07, 0x07, 0x07, 
	0x07, 0x07, 0x07, 0x07, 0x07, 0x07, 0x07, 0x07, 0x07, 0x07, 0x07, 0x07, 0x07, 0x07, 0x07, 0x07
};
// 'monument', 32x32px
const unsigned char fas_32x32_fa_monument [] PROGMEM = {
	0x00, 0x00, 0x00, 0x00, 0x00, 0x00, 0x00, 0x00, 0x00, 0x00, 0xe0, 0xf0, 0xf8, 0xfc, 0xfe, 0xff, 
	0xff, 0xfe, 0xfc, 0xf8, 0xf0, 0xe0, 0x00, 0x00, 0x00, 0x00, 0x00, 0x00, 0x00, 0x00, 0x00, 0x00, 
	0x00, 0x00, 0x00, 0x00, 0x00, 0x00, 0x00, 0x00, 0x00, 0xfc, 0xff, 0xff, 0xff, 0xff, 0xff, 0xff, 
	0xff, 0xff, 0xff, 0xff, 0xff, 0xff, 0xfc, 0x00, 0x00, 0x00, 0x00, 0x00, 0x00, 0x00, 0x00, 0x00, 
	0x00, 0x00, 0x00, 0x00, 0x00, 0x00, 0x00, 0x00, 0xf0, 0xff, 0xff, 0xff, 0xff, 0xf0, 0xf0, 0xf0, 
	0xf0, 0xf0, 0xf0, 0xff, 0xff, 0xff, 0xff, 0xf0, 0x00, 0x00, 0x00, 0x00, 0x00, 0x00, 0x00, 0x00, 
	0x00, 0x00, 0x00, 0x00, 0xf0, 0xf0, 0xf0, 0xf0, 0xf3, 0xf3, 0xf3, 0xf3, 0xf3, 0xf3, 0xf3, 0xf3, 
	0xf3, 0xf3, 0xf3, 0xf3, 0xf3, 0xf3, 0xf3, 0xf3, 0xf0, 0xf0, 0xf0, 0xf0, 0x00, 0x00, 0x00, 0x00
};
// 'moon', 32x32px
const unsigned char fas_32x32_fa_moon [] PROGMEM = {
	0x00, 0x00, 0x00, 0x00, 0x80, 0xc0, 0xe0, 0xf0, 0xf8, 0xfc, 0xfc, 0xfe, 0xfe, 0xff, 0xff, 0xff, 
	0x3f, 0x1f, 0x07, 0x07, 0x03, 0x00, 0x00, 0x00, 0x00, 0x00, 0x00, 0x00, 0x00, 0x00, 0x00, 0x00, 
	0x00, 0x00, 0xf8, 0xfe, 0xff, 0xff, 0xff, 0xff, 0xff, 0xff, 0xff, 0xff, 0xff, 0xff, 0xff, 0x00, 
	0x00, 0x00, 0x00, 0x00, 0x00, 0x00, 0x00, 0x00, 0x00, 0x00, 0x00, 0x00, 0x00, 0x00, 0x00, 0x00, 
	0x00, 0x00, 0x1f, 0x7f, 0xff, 0xff, 0xff, 0xff, 0xff, 0xff, 0xff, 0xff, 0xff, 0xff, 0xff, 0xfe, 
	0xf8, 0xe0, 0xc0, 0xc0, 0x80, 0x00, 0x00, 0x00, 0x00, 0x00, 0x00, 0x00, 0x00, 0x00, 0x00, 0x00, 
	0x00, 0x00, 0x00, 0x00, 0x01, 0x03, 0x07, 0x0f, 0x1f, 0x3f, 0x3f, 0x7f, 0x7f, 0xff, 0xff, 0xff, 
	0xff, 0xff, 0xff, 0xff, 0xff, 0xff, 0x7f, 0x7e, 0x7e, 0x3e, 0x1e, 0x1e, 0x0e, 0x06, 0x00, 0x00
};
// 'mortar-pestle', 32x32px
const unsigned char fas_32x32_fa_mortar_pestle [] PROGMEM = {
	0x00, 0x00, 0x00, 0x00, 0x00, 0x00, 0x00, 0x00, 0x00, 0x00, 0x00, 0x00, 0x00, 0x00, 0x00, 0x00, 
	0x00, 0x00, 0x00, 0x80, 0xc0, 0xc0, 0xe0, 0xf0, 0xf8, 0xf8, 0xfc, 0xfe, 0x7f, 0x3f, 0x1f, 0x0e, 
	0xf0, 0xf0, 0xf0, 0xf0, 0xf0, 0xf0, 0xf0, 0xf0, 0xf0, 0xf0, 0xf0, 0xf0, 0xf0, 0xf0, 0xf0, 0xf0, 
	0xf2, 0xf2, 0xf3, 0xf3, 0xf3, 0xf3, 0xf3, 0xf3, 0xf3, 0xf3, 0xf1, 0xf0, 0xf0, 0xf0, 0xf0, 0xf0, 
	0x00, 0x00, 0x0f, 0x3f, 0x7f, 0xff, 0xff, 0xff, 0xff, 0xff, 0xff, 0xff, 0xff, 0xff, 0xff, 0xff, 
	0xff, 0xff, 0xff, 0xff, 0xff, 0xff, 0xff, 0xff, 0xff, 0xff, 0xff, 0x7f, 0x3f, 0x0f, 0x00, 0x00, 
	0x00, 0x00, 0x00, 0x00, 0x00, 0x01, 0x01, 0x03, 0xe7, 0xff, 0xff, 0xff, 0xff, 0xff, 0xff, 0xff, 
	0xff, 0xff, 0xff, 0xff, 0xff, 0xff, 0xff, 0xe7, 0x03, 0x01, 0x01, 0x00, 0x00, 0x00, 0x00, 0x00
};
// 'mosque', 32x32px
const unsigned char fas_32x32_fa_mosque [] PROGMEM = {
	0xc0, 0xf0, 0xf8, 0xf8, 0xf0, 0xe0, 0x00, 0x00, 0x00, 0x00, 0x00, 0x00, 0x00, 0x00, 0x00, 0x80, 
	0x80, 0xc0, 0xe0, 0xf8, 0xf8, 0xe0, 0xc0, 0x80, 0x80, 0x00, 0x00, 0x00, 0x00, 0x00, 0x00, 0x00, 
	0xfb, 0xfb, 0xfb, 0xfb, 0xfb, 0xfb, 0x00, 0x00, 0x00, 0x00, 0xf0, 0xfc, 0xfe, 0xfe, 0xff, 0xff, 
	0xff, 0xff, 0xff, 0xff, 0xff, 0xff, 0xff, 0xff, 0xff, 0xff, 0xfe, 0xfe, 0xfc, 0xf0, 0x00, 0x00, 
	0xff, 0xff, 0xff, 0xff, 0xff, 0xff, 0x00, 0x00, 0xf0, 0xf8, 0xf9, 0xfb, 0xfb, 0xfb, 0xfb, 0xfb, 
	0xfb, 0xfb, 0x7b, 0x3b, 0x3b, 0x7b, 0xfb, 0xfb, 0xfb, 0xfb, 0xfb, 0xfb, 0xfb, 0xf9, 0xf8, 0xf0, 
	0x1f, 0x1f, 0x1f, 0x1f, 0x1f, 0x1f, 0x00, 0x00, 0x1f, 0x1f, 0x1f, 0x01, 0x00, 0x00, 0x1f, 0x1f, 
	0x1f, 0x1f, 0x00, 0x00, 0x00, 0x00, 0x1f, 0x1f, 0x1f, 0x1f, 0x00, 0x00, 0x01, 0x1f, 0x1f, 0x1f
};
// 'motorcycle', 32x32px
const unsigned char fas_32x32_fa_motorcycle [] PROGMEM = {
	0x00, 0x00, 0x00, 0x00, 0x00, 0x00, 0x00, 0x00, 0x00, 0x00, 0x00, 0x00, 0x00, 0x00, 0xc0, 0xc0, 
	0xc0, 0xc0, 0xc0, 0x80, 0x00, 0x00, 0x80, 0xc0, 0xc0, 0xc0, 0xc0, 0x00, 0x00, 0x00, 0x00, 0x00, 
	0x00, 0x80, 0xc2, 0xe7, 0xe7, 0x67, 0x67, 0xe7, 0xff, 0xfe, 0xfe, 0xfc, 0xfc, 0xfc, 0xfd, 0xfd, 
	0xfd, 0xfd, 0xfd, 0x7f, 0xbf, 0xff, 0xfb, 0xe3, 0xe3, 0x63, 0x63, 0xe0, 0xe0, 0xc0, 0x80, 0x00, 
	0x3e, 0x7f, 0xf7, 0xc1, 0x80, 0x9c, 0x9f, 0x9f, 0x9f, 0xdf, 0xff, 0x7f, 0x1f, 0x1f, 0x1f, 0x1f, 
	0x1f, 0x1f, 0x01, 0x1e, 0x7f, 0xff, 0xc1, 0x83, 0x8f, 0x9f, 0x9c, 0x80, 0xc1, 0xf7, 0x7f, 0x3e, 
	0x00, 0x00, 0x00, 0x01, 0x01, 0x03, 0x03, 0x03, 0x01, 0x01, 0x00, 0x00, 0x00, 0x00, 0x00, 0x00, 
	0x00, 0x00, 0x00, 0x00, 0x00, 0x00, 0x01, 0x01, 0x03, 0x03, 0x03, 0x01, 0x01, 0x00, 0x00, 0x00
};
// 'mountain', 32x32px
const unsigned char fas_32x32_fa_mountain [] PROGMEM = {
	0x00, 0x00, 0x00, 0x00, 0x00, 0x00, 0x00, 0x00, 0x00, 0x00, 0x00, 0x00, 0x80, 0xe0, 0xf0, 0xf8, 
	0xf8, 0xf0, 0xe0, 0x80, 0x00, 0x00, 0x00, 0x00, 0x00, 0x00, 0x00, 0x00, 0x00, 0x00, 0x00, 0x00, 
	0x00, 0x00, 0x00, 0x00, 0x00, 0x00, 0x00, 0x80, 0xe0, 0xf0, 0xfc, 0x7e, 0x1f, 0x0f, 0x03, 0x80, 
	0xc0, 0xc3, 0xcf, 0xdf, 0xfe, 0xfc, 0xf0, 0xe0, 0x80, 0x00, 0x00, 0x00, 0x00, 0x00, 0x00, 0x00, 
	0x00, 0x00, 0x80, 0xe0, 0xf0, 0xfc, 0xfe, 0xff, 0xff, 0xff, 0xff, 0xff, 0xfe, 0xfe, 0xff, 0xff, 
	0xff, 0xff, 0xff, 0xff, 0xff, 0xff, 0xff, 0xff, 0xff, 0xfe, 0xfc, 0xf0, 0xe0, 0x80, 0x00, 0x00, 
	0x1c, 0x1f, 0x1f, 0x1f, 0x1f, 0x1f, 0x1f, 0x1f, 0x1f, 0x1f, 0x1f, 0x1f, 0x1f, 0x1f, 0x1f, 0x1f, 
	0x1f, 0x1f, 0x1f, 0x1f, 0x1f, 0x1f, 0x1f, 0x1f, 0x1f, 0x1f, 0x1f, 0x1f, 0x1f, 0x1f, 0x1f, 0x1c
};
// 'mouse', 32x32px
const unsigned char fas_32x32_fa_mouse [] PROGMEM = {
	0x00, 0x00, 0x00, 0x00, 0x80, 0xe0, 0xf8, 0xfc, 0xfc, 0xfe, 0xfe, 0xff, 0xff, 0xff, 0xff, 0x00, 
	0x00, 0xff, 0xff, 0xff, 0xff, 0xfe, 0xfe, 0xfc, 0xfc, 0xf8, 0xe0, 0x80, 0x00, 0x00, 0x00, 0x00, 
	0x00, 0x00, 0x00, 0x00, 0xcf, 0xcf, 0xcf, 0xcf, 0xcf, 0xcf, 0xcf, 0xcf, 0xcf, 0xcf, 0xcf, 0xc0, 
	0xc0, 0xcf, 0xcf, 0xcf, 0xcf, 0xcf, 0xcf, 0xcf, 0xcf, 0xcf, 0xcf, 0xcf, 0x00, 0x00, 0x00, 0x00, 
	0x00, 0x00, 0x00, 0x00, 0xff, 0xff, 0xff, 0xff, 0xff, 0xff, 0xff, 0xff, 0xff, 0xff, 0xff, 0xff, 
	0xff, 0xff, 0xff, 0xff, 0xff, 0xff, 0xff, 0xff, 0xff, 0xff, 0xff, 0xff, 0x00, 0x00, 0x00, 0x00, 
	0x00, 0x00, 0x00, 0x00, 0x01, 0x07, 0x1f, 0x3f, 0x3f, 0x7f, 0x7f, 0xff, 0xff, 0xff, 0xff, 0xff, 
	0xff, 0xff, 0xff, 0xff, 0xff, 0x7f, 0x7f, 0x3f, 0x3f, 0x1f, 0x07, 0x01, 0x00, 0x00, 0x00, 0x00
};
// 'mouse-pointer', 32x32px
const unsigned char fas_32x32_fa_mouse_pointer [] PROGMEM = {
	0x00, 0x00, 0x00, 0x00, 0x00, 0x00, 0xff, 0xff, 0xfe, 0xfc, 0xf8, 0xf0, 0xe0, 0xc0, 0x80, 0x00, 
	0x00, 0x00, 0x00, 0x00, 0x00, 0x00, 0x00, 0x00, 0x00, 0x00, 0x00, 0x00, 0x00, 0x00, 0x00, 0x00, 
	0x00, 0x00, 0x00, 0x00, 0x00, 0x00, 0xff, 0xff, 0xff, 0xff, 0xff, 0xff, 0xff, 0xff, 0xff, 0xff, 
	0xfe, 0xfc, 0xf8, 0xf0, 0xe0, 0xc0, 0x80, 0x00, 0x00, 0x00, 0x00, 0x00, 0x00, 0x00, 0x00, 0x00, 
	0x00, 0x00, 0x00, 0x00, 0x00, 0x00, 0xff, 0xff, 0xff, 0xff, 0xff, 0xff, 0xff, 0xff, 0xff, 0xff, 
	0xff, 0xff, 0xff, 0x9f, 0x1f, 0x1f, 0x1f, 0x1f, 0x1e, 0x0c, 0x00, 0x00, 0x00, 0x00, 0x00, 0x00, 
	0x00, 0x00, 0x00, 0x00, 0x00, 0x00, 0x1f, 0x1f, 0x0f, 0x07, 0x03, 0x01, 0x00, 0x00, 0x03, 0x1f, 
	0x7f, 0xff, 0xff, 0x7f, 0x7c, 0x30, 0x00, 0x00, 0x00, 0x00, 0x00, 0x00, 0x00, 0x00, 0x00, 0x00
};
// 'mug-hot', 32x32px
const unsigned char fas_32x32_fa_mug_hot [] PROGMEM = {
	0x00, 0x00, 0x00, 0x00, 0x07, 0x1f, 0x3f, 0xfc, 0xf0, 0xe0, 0x80, 0x07, 0x1f, 0x3f, 0xfc, 0xf0, 
	0xe0, 0x80, 0x00, 0x00, 0x00, 0x00, 0x00, 0x00, 0x00, 0x00, 0x00, 0x00, 0x00, 0x00, 0x00, 0x00, 
	0xe0, 0xf0, 0xf0, 0xf0, 0xf0, 0xf0, 0xf0, 0xf0, 0xf3, 0xf3, 0xf3, 0xf0, 0xf0, 0xf0, 0xf0, 0xf3, 
	0xf3, 0xf3, 0xf0, 0xf0, 0xf0, 0xf0, 0xf0, 0xf0, 0xf0, 0xf0, 0xf0, 0xf0, 0xe0, 0xc0, 0x80, 0x00, 
	0xff, 0xff, 0xff, 0xff, 0xff, 0xff, 0xff, 0xff, 0xff, 0xff, 0xff, 0xff, 0xff, 0xff, 0xff, 0xff, 
	0xff, 0xff, 0xff, 0xff, 0xff, 0xff, 0xff, 0xff, 0xc0, 0xc0, 0xc0, 0xe1, 0xff, 0xff, 0x7f, 0x3f, 
	0x1f, 0x3f, 0x7f, 0xff, 0xff, 0xff, 0xff, 0xff, 0xff, 0xff, 0xff, 0xff, 0xff, 0xff, 0xff, 0xff, 
	0xff, 0xff, 0xff, 0xff, 0xff, 0x7f, 0x3f, 0x0f, 0x03, 0x03, 0x03, 0x03, 0x01, 0x00, 0x00, 0x00
};
// 'music', 32x32px
const unsigned char fas_32x32_fa_music [] PROGMEM = {
	0x00, 0x00, 0x00, 0x00, 0x00, 0x00, 0x00, 0x00, 0x80, 0xc0, 0xc0, 0xe0, 0xe0, 0xe0, 0xf0, 0xf0, 
	0xf0, 0xf0, 0xf8, 0xf8, 0xf8, 0xfc, 0xfc, 0xfc, 0xfe, 0xfe, 0xfe, 0xfe, 0xff, 0xff, 0xff, 0xfe, 
	0x00, 0x00, 0x00, 0x00, 0x00, 0x00, 0x00, 0x00, 0xff, 0xff, 0xff, 0xff, 0x1f, 0x1f, 0x1f, 0x0f, 
	0x0f, 0x0f, 0x0f, 0x07, 0x07, 0x07, 0x03, 0x03, 0x03, 0x01, 0x01, 0x01, 0xff, 0xff, 0xff, 0xff, 
	0x00, 0x00, 0x00, 0x00, 0x00, 0x00, 0x00, 0x00, 0xff, 0xff, 0xff, 0xff, 0x00, 0x00, 0x00, 0x00, 
	0x00, 0x00, 0x00, 0x00, 0xc0, 0xe0, 0xe0, 0xf0, 0xf0, 0xf0, 0xf0, 0xf0, 0xff, 0xff, 0xff, 0xff, 
	0x3c, 0x7e, 0x7e, 0xff, 0xff, 0xff, 0xff, 0xff, 0xff, 0x7f, 0x7f, 0x3f, 0x00, 0x00, 0x00, 0x00, 
	0x00, 0x00, 0x00, 0x00, 0x03, 0x07, 0x07, 0x0f, 0x0f, 0x0f, 0x0f, 0x0f, 0x0f, 0x07, 0x07, 0x03
};
// 'network-wired', 32x32px
const unsigned char fas_32x32_fa_network_wired [] PROGMEM = {
	0x00, 0x00, 0x00, 0x00, 0x00, 0x00, 0x00, 0x00, 0x00, 0x00, 0xf8, 0xf8, 0xf8, 0x38, 0x38, 0x38, 
	0x38, 0x38, 0x38, 0xf8, 0xf8, 0xf8, 0x00, 0x00, 0x00, 0x00, 0x00, 0x00, 0x00, 0x00, 0x00, 0x00, 
	0x80, 0x80, 0x80, 0x80, 0x80, 0x80, 0x80, 0x80, 0x80, 0x80, 0x9f, 0x9f, 0x9f, 0x9e, 0x9e, 0xfe, 
	0xfe, 0x9e, 0x9e, 0x9f, 0x9f, 0x9f, 0x80, 0x80, 0x80, 0x80, 0x80, 0x80, 0x80, 0x80, 0x80, 0x80, 
	0x01, 0x01, 0xf9, 0xf9, 0xf9, 0x79, 0x7f, 0x7f, 0x3b, 0x79, 0xf9, 0xf9, 0xf1, 0x01, 0x01, 0x01, 
	0x01, 0x01, 0x01, 0xf1, 0xf9, 0xf9, 0x79, 0x3b, 0x7f, 0x7f, 0x79, 0xf9, 0xf9, 0xf9, 0x01, 0x01, 
	0x00, 0x00, 0x1f, 0x1f, 0x1f, 0x1c, 0x1c, 0x1c, 0x1c, 0x1e, 0x1f, 0x1f, 0x0f, 0x00, 0x00, 0x00, 
	0x00, 0x00, 0x00, 0x0f, 0x1f, 0x1f, 0x1e, 0x1c, 0x1c, 0x1c, 0x1c, 0x1f, 0x1f, 0x1f, 0x00, 0x00
};
// 'neuter', 32x32px
const unsigned char fas_32x32_fa_neuter [] PROGMEM = {
	0x00, 0x00, 0x00, 0x00, 0x00, 0x00, 0x00, 0x00, 0xc0, 0xe0, 0xf0, 0xf8, 0xf8, 0x7c, 0x3c, 0x3c, 
	0x3c, 0x3c, 0x7c, 0xf8, 0xf8, 0xf0, 0xe0, 0xc0, 0x00, 0x00, 0x00, 0x00, 0x00, 0x00, 0x00, 0x00, 
	0x00, 0x00, 0x00, 0x00, 0x00, 0x00, 0x00, 0x3f, 0xff, 0xff, 0xff, 0xe1, 0xc0, 0x80, 0x00, 0x00, 
	0x00, 0x00, 0x80, 0xc0, 0xe1, 0xff, 0xff, 0xff, 0x3f, 0x00, 0x00, 0x00, 0x00, 0x00, 0x00, 0x00, 
	0x00, 0x00, 0x00, 0x00, 0x00, 0x00, 0x00, 0x00, 0x00, 0x01, 0x03, 0x07, 0x07, 0x0f, 0xff, 0xff, 
	0xff, 0xff, 0x0f, 0x07, 0x07, 0x03, 0x01, 0x00, 0x00, 0x00, 0x00, 0x00, 0x00, 0x00, 0x00, 0x00, 
	0x00, 0x00, 0x00, 0x00, 0x00, 0x00, 0x00, 0x00, 0x00, 0x00, 0x00, 0x00, 0x00, 0x00, 0x3f, 0x3f, 
	0x3f, 0x3f, 0x00, 0x00, 0x00, 0x00, 0x00, 0x00, 0x00, 0x00, 0x00, 0x00, 0x00, 0x00, 0x00, 0x00
};
// 'newspaper', 32x32px
const unsigned char fas_32x32_fa_newspaper [] PROGMEM = {
	0x00, 0x80, 0x80, 0x80, 0xc0, 0xe0, 0xe0, 0xe0, 0xe0, 0xe0, 0xe0, 0xe0, 0xe0, 0xe0, 0xe0, 0xe0, 
	0xe0, 0xe0, 0xe0, 0xe0, 0xe0, 0xe0, 0xe0, 0xe0, 0xe0, 0xe0, 0xe0, 0xe0, 0xe0, 0xe0, 0xc0, 0xc0, 
	0xff, 0xff, 0xff, 0x03, 0xff, 0xff, 0xff, 0xf1, 0xf1, 0xf1, 0xf1, 0xf1, 0xf1, 0xf1, 0xf1, 0xf1, 
	0xf1, 0xf1, 0xf1, 0xf1, 0xf1, 0xf1, 0xf1, 0xf1, 0xf1, 0xf1, 0xf1, 0xf1, 0xff, 0xff, 0xff, 0xff, 
	0xff, 0xff, 0xff, 0x80, 0xff, 0xff, 0xff, 0xbe, 0x9c, 0x9c, 0x9c, 0x9c, 0x9c, 0x9c, 0x9c, 0x9c, 
	0xbe, 0xff, 0xff, 0x9c, 0x9c, 0x9c, 0x9c, 0x9c, 0x9c, 0x9c, 0x9c, 0x9c, 0xff, 0xff, 0xff, 0xff, 
	0x01, 0x03, 0x03, 0x07, 0x07, 0x07, 0x07, 0x07, 0x07, 0x07, 0x07, 0x07, 0x07, 0x07, 0x07, 0x07, 
	0x07, 0x07, 0x07, 0x07, 0x07, 0x07, 0x07, 0x07, 0x07, 0x07, 0x07, 0x07, 0x07, 0x03, 0x03, 0x03
};
// 'not-equal', 32x32px
const unsigned char fas_32x32_fa_not_equal [] PROGMEM = {
	0x00, 0x00, 0x00, 0x80, 0x80, 0x80, 0x80, 0x80, 0x80, 0x80, 0x80, 0x80, 0x80, 0x80, 0x80, 0x80, 
	0x80, 0x80, 0x80, 0x80, 0x80, 0x80, 0xc0, 0xf0, 0xf8, 0xfc, 0xff, 0xbf, 0x9f, 0x06, 0x00, 0x00, 
	0x00, 0x00, 0x0f, 0x1f, 0x1f, 0x1f, 0x1f, 0x1f, 0x1f, 0x1f, 0x1f, 0x1f, 0x1f, 0x1f, 0x1f, 0x9f, 
	0xff, 0xff, 0xff, 0xff, 0x7f, 0x3f, 0x1f, 0x1f, 0x1f, 0x1f, 0x1f, 0x1f, 0x1f, 0x0f, 0x00, 0x00, 
	0x00, 0x00, 0xf0, 0xf8, 0xf8, 0xf8, 0xf8, 0xf8, 0xf8, 0xf8, 0xf8, 0xf8, 0xfc, 0xfe, 0xff, 0xff, 
	0xff, 0xff, 0xf9, 0xf8, 0xf8, 0xf8, 0xf8, 0xf8, 0xf8, 0xf8, 0xf8, 0xf8, 0xf8, 0xf0, 0x00, 0x00, 
	0x00, 0x00, 0x00, 0x01, 0x61, 0xf9, 0xfd, 0xff, 0x3f, 0x1f, 0x0f, 0x03, 0x01, 0x01, 0x01, 0x01, 
	0x01, 0x01, 0x01, 0x01, 0x01, 0x01, 0x01, 0x01, 0x01, 0x01, 0x01, 0x01, 0x01, 0x00, 0x00, 0x00
};
// 'notes-medical', 32x32px
const unsigned char fas_32x32_fa_notes_medical [] PROGMEM = {
	0x00, 0x00, 0x00, 0x00, 0xe0, 0xf0, 0xf0, 0xf0, 0xf0, 0xf0, 0xf0, 0xf0, 0xfc, 0xfe, 0xff, 0xe7, 
	0xe7, 0xff, 0xfe, 0xfc, 0xf0, 0xf0, 0xf0, 0xf0, 0xf0, 0xf0, 0xf0, 0xe0, 0x00, 0x00, 0x00, 0x00, 
	0x00, 0x00, 0x00, 0x00, 0xff, 0xff, 0xff, 0xff, 0xff, 0xff, 0xfc, 0xfc, 0xfc, 0xfc, 0x3c, 0x3c, 
	0x3c, 0x3c, 0xfc, 0xfc, 0xfc, 0xfc, 0xff, 0xff, 0xff, 0xff, 0xff, 0xff, 0x00, 0x00, 0x00, 0x00, 
	0x00, 0x00, 0x00, 0x00, 0xff, 0xff, 0xff, 0xff, 0xff, 0xff, 0xc3, 0xc3, 0xc3, 0xc3, 0x00, 0x00, 
	0x00, 0x00, 0xc3, 0xc3, 0xc3, 0xc3, 0xff, 0xff, 0xff, 0xff, 0xff, 0xff, 0x00, 0x00, 0x00, 0x00, 
	0x00, 0x00, 0x00, 0x00, 0x7f, 0xff, 0xff, 0xff, 0xff, 0xff, 0xff, 0xff, 0xff, 0xff, 0xfc, 0xfc, 
	0xfc, 0xfc, 0xff, 0xff, 0xff, 0xff, 0xff, 0xff, 0xff, 0xff, 0xff, 0x7f, 0x00, 0x00, 0x00, 0x00
};
// 'object-group', 32x32px
const unsigned char fas_32x32_fa_object_group [] PROGMEM = {
	0x3c, 0x3c, 0xfc, 0xfc, 0xf0, 0xf0, 0xf0, 0xf0, 0xf0, 0xf0, 0xf0, 0xf0, 0xf0, 0xf0, 0xf0, 0xf0, 
	0xf0, 0xf0, 0xf0, 0xf0, 0xf0, 0xf0, 0xf0, 0xf0, 0xf0, 0xf0, 0xf0, 0xf0, 0xfc, 0xfc, 0x3c, 0x3c, 
	0x00, 0x00, 0xff, 0xff, 0xff, 0xff, 0x00, 0x00, 0x00, 0x00, 0x00, 0x00, 0x00, 0x00, 0x00, 0x00, 
	0x00, 0x00, 0xff, 0xff, 0x3f, 0x3f, 0x3f, 0x3f, 0x3f, 0x3f, 0xff, 0xff, 0xff, 0xff, 0x00, 0x00, 
	0x00, 0x00, 0xff, 0xff, 0xff, 0xff, 0xfc, 0xfc, 0xfc, 0xfc, 0xfc, 0xfc, 0xfc, 0xfc, 0x0c, 0x0c, 
	0x0c, 0x0c, 0x0f, 0x0f, 0x00, 0x00, 0x00, 0x00, 0x00, 0x00, 0xff, 0xff, 0xff, 0xff, 0x00, 0x00, 
	0x3c, 0x3c, 0x3f, 0x3f, 0x0f, 0x0f, 0x0f, 0x0f, 0x0f, 0x0f, 0x0f, 0x0f, 0x0f, 0x0f, 0x0f, 0x0f, 
	0x0f, 0x0f, 0x0f, 0x0f, 0x0f, 0x0f, 0x0f, 0x0f, 0x0f, 0x0f, 0x0f, 0x0f, 0x3f, 0x3f, 0x3c, 0x3c
};
// 'object-ungroup', 32x32px
const unsigned char fas_32x32_fa_object_ungroup [] PROGMEM = {
	0x70, 0x70, 0xf0, 0xf0, 0xe0, 0xe0, 0xe0, 0xe0, 0xe0, 0xe0, 0xe0, 0xe0, 0xe0, 0xe0, 0xe0, 0xe0, 
	0xe0, 0xe0, 0xe0, 0xe0, 0xf0, 0xf0, 0x70, 0x00, 0x00, 0x00, 0x00, 0x00, 0x00, 0x00, 0x00, 0x00, 
	0x00, 0x00, 0xff, 0xff, 0xff, 0xff, 0xff, 0xff, 0xff, 0xff, 0xff, 0xff, 0xff, 0xff, 0xff, 0xff, 
	0xff, 0xff, 0xff, 0xff, 0xff, 0x00, 0x00, 0xf0, 0xf0, 0xf0, 0xf0, 0xf0, 0xf8, 0xf8, 0x38, 0x38, 
	0x1c, 0x1c, 0x1f, 0x1f, 0x0f, 0x0f, 0x0f, 0x0f, 0x0f, 0x0f, 0x0f, 0xe7, 0xe7, 0xe7, 0xe7, 0xe7, 
	0xe7, 0xe7, 0xcf, 0x8f, 0x9f, 0x9e, 0x9c, 0xc1, 0xff, 0xff, 0xff, 0xff, 0xff, 0xff, 0x00, 0x00, 
	0x00, 0x00, 0x00, 0x00, 0x00, 0x00, 0x00, 0x00, 0x00, 0x0e, 0x0f, 0x0f, 0x07, 0x07, 0x07, 0x07, 
	0x07, 0x07, 0x07, 0x07, 0x07, 0x07, 0x07, 0x07, 0x07, 0x07, 0x07, 0x07, 0x0f, 0x0f, 0x0e, 0x0e
};
// 'oil-can', 32x32px
const unsigned char fas_32x32_fa_oil_can [] PROGMEM = {
	0x00, 0x00, 0x00, 0x00, 0x00, 0x00, 0x00, 0x00, 0x00, 0x00, 0x00, 0x00, 0x00, 0x00, 0x00, 0x00, 
	0x00, 0x00, 0x00, 0x00, 0x00, 0x00, 0x00, 0x00, 0x00, 0x00, 0x00, 0x00, 0x00, 0x00, 0x00, 0x00, 
	0xf0, 0xf8, 0x70, 0x30, 0x70, 0xf0, 0xf0, 0xf0, 0xe3, 0xe3, 0xe3, 0xf7, 0xff, 0xff, 0xe3, 0xe3, 
	0xe3, 0xe3, 0xe0, 0xc0, 0xc0, 0xc0, 0xc0, 0xc0, 0xe0, 0xe0, 0xe0, 0xf0, 0xf0, 0x70, 0x38, 0x18, 
	0x07, 0x0f, 0x0e, 0x0e, 0x0e, 0xff, 0xff, 0xff, 0xff, 0xff, 0xff, 0xff, 0xff, 0xff, 0xff, 0xff, 
	0xff, 0xff, 0xff, 0xff, 0xff, 0x7f, 0x3f, 0x1f, 0x0f, 0x07, 0x03, 0x01, 0xf8, 0xfc, 0xf8, 0x60, 
	0x00, 0x00, 0x00, 0x00, 0x00, 0x00, 0x00, 0x00, 0x00, 0x00, 0x00, 0x00, 0x00, 0x00, 0x00, 0x00, 
	0x00, 0x00, 0x00, 0x00, 0x00, 0x00, 0x00, 0x00, 0x00, 0x00, 0x00, 0x00, 0x00, 0x00, 0x00, 0x00
};
// 'om', 32x32px
const unsigned char fas_32x32_fa_om [] PROGMEM = {
	0x00, 0x00, 0x00, 0x00, 0x00, 0x80, 0xc0, 0xc0, 0xc0, 0xc0, 0xc0, 0xc0, 0x80, 0x00, 0x00, 0x00, 
	0x30, 0x70, 0xe0, 0xe0, 0xc0, 0xc6, 0xcf, 0xcf, 0xc6, 0xc0, 0xe0, 0xe0, 0xf0, 0xf0, 0x00, 0x00, 
	0x00, 0x00, 0x00, 0x00, 0x03, 0x03, 0x07, 0x03, 0x03, 0x03, 0x83, 0x87, 0xff, 0xff, 0xfe, 0xfc, 
	0x00, 0x00, 0x00, 0x01, 0x81, 0xc3, 0xe3, 0xf3, 0xf3, 0xf3, 0xf3, 0xf1, 0xe1, 0xe0, 0xc0, 0x00, 
	0xc0, 0x80, 0x00, 0x00, 0x00, 0x00, 0x03, 0x0f, 0x0f, 0x0f, 0x0f, 0x0f, 0x1f, 0x3f, 0xff, 0xff, 
	0xff, 0xef, 0x0f, 0x0f, 0x8f, 0x07, 0x03, 0x01, 0x00, 0x00, 0x00, 0x01, 0xff, 0xff, 0xff, 0xff, 
	0x03, 0x0f, 0x1e, 0x3c, 0x78, 0x78, 0xf8, 0xf0, 0xf0, 0xf0, 0xf0, 0xf0, 0xf8, 0x7c, 0x7f, 0x3f, 
	0x1f, 0x07, 0x00, 0x00, 0x0f, 0x1f, 0x1e, 0x3e, 0x3c, 0x3c, 0x3c, 0x3e, 0x1f, 0x1f, 0x0f, 0x07
};
// 'otter', 32x32px
const unsigned char fas_32x32_fa_otter [] PROGMEM = {
	0x00, 0x00, 0x00, 0x00, 0x00, 0x00, 0x00, 0x00, 0x00, 0x00, 0x00, 0x00, 0x00, 0x00, 0x00, 0x00, 
	0x80, 0x80, 0xc0, 0xc0, 0xe0, 0xf0, 0xf0, 0xf8, 0xf8, 0xb8, 0xf8, 0xf8, 0xf0, 0xe0, 0xe0, 0xe0, 
	0x00, 0x00, 0x00, 0x80, 0xe0, 0xf8, 0xfc, 0xfe, 0xfe, 0xff, 0xff, 0xff, 0xff, 0xff, 0xff, 0xff, 
	0xff, 0xff, 0xff, 0xff, 0xe7, 0xf7, 0x73, 0x3b, 0x39, 0x1d, 0x1d, 0x1d, 0x1d, 0x0f, 0x07, 0x03, 
	0x80, 0xc0, 0xf0, 0xff, 0xff, 0xff, 0xff, 0xff, 0xff, 0xff, 0xff, 0xff, 0xef, 0xef, 0xe7, 0xe7, 
	0x03, 0x01, 0x01, 0x03, 0x0f, 0x3f, 0xfe, 0xf8, 0xe0, 0xe0, 0xe0, 0x00, 0x00, 0x00, 0x00, 0x00, 
	0x07, 0x0f, 0x1f, 0x1f, 0x1c, 0x1c, 0x1c, 0x1c, 0x1c, 0x1c, 0x1c, 0x00, 0x00, 0x00, 0x00, 0x00, 
	0x00, 0x00, 0x00, 0x00, 0x00, 0x00, 0x00, 0x00, 0x00, 0x00, 0x00, 0x00, 0x00, 0x00, 0x00, 0x00
};
// 'outdent', 32x32px
const unsigned char fas_32x32_fa_outdent [] PROGMEM = {
	0x00, 0x00, 0x3c, 0x3c, 0x3c, 0x3c, 0x3c, 0x3c, 0x3c, 0x3c, 0x3c, 0x3c, 0x3c, 0x3c, 0x3c, 0x3c, 
	0x3c, 0x3c, 0x3c, 0x3c, 0x3c, 0x3c, 0x3c, 0x3c, 0x3c, 0x3c, 0x3c, 0x3c, 0x3c, 0x3c, 0x00, 0x00, 
	0x00, 0x00, 0x80, 0xc0, 0xe0, 0xf0, 0xf8, 0xfc, 0xfe, 0xfe, 0x00, 0x00, 0x00, 0x00, 0x3c, 0x3c, 
	0x3c, 0x3c, 0x3c, 0x3c, 0x3c, 0x3c, 0x3c, 0x3c, 0x3c, 0x3c, 0x3c, 0x3c, 0x3c, 0x3c, 0x00, 0x00, 
	0x00, 0x00, 0x01, 0x03, 0x07, 0x0f, 0x1f, 0x3f, 0x7f, 0x7f, 0x00, 0x00, 0x00, 0x00, 0x3c, 0x3c, 
	0x3c, 0x3c, 0x3c, 0x3c, 0x3c, 0x3c, 0x3c, 0x3c, 0x3c, 0x3c, 0x3c, 0x3c, 0x3c, 0x3c, 0x00, 0x00, 
	0x00, 0x00, 0x3c, 0x3c, 0x3c, 0x3c, 0x3c, 0x3c, 0x3c, 0x3c, 0x3c, 0x3c, 0x3c, 0x3c, 0x3c, 0x3c, 
	0x3c, 0x3c, 0x3c, 0x3c, 0x3c, 0x3c, 0x3c, 0x3c, 0x3c, 0x3c, 0x3c, 0x3c, 0x3c, 0x3c, 0x00, 0x00
};
// 'pager', 32x32px
const unsigned char fas_32x32_fa_pager [] PROGMEM = {
	0xc0, 0xe0, 0xf0, 0xf0, 0xf0, 0xf0, 0xf0, 0xf0, 0xf0, 0xf0, 0xf0, 0xf0, 0xf0, 0xf0, 0xf0, 0xf0, 
	0xf0, 0xf0, 0xf0, 0xf0, 0xf0, 0xf0, 0xf0, 0xf0, 0xf0, 0xf0, 0xf0, 0xf0, 0xf0, 0xf0, 0xe0, 0xc0, 
	0xff, 0xff, 0xff, 0xff, 0x81, 0x00, 0x00, 0x00, 0x00, 0x00, 0x00, 0x00, 0x00, 0x00, 0x00, 0x00, 
	0x00, 0x00, 0x00, 0x00, 0x00, 0x00, 0x00, 0x00, 0x00, 0x00, 0x00, 0x81, 0xff, 0xff, 0xff, 0xff, 
	0xff, 0xff, 0xff, 0xff, 0x8f, 0x8f, 0x8f, 0x8f, 0x8f, 0x8f, 0xff, 0xff, 0x8f, 0x8f, 0x8f, 0x8f, 
	0x8f, 0x8f, 0xff, 0xff, 0xff, 0xff, 0xff, 0xff, 0xff, 0xff, 0xff, 0xff, 0xff, 0xff, 0xff, 0xff, 
	0x03, 0x07, 0x0f, 0x0f, 0x0f, 0x0f, 0x0f, 0x0f, 0x0f, 0x0f, 0x0f, 0x0f, 0x0f, 0x0f, 0x0f, 0x0f, 
	0x0f, 0x0f, 0x0f, 0x0f, 0x0f, 0x0f, 0x0f, 0x0f, 0x0f, 0x0f, 0x0f, 0x0f, 0x0f, 0x0f, 0x07, 0x03
};
// 'paint-brush', 32x32px
const unsigned char fas_32x32_fa_paint_brush [] PROGMEM = {
	0x00, 0x00, 0x00, 0x00, 0x00, 0x00, 0x00, 0x00, 0x00, 0x00, 0x00, 0x00, 0x00, 0x00, 0x00, 0x00, 
	0x00, 0x00, 0x00, 0x80, 0xc0, 0xe0, 0xf0, 0xf8, 0xfc, 0xfc, 0xfe, 0xff, 0xff, 0xff, 0x7f, 0x1e, 
	0x00, 0x00, 0x00, 0x00, 0x00, 0x00, 0x00, 0x00, 0x00, 0x00, 0x00, 0x00, 0xc0, 0xf0, 0xf8, 0xfc, 
	0xfe, 0xfe, 0xff, 0xff, 0xff, 0xff, 0xff, 0xff, 0xff, 0xff, 0x3f, 0x1f, 0x07, 0x01, 0x00, 0x00, 
	0x80, 0x80, 0x00, 0x00, 0x80, 0xc0, 0xe0, 0xf0, 0xf0, 0xf8, 0xf8, 0xf0, 0xe3, 0xc7, 0x8f, 0x1f, 
	0x3f, 0x3f, 0x3f, 0x3f, 0x1f, 0x1f, 0x0f, 0x07, 0x01, 0x00, 0x00, 0x00, 0x00, 0x00, 0x00, 0x00, 
	0x03, 0x1f, 0x3f, 0x7f, 0x7f, 0xff, 0xff, 0xff, 0xff, 0xff, 0xff, 0xff, 0x7f, 0x3f, 0x1f, 0x0f, 
	0x00, 0x00, 0x00, 0x00, 0x00, 0x00, 0x00, 0x00, 0x00, 0x00, 0x00, 0x00, 0x00, 0x00, 0x00, 0x00
};
// 'paint-roller', 32x32px
const unsigned char fas_32x32_fa_paint_roller [] PROGMEM = {
	0xff, 0xff, 0xff, 0xff, 0xff, 0xff, 0xff, 0xff, 0xff, 0xff, 0xff, 0xff, 0xff, 0xff, 0xff, 0xff, 
	0xff, 0xff, 0xff, 0xff, 0xff, 0xff, 0xff, 0xff, 0xff, 0xfe, 0x00, 0x00, 0xf0, 0xf0, 0xe0, 0xc0, 
	0x01, 0x03, 0x03, 0x03, 0x03, 0x03, 0x03, 0x03, 0x03, 0x03, 0x03, 0x03, 0x03, 0x83, 0xc3, 0xc3, 
	0xc3, 0xc3, 0xc3, 0xc3, 0xc3, 0xc3, 0xc3, 0xc3, 0xc3, 0xc1, 0xc0, 0xe0, 0xff, 0xff, 0xff, 0x7f, 
	0x00, 0x00, 0x00, 0x00, 0x00, 0x00, 0x00, 0x00, 0x00, 0x00, 0xe0, 0xf0, 0xff, 0xff, 0xff, 0xff, 
	0xf3, 0xe3, 0x03, 0x03, 0x03, 0x03, 0x03, 0x03, 0x03, 0x03, 0x03, 0x03, 0x01, 0x01, 0x00, 0x00, 
	0x00, 0x00, 0x00, 0x00, 0x00, 0x00, 0x00, 0x00, 0x00, 0x00, 0x7f, 0xff, 0xff, 0xff, 0xff, 0xff, 
	0xff, 0x7f, 0x00, 0x00, 0x00, 0x00, 0x00, 0x00, 0x00, 0x00, 0x00, 0x00, 0x00, 0x00, 0x00, 0x00
};
// 'palette', 32x32px
const unsigned char fas_32x32_fa_palette [] PROGMEM = {
	0x00, 0x00, 0x80, 0xc0, 0xe0, 0xf0, 0xf8, 0xfc, 0xfc, 0xfe, 0xfe, 0xfe, 0xff, 0xff, 0x9f, 0x0f, 
	0x0f, 0x9f, 0xff, 0xff, 0xfe, 0xfe, 0xfe, 0xfc, 0xfc, 0xf8, 0xf0, 0xe0, 0xc0, 0x80, 0x00, 0x00, 
	0xf0, 0xfe, 0xff, 0xff, 0xff, 0xff, 0xf9, 0xf0, 0xf0, 0xf9, 0xff, 0xff, 0xff, 0xff, 0xff, 0xff, 
	0xff, 0xff, 0xff, 0xff, 0xff, 0xff, 0xf9, 0xf0, 0xf0, 0xf9, 0xff, 0xff, 0xff, 0xff, 0xfe, 0xf0, 
	0x0f, 0x7f, 0xff, 0xff, 0xf9, 0xf0, 0xf0, 0xf9, 0xff, 0xff, 0xff, 0xff, 0xff, 0xff, 0xff, 0xff, 
	0xff, 0xff, 0xff, 0x3f, 0x1f, 0x0f, 0x0f, 0x0f, 0x0f, 0x0f, 0x0f, 0x0f, 0x0f, 0x0f, 0x07, 0x03, 
	0x00, 0x00, 0x01, 0x03, 0x07, 0x0f, 0x1f, 0x3f, 0x3f, 0x7f, 0x7f, 0xff, 0xff, 0xff, 0xff, 0xff, 
	0xff, 0xff, 0x7f, 0x18, 0x00, 0x00, 0x00, 0x00, 0x00, 0x00, 0x00, 0x00, 0x00, 0x00, 0x00, 0x00
};
// 'pallet', 32x32px
const unsigned char fas_32x32_fa_pallet [] PROGMEM = {
	0x00, 0x00, 0x00, 0x00, 0x00, 0x00, 0xf8, 0xf8, 0xf8, 0xf8, 0xf8, 0xf8, 0xf8, 0x00, 0x00, 0x00, 
	0x00, 0x00, 0x00, 0xf8, 0xf8, 0xf8, 0xf8, 0xf8, 0xf8, 0xf8, 0x00, 0x00, 0x00, 0x00, 0x00, 0x00, 
	0x00, 0x00, 0x00, 0x00, 0x00, 0x00, 0x7f, 0xff, 0xff, 0xff, 0xff, 0xff, 0xff, 0xfe, 0xfe, 0xff, 
	0xff, 0xfe, 0xfe, 0xff, 0xff, 0xff, 0xff, 0xff, 0xff, 0x7f, 0x00, 0x00, 0x00, 0x00, 0x00, 0x00, 
	0x38, 0x78, 0x78, 0xf8, 0xf8, 0xf8, 0x78, 0x38, 0x78, 0x78, 0x78, 0x78, 0x78, 0x78, 0xf8, 0xf8, 
	0xf8, 0xf8, 0x78, 0x78, 0x78, 0x78, 0x78, 0x78, 0x38, 0x78, 0xf8, 0xf8, 0xf8, 0x78, 0x78, 0x38, 
	0x1c, 0x1c, 0x1c, 0x1f, 0x1f, 0x1f, 0x1e, 0x1c, 0x1c, 0x1c, 0x1c, 0x1c, 0x1c, 0x1c, 0x1f, 0x1f, 
	0x1f, 0x1f, 0x1c, 0x1c, 0x1c, 0x1c, 0x1c, 0x1c, 0x1c, 0x1e, 0x1f, 0x1f, 0x1f, 0x1c, 0x1c, 0x1c
};
// 'paperclip', 32x32px
const unsigned char fas_32x32_fa_paperclip [] PROGMEM = {
	0x00, 0x00, 0x00, 0x00, 0x00, 0x00, 0x00, 0x00, 0x00, 0x00, 0x00, 0x00, 0x00, 0x80, 0xc0, 0xe0, 
	0xf8, 0xfc, 0x7c, 0x3e, 0x1f, 0x0f, 0x0f, 0x0f, 0x1f, 0x3f, 0xfe, 0xfc, 0xf8, 0xf0, 0x00, 0x00, 
	0x00, 0x00, 0x00, 0x00, 0x00, 0x80, 0xc0, 0xe0, 0xf0, 0xf8, 0xfc, 0xfe, 0xdf, 0xef, 0xf7, 0xfb, 
	0xfd, 0x7e, 0x3f, 0x9f, 0xcf, 0xe6, 0xf0, 0xf8, 0xfc, 0x7e, 0xbf, 0x9f, 0x0f, 0x03, 0x00, 0x00, 
	0x00, 0x00, 0xf8, 0xfe, 0xff, 0xff, 0x0f, 0x07, 0x13, 0xfd, 0xff, 0xff, 0xff, 0xe7, 0xf3, 0xf9, 
	0xfc, 0x7e, 0xbf, 0xdf, 0xef, 0xf7, 0xfb, 0xfd, 0x7e, 0x3f, 0x1f, 0x0f, 0x07, 0x00, 0x00, 0x00, 
	0x00, 0x00, 0x03, 0x0f, 0x1f, 0x3f, 0x7e, 0x7c, 0xf8, 0xf0, 0xf1, 0xf1, 0xf1, 0xf1, 0xf9, 0x7d, 
	0x7e, 0x3f, 0x1f, 0x0f, 0x07, 0x03, 0x01, 0x00, 0x00, 0x00, 0x00, 0x00, 0x00, 0x00, 0x00, 0x00
};
// 'paper-plane', 32x32px
const unsigned char fas_32x32_fa_paper_plane [] PROGMEM = {
	0x00, 0x00, 0x00, 0x00, 0x00, 0x00, 0x00, 0x00, 0x00, 0x00, 0x00, 0x00, 0x00, 0x00, 0x00, 0x00, 
	0x00, 0x80, 0x80, 0xc0, 0xe0, 0xe0, 0xf0, 0xf0, 0xf8, 0x78, 0xfc, 0xfe, 0xfe, 0xff, 0xff, 0x1f, 
	0x00, 0x00, 0x00, 0x80, 0x80, 0xc0, 0xc0, 0xe0, 0xf0, 0xf0, 0xf8, 0xf8, 0xfc, 0xfc, 0xfe, 0x7f, 
	0x7f, 0x3f, 0x1f, 0x8f, 0xc7, 0xe3, 0xf9, 0xfc, 0xfe, 0xff, 0xff, 0xff, 0xff, 0xff, 0x07, 0x00, 
	0x06, 0x0f, 0x0f, 0x1f, 0x1f, 0x3f, 0x3f, 0x3f, 0x3f, 0x1f, 0x0f, 0x07, 0x03, 0xc1, 0xe0, 0xf0, 
	0xf8, 0xfe, 0xff, 0xff, 0xff, 0xff, 0xff, 0xff, 0xff, 0xff, 0xff, 0xff, 0x7f, 0x01, 0x00, 0x00, 
	0x00, 0x00, 0x00, 0x00, 0x00, 0x00, 0x00, 0x00, 0x00, 0x00, 0x00, 0xfe, 0xff, 0xff, 0x3f, 0x1f, 
	0x0f, 0x07, 0x07, 0x07, 0x0f, 0x0f, 0x1f, 0x1f, 0x3f, 0x3f, 0x3f, 0x1f, 0x00, 0x00, 0x00, 0x00
};
// 'parachute-box', 32x32px
const unsigned char fas_32x32_fa_parachute_box [] PROGMEM = {
	0x00, 0x80, 0xc0, 0xe0, 0xf0, 0xf8, 0xfc, 0x1c, 0x04, 0xe0, 0xf8, 0xfc, 0xfe, 0xfe, 0xff, 0xff, 
	0xff, 0xff, 0xfe, 0xfe, 0xfc, 0xf8, 0xe0, 0x04, 0x1c, 0xfc, 0xf8, 0xf0, 0xe0, 0xc0, 0x80, 0x00, 
	0x0e, 0x0f, 0x1f, 0x3f, 0x7f, 0xef, 0xc0, 0x00, 0x0f, 0x0f, 0x0f, 0x0f, 0x0f, 0x0f, 0x0f, 0xff, 
	0xff, 0x0f, 0x0f, 0x0f, 0x0f, 0x0f, 0x0f, 0x0f, 0x00, 0xc0, 0xef, 0x7f, 0x3f, 0x1f, 0x0f, 0x0e, 
	0x00, 0x00, 0x00, 0x00, 0x00, 0x00, 0x03, 0x07, 0x0e, 0x1c, 0xf8, 0xf0, 0xf0, 0xf0, 0xf0, 0xff, 
	0xff, 0xf0, 0xf0, 0xf0, 0xf0, 0xf8, 0x1c, 0x0e, 0x07, 0x03, 0x00, 0x00, 0x00, 0x00, 0x00, 0x00, 
	0x00, 0x00, 0x00, 0x00, 0x00, 0x00, 0x00, 0x00, 0x00, 0x00, 0x7f, 0xff, 0xff, 0xff, 0xff, 0xff, 
	0xff, 0xff, 0xff, 0xff, 0xff, 0x7f, 0x00, 0x00, 0x00, 0x00, 0x00, 0x00, 0x00, 0x00, 0x00, 0x00
};
// 'paragraph', 32x32px
const unsigned char fas_32x32_fa_paragraph [] PROGMEM = {
	0x00, 0x00, 0x00, 0x00, 0x00, 0x80, 0xe0, 0xf0, 0xf0, 0xf8, 0xf8, 0xfc, 0xfc, 0xfc, 0xfc, 0xfc, 
	0xfc, 0xfc, 0xfc, 0xfc, 0x3c, 0x3c, 0xfc, 0xfc, 0xfc, 0xfc, 0x3c, 0x3c, 0x3c, 0x3c, 0x00, 0x00, 
	0x00, 0x00, 0x00, 0x00, 0x7e, 0xff, 0xff, 0xff, 0xff, 0xff, 0xff, 0xff, 0xff, 0xff, 0xff, 0xff, 
	0xff, 0xff, 0xff, 0xff, 0x00, 0x00, 0xff, 0xff, 0xff, 0xff, 0x00, 0x00, 0x00, 0x00, 0x00, 0x00, 
	0x00, 0x00, 0x00, 0x00, 0x00, 0x01, 0x07, 0x0f, 0x0f, 0x1f, 0x1f, 0x3f, 0x3f, 0x3f, 0x3f, 0x3f, 
	0xff, 0xff, 0xff, 0xff, 0x00, 0x00, 0xff, 0xff, 0xff, 0xff, 0x00, 0x00, 0x00, 0x00, 0x00, 0x00, 
	0x00, 0x00, 0x00, 0x00, 0x00, 0x00, 0x00, 0x00, 0x00, 0x00, 0x00, 0x00, 0x00, 0x00, 0x00, 0x00, 
	0x3f, 0x3f, 0x3f, 0x3f, 0x00, 0x00, 0x3f, 0x3f, 0x3f, 0x3f, 0x00, 0x00, 0x00, 0x00, 0x00, 0x00
};
// 'parking', 32x32px
const unsigned char fas_32x32_fa_parking [] PROGMEM = {
	0x00, 0x00, 0xf8, 0xfc, 0xfc, 0xfc, 0xfc, 0xfc, 0xfc, 0xfc, 0xfc, 0xfc, 0xfc, 0xfc, 0xfc, 0xfc, 
	0xfc, 0xfc, 0xfc, 0xfc, 0xfc, 0xfc, 0xfc, 0xfc, 0xfc, 0xfc, 0xfc, 0xfc, 0xfc, 0xf8, 0x00, 0x00, 
	0x00, 0x00, 0xff, 0xff, 0xff, 0xff, 0xff, 0xff, 0xff, 0xff, 0x00, 0x00, 0x00, 0x00, 0xf0, 0xf0, 
	0xf0, 0xf0, 0x60, 0x01, 0x01, 0x03, 0x0f, 0xff, 0xff, 0xff, 0xff, 0xff, 0xff, 0xff, 0x00, 0x00, 
	0x00, 0x00, 0xff, 0xff, 0xff, 0xff, 0xff, 0xff, 0xff, 0xff, 0x00, 0x00, 0x00, 0x00, 0xf0, 0xf0, 
	0xf0, 0xf0, 0xf0, 0xf8, 0xf8, 0xfc, 0xff, 0xff, 0xff, 0xff, 0xff, 0xff, 0xff, 0xff, 0x00, 0x00, 
	0x00, 0x00, 0x1f, 0x3f, 0x3f, 0x3f, 0x3f, 0x3f, 0x3f, 0x3f, 0x3f, 0x3f, 0x3f, 0x3f, 0x3f, 0x3f, 
	0x3f, 0x3f, 0x3f, 0x3f, 0x3f, 0x3f, 0x3f, 0x3f, 0x3f, 0x3f, 0x3f, 0x3f, 0x3f, 0x1f, 0x00, 0x00
};
// 'passport', 32x32px
const unsigned char fas_32x32_fa_passport [] PROGMEM = {
	0x00, 0x00, 0xfc, 0xfe, 0xff, 0xff, 0xff, 0xff, 0xff, 0x7f, 0x3f, 0x1f, 0x9f, 0x0f, 0x0f, 0x8f, 
	0x8f, 0x0f, 0x0f, 0x9f, 0x1f, 0x3f, 0x7f, 0xff, 0xff, 0xff, 0xff, 0xff, 0xff, 0xff, 0x00, 0x00, 
	0x00, 0x00, 0xff, 0xff, 0xff, 0xff, 0xff, 0xff, 0x81, 0x00, 0x24, 0xe7, 0xe7, 0x00, 0x00, 0xe7, 
	0xe7, 0x00, 0x00, 0xe7, 0xe7, 0x24, 0x00, 0x81, 0xff, 0xff, 0xff, 0xff, 0xff, 0xff, 0x00, 0x00, 
	0x00, 0x00, 0xff, 0xff, 0xff, 0xff, 0xff, 0xff, 0xff, 0xfe, 0xfc, 0xf8, 0xf9, 0xf0, 0xf0, 0xf1, 
	0xf1, 0xf0, 0xf0, 0xf9, 0xf8, 0xfc, 0xfe, 0xff, 0xff, 0xff, 0xff, 0xff, 0xff, 0xff, 0x00, 0x00, 
	0x00, 0x00, 0x3f, 0x7f, 0xff, 0xff, 0xff, 0xff, 0xfc, 0xfc, 0xfc, 0xfc, 0xfc, 0xfc, 0xfc, 0xfc, 
	0xfc, 0xfc, 0xfc, 0xfc, 0xfc, 0xfc, 0xfc, 0xfc, 0xff, 0xff, 0xff, 0xff, 0xff, 0xff, 0x00, 0x00
};
// 'pastafarianism', 32x32px
const unsigned char fas_32x32_fa_pastafarianism [] PROGMEM = {
	0x00, 0x00, 0x00, 0x00, 0x00, 0x00, 0x60, 0xf0, 0xf8, 0xb8, 0xf8, 0xf0, 0xe0, 0x00, 0x00, 0x00, 
	0x00, 0x00, 0x00, 0xe0, 0xf0, 0xf8, 0xb8, 0xf8, 0xf0, 0x60, 0x00, 0x00, 0x00, 0x00, 0x00, 0x00, 
	0x60, 0xe0, 0xe0, 0xc0, 0x00, 0x00, 0x80, 0xc1, 0xe1, 0xf3, 0xff, 0xff, 0xff, 0xfc, 0xfc, 0xfe, 
	0xfe, 0xfc, 0xfc, 0xff, 0xff, 0xff, 0xf3, 0xe1, 0xc1, 0x80, 0x00, 0x00, 0xc0, 0xe0, 0xe0, 0x60, 
	0x60, 0x70, 0x71, 0xe3, 0xe7, 0xc7, 0xc7, 0xff, 0x7f, 0x1f, 0x1f, 0x3f, 0xff, 0xff, 0xff, 0x7f, 
	0x7f, 0xff, 0xff, 0xff, 0x3f, 0x1f, 0x1f, 0x7f, 0xff, 0xc7, 0xc7, 0xe7, 0xe3, 0x71, 0x70, 0x60, 
	0x00, 0x00, 0x00, 0x00, 0x00, 0x01, 0x01, 0x00, 0x08, 0x18, 0x1c, 0x1e, 0x0f, 0x03, 0x00, 0x00, 
	0x00, 0x00, 0x03, 0x0f, 0x1e, 0x1c, 0x18, 0x08, 0x00, 0x01, 0x01, 0x00, 0x00, 0x00, 0x00, 0x00
};
// 'paste', 32x32px
const unsigned char fas_32x32_fa_paste [] PROGMEM = {
	0x00, 0x00, 0xfc, 0xfc, 0xfc, 0xfc, 0xfc, 0xfc, 0xfc, 0xfe, 0xff, 0xe7, 0xe7, 0xff, 0xfe, 0xfc, 
	0xfc, 0xfc, 0xfc, 0xfc, 0xfc, 0xfc, 0x00, 0x00, 0x00, 0x00, 0x00, 0x00, 0x00, 0x00, 0x00, 0x00, 
	0x00, 0x00, 0xff, 0xff, 0xff, 0xff, 0xff, 0xff, 0xff, 0xff, 0x03, 0x01, 0xfc, 0xfc, 0xfc, 0xfc, 
	0xfc, 0xfc, 0xfc, 0xfc, 0xfc, 0xfc, 0x00, 0x00, 0xfc, 0xfc, 0xf8, 0xf0, 0xe0, 0xc0, 0x00, 0x00, 
	0x00, 0x00, 0xff, 0xff, 0xff, 0xff, 0xff, 0xff, 0xff, 0xff, 0x00, 0x00, 0xff, 0xff, 0xff, 0xff, 
	0xff, 0xff, 0xff, 0xff, 0xff, 0xff, 0xfe, 0xfc, 0xfc, 0xfc, 0xfc, 0xfc, 0xfc, 0xfc, 0x00, 0x00, 
	0x00, 0x00, 0x03, 0x03, 0x03, 0x03, 0x03, 0x03, 0x03, 0x03, 0x00, 0x00, 0xff, 0xff, 0xff, 0xff, 
	0xff, 0xff, 0xff, 0xff, 0xff, 0xff, 0xff, 0xff, 0xff, 0xff, 0xff, 0xff, 0xff, 0xff, 0x00, 0x00
};
// 'pause', 32x32px
const unsigned char fas_32x32_fa_pause [] PROGMEM = {
	0x00, 0x00, 0xf8, 0xfc, 0xfc, 0xfc, 0xfc, 0xfc, 0xfc, 0xfc, 0xfc, 0xfc, 0xfc, 0xf8, 0x00, 0x00, 
	0x00, 0x00, 0xf8, 0xfc, 0xfc, 0xfc, 0xfc, 0xfc, 0xfc, 0xfc, 0xfc, 0xfc, 0xfc, 0xf8, 0x00, 0x00, 
	0x00, 0x00, 0xff, 0xff, 0xff, 0xff, 0xff, 0xff, 0xff, 0xff, 0xff, 0xff, 0xff, 0xff, 0x00, 0x00, 
	0x00, 0x00, 0xff, 0xff, 0xff, 0xff, 0xff, 0xff, 0xff, 0xff, 0xff, 0xff, 0xff, 0xff, 0x00, 0x00, 
	0x00, 0x00, 0xff, 0xff, 0xff, 0xff, 0xff, 0xff, 0xff, 0xff, 0xff, 0xff, 0xff, 0xff, 0x00, 0x00, 
	0x00, 0x00, 0xff, 0xff, 0xff, 0xff, 0xff, 0xff, 0xff, 0xff, 0xff, 0xff, 0xff, 0xff, 0x00, 0x00, 
	0x00, 0x00, 0x1f, 0x3f, 0x3f, 0x3f, 0x3f, 0x3f, 0x3f, 0x3f, 0x3f, 0x3f, 0x3f, 0x1f, 0x00, 0x00, 
	0x00, 0x00, 0x1f, 0x3f, 0x3f, 0x3f, 0x3f, 0x3f, 0x3f, 0x3f, 0x3f, 0x3f, 0x3f, 0x1f, 0x00, 0x00
};
// 'pause-circle', 32x32px
const unsigned char fas_32x32_fa_pause_circle [] PROGMEM = {
	0x00, 0x00, 0x00, 0x80, 0xc0, 0xe0, 0xf0, 0xf8, 0xfc, 0xfc, 0xfe, 0xfe, 0xfe, 0xfe, 0xff, 0xff, 
	0xff, 0xff, 0xfe, 0xfe, 0xfe, 0xfe, 0xfc, 0xfc, 0xf8, 0xf0, 0xe0, 0xc0, 0x80, 0x00, 0x00, 0x00, 
	0xc0, 0xfc, 0xff, 0xff, 0xff, 0xff, 0xff, 0xff, 0xff, 0xff, 0x03, 0x03, 0x03, 0x03, 0x03, 0xff, 
	0xff, 0x03, 0x03, 0x03, 0x03, 0x03, 0xff, 0xff, 0xff, 0xff, 0xff, 0xff, 0xff, 0xff, 0xfc, 0xc0, 
	0x03, 0x3f, 0xff, 0xff, 0xff, 0xff, 0xff, 0xff, 0xff, 0xff, 0xc0, 0xc0, 0xc0, 0xc0, 0xc0, 0xff, 
	0xff, 0xc0, 0xc0, 0xc0, 0xc0, 0xc0, 0xff, 0xff, 0xff, 0xff, 0xff, 0xff, 0xff, 0xff, 0x3f, 0x03, 
	0x00, 0x00, 0x00, 0x01, 0x03, 0x07, 0x0f, 0x1f, 0x3f, 0x3f, 0x7f, 0x7f, 0x7f, 0x7f, 0xff, 0xff, 
	0xff, 0xff, 0x7f, 0x7f, 0x7f, 0x7f, 0x3f, 0x3f, 0x1f, 0x0f, 0x07, 0x03, 0x01, 0x00, 0x00, 0x00
};
// 'paw', 32x32px
const unsigned char fas_32x32_fa_paw [] PROGMEM = {
	0x00, 0x00, 0x00, 0x00, 0x00, 0x00, 0x00, 0xf0, 0xf8, 0xfc, 0xfc, 0xfc, 0xf8, 0xf0, 0x80, 0x00, 
	0x00, 0x80, 0xf0, 0xf8, 0xfc, 0xfc, 0xfc, 0xf8, 0xf0, 0x00, 0x00, 0x00, 0x00, 0x00, 0x00, 0x00, 
	0xf8, 0xfc, 0xfc, 0xfc, 0xfc, 0xf8, 0xf0, 0x01, 0x03, 0x07, 0x0f, 0x0f, 0x8f, 0x87, 0xc0, 0xc0, 
	0xc0, 0xc0, 0x87, 0x8f, 0x0f, 0x0f, 0x07, 0x03, 0x01, 0xf0, 0xf8, 0xfc, 0xfc, 0xfc, 0xfc, 0xf8, 
	0x00, 0x01, 0x03, 0x03, 0x03, 0xc3, 0xf1, 0xf8, 0xfc, 0xfe, 0xff, 0xff, 0xff, 0xff, 0xff, 0xff, 
	0xff, 0xff, 0xff, 0xff, 0xff, 0xff, 0xfe, 0xfc, 0xf8, 0xf1, 0xc3, 0x03, 0x03, 0x03, 0x01, 0x00, 
	0x00, 0x00, 0x00, 0x00, 0x0f, 0x1f, 0x3f, 0x3f, 0x3f, 0x3f, 0x3f, 0x3f, 0x1f, 0x1f, 0x1f, 0x1f, 
	0x1f, 0x1f, 0x1f, 0x1f, 0x3f, 0x3f, 0x3f, 0x3f, 0x3f, 0x3f, 0x1f, 0x0f, 0x00, 0x00, 0x00, 0x00
};
// 'peace', 32x32px
const unsigned char fas_32x32_fa_peace [] PROGMEM = {
	0x00, 0x00, 0x00, 0x80, 0xc0, 0xe0, 0xf0, 0xf8, 0xf8, 0x7c, 0x3c, 0x3e, 0x1e, 0x1e, 0xfe, 0xff, 
	0xff, 0xff, 0xfe, 0x1e, 0x1e, 0x3e, 0x3c, 0x7c, 0xf8, 0xf8, 0xf0, 0xe0, 0xc0, 0x80, 0x00, 0x00, 
	0x00, 0xf0, 0xfe, 0xff, 0xff, 0x1f, 0x03, 0x01, 0x00, 0x00, 0x00, 0x00, 0x00, 0x00, 0xff, 0xff, 
	0xff, 0xff, 0xff, 0x00, 0x00, 0x00, 0x00, 0x00, 0x00, 0x01, 0x03, 0x1f, 0xff, 0xff, 0xfe, 0xf0, 
	0x00, 0x0f, 0x7f, 0xff, 0xff, 0xf8, 0xe0, 0xe0, 0xf0, 0xf8, 0x7c, 0x7e, 0x3e, 0x1f, 0xff, 0xff, 
	0xff, 0xff, 0xff, 0x1f, 0x3e, 0x7e, 0x7c, 0xf8, 0xf0, 0xe0, 0xe0, 0xf8, 0xff, 0xff, 0x7f, 0x0f, 
	0x00, 0x00, 0x00, 0x01, 0x03, 0x07, 0x0f, 0x1f, 0x1f, 0x3e, 0x3c, 0x7c, 0x78, 0x78, 0x7f, 0xff, 
	0xff, 0xff, 0x7f, 0x78, 0x78, 0x7c, 0x3c, 0x3e, 0x1f, 0x1f, 0x0f, 0x07, 0x03, 0x01, 0x00, 0x00
};
// 'pen', 32x32px
const unsigned char fas_32x32_fa_pen [] PROGMEM = {
	0x00, 0x00, 0x00, 0x00, 0x00, 0x00, 0x00, 0x00, 0x00, 0x00, 0x00, 0x00, 0x00, 0x00, 0x00, 0x00, 
	0x80, 0xc0, 0xc0, 0x80, 0x18, 0x3c, 0x7e, 0xff, 0xff, 0xff, 0xff, 0xfe, 0xfc, 0xf8, 0xf0, 0xe0, 
	0x00, 0x00, 0x00, 0x00, 0x00, 0x00, 0x00, 0x00, 0x80, 0xc0, 0xe0, 0xf0, 0xf8, 0xfc, 0xfe, 0xff, 
	0xff, 0xff, 0xff, 0xff, 0xff, 0xfe, 0xfc, 0xf8, 0xf1, 0x63, 0x07, 0x0f, 0x0f, 0x07, 0x03, 0x01, 
	0x00, 0xc0, 0xe0, 0xf0, 0xf8, 0xfc, 0xfe, 0xff, 0xff, 0xff, 0xff, 0xff, 0xff, 0xff, 0xff, 0xff, 
	0xff, 0x7f, 0x3f, 0x1f, 0x0f, 0x07, 0x03, 0x01, 0x00, 0x00, 0x00, 0x00, 0x00, 0x00, 0x00, 0x00, 
	0xfe, 0xff, 0xff, 0xff, 0xff, 0xff, 0xff, 0x7f, 0x7f, 0x7f, 0x3f, 0x1f, 0x0f, 0x07, 0x03, 0x01, 
	0x00, 0x00, 0x00, 0x00, 0x00, 0x00, 0x00, 0x00, 0x00, 0x00, 0x00, 0x00, 0x00, 0x00, 0x00, 0x00
};
// 'pen-alt', 32x32px
const unsigned char fas_32x32_fa_pen_alt [] PROGMEM = {
	0x00, 0x00, 0x00, 0x00, 0x00, 0x00, 0x00, 0x00, 0x80, 0xc0, 0xe0, 0xf0, 0xf8, 0xf8, 0xf8, 0xf8, 
	0xf0, 0xe0, 0xc0, 0x80, 0x18, 0x3c, 0x7e, 0xff, 0xff, 0xff, 0xff, 0xfe, 0xfc, 0xf8, 0xf0, 0xe0, 
	0x00, 0x00, 0x00, 0x00, 0x08, 0x1c, 0x3e, 0x3f, 0x9f, 0xcf, 0xe7, 0xf3, 0xf9, 0xfc, 0xfe, 0xff, 
	0xff, 0xff, 0xff, 0xff, 0xff, 0xfe, 0xfc, 0xf8, 0xf1, 0x63, 0x07, 0x0f, 0x0f, 0x07, 0x03, 0x01, 
	0x00, 0x00, 0xc0, 0xe0, 0xf0, 0xfc, 0xfe, 0xff, 0xff, 0xff, 0xff, 0xff, 0xff, 0xff, 0xff, 0xff, 
	0xff, 0x7f, 0x3f, 0x1f, 0x0f, 0x07, 0x03, 0x01, 0x00, 0x00, 0x00, 0x00, 0x00, 0x00, 0x00, 0x00, 
	0xf8, 0xfe, 0xff, 0xff, 0xff, 0x7f, 0x7f, 0x3f, 0x3f, 0x3f, 0x1f, 0x0f, 0x07, 0x07, 0x03, 0x01, 
	0x00, 0x00, 0x00, 0x00, 0x00, 0x00, 0x00, 0x00, 0x00, 0x00, 0x00, 0x00, 0x00, 0x00, 0x00, 0x00
};
// 'pencil-alt', 32x32px
const unsigned char fas_32x32_fa_pencil_alt [] PROGMEM = {
	0x00, 0x00, 0x00, 0x00, 0x00, 0x00, 0x00, 0x00, 0x00, 0x00, 0x00, 0x00, 0x00, 0x00, 0x00, 0x00, 
	0x80, 0xc0, 0xc0, 0x80, 0x18, 0x3c, 0x7e, 0xff, 0xff, 0xff, 0xff, 0xfe, 0xfc, 0xf8, 0xf0, 0xe0, 
	0x00, 0x00, 0x00, 0x00, 0x00, 0x00, 0x00, 0x00, 0x80, 0xc0, 0xe0, 0xf0, 0x78, 0x3c, 0x1e, 0x8f, 
	0xc7, 0xe3, 0xf3, 0xff, 0xff, 0xfe, 0xfc, 0xf8, 0xf1, 0x63, 0x07, 0x0f, 0x0f, 0x07, 0x03, 0x01, 
	0x00, 0x80, 0xe0, 0xf0, 0x78, 0xfc, 0xfe, 0xff, 0xe7, 0xe3, 0xf1, 0xf8, 0xfc, 0xfe, 0xff, 0xff, 
	0xff, 0x7f, 0x3f, 0x1f, 0x0f, 0x07, 0x03, 0x01, 0x00, 0x00, 0x00, 0x00, 0x00, 0x00, 0x00, 0x00, 
	0xf8, 0xff, 0xff, 0xf0, 0xe0, 0x63, 0x67, 0x63, 0x7f, 0x7f, 0x3f, 0x1f, 0x0f, 0x07, 0x03, 0x01, 
	0x00, 0x00, 0x00, 0x00, 0x00, 0x00, 0x00, 0x00, 0x00, 0x00, 0x00, 0x00, 0x00, 0x00, 0x00, 0x00
};
// 'pencil-ruler', 32x32px
const unsigned char fas_32x32_fa_pencil_ruler [] PROGMEM = {
	0xc0, 0xe0, 0xf0, 0xf8, 0xfc, 0xfe, 0xff, 0xbf, 0x1f, 0x8e, 0xc4, 0xe0, 0xf0, 0xe0, 0xc0, 0x00, 
	0x00, 0x80, 0xc0, 0xe0, 0xc0, 0x88, 0x1c, 0x3e, 0x7f, 0xff, 0xff, 0xff, 0xfe, 0xfc, 0xf8, 0xf0, 
	0x01, 0x03, 0x07, 0x0f, 0x1f, 0x3f, 0x7f, 0x7f, 0x3f, 0x9f, 0xcf, 0xe7, 0xf3, 0xf9, 0xfc, 0xfe, 
	0xff, 0xff, 0xff, 0xff, 0xff, 0xff, 0xff, 0xfe, 0x7c, 0x38, 0x11, 0x03, 0x07, 0x03, 0x01, 0x00, 
	0x00, 0x80, 0xc0, 0xe0, 0xf0, 0xf8, 0xfc, 0xfe, 0xff, 0xff, 0xff, 0xff, 0xff, 0xff, 0xff, 0xff, 
	0x7f, 0x3f, 0x9f, 0xcf, 0xe7, 0xf3, 0xf9, 0xfc, 0x7e, 0x3e, 0x1c, 0x88, 0xc0, 0xe0, 0xc0, 0x80, 
	0xf8, 0xff, 0xff, 0xff, 0xff, 0x7f, 0x7f, 0x7f, 0x7f, 0x3f, 0x1f, 0x0f, 0x07, 0x03, 0x01, 0x00, 
	0x00, 0x03, 0x07, 0x0f, 0x1f, 0x3f, 0x7f, 0xff, 0xff, 0xfe, 0x7f, 0x3f, 0x1f, 0x0f, 0x07, 0x03
};
// 'pen-fancy', 32x32px
const unsigned char fas_32x32_fa_pen_fancy [] PROGMEM = {
	0x00, 0x00, 0x00, 0x00, 0x00, 0x00, 0x00, 0x00, 0x00, 0x00, 0x00, 0x00, 0x00, 0x00, 0x00, 0x00, 
	0x00, 0x00, 0x80, 0xc0, 0xe0, 0xf8, 0xfc, 0xfe, 0xff, 0xff, 0xff, 0xff, 0xff, 0xfe, 0xfc, 0x78, 
	0x00, 0x00, 0x00, 0x00, 0x00, 0x00, 0x00, 0x00, 0x00, 0x00, 0x00, 0x00, 0x60, 0xf0, 0xf8, 0xfc, 
	0xfe, 0xff, 0xff, 0xff, 0xff, 0xff, 0xff, 0x7f, 0x3f, 0x1f, 0x0f, 0x07, 0x07, 0x03, 0x01, 0x00, 
	0x00, 0x00, 0xc0, 0xf8, 0xfc, 0xfe, 0x7e, 0x3e, 0x3f, 0x7f, 0xff, 0xfe, 0xfc, 0xf8, 0xf1, 0xe3, 
	0x07, 0x0f, 0x0f, 0x07, 0x03, 0x01, 0x00, 0x00, 0x00, 0x00, 0x00, 0x00, 0x00, 0x00, 0x00, 0x00, 
	0x30, 0x1e, 0x8f, 0xc7, 0x63, 0x71, 0x78, 0x3c, 0x3c, 0x3e, 0x1f, 0x1f, 0x1f, 0x0f, 0x07, 0x00, 
	0x00, 0x00, 0x00, 0x00, 0x00, 0x00, 0x00, 0x00, 0x00, 0x00, 0x00, 0x00, 0x00, 0x00, 0x00, 0x00
};
// 'pen-nib', 32x32px
const unsigned char fas_32x32_fa_pen_nib [] PROGMEM = {
	0x00, 0x00, 0x00, 0x00, 0x00, 0x00, 0x00, 0x00, 0x00, 0x00, 0x00, 0x00, 0x00, 0x80, 0x80, 0x80, 
	0xc0, 0xc0, 0xc0, 0x80, 0x18, 0x3c, 0x7e, 0xff, 0xff, 0xff, 0xff, 0xfe, 0xfc, 0xf8, 0xf0, 0xe0, 
	0x00, 0x00, 0x00, 0x00, 0x80, 0xf0, 0xfc, 0xfe, 0xfe, 0xff, 0xff, 0xff, 0xff, 0xff, 0xff, 0xff, 
	0xff, 0xff, 0xff, 0xff, 0xff, 0xfe, 0xfc, 0xf8, 0xf1, 0xe3, 0x07, 0x0f, 0x0f, 0x07, 0x03, 0x01, 
	0x00, 0x00, 0xe0, 0xfc, 0xff, 0xff, 0xff, 0x7f, 0x3f, 0x1f, 0x81, 0xc0, 0xc0, 0xc0, 0xc0, 0xe1, 
	0xff, 0xff, 0xff, 0xff, 0xff, 0xff, 0xff, 0x7f, 0x07, 0x00, 0x00, 0x00, 0x00, 0x00, 0x00, 0x00, 
	0x18, 0x1f, 0x0f, 0xc7, 0xe3, 0x71, 0x78, 0x7c, 0x3e, 0x3f, 0x3f, 0x1f, 0x1f, 0x1f, 0x0f, 0x0f, 
	0x0f, 0x07, 0x07, 0x07, 0x03, 0x03, 0x01, 0x00, 0x00, 0x00, 0x00, 0x00, 0x00, 0x00, 0x00, 0x00
};
// 'pen-square', 32x32px
const unsigned char fas_32x32_fa_pen_square [] PROGMEM = {
	0x00, 0x00, 0xf8, 0xfc, 0xfc, 0xfc, 0xfc, 0xfc, 0xfc, 0xfc, 0xfc, 0xfc, 0xfc, 0xfc, 0xfc, 0xfc, 
	0xfc, 0xfc, 0xfc, 0xfc, 0xfc, 0xfc, 0xfc, 0xfc, 0xfc, 0xfc, 0xfc, 0xfc, 0xfc, 0xf8, 0x00, 0x00, 
	0x00, 0x00, 0xff, 0xff, 0xff, 0xff, 0xff, 0xff, 0xff, 0xff, 0xff, 0xff, 0xff, 0x7f, 0x3f, 0x1f, 
	0x0f, 0x07, 0x0b, 0x11, 0xa0, 0xc0, 0xe1, 0xf3, 0xff, 0xff, 0xff, 0xff, 0xff, 0xff, 0x00, 0x00, 
	0x00, 0x00, 0xff, 0xff, 0xff, 0xff, 0xff, 0xff, 0x0f, 0x07, 0x03, 0x01, 0x80, 0xc0, 0xe0, 0xf0, 
	0xf8, 0xfc, 0xfe, 0xff, 0xff, 0xff, 0xff, 0xff, 0xff, 0xff, 0xff, 0xff, 0xff, 0xff, 0x00, 0x00, 
	0x00, 0x00, 0x1f, 0x3f, 0x3f, 0x3f, 0x3f, 0x3f, 0x3f, 0x3f, 0x3f, 0x3f, 0x3f, 0x3f, 0x3f, 0x3f, 
	0x3f, 0x3f, 0x3f, 0x3f, 0x3f, 0x3f, 0x3f, 0x3f, 0x3f, 0x3f, 0x3f, 0x3f, 0x3f, 0x1f, 0x00, 0x00
};
// 'people-arrows', 32x32px
const unsigned char fas_32x32_fa_people_arrows [] PROGMEM = {
	0x00, 0x00, 0xf8, 0xfc, 0xfc, 0xfc, 0xfc, 0xf8, 0x70, 0x00, 0x00, 0x00, 0x00, 0x00, 0x00, 0x00, 
	0x00, 0x00, 0x00, 0x00, 0x00, 0x00, 0x00, 0x70, 0xf8, 0xfc, 0xfc, 0xfc, 0xfc, 0xf8, 0x00, 0x00, 
	0xf0, 0xf8, 0xf8, 0xf9, 0xf9, 0xf9, 0xf9, 0xf8, 0x78, 0x30, 0x80, 0xc0, 0x00, 0x00, 0x00, 0x00, 
	0x00, 0x00, 0x00, 0x00, 0xc0, 0x80, 0x30, 0x78, 0xf8, 0xf9, 0xf9, 0xf9, 0xf9, 0xf8, 0xf8, 0xf0, 
	0x1f, 0x1f, 0xff, 0xff, 0xff, 0xfb, 0xe1, 0xc4, 0x8e, 0x1f, 0x3f, 0x7f, 0x1f, 0x0e, 0x0e, 0x0e, 
	0x0e, 0x0e, 0x0e, 0x1f, 0x7f, 0x3f, 0x1f, 0x8e, 0xc4, 0xe1, 0xfb, 0xff, 0xff, 0xff, 0x1f, 0x1f, 
	0x00, 0x00, 0x3f, 0x3f, 0x3f, 0x3f, 0x3f, 0x3f, 0x1f, 0x00, 0x00, 0x00, 0x00, 0x00, 0x00, 0x00, 
	0x00, 0x00, 0x00, 0x00, 0x00, 0x00, 0x00, 0x1f, 0x3f, 0x3f, 0x3f, 0x3f, 0x3f, 0x3f, 0x00, 0x00
};
// 'people-carry', 32x32px
const unsigned char fas_32x32_fa_people_carry [] PROGMEM = {
	0x00, 0x00, 0x00, 0x00, 0x70, 0xf8, 0xf8, 0xf8, 0x70, 0x00, 0x00, 0x00, 0x00, 0x00, 0x00, 0x00, 
	0x00, 0x00, 0x00, 0x00, 0x00, 0x00, 0x00, 0x70, 0xf8, 0xf8, 0xf8, 0x70, 0x00, 0x00, 0x00, 0x00, 
	0x00, 0x00, 0xe0, 0xf8, 0xfc, 0xfc, 0xfc, 0xfc, 0xf8, 0xf0, 0xc0, 0xfc, 0xfe, 0xfe, 0xfe, 0xfe, 
	0xfe, 0xfe, 0xfe, 0xfe, 0xfc, 0xc0, 0xf0, 0xf8, 0xfc, 0xfc, 0xfc, 0xfc, 0xf8, 0xe0, 0x00, 0x00, 
	0x00, 0x80, 0xc7, 0xcf, 0x1f, 0x3f, 0xf9, 0xf0, 0xe1, 0x03, 0x07, 0x07, 0x07, 0x07, 0x07, 0x07, 
	0x07, 0x07, 0x07, 0x07, 0x07, 0x07, 0x03, 0xe1, 0xf0, 0xf9, 0x3f, 0x1f, 0xcf, 0xc7, 0x80, 0x00, 
	0x1c, 0x1f, 0x1f, 0x07, 0x00, 0x00, 0x0f, 0x1f, 0x1f, 0x0c, 0x00, 0x00, 0x00, 0x00, 0x00, 0x00, 
	0x00, 0x00, 0x00, 0x00, 0x00, 0x00, 0x0c, 0x1f, 0x1f, 0x0f, 0x00, 0x00, 0x07, 0x1f, 0x1f, 0x1c
};
// 'pepper-hot', 32x32px
const unsigned char fas_32x32_fa_pepper_hot [] PROGMEM = {
	0x00, 0x00, 0x00, 0x00, 0x00, 0x00, 0x00, 0x00, 0x00, 0x00, 0x00, 0x00, 0x00, 0x00, 0x00, 0x00, 
	0x00, 0x00, 0x00, 0x80, 0xc0, 0xc0, 0xc0, 0xc0, 0xc0, 0xc0, 0xc0, 0xff, 0xff, 0x7c, 0x00, 0x00, 
	0x00, 0x00, 0x00, 0x00, 0x00, 0x00, 0x00, 0x00, 0x00, 0x00, 0x00, 0x00, 0x00, 0x00, 0xc0, 0xf0, 
	0xfc, 0xfc, 0xfc, 0xfc, 0xf9, 0x01, 0x03, 0x7f, 0x7f, 0x7f, 0x7f, 0x7f, 0x7f, 0xfe, 0xfc, 0xf0, 
	0x00, 0x00, 0x00, 0x00, 0x00, 0x00, 0x00, 0x00, 0x80, 0x80, 0xe0, 0xf0, 0xfc, 0xfe, 0xff, 0xff, 
	0xff, 0xff, 0xff, 0xff, 0xff, 0xff, 0xff, 0xff, 0xff, 0xff, 0x7f, 0x3e, 0x1c, 0x00, 0x01, 0x03, 
	0x38, 0x7c, 0xfe, 0xfe, 0xfe, 0xfe, 0xff, 0xff, 0xff, 0xff, 0x7f, 0x7f, 0x7f, 0x7f, 0x3f, 0x3f, 
	0x1f, 0x1f, 0x1f, 0x0f, 0x07, 0x07, 0x03, 0x03, 0x01, 0x00, 0x00, 0x00, 0x00, 0x00, 0x00, 0x00
};
// 'percent', 32x32px
const unsigned char fas_32x32_fa_percent [] PROGMEM = {
	0x00, 0x00, 0xf0, 0xf8, 0xfc, 0xfe, 0x1f, 0x0f, 0x0f, 0x0f, 0x0f, 0x1f, 0xfe, 0xfc, 0xf8, 0xf0, 
	0x00, 0x00, 0x00, 0x00, 0x80, 0xe0, 0xf0, 0xf8, 0xfc, 0xff, 0x7f, 0x1f, 0x0f, 0x07, 0x00, 0x00, 
	0x00, 0x00, 0x03, 0x07, 0x0f, 0x1f, 0x3e, 0x3c, 0x3c, 0x3c, 0x3c, 0x3e, 0x1f, 0x8f, 0xc7, 0xe3, 
	0xf0, 0xfc, 0xfe, 0x7f, 0x3f, 0x1f, 0x0f, 0x03, 0x01, 0x00, 0x00, 0x00, 0x00, 0x00, 0x00, 0x00, 
	0x00, 0x00, 0x00, 0x00, 0x00, 0x00, 0x00, 0x80, 0xc0, 0xf0, 0xf8, 0xfc, 0xfe, 0x7f, 0x3f, 0x0f, 
	0xc7, 0xe3, 0xf1, 0xf8, 0x7c, 0x3c, 0x3c, 0x3c, 0x3c, 0x7c, 0xf8, 0xf0, 0xe0, 0xc0, 0x00, 0x00, 
	0x00, 0x00, 0xe0, 0xf0, 0xf8, 0xfc, 0xff, 0x7f, 0x1f, 0x0f, 0x07, 0x03, 0x00, 0x00, 0x00, 0x00, 
	0x0f, 0x1f, 0x3f, 0x7f, 0xf8, 0xf0, 0xf0, 0xf0, 0xf0, 0xf8, 0x7f, 0x3f, 0x1f, 0x0f, 0x00, 0x00
};
// 'percentage', 32x32px
const unsigned char fas_32x32_fa_percentage [] PROGMEM = {
	0x00, 0x00, 0x00, 0x00, 0xc0, 0xe0, 0xf0, 0xf0, 0xf0, 0xf0, 0xe0, 0xc0, 0x00, 0x00, 0x00, 0x00, 
	0x00, 0x00, 0x00, 0x00, 0x80, 0xc0, 0xe0, 0xe0, 0xe0, 0xe0, 0xc0, 0x00, 0x00, 0x00, 0x00, 0x00, 
	0x00, 0x00, 0x00, 0x00, 0x03, 0x07, 0x0f, 0x0f, 0x0f, 0x0f, 0x07, 0x03, 0x80, 0xc0, 0xe0, 0xf0, 
	0xf8, 0xfc, 0xfe, 0xff, 0xff, 0x7f, 0x3f, 0x1f, 0x0f, 0x07, 0x03, 0x00, 0x00, 0x00, 0x00, 0x00, 
	0x00, 0x00, 0x00, 0x00, 0x00, 0xc0, 0xe0, 0xf0, 0xf8, 0xfc, 0xfe, 0xff, 0xff, 0x7f, 0x3f, 0x1f, 
	0x0f, 0x07, 0x03, 0x01, 0xc0, 0xe0, 0xf0, 0xf0, 0xf0, 0xf0, 0xe0, 0xc0, 0x00, 0x00, 0x00, 0x00, 
	0x00, 0x00, 0x00, 0x00, 0x00, 0x03, 0x07, 0x07, 0x07, 0x07, 0x03, 0x01, 0x00, 0x00, 0x00, 0x00, 
	0x00, 0x00, 0x00, 0x00, 0x03, 0x07, 0x0f, 0x0f, 0x0f, 0x0f, 0x07, 0x03, 0x00, 0x00, 0x00, 0x00
};
// 'person-booth', 32x32px
const unsigned char fas_32x32_fa_person_booth [] PROGMEM = {
	0x00, 0xe0, 0xf0, 0xf0, 0xf0, 0xe0, 0x00, 0x00, 0x00, 0x00, 0x00, 0xfc, 0xfc, 0xfc, 0x00, 0x00, 
	0x7c, 0xfc, 0xfc, 0xfc, 0xfc, 0xfc, 0xfc, 0xfc, 0xfc, 0xfc, 0xfc, 0x00, 0xfc, 0xfc, 0xfc, 0xfc, 
	0xf0, 0xf8, 0xf9, 0xf9, 0xf9, 0xf8, 0xf8, 0xf0, 0xe0, 0xc0, 0xc0, 0xdf, 0xdf, 0x8f, 0x00, 0x00, 
	0x00, 0x3f, 0xff, 0xff, 0xff, 0xff, 0xff, 0xff, 0xff, 0xff, 0xff, 0x00, 0xff, 0xff, 0xff, 0xff, 
	0xff, 0xff, 0xff, 0xff, 0xff, 0xff, 0xe1, 0xc1, 0x03, 0x03, 0x03, 0xfb, 0xfb, 0xf1, 0x00, 0x00, 
	0xc0, 0xfe, 0xff, 0xff, 0xff, 0xff, 0xff, 0xff, 0xff, 0xff, 0xff, 0x00, 0xff, 0xff, 0xff, 0xff, 
	0x3f, 0x3f, 0x3f, 0x1f, 0x00, 0x1f, 0x3f, 0x3f, 0x1f, 0x00, 0x00, 0x3f, 0x3f, 0x3f, 0x00, 0x00, 
	0x03, 0x03, 0x03, 0x03, 0x03, 0x03, 0x03, 0x03, 0x03, 0x03, 0x01, 0x00, 0x1f, 0x3f, 0x3f, 0x3f
};
// 'phone', 32x32px
const unsigned char fas_32x32_fa_phone [] PROGMEM = {
	0x00, 0x00, 0x00, 0x00, 0x00, 0x00, 0x00, 0x00, 0x00, 0x00, 0x00, 0x00, 0x00, 0x00, 0x00, 0x00, 
	0x00, 0x00, 0x00, 0x00, 0xc0, 0xf8, 0xfe, 0xff, 0xff, 0xff, 0xff, 0xfe, 0xfe, 0xfe, 0xfe, 0xfc, 
	0x00, 0x00, 0x00, 0x00, 0x00, 0x00, 0x00, 0x00, 0x00, 0x00, 0x00, 0x00, 0x00, 0x00, 0x00, 0x00, 
	0x00, 0x00, 0x00, 0x00, 0x03, 0x07, 0x8f, 0xff, 0xff, 0xff, 0xff, 0xff, 0xff, 0x7f, 0x0f, 0x01, 
	0x80, 0xc0, 0xc0, 0xe0, 0xe0, 0xe0, 0xf0, 0xf0, 0xf8, 0xf0, 0xe0, 0xc0, 0x80, 0x80, 0x80, 0xc0, 
	0xc0, 0xe0, 0xf0, 0xf8, 0xfc, 0xfe, 0xff, 0xff, 0x7f, 0x1f, 0x0f, 0x07, 0x01, 0x00, 0x00, 0x00, 
	0x07, 0x7f, 0xff, 0xff, 0xff, 0xff, 0xff, 0xff, 0xff, 0x7f, 0x7f, 0x7f, 0x3f, 0x3f, 0x3f, 0x1f, 
	0x1f, 0x0f, 0x0f, 0x07, 0x03, 0x01, 0x01, 0x00, 0x00, 0x00, 0x00, 0x00, 0x00, 0x00, 0x00, 0x00
};
// 'phone-alt', 32x32px
const unsigned char fas_32x32_fa_phone_alt [] PROGMEM = {
	0xfc, 0xfe, 0xfe, 0xfe, 0xfe, 0xff, 0xff, 0xff, 0xff, 0xfe, 0xf8, 0xc0, 0x00, 0x00, 0x00, 0x00, 
	0x00, 0x00, 0x00, 0x00, 0x00, 0x00, 0x00, 0x00, 0x00, 0x00, 0x00, 0x00, 0x00, 0x00, 0x00, 0x00, 
	0x01, 0x0f, 0x7f, 0xff, 0xff, 0xff, 0xff, 0xff, 0xff, 0x8f, 0x07, 0x03, 0x00, 0x00, 0x00, 0x00, 
	0x00, 0x00, 0x00, 0x00, 0x00, 0x00, 0x00, 0x00, 0x00, 0x00, 0x00, 0x00, 0x00, 0x00, 0x00, 0x00, 
	0x00, 0x00, 0x00, 0x01, 0x07, 0x0f, 0x1f, 0x7f, 0xff, 0xff, 0xfe, 0xfc, 0xf8, 0xf0, 0xe0, 0xc0, 
	0xc0, 0x80, 0x80, 0x80, 0xc0, 0xe0, 0xf0, 0xf8, 0xf0, 0xf0, 0xe0, 0xe0, 0xe0, 0xc0, 0xc0, 0x80, 
	0x00, 0x00, 0x00, 0x00, 0x00, 0x00, 0x00, 0x00, 0x00, 0x01, 0x01, 0x03, 0x07, 0x0f, 0x0f, 0x1f, 
	0x1f, 0x3f, 0x3f, 0x3f, 0x7f, 0x7f, 0x7f, 0xff, 0xff, 0xff, 0xff, 0xff, 0xff, 0xff, 0x7f, 0x07
};
// 'phone-slash', 32x32px
const unsigned char fas_32x32_fa_phone_slash [] PROGMEM = {
	0x30, 0x78, 0x78, 0xf0, 0xe0, 0xc0, 0xc0, 0x80, 0x00, 0x00, 0x00, 0x00, 0x00, 0x00, 0x00, 0x00, 
	0x00, 0x00, 0x00, 0x00, 0xc0, 0xf8, 0xf8, 0xf8, 0xf8, 0xf0, 0xf0, 0xf0, 0xe0, 0x00, 0x00, 0x00, 
	0x00, 0x00, 0x00, 0x00, 0x01, 0x03, 0x07, 0x07, 0x0f, 0x1e, 0x3c, 0x7c, 0x78, 0xf0, 0xe0, 0xc0, 
	0xc0, 0x80, 0x00, 0x07, 0x0f, 0x9f, 0xff, 0xff, 0xff, 0xff, 0xff, 0x1f, 0x01, 0x00, 0x00, 0x00, 
	0x00, 0x00, 0x00, 0xc0, 0xe0, 0xe0, 0xf0, 0xf0, 0xf8, 0xf8, 0xf8, 0xf0, 0xe0, 0xc0, 0xc1, 0xc3, 
	0x83, 0x87, 0x0f, 0x1e, 0x3f, 0x3f, 0x7f, 0xff, 0xe7, 0xe3, 0xc0, 0x80, 0x00, 0x00, 0x00, 0x00, 
	0x00, 0x00, 0x00, 0x00, 0x0f, 0x1f, 0x1f, 0x1f, 0x1f, 0x1f, 0x1f, 0x0f, 0x0f, 0x0f, 0x07, 0x07, 
	0x03, 0x03, 0x01, 0x00, 0x00, 0x00, 0x00, 0x00, 0x01, 0x03, 0x03, 0x07, 0x0f, 0x1f, 0x1e, 0x0c
};
// 'phone-square', 32x32px
const unsigned char fas_32x32_fa_phone_square [] PROGMEM = {
	0x00, 0x00, 0xf8, 0xfc, 0xfc, 0xfc, 0xfc, 0xfc, 0xfc, 0xfc, 0xfc, 0xfc, 0xfc, 0xfc, 0xfc, 0xfc, 
	0xfc, 0xfc, 0xfc, 0xfc, 0x3c, 0x3c, 0x3c, 0x7c, 0x7c, 0x7c, 0xfc, 0xfc, 0xfc, 0xf8, 0x00, 0x00, 
	0x00, 0x00, 0xff, 0xff, 0xff, 0xff, 0xff, 0xff, 0xff, 0xff, 0xff, 0xff, 0xff, 0xff, 0xff, 0xff, 
	0xff, 0xff, 0xf7, 0xe0, 0x40, 0x00, 0x00, 0x00, 0x80, 0xf0, 0xff, 0xff, 0xff, 0xff, 0x00, 0x00, 
	0x00, 0x00, 0xff, 0xff, 0xff, 0xff, 0x8f, 0x0f, 0x07, 0x07, 0x03, 0x03, 0x07, 0x0f, 0x1f, 0x0f, 
	0x07, 0x87, 0xc3, 0xc0, 0xe0, 0xf0, 0xfc, 0xfe, 0xff, 0xff, 0xff, 0xff, 0xff, 0xff, 0x00, 0x00, 
	0x00, 0x00, 0x1f, 0x3f, 0x3f, 0x3f, 0x3f, 0x3c, 0x3c, 0x3c, 0x3c, 0x3c, 0x3e, 0x3e, 0x3e, 0x3f, 
	0x3f, 0x3f, 0x3f, 0x3f, 0x3f, 0x3f, 0x3f, 0x3f, 0x3f, 0x3f, 0x3f, 0x3f, 0x3f, 0x1f, 0x00, 0x00
};
// 'phone-square-alt', 32x32px
const unsigned char fas_32x32_fa_phone_square_alt [] PROGMEM = {
	0x00, 0x00, 0xf8, 0xfc, 0xfc, 0xfc, 0x7c, 0x7c, 0x7c, 0x3c, 0x3c, 0x3c, 0xfc, 0xfc, 0xfc, 0xfc, 
	0xfc, 0xfc, 0xfc, 0xfc, 0xfc, 0xfc, 0xfc, 0xfc, 0xfc, 0xfc, 0xfc, 0xfc, 0xfc, 0xf8, 0x00, 0x00, 
	0x00, 0x00, 0xff, 0xff, 0xff, 0xff, 0xf0, 0x80, 0x00, 0x00, 0x00, 0x40, 0xe0, 0xf7, 0xff, 0xff, 
	0xff, 0xff, 0xff, 0xff, 0xff, 0xff, 0xff, 0xff, 0xff, 0xff, 0xff, 0xff, 0xff, 0xff, 0x00, 0x00, 
	0x00, 0x00, 0xff, 0xff, 0xff, 0xff, 0xff, 0xff, 0xfe, 0xfc, 0xf0, 0xe0, 0xc0, 0xc3, 0x87, 0x07, 
	0x0f, 0x1f, 0x0f, 0x07, 0x03, 0x03, 0x07, 0x07, 0x0f, 0x8f, 0xff, 0xff, 0xff, 0xff, 0x00, 0x00, 
	0x00, 0x00, 0x1f, 0x3f, 0x3f, 0x3f, 0x3f, 0x3f, 0x3f, 0x3f, 0x3f, 0x3f, 0x3f, 0x3f, 0x3f, 0x3f, 
	0x3f, 0x3e, 0x3e, 0x3e, 0x3c, 0x3c, 0x3c, 0x3c, 0x3c, 0x3f, 0x3f, 0x3f, 0x3f, 0x1f, 0x00, 0x00
};
// 'phone-volume', 32x32px
const unsigned char fas_32x32_fa_phone_volume [] PROGMEM = {
	0x00, 0x00, 0x00, 0x00, 0x00, 0x00, 0x80, 0xe0, 0xf0, 0xf8, 0xfc, 0xfc, 0xf8, 0xf8, 0xf0, 0x60, 
	0x00, 0x00, 0xc0, 0xc0, 0x00, 0x38, 0xf8, 0xe0, 0x07, 0x1e, 0xfc, 0xf0, 0x00, 0x00, 0x00, 0x00, 
	0x00, 0x00, 0x00, 0x00, 0xf0, 0xfe, 0xff, 0xff, 0x7f, 0x0f, 0x0f, 0x0f, 0x0f, 0x07, 0x03, 0x00, 
	0x00, 0x00, 0x03, 0x03, 0x00, 0x1c, 0x1f, 0x07, 0xe0, 0x78, 0x3f, 0x0f, 0x00, 0x00, 0x00, 0x00, 
	0x00, 0x00, 0x00, 0x00, 0x3f, 0xff, 0xff, 0xff, 0xf8, 0xc0, 0xc0, 0xc0, 0xc0, 0x80, 0x00, 0x00, 
	0x00, 0x00, 0x00, 0x00, 0x00, 0x00, 0x00, 0x00, 0x00, 0x00, 0x00, 0x00, 0x00, 0x00, 0x00, 0x00, 
	0x00, 0x00, 0x00, 0x00, 0x00, 0x01, 0x07, 0x1f, 0x3f, 0x7f, 0xff, 0xff, 0x7f, 0x7f, 0x3f, 0x18, 
	0x00, 0x00, 0x00, 0x00, 0x00, 0x00, 0x00, 0x00, 0x00, 0x00, 0x00, 0x00, 0x00, 0x00, 0x00, 0x00
};
// 'photo-video', 32x32px
const unsigned char fas_32x32_fa_photo_video [] PROGMEM = {
	0x00, 0x00, 0x00, 0x00, 0x00, 0x00, 0xf0, 0xf8, 0xf8, 0x78, 0x38, 0x78, 0xf8, 0xf8, 0x78, 0x38, 
	0x38, 0x38, 0x38, 0x38, 0x38, 0x38, 0x38, 0x38, 0xf8, 0xf8, 0xf8, 0x38, 0x38, 0xf8, 0xf8, 0xf8, 
	0xf0, 0xf8, 0xf8, 0x78, 0x38, 0x78, 0xf9, 0xfb, 0xfb, 0xfb, 0xf8, 0xfb, 0xfb, 0xfb, 0xf8, 0xf8, 
	0xf8, 0xf8, 0xf8, 0xf8, 0xf8, 0xf8, 0x00, 0x00, 0xff, 0xff, 0xff, 0xce, 0xce, 0xff, 0xff, 0xff, 
	0xff, 0xff, 0xff, 0xfe, 0x7c, 0x3e, 0x1f, 0x3f, 0x3f, 0x1f, 0x0f, 0x07, 0x03, 0x01, 0x00, 0x01, 
	0x03, 0x07, 0x0f, 0xff, 0xff, 0xff, 0x00, 0x00, 0x3f, 0x7f, 0x7f, 0x79, 0x79, 0x7f, 0x3f, 0x3f, 
	0x1f, 0x1f, 0x1f, 0x1c, 0x1c, 0x1c, 0x1c, 0x1c, 0x1c, 0x1c, 0x1c, 0x1c, 0x1c, 0x1c, 0x1c, 0x1c, 
	0x1c, 0x1c, 0x1c, 0x1f, 0x1f, 0x1f, 0x00, 0x00, 0x00, 0x00, 0x00, 0x00, 0x00, 0x00, 0x00, 0x00
};
// 'piggy-bank', 32x32px
const unsigned char fas_32x32_fa_piggy_bank [] PROGMEM = {
	0x00, 0x00, 0x00, 0x00, 0x00, 0x00, 0x00, 0x00, 0x00, 0x00, 0x00, 0x00, 0x70, 0x78, 0x7c, 0x7c, 
	0x7c, 0x7c, 0x7c, 0x78, 0x78, 0x60, 0x00, 0x00, 0x00, 0x80, 0x80, 0x80, 0x00, 0x00, 0x00, 0x00, 
	0xe0, 0xf0, 0x30, 0x10, 0x00, 0x00, 0xe0, 0xf0, 0xf8, 0xfc, 0xfc, 0xfe, 0xfe, 0xfe, 0xfe, 0xfe, 
	0xfe, 0xfe, 0xfe, 0xfe, 0xfe, 0xfe, 0xfe, 0xff, 0xff, 0xff, 0xff, 0xff, 0xe0, 0xc0, 0xc0, 0xc0, 
	0x00, 0x01, 0x03, 0x03, 0x03, 0x0f, 0x3f, 0x7f, 0xff, 0xff, 0xff, 0xff, 0xff, 0xff, 0xff, 0xff, 
	0xff, 0xff, 0xff, 0xff, 0xff, 0xff, 0xff, 0xfe, 0xfe, 0xff, 0xff, 0xff, 0x7f, 0x7f, 0x7f, 0x7f, 
	0x00, 0x00, 0x00, 0x00, 0x00, 0x00, 0x00, 0x00, 0x00, 0x3f, 0x3f, 0x3f, 0x3f, 0x3f, 0x07, 0x07, 
	0x07, 0x07, 0x07, 0x07, 0x07, 0x3f, 0x3f, 0x3f, 0x3f, 0x3f, 0x3f, 0x00, 0x00, 0x00, 0x00, 0x00
};
// 'pills', 32x32px
const unsigned char fas_32x32_fa_pills [] PROGMEM = {
	0x80, 0xc0, 0xe0, 0xf0, 0xf0, 0x70, 0x70, 0xf0, 0xf0, 0xe0, 0xe0, 0x80, 0x00, 0x00, 0x00, 0x00, 
	0x00, 0x00, 0x00, 0x00, 0x00, 0x00, 0x00, 0x00, 0x00, 0x00, 0x00, 0x00, 0x00, 0x00, 0x00, 0x00, 
	0xff, 0xff, 0xff, 0xff, 0x00, 0x00, 0x00, 0x00, 0x01, 0xff, 0xff, 0xff, 0x00, 0x00, 0x00, 0x80, 
	0xc0, 0x80, 0x30, 0x70, 0xf8, 0xf8, 0xf8, 0xf8, 0xf8, 0xf8, 0xf8, 0xf0, 0xe0, 0xe0, 0x80, 0x00, 
	0xff, 0xff, 0xff, 0xff, 0xff, 0xff, 0xff, 0xff, 0xff, 0xff, 0xff, 0xff, 0x00, 0x00, 0x3e, 0xff, 
	0xff, 0xff, 0xff, 0xfe, 0xfc, 0xf9, 0xf3, 0xe7, 0xcf, 0x9f, 0x3f, 0x7f, 0xff, 0xff, 0xff, 0x7f, 
	0x01, 0x03, 0x07, 0x0f, 0x0f, 0x0f, 0x0f, 0x0f, 0x0f, 0x07, 0x07, 0x01, 0x00, 0x00, 0x00, 0x00, 
	0x01, 0x03, 0x07, 0x0f, 0x0f, 0x0f, 0x0f, 0x0f, 0x0f, 0x0f, 0x0f, 0x06, 0x00, 0x01, 0x00, 0x00
};
// 'pizza-slice', 32x32px
const unsigned char fas_32x32_fa_pizza_slice [] PROGMEM = {
	0x00, 0x00, 0x00, 0x00, 0x00, 0x00, 0x80, 0x9c, 0x9f, 0x9f, 0x9f, 0x3f, 0x3f, 0x3e, 0x7e, 0x7e, 
	0x7c, 0xfc, 0xfc, 0xf8, 0xf0, 0xf0, 0xe0, 0xc0, 0x80, 0x00, 0x00, 0x00, 0x00, 0x00, 0x00, 0x00, 
	0x00, 0x00, 0x00, 0x00, 0xc0, 0xfc, 0xff, 0xff, 0xff, 0x1f, 0x1f, 0x1f, 0x1f, 0xff, 0xfe, 0xfe, 
	0xfc, 0xfc, 0xf9, 0xf1, 0xe3, 0xc7, 0x0f, 0x3f, 0x7f, 0xff, 0xfe, 0xfc, 0xf0, 0xe0, 0x00, 0x00, 
	0x00, 0x00, 0xe0, 0xfe, 0xff, 0xff, 0x7f, 0x3f, 0x3f, 0x7f, 0xff, 0xff, 0xff, 0xff, 0xff, 0xff, 
	0x87, 0x87, 0x87, 0xff, 0xff, 0xff, 0xff, 0xfc, 0xe0, 0x03, 0x1f, 0xff, 0xff, 0xff, 0xff, 0x7c, 
	0xe0, 0xfe, 0xff, 0x7f, 0x7f, 0x7f, 0x7e, 0x3c, 0x3c, 0x3e, 0x1f, 0x1f, 0x1f, 0x1f, 0x0f, 0x0f, 
	0x0f, 0x0f, 0x07, 0x07, 0x07, 0x03, 0x03, 0x03, 0x03, 0x00, 0x00, 0x01, 0x00, 0x00, 0x00, 0x00
};
// 'place-of-worship', 32x32px
const unsigned char fas_32x32_fa_place_of_worship [] PROGMEM = {
	0x00, 0x00, 0x00, 0x00, 0x00, 0x00, 0x00, 0x00, 0x00, 0x00, 0x00, 0x80, 0xc0, 0xe0, 0xf0, 0xf8, 
	0xf8, 0xf0, 0xe0, 0xc0, 0x80, 0x00, 0x00, 0x00, 0x00, 0x00, 0x00, 0x00, 0x00, 0x00, 0x00, 0x00, 
	0x00, 0x00, 0x00, 0x00, 0x00, 0x00, 0x00, 0x00, 0x00, 0x80, 0xc0, 0xff, 0xff, 0xff, 0xff, 0xff, 
	0xff, 0xff, 0xff, 0xff, 0xff, 0xc0, 0x80, 0x00, 0x00, 0x00, 0x00, 0x00, 0x00, 0x00, 0x00, 0x00, 
	0xc0, 0xe0, 0xe0, 0xf0, 0xf0, 0xf0, 0x00, 0x00, 0xff, 0xff, 0xff, 0xff, 0xff, 0x3f, 0x1f, 0x1f, 
	0x1f, 0x1f, 0x3f, 0xff, 0xff, 0xff, 0xff, 0xff, 0x00, 0x00, 0xf0, 0xf0, 0xf0, 0xe0, 0xe0, 0xc0, 
	0x1f, 0x1f, 0x1f, 0x1f, 0x1f, 0x1f, 0x00, 0x00, 0x1f, 0x1f, 0x1f, 0x1f, 0x1f, 0x00, 0x00, 0x00, 
	0x00, 0x00, 0x00, 0x1f, 0x1f, 0x1f, 0x1f, 0x1f, 0x00, 0x00, 0x1f, 0x1f, 0x1f, 0x1f, 0x1f, 0x1f
};
// 'plane', 32x32px
const unsigned char fas_32x32_fa_plane [] PROGMEM = {
	0x00, 0x00, 0x00, 0x00, 0x00, 0x00, 0x00, 0x00, 0x00, 0x0c, 0xfc, 0xfc, 0xfc, 0xfc, 0xfc, 0xf0, 
	0xc0, 0x00, 0x00, 0x00, 0x00, 0x00, 0x00, 0x00, 0x00, 0x00, 0x00, 0x00, 0x00, 0x00, 0x00, 0x00, 
	0x0e, 0x7e, 0xfe, 0xfe, 0xfc, 0xf8, 0xf0, 0xf0, 0xf0, 0xf0, 0xf0, 0xf7, 0xff, 0xff, 0xff, 0xff, 
	0xff, 0xff, 0xfe, 0xf8, 0xf0, 0xf0, 0xf0, 0xf0, 0xf0, 0xf0, 0xf0, 0xe0, 0xe0, 0xe0, 0xc0, 0x80, 
	0x70, 0x7e, 0x7f, 0x7f, 0x3f, 0x1f, 0x0f, 0x0f, 0x0f, 0x0f, 0x0f, 0xef, 0xff, 0xff, 0xff, 0xff, 
	0xff, 0xff, 0x7f, 0x1f, 0x0f, 0x0f, 0x0f, 0x0f, 0x0f, 0x0f, 0x0f, 0x07, 0x07, 0x07, 0x03, 0x01, 
	0x00, 0x00, 0x00, 0x00, 0x00, 0x00, 0x00, 0x00, 0x00, 0x30, 0x3f, 0x3f, 0x3f, 0x3f, 0x3f, 0x0f, 
	0x03, 0x00, 0x00, 0x00, 0x00, 0x00, 0x00, 0x00, 0x00, 0x00, 0x00, 0x00, 0x00, 0x00, 0x00, 0x00
};
// 'plane-arrival', 32x32px
const unsigned char fas_32x32_fa_plane_arrival [] PROGMEM = {
	0x00, 0x00, 0xc0, 0xc0, 0x80, 0x00, 0x00, 0x00, 0x00, 0x18, 0xf8, 0xf8, 0xf0, 0xf0, 0xe0, 0x80, 
	0x00, 0x00, 0x00, 0x00, 0x00, 0x00, 0x00, 0x00, 0x00, 0x00, 0x00, 0x00, 0x00, 0x00, 0x00, 0x00, 
	0x00, 0x00, 0x3f, 0x7f, 0xff, 0xff, 0xfc, 0xf8, 0xf8, 0xf0, 0xf0, 0xff, 0xff, 0xff, 0xff, 0xff, 
	0xfe, 0xf8, 0xe0, 0xc0, 0x80, 0x80, 0x80, 0x80, 0x00, 0x00, 0x00, 0x00, 0x00, 0x00, 0x00, 0x00, 
	0x00, 0x00, 0x00, 0x00, 0x00, 0x00, 0x01, 0x03, 0x03, 0x07, 0x07, 0x07, 0x0f, 0x0f, 0x0f, 0x0f, 
	0x1f, 0x1f, 0x1f, 0x1f, 0x3f, 0x3f, 0x3f, 0x3f, 0x7f, 0x3f, 0x3e, 0x3c, 0x18, 0x00, 0x00, 0x00, 
	0x1c, 0x1c, 0x1c, 0x1c, 0x1c, 0x1c, 0x1c, 0x1c, 0x1c, 0x1c, 0x1c, 0x1c, 0x1c, 0x1c, 0x1c, 0x1c, 
	0x1c, 0x1c, 0x1c, 0x1c, 0x1c, 0x1c, 0x1c, 0x1c, 0x1c, 0x1c, 0x1c, 0x1c, 0x1c, 0x1c, 0x1c, 0x1c
};
// 'plane-departure', 32x32px
const unsigned char fas_32x32_fa_plane_departure [] PROGMEM = {
	0x00, 0x00, 0x00, 0x00, 0xc0, 0xc0, 0xe0, 0xe0, 0xe0, 0xe0, 0xe0, 0xc0, 0xc0, 0x80, 0x80, 0x80, 
	0x00, 0x00, 0x00, 0x00, 0x00, 0x00, 0x80, 0x80, 0xc0, 0xc0, 0xc0, 0xe0, 0xe0, 0xe0, 0xc0, 0xc0, 
	0x80, 0xc0, 0xc0, 0xc0, 0xc0, 0x81, 0x81, 0x83, 0x87, 0xc7, 0xcf, 0xff, 0xff, 0xff, 0xff, 0xff, 
	0xff, 0xff, 0xff, 0xfe, 0xff, 0xff, 0xff, 0x7f, 0x7f, 0x3f, 0x3f, 0x1f, 0x1f, 0x0f, 0x07, 0x03, 
	0x01, 0x03, 0x07, 0x0f, 0x1f, 0x1f, 0x1f, 0x1f, 0x1f, 0x1f, 0x1f, 0x1f, 0x1f, 0x0f, 0x0f, 0x07, 
	0x07, 0x03, 0x03, 0x01, 0x01, 0x00, 0x00, 0x00, 0x00, 0x00, 0x00, 0x00, 0x00, 0x00, 0x00, 0x00, 
	0x1c, 0x1c, 0x1c, 0x1c, 0x1c, 0x1c, 0x1c, 0x1c, 0x1c, 0x1c, 0x1c, 0x1c, 0x1c, 0x1c, 0x1c, 0x1c, 
	0x1c, 0x1c, 0x1c, 0x1c, 0x1c, 0x1c, 0x1c, 0x1c, 0x1c, 0x1c, 0x1c, 0x1c, 0x1c, 0x1c, 0x1c, 0x1c
};
// 'plane-slash', 32x32px
const unsigned char fas_32x32_fa_plane_slash [] PROGMEM = {
	0x30, 0x78, 0xf8, 0xf0, 0xe0, 0xc0, 0xc0, 0x80, 0x00, 0x00, 0x38, 0xf8, 0xf8, 0xf8, 0xf8, 0xe0, 
	0x80, 0x00, 0x00, 0x00, 0x00, 0x00, 0x00, 0x00, 0x00, 0x00, 0x00, 0x00, 0x00, 0x00, 0x00, 0x00, 
	0x00, 0x00, 0x3c, 0xf8, 0xf1, 0xe3, 0xc7, 0xc7, 0x8f, 0x1e, 0x3c, 0x7f, 0x7f, 0xff, 0xff, 0xff, 
	0xff, 0xff, 0xfc, 0xf0, 0xe0, 0xe0, 0xe0, 0xe0, 0xe0, 0xe0, 0xe0, 0xe0, 0xc0, 0xc0, 0x00, 0x00, 
	0x00, 0x00, 0x3c, 0x7f, 0x3f, 0x3f, 0x0f, 0x07, 0x07, 0x07, 0x06, 0xc4, 0xfc, 0xf8, 0xf1, 0xe3, 
	0xe3, 0xc7, 0x0f, 0x1f, 0x3f, 0x3f, 0x7f, 0xff, 0xe7, 0xe7, 0xc7, 0x87, 0x03, 0x03, 0x00, 0x00, 
	0x00, 0x00, 0x00, 0x00, 0x00, 0x00, 0x00, 0x00, 0x00, 0x00, 0x1c, 0x1f, 0x1f, 0x1f, 0x1f, 0x07, 
	0x01, 0x00, 0x00, 0x00, 0x00, 0x00, 0x00, 0x00, 0x01, 0x03, 0x03, 0x07, 0x0f, 0x1f, 0x1e, 0x0c
};
// 'play', 32x32px
const unsigned char fas_32x32_fa_play [] PROGMEM = {
	0x00, 0x00, 0xfe, 0xff, 0xff, 0xff, 0xff, 0xfe, 0xfc, 0xfc, 0xf8, 0xf8, 0xf0, 0xf0, 0xe0, 0xc0, 
	0xc0, 0x80, 0x80, 0x00, 0x00, 0x00, 0x00, 0x00, 0x00, 0x00, 0x00, 0x00, 0x00, 0x00, 0x00, 0x00, 
	0x00, 0x00, 0xff, 0xff, 0xff, 0xff, 0xff, 0xff, 0xff, 0xff, 0xff, 0xff, 0xff, 0xff, 0xff, 0xff, 
	0xff, 0xff, 0xff, 0xff, 0xfe, 0xfe, 0xfc, 0xfc, 0xf8, 0xf0, 0xf0, 0xe0, 0xe0, 0xc0, 0x00, 0x00, 
	0x00, 0x00, 0xff, 0xff, 0xff, 0xff, 0xff, 0xff, 0xff, 0xff, 0xff, 0xff, 0xff, 0xff, 0xff, 0xff, 
	0xff, 0xff, 0xff, 0xff, 0x7f, 0x7f, 0x3f, 0x3f, 0x1f, 0x0f, 0x0f, 0x07, 0x07, 0x03, 0x00, 0x00, 
	0x00, 0x00, 0x7f, 0xff, 0xff, 0xff, 0xff, 0x7f, 0x3f, 0x3f, 0x1f, 0x1f, 0x0f, 0x0f, 0x07, 0x03, 
	0x03, 0x01, 0x01, 0x00, 0x00, 0x00, 0x00, 0x00, 0x00, 0x00, 0x00, 0x00, 0x00, 0x00, 0x00, 0x00
};
// 'play-circle', 32x32px
const unsigned char fas_32x32_fa_play_circle [] PROGMEM = {
	0x00, 0x00, 0x00, 0x80, 0xc0, 0xe0, 0xf0, 0xf8, 0xfc, 0xfc, 0xfe, 0xfe, 0xfe, 0xfe, 0xff, 0xff, 
	0xff, 0xff, 0xfe, 0xfe, 0xfe, 0xfe, 0xfc, 0xfc, 0xf8, 0xf0, 0xe0, 0xc0, 0x80, 0x00, 0x00, 0x00, 
	0xc0, 0xfc, 0xff, 0xff, 0xff, 0xff, 0xff, 0xff, 0xff, 0xff, 0x01, 0x00, 0x00, 0x01, 0x03, 0x03, 
	0x07, 0x07, 0x0f, 0x1f, 0x1f, 0x3f, 0x3f, 0x7f, 0xff, 0xff, 0xff, 0xff, 0xff, 0xff, 0xfc, 0xc0, 
	0x03, 0x3f, 0xff, 0xff, 0xff, 0xff, 0xff, 0xff, 0xff, 0xff, 0x80, 0x00, 0x00, 0x80, 0xc0, 0xc0, 
	0xe0, 0xe0, 0xf0, 0xf0, 0xf8, 0xfc, 0xfc, 0xfe, 0xff, 0xff, 0xff, 0xff, 0xff, 0xff, 0x3f, 0x03, 
	0x00, 0x00, 0x00, 0x01, 0x03, 0x07, 0x0f, 0x1f, 0x3f, 0x3f, 0x7f, 0x7f, 0x7f, 0x7f, 0xff, 0xff, 
	0xff, 0xff, 0x7f, 0x7f, 0x7f, 0x7f, 0x3f, 0x3f, 0x1f, 0x0f, 0x07, 0x03, 0x01, 0x00, 0x00, 0x00
};
// 'plug', 32x32px
const unsigned char fas_32x32_fa_plug [] PROGMEM = {
	0x00, 0x00, 0x00, 0x00, 0x00, 0x00, 0x00, 0x00, 0xfe, 0xff, 0xff, 0xfe, 0x00, 0x00, 0x00, 0x00, 
	0x00, 0x00, 0x00, 0x00, 0xfe, 0xff, 0xff, 0xfe, 0x00, 0x00, 0x00, 0x00, 0x00, 0x00, 0x00, 0x00, 
	0x00, 0x00, 0x00, 0x00, 0x3c, 0x3c, 0xfc, 0xfc, 0xfc, 0xfc, 0xfc, 0xfc, 0xfc, 0xfc, 0xfc, 0xfc, 
	0xfc, 0xfc, 0xfc, 0xfc, 0xfc, 0xfc, 0xfc, 0xfc, 0xfc, 0xfc, 0x3c, 0x3c, 0x00, 0x00, 0x00, 0x00, 
	0x00, 0x00, 0x00, 0x00, 0x00, 0x00, 0x07, 0x1f, 0x7f, 0xff, 0xff, 0xff, 0xff, 0xff, 0xff, 0xff, 
	0xff, 0xff, 0xff, 0xff, 0xff, 0xff, 0xff, 0x7f, 0x1f, 0x07, 0x00, 0x00, 0x00, 0x00, 0x00, 0x00, 
	0x00, 0x00, 0x00, 0x00, 0x00, 0x00, 0x00, 0x00, 0x00, 0x00, 0x00, 0x01, 0x01, 0x03, 0xff, 0xff, 
	0xff, 0xff, 0x03, 0x01, 0x01, 0x00, 0x00, 0x00, 0x00, 0x00, 0x00, 0x00, 0x00, 0x00, 0x00, 0x00
};
// 'plus', 32x32px
const unsigned char fas_32x32_fa_plus [] PROGMEM = {
	0x00, 0x00, 0x00, 0x00, 0x00, 0x00, 0x00, 0x00, 0x00, 0x00, 0x00, 0x00, 0x00, 0xf8, 0xfc, 0xfc, 
	0xfc, 0xfc, 0xf8, 0x00, 0x00, 0x00, 0x00, 0x00, 0x00, 0x00, 0x00, 0x00, 0x00, 0x00, 0x00, 0x00, 
	0x00, 0x00, 0xc0, 0xe0, 0xe0, 0xe0, 0xe0, 0xe0, 0xe0, 0xe0, 0xe0, 0xe0, 0xe0, 0xff, 0xff, 0xff, 
	0xff, 0xff, 0xff, 0xe0, 0xe0, 0xe0, 0xe0, 0xe0, 0xe0, 0xe0, 0xe0, 0xe0, 0xe0, 0xc0, 0x00, 0x00, 
	0x00, 0x00, 0x03, 0x07, 0x07, 0x07, 0x07, 0x07, 0x07, 0x07, 0x07, 0x07, 0x07, 0xff, 0xff, 0xff, 
	0xff, 0xff, 0xff, 0x07, 0x07, 0x07, 0x07, 0x07, 0x07, 0x07, 0x07, 0x07, 0x07, 0x03, 0x00, 0x00, 
	0x00, 0x00, 0x00, 0x00, 0x00, 0x00, 0x00, 0x00, 0x00, 0x00, 0x00, 0x00, 0x00, 0x1f, 0x3f, 0x3f, 
	0x3f, 0x3f, 0x1f, 0x00, 0x00, 0x00, 0x00, 0x00, 0x00, 0x00, 0x00, 0x00, 0x00, 0x00, 0x00, 0x00
};
// 'plus-circle', 32x32px
const unsigned char fas_32x32_fa_plus_circle [] PROGMEM = {
	0x00, 0x00, 0x00, 0x80, 0xc0, 0xe0, 0xf0, 0xf8, 0xfc, 0xfc, 0xfe, 0xfe, 0xfe, 0xfe, 0x7f, 0x7f, 
	0x7f, 0x7f, 0xfe, 0xfe, 0xfe, 0xfe, 0xfc, 0xfc, 0xf8, 0xf0, 0xe0, 0xc0, 0x80, 0x00, 0x00, 0x00, 
	0xc0, 0xfc, 0xff, 0xff, 0xff, 0xff, 0xff, 0x3f, 0x3f, 0x3f, 0x3f, 0x3f, 0x3f, 0x1f, 0x00, 0x00, 
	0x00, 0x00, 0x1f, 0x3f, 0x3f, 0x3f, 0x3f, 0x3f, 0x3f, 0xff, 0xff, 0xff, 0xff, 0xff, 0xfc, 0xc0, 
	0x03, 0x3f, 0xff, 0xff, 0xff, 0xff, 0xff, 0xfc, 0xfc, 0xfc, 0xfc, 0xfc, 0xfc, 0xf8, 0x00, 0x00, 
	0x00, 0x00, 0xf8, 0xfc, 0xfc, 0xfc, 0xfc, 0xfc, 0xfc, 0xff, 0xff, 0xff, 0xff, 0xff, 0x3f, 0x03, 
	0x00, 0x00, 0x00, 0x01, 0x03, 0x07, 0x0f, 0x1f, 0x3f, 0x3f, 0x7f, 0x7f, 0x7f, 0x7f, 0xfe, 0xfe, 
	0xfe, 0xfe, 0x7f, 0x7f, 0x7f, 0x7f, 0x3f, 0x3f, 0x1f, 0x0f, 0x07, 0x03, 0x01, 0x00, 0x00, 0x00
};
// 'plus-square', 32x32px
const unsigned char fas_32x32_fa_plus_square [] PROGMEM = {
	0x00, 0x00, 0xf8, 0xfc, 0xfc, 0xfc, 0xfc, 0xfc, 0xfc, 0xfc, 0xfc, 0xfc, 0xfc, 0xfc, 0x7c, 0x7c, 
	0x7c, 0x7c, 0xfc, 0xfc, 0xfc, 0xfc, 0xfc, 0xfc, 0xfc, 0xfc, 0xfc, 0xfc, 0xfc, 0xf8, 0x00, 0x00, 
	0x00, 0x00, 0xff, 0xff, 0xff, 0xff, 0xff, 0x3f, 0x3f, 0x3f, 0x3f, 0x3f, 0x3f, 0x1f, 0x00, 0x00, 
	0x00, 0x00, 0x1f, 0x3f, 0x3f, 0x3f, 0x3f, 0x3f, 0x3f, 0xff, 0xff, 0xff, 0xff, 0xff, 0x00, 0x00, 
	0x00, 0x00, 0xff, 0xff, 0xff, 0xff, 0xff, 0xfc, 0xfc, 0xfc, 0xfc, 0xfc, 0xfc, 0xf8, 0x00, 0x00, 
	0x00, 0x00, 0xf8, 0xfc, 0xfc, 0xfc, 0xfc, 0xfc, 0xfc, 0xff, 0xff, 0xff, 0xff, 0xff, 0x00, 0x00, 
	0x00, 0x00, 0x1f, 0x3f, 0x3f, 0x3f, 0x3f, 0x3f, 0x3f, 0x3f, 0x3f, 0x3f, 0x3f, 0x3f, 0x3e, 0x3e, 
	0x3e, 0x3e, 0x3f, 0x3f, 0x3f, 0x3f, 0x3f, 0x3f, 0x3f, 0x3f, 0x3f, 0x3f, 0x3f, 0x1f, 0x00, 0x00
};
// 'podcast', 32x32px
const unsigned char fas_32x32_fa_podcast [] PROGMEM = {
	0x00, 0x00, 0x00, 0x00, 0xc0, 0xe0, 0xf0, 0x78, 0x3c, 0x9c, 0x9e, 0xce, 0xef, 0xe7, 0xe7, 0xe7, 
	0xe7, 0xe7, 0xe7, 0xef, 0xce, 0x9e, 0x9c, 0x3c, 0x78, 0xf0, 0xe0, 0xc0, 0x00, 0x00, 0x00, 0x00, 
	0x00, 0x00, 0xfc, 0xff, 0xff, 0x07, 0x01, 0xf8, 0xfe, 0xff, 0x0f, 0x03, 0xf1, 0xf8, 0xfc, 0xfc, 
	0xfc, 0xfc, 0xf8, 0xf1, 0x03, 0x0f, 0xff, 0xfe, 0xf8, 0x01, 0x07, 0xff, 0xff, 0xfc, 0x00, 0x00, 
	0x00, 0x00, 0x03, 0x0f, 0x3f, 0x7e, 0xf8, 0xe1, 0xc7, 0x8f, 0x0f, 0x04, 0xe0, 0xf1, 0xf3, 0xf3, 
	0xf3, 0xf3, 0xf1, 0xe0, 0x04, 0x0f, 0x8f, 0xc7, 0xe1, 0xf8, 0x7e, 0x3f, 0x0f, 0x03, 0x00, 0x00, 
	0x00, 0x00, 0x00, 0x00, 0x00, 0x00, 0x00, 0x01, 0x03, 0x03, 0x00, 0x00, 0x07, 0x7f, 0xff, 0xff, 
	0xff, 0xff, 0x7f, 0x07, 0x00, 0x00, 0x03, 0x03, 0x01, 0x00, 0x00, 0x00, 0x00, 0x00, 0x00, 0x00
};
// 'poll', 32x32px
const unsigned char fas_32x32_fa_poll [] PROGMEM = {
	0x00, 0x00, 0xf8, 0xfc, 0xfc, 0xfc, 0xfc, 0xfc, 0xfc, 0xfc, 0xfc, 0xfc, 0xfc, 0xfc, 0xfc, 0xfc, 
	0xfc, 0xfc, 0xfc, 0xfc, 0xfc, 0xfc, 0xfc, 0xfc, 0xfc, 0xfc, 0xfc, 0xfc, 0xfc, 0xf8, 0x00, 0x00, 
	0x00, 0x00, 0xff, 0xff, 0xff, 0xff, 0xff, 0xff, 0x3f, 0x3f, 0x3f, 0x3f, 0xff, 0xff, 0x00, 0x00, 
	0x00, 0x00, 0xff, 0xff, 0xff, 0xff, 0xff, 0xff, 0xff, 0xff, 0xff, 0xff, 0xff, 0xff, 0x00, 0x00, 
	0x00, 0x00, 0xff, 0xff, 0xff, 0xff, 0xff, 0xff, 0x00, 0x00, 0x00, 0x00, 0xff, 0xff, 0x00, 0x00, 
	0x00, 0x00, 0xff, 0xff, 0x03, 0x03, 0x03, 0x03, 0xff, 0xff, 0xff, 0xff, 0xff, 0xff, 0x00, 0x00, 
	0x00, 0x00, 0x1f, 0x3f, 0x3f, 0x3f, 0x3f, 0x3f, 0x3f, 0x3f, 0x3f, 0x3f, 0x3f, 0x3f, 0x3f, 0x3f, 
	0x3f, 0x3f, 0x3f, 0x3f, 0x3f, 0x3f, 0x3f, 0x3f, 0x3f, 0x3f, 0x3f, 0x3f, 0x3f, 0x1f, 0x00, 0x00
};
// 'poll-h', 32x32px
const unsigned char fas_32x32_fa_poll_h [] PROGMEM = {
	0x00, 0x00, 0xf8, 0xfc, 0xfc, 0xfc, 0xfc, 0xfc, 0xfc, 0xfc, 0xfc, 0xfc, 0xfc, 0xfc, 0xfc, 0xfc, 
	0xfc, 0xfc, 0xfc, 0xfc, 0xfc, 0xfc, 0xfc, 0xfc, 0xfc, 0xfc, 0xfc, 0xfc, 0xfc, 0xf8, 0x00, 0x00, 
	0x00, 0x00, 0xff, 0xff, 0xff, 0xff, 0xff, 0xff, 0x30, 0x30, 0x30, 0x30, 0x30, 0x30, 0x30, 0x30, 
	0x30, 0x30, 0x3f, 0x3f, 0x3f, 0x3f, 0x3f, 0x3f, 0xff, 0xff, 0xff, 0xff, 0xff, 0xff, 0x00, 0x00, 
	0x00, 0x00, 0xff, 0xff, 0xff, 0xff, 0xff, 0xff, 0x0c, 0x0c, 0x0c, 0x0c, 0x0c, 0x0c, 0xfc, 0xfc, 
	0xfc, 0xfc, 0xfc, 0xfc, 0xfc, 0xfc, 0xfc, 0xfc, 0xff, 0xff, 0xff, 0xff, 0xff, 0xff, 0x00, 0x00, 
	0x00, 0x00, 0x1f, 0x3f, 0x3f, 0x3f, 0x3f, 0x3f, 0x3f, 0x3f, 0x3f, 0x3f, 0x3f, 0x3f, 0x3f, 0x3f, 
	0x3f, 0x3f, 0x3f, 0x3f, 0x3f, 0x3f, 0x3f, 0x3f, 0x3f, 0x3f, 0x3f, 0x3f, 0x3f, 0x1f, 0x00, 0x00
};
// 'poo', 32x32px
const unsigned char fas_32x32_fa_poo [] PROGMEM = {
	0x00, 0x00, 0x00, 0x00, 0x00, 0x00, 0x00, 0x00, 0x00, 0x00, 0x00, 0x00, 0x00, 0x80, 0xc0, 0xe1, 
	0xff, 0xff, 0xff, 0xfe, 0xfc, 0xf0, 0x00, 0x00, 0x00, 0x00, 0x00, 0x00, 0x00, 0x00, 0x00, 0x00, 
	0x00, 0x00, 0x00, 0x00, 0x80, 0x80, 0xbc, 0xfe, 0xff, 0xff, 0xff, 0xff, 0xff, 0xff, 0xff, 0xff, 
	0xff, 0xff, 0xff, 0xff, 0xff, 0xff, 0xff, 0xff, 0xfe, 0xbc, 0x80, 0x80, 0x00, 0x00, 0x00, 0x00, 
	0x00, 0x00, 0xbe, 0xff, 0xff, 0xff, 0xff, 0xff, 0xff, 0xff, 0xf9, 0xf0, 0xf0, 0xf9, 0xff, 0xff, 
	0xff, 0xff, 0xf9, 0xf0, 0xf0, 0xf9, 0xff, 0xff, 0xff, 0xff, 0xff, 0xff, 0xff, 0xbe, 0x00, 0x00, 
	0x3e, 0x7f, 0xff, 0xff, 0xff, 0xff, 0xff, 0xff, 0xff, 0xff, 0xfe, 0xfc, 0xf8, 0xf8, 0xf0, 0xf0, 
	0xf0, 0xf0, 0xf8, 0xf8, 0xfc, 0xfe, 0xff, 0xff, 0xff, 0xff, 0xff, 0xff, 0xff, 0xff, 0x7f, 0x3e
};
// 'poop', 32x32px
const unsigned char fas_32x32_fa_poop [] PROGMEM = {
	0x00, 0x00, 0x00, 0x00, 0x00, 0x00, 0x00, 0x00, 0x00, 0x00, 0x00, 0x00, 0x00, 0x80, 0xc0, 0xe1, 
	0xff, 0xff, 0xff, 0xfe, 0xfc, 0xf0, 0x00, 0x00, 0x00, 0x00, 0x00, 0x00, 0x00, 0x00, 0x00, 0x00, 
	0x00, 0x00, 0x00, 0x00, 0x80, 0x80, 0xbc, 0xfe, 0xff, 0xff, 0xff, 0xff, 0xff, 0xff, 0xff, 0xff, 
	0xff, 0xff, 0xff, 0xff, 0xff, 0xff, 0xff, 0xff, 0xfe, 0xbc, 0x80, 0x80, 0x00, 0x00, 0x00, 0x00, 
	0x00, 0x00, 0xbe, 0xff, 0xff, 0xff, 0xff, 0xff, 0xff, 0xff, 0xff, 0xff, 0xff, 0xff, 0xff, 0xff, 
	0xff, 0xff, 0xff, 0xff, 0xff, 0xff, 0xff, 0xff, 0xff, 0xff, 0xff, 0xff, 0xff, 0xbe, 0x00, 0x00, 
	0x3e, 0x7f, 0xff, 0xff, 0xff, 0xff, 0xff, 0xff, 0xff, 0xff, 0xff, 0xff, 0xff, 0xff, 0xff, 0xff, 
	0xff, 0xff, 0xff, 0xff, 0xff, 0xff, 0xff, 0xff, 0xff, 0xff, 0xff, 0xff, 0xff, 0xff, 0x7f, 0x3e
};
// 'poo-storm', 32x32px
const unsigned char fas_32x32_fa_poo_storm [] PROGMEM = {
	0x00, 0x00, 0x00, 0x00, 0x00, 0x00, 0x00, 0x00, 0x00, 0x00, 0x00, 0x00, 0x00, 0x80, 0xc0, 0xe1, 
	0xff, 0xff, 0xff, 0xfe, 0xfc, 0xf0, 0x00, 0x00, 0x00, 0x00, 0x00, 0x00, 0x00, 0x00, 0x00, 0x00, 
	0x00, 0x00, 0x00, 0x80, 0x80, 0xc0, 0xfc, 0xfe, 0xff, 0xff, 0xff, 0x7f, 0x3f, 0x3f, 0x3f, 0x3f, 
	0x3f, 0x3f, 0x3f, 0x7f, 0xff, 0xff, 0xff, 0xff, 0xfe, 0xfc, 0xc0, 0x80, 0x80, 0x00, 0x00, 0x00, 
	0x00, 0x00, 0x1e, 0x7f, 0x7f, 0xff, 0xff, 0xff, 0xff, 0xff, 0x1f, 0x00, 0xf0, 0xff, 0xff, 0xff, 
	0xff, 0xff, 0xe3, 0xe0, 0xe4, 0x67, 0x07, 0x8f, 0xff, 0xff, 0xff, 0x7f, 0x7f, 0x1e, 0x00, 0x00, 
	0x00, 0x00, 0x00, 0x00, 0x00, 0x00, 0x00, 0x00, 0x00, 0x00, 0x00, 0x00, 0x01, 0x01, 0x01, 0xe1, 
	0xff, 0x3f, 0x0f, 0x03, 0x01, 0x00, 0x00, 0x00, 0x00, 0x00, 0x00, 0x00, 0x00, 0x00, 0x00, 0x00
};
// 'portrait', 32x32px
const unsigned char fas_32x32_fa_portrait [] PROGMEM = {
	0x00, 0x00, 0x00, 0x00, 0xfe, 0xff, 0xff, 0xff, 0xff, 0xff, 0xff, 0xff, 0xff, 0xff, 0xff, 0xff, 
	0xff, 0xff, 0xff, 0xff, 0xff, 0xff, 0xff, 0xff, 0xff, 0xff, 0xff, 0xfe, 0x00, 0x00, 0x00, 0x00, 
	0x00, 0x00, 0x00, 0x00, 0xff, 0xff, 0xff, 0xff, 0xff, 0xff, 0xff, 0xff, 0xc3, 0x81, 0x00, 0x00, 
	0x00, 0x00, 0x81, 0xc3, 0xff, 0xff, 0xff, 0xff, 0xff, 0xff, 0xff, 0xff, 0x00, 0x00, 0x00, 0x00, 
	0x00, 0x00, 0x00, 0x00, 0xff, 0xff, 0xff, 0xff, 0xff, 0x0f, 0x07, 0x03, 0x03, 0x03, 0x03, 0x03, 
	0x03, 0x03, 0x03, 0x03, 0x03, 0x07, 0x0f, 0xff, 0xff, 0xff, 0xff, 0xff, 0x00, 0x00, 0x00, 0x00, 
	0x00, 0x00, 0x00, 0x00, 0x7f, 0xff, 0xff, 0xff, 0xff, 0xff, 0xff, 0xff, 0xff, 0xff, 0xff, 0xff, 
	0xff, 0xff, 0xff, 0xff, 0xff, 0xff, 0xff, 0xff, 0xff, 0xff, 0xff, 0x7f, 0x00, 0x00, 0x00, 0x00
};
// 'pound-sign', 32x32px
const unsigned char fas_32x32_fa_pound_sign [] PROGMEM = {
	0x00, 0x00, 0x00, 0x00, 0x00, 0x00, 0x00, 0x00, 0x00, 0x80, 0xe0, 0xf0, 0xf8, 0xf8, 0xfc, 0x7c, 
	0x7c, 0x7c, 0x7c, 0x7c, 0x7c, 0xf8, 0x78, 0x30, 0x00, 0x00, 0x00, 0x00, 0x00, 0x00, 0x00, 0x00, 
	0x00, 0x00, 0x00, 0x00, 0x00, 0x00, 0x80, 0xc0, 0xc0, 0xff, 0xff, 0xff, 0xff, 0xff, 0xc0, 0xc0, 
	0xc0, 0xc0, 0xc0, 0xc0, 0x00, 0x00, 0x00, 0x00, 0x00, 0x00, 0x00, 0x00, 0x00, 0x00, 0x00, 0x00, 
	0x00, 0x00, 0x00, 0x00, 0x00, 0x00, 0x01, 0x03, 0x03, 0xff, 0xff, 0xff, 0xff, 0xff, 0x03, 0x03, 
	0x03, 0x03, 0x03, 0x03, 0x00, 0x00, 0xc0, 0xc0, 0xc0, 0xc0, 0x00, 0x00, 0x00, 0x00, 0x00, 0x00, 
	0x00, 0x00, 0x00, 0x00, 0x00, 0x00, 0x3c, 0x3c, 0x3c, 0x3f, 0x3f, 0x3f, 0x3f, 0x3f, 0x3c, 0x3c, 
	0x3c, 0x3c, 0x3c, 0x3c, 0x3c, 0x3e, 0x3f, 0x3f, 0x3f, 0x3f, 0x00, 0x00, 0x00, 0x00, 0x00, 0x00
};
// 'power-off', 32x32px
const unsigned char fas_32x32_fa_power_off [] PROGMEM = {
	0x00, 0x00, 0x00, 0x80, 0xc0, 0xe0, 0xf0, 0xf8, 0xf8, 0xf0, 0x00, 0x00, 0x00, 0xfc, 0xff, 0xff, 
	0xff, 0xff, 0xfc, 0x00, 0x00, 0x00, 0xf0, 0xf8, 0xf8, 0xf0, 0xe0, 0xc0, 0x80, 0x00, 0x00, 0x00, 
	0xc0, 0xfc, 0xff, 0xff, 0xff, 0xff, 0x0f, 0x03, 0x01, 0x00, 0x00, 0x00, 0x00, 0xff, 0xff, 0xff, 
	0xff, 0xff, 0xff, 0x00, 0x00, 0x00, 0x00, 0x01, 0x03, 0x0f, 0xff, 0xff, 0xff, 0xff, 0xfc, 0xc0, 
	0x03, 0x3f, 0xff, 0xff, 0xff, 0xff, 0xf0, 0xc0, 0x80, 0x00, 0x00, 0x00, 0x00, 0x00, 0x03, 0x03, 
	0x03, 0x03, 0x00, 0x00, 0x00, 0x00, 0x00, 0x80, 0xc0, 0xf0, 0xff, 0xff, 0xff, 0xff, 0x3f, 0x03, 
	0x00, 0x00, 0x00, 0x01, 0x03, 0x07, 0x0f, 0x1f, 0x3f, 0x3f, 0x7e, 0x7e, 0x7c, 0x7c, 0xfc, 0xfc, 
	0xfc, 0xfc, 0x7c, 0x7c, 0x7e, 0x7e, 0x3f, 0x3f, 0x1f, 0x0f, 0x07, 0x03, 0x01, 0x00, 0x00, 0x00
};
// 'pray', 32x32px
const unsigned char fas_32x32_fa_pray [] PROGMEM = {
	0x00, 0x00, 0x00, 0x00, 0x00, 0x00, 0x00, 0x00, 0x00, 0x00, 0x00, 0x00, 0x00, 0x00, 0x00, 0x00, 
	0x3c, 0x7e, 0xff, 0xff, 0xff, 0xff, 0x7e, 0x3c, 0x00, 0x00, 0x00, 0x00, 0x00, 0x00, 0x00, 0x00, 
	0x00, 0x00, 0x00, 0x00, 0x00, 0x00, 0x00, 0x00, 0x80, 0xe0, 0xf8, 0xfc, 0xfe, 0xfe, 0xfe, 0xfe, 
	0xfe, 0xfc, 0xf8, 0xf0, 0xe0, 0xf0, 0xf0, 0xf8, 0xfc, 0xfc, 0x7c, 0x38, 0x00, 0x00, 0x00, 0x00, 
	0x00, 0x00, 0x00, 0x00, 0x00, 0x00, 0x00, 0x7e, 0xff, 0xff, 0xff, 0xff, 0xff, 0xff, 0xff, 0xc7, 
	0x81, 0x03, 0x07, 0x07, 0x07, 0x07, 0x03, 0x01, 0x01, 0x00, 0x00, 0x00, 0x00, 0x00, 0x00, 0x00, 
	0x00, 0x00, 0x00, 0x00, 0x70, 0xf8, 0xf8, 0xf8, 0xf8, 0xf9, 0xfb, 0xff, 0xff, 0xff, 0xff, 0xff, 
	0xff, 0xff, 0xfe, 0xfc, 0xf8, 0x70, 0x00, 0x00, 0x00, 0x00, 0x00, 0x00, 0x00, 0x00, 0x00, 0x00
};
// 'praying-hands', 32x32px
const unsigned char fas_32x32_fa_praying_hands [] PROGMEM = {
	0x00, 0x00, 0x00, 0x00, 0x00, 0x00, 0x00, 0x00, 0x00, 0x00, 0xc0, 0xe0, 0xf8, 0xf8, 0x38, 0x00, 
	0x00, 0x38, 0xf8, 0xf8, 0xe0, 0xc0, 0x00, 0x00, 0x00, 0x00, 0x00, 0x00, 0x00, 0x00, 0x00, 0x00, 
	0x00, 0x00, 0x00, 0x00, 0x00, 0x00, 0xf0, 0xf8, 0xfe, 0xff, 0x3f, 0x07, 0xe3, 0xe0, 0xe0, 0x00, 
	0x00, 0xe0, 0xe0, 0xe3, 0x07, 0x3f, 0xff, 0xfe, 0xf8, 0xf0, 0x00, 0x00, 0x00, 0x00, 0x00, 0x00, 
	0xe0, 0xe0, 0xf0, 0xf0, 0xf0, 0xf8, 0xff, 0xff, 0xff, 0xff, 0xf8, 0xf8, 0xff, 0xff, 0xff, 0x00, 
	0x00, 0xff, 0xff, 0xff, 0xf8, 0xf8, 0xff, 0xff, 0xff, 0xff, 0xf8, 0xf0, 0xf0, 0xf0, 0xe0, 0xe0, 
	0x1f, 0x1f, 0x1f, 0x1f, 0x0f, 0x0f, 0x0f, 0x0f, 0x07, 0x07, 0x07, 0x03, 0x03, 0x01, 0x00, 0x00, 
	0x00, 0x00, 0x01, 0x03, 0x03, 0x07, 0x07, 0x07, 0x0f, 0x0f, 0x0f, 0x0f, 0x1f, 0x1f, 0x1f, 0x1f
};
// 'prescription', 32x32px
const unsigned char fas_32x32_fa_prescription [] PROGMEM = {
	0x00, 0x00, 0x00, 0x00, 0xfc, 0xfc, 0xfc, 0xfc, 0x3c, 0x3c, 0x3c, 0x3c, 0x3c, 0x3c, 0x3c, 0x7c, 
	0xf8, 0xf8, 0xf0, 0xc0, 0x00, 0x00, 0x00, 0x00, 0x00, 0x00, 0x00, 0x00, 0x00, 0x00, 0x00, 0x00, 
	0x00, 0x00, 0x00, 0x00, 0xff, 0xff, 0xff, 0xff, 0x3c, 0x3c, 0x7c, 0xfc, 0xfc, 0xfc, 0xfc, 0xbe, 
	0x1f, 0x1f, 0x0f, 0x03, 0x00, 0x00, 0x00, 0x00, 0x80, 0xc0, 0xc0, 0x80, 0x00, 0x00, 0x00, 0x00, 
	0x00, 0x00, 0x00, 0x00, 0x0f, 0x0f, 0x0f, 0x0f, 0x00, 0x00, 0x00, 0x00, 0x01, 0x03, 0x07, 0x0f, 
	0x9f, 0xfe, 0xfc, 0xf8, 0xf8, 0xfc, 0xfe, 0x9f, 0x0f, 0x07, 0x03, 0x01, 0x00, 0x00, 0x00, 0x00, 
	0x00, 0x00, 0x00, 0x00, 0x00, 0x00, 0x00, 0x00, 0x00, 0x00, 0x00, 0x00, 0x18, 0x3c, 0x3e, 0x1f, 
	0x0f, 0x07, 0x03, 0x01, 0x01, 0x03, 0x07, 0x0f, 0x1f, 0x3e, 0x3c, 0x18, 0x00, 0x00, 0x00, 0x00
};
// 'prescription-bottle', 32x32px
const unsigned char fas_32x32_fa_prescription_bottle [] PROGMEM = {
	0x00, 0x00, 0x00, 0x00, 0x3f, 0x3f, 0x3f, 0x3f, 0x3f, 0x3f, 0x3f, 0x3f, 0x3f, 0x3f, 0x3f, 0x3f, 
	0x3f, 0x3f, 0x3f, 0x3f, 0x3f, 0x3f, 0x3f, 0x3f, 0x3f, 0x3f, 0x3f, 0x3f, 0x00, 0x00, 0x00, 0x00, 
	0x00, 0x00, 0x00, 0x00, 0x00, 0x00, 0xcf, 0xcf, 0xcf, 0xcf, 0xcf, 0xcf, 0xcf, 0xcf, 0xff, 0xff, 
	0xff, 0xff, 0xff, 0xff, 0xff, 0xff, 0xff, 0xff, 0xff, 0xff, 0x00, 0x00, 0x00, 0x00, 0x00, 0x00, 
	0x00, 0x00, 0x00, 0x00, 0x00, 0x00, 0xf3, 0xf3, 0xf3, 0xf3, 0xf3, 0xf3, 0xf3, 0xf3, 0xff, 0xff, 
	0xff, 0xff, 0xff, 0xff, 0xff, 0xff, 0xff, 0xff, 0xff, 0xff, 0x00, 0x00, 0x00, 0x00, 0x00, 0x00, 
	0x00, 0x00, 0x00, 0x00, 0x00, 0x00, 0x7c, 0xfc, 0xfc, 0xfc, 0xfc, 0xfc, 0xfc, 0xfc, 0xff, 0xff, 
	0xff, 0xff, 0xff, 0xff, 0xff, 0xff, 0xff, 0xff, 0xff, 0x7f, 0x00, 0x00, 0x00, 0x00, 0x00, 0x00
};
// 'prescription-bottle-alt', 32x32px
const unsigned char fas_32x32_fa_prescription_bottle_alt [] PROGMEM = {
	0x00, 0x00, 0x00, 0x00, 0x3f, 0x3f, 0x3f, 0x3f, 0x3f, 0x3f, 0x3f, 0x3f, 0x3f, 0x3f, 0x3f, 0x3f, 
	0x3f, 0x3f, 0x3f, 0x3f, 0x3f, 0x3f, 0x3f, 0x3f, 0x3f, 0x3f, 0x3f, 0x3f, 0x00, 0x00, 0x00, 0x00, 
	0x00, 0x00, 0x00, 0x00, 0x00, 0x00, 0xff, 0xff, 0xff, 0xff, 0xff, 0xff, 0xff, 0xff, 0x3f, 0x3f, 
	0x3f, 0x3f, 0xff, 0xff, 0xff, 0xff, 0xff, 0xff, 0xff, 0xff, 0x00, 0x00, 0x00, 0x00, 0x00, 0x00, 
	0x00, 0x00, 0x00, 0x00, 0x00, 0x00, 0xff, 0xff, 0xff, 0xff, 0xc3, 0xc3, 0xc3, 0xc3, 0x00, 0x00, 
	0x00, 0x00, 0xc3, 0xc3, 0xc3, 0xc3, 0xff, 0xff, 0xff, 0xff, 0x00, 0x00, 0x00, 0x00, 0x00, 0x00, 
	0x00, 0x00, 0x00, 0x00, 0x00, 0x00, 0x7f, 0xff, 0xff, 0xff, 0xff, 0xff, 0xff, 0xff, 0xfc, 0xfc, 
	0xfc, 0xfc, 0xff, 0xff, 0xff, 0xff, 0xff, 0xff, 0xff, 0x7f, 0x00, 0x00, 0x00, 0x00, 0x00, 0x00
};
// 'print', 32x32px
const unsigned char fas_32x32_fa_print [] PROGMEM = {
	0x00, 0x00, 0x00, 0x00, 0xfe, 0xff, 0xff, 0xff, 0x0f, 0x0f, 0x0f, 0x0f, 0x0f, 0x0f, 0x0f, 0x0f, 
	0x0f, 0x0f, 0x0f, 0x0f, 0xff, 0xff, 0xff, 0xff, 0xff, 0xfe, 0xfc, 0xf0, 0x00, 0x00, 0x00, 0x00, 
	0xc0, 0xe0, 0xf0, 0xf0, 0xff, 0xff, 0xff, 0xff, 0xc0, 0xc0, 0xc0, 0xc0, 0xc0, 0xc0, 0xc0, 0xc0, 
	0xc0, 0xc0, 0xc0, 0xc0, 0xc0, 0xc0, 0xc0, 0xc0, 0xff, 0xff, 0xff, 0xff, 0xf0, 0xf0, 0xe0, 0xc0, 
	0xff, 0xff, 0xff, 0xff, 0xff, 0xff, 0xff, 0xff, 0x3f, 0x3f, 0x3f, 0x3f, 0x3f, 0x3f, 0x3f, 0x3f, 
	0x3f, 0x3f, 0x3f, 0x3f, 0x3f, 0x3f, 0x3f, 0x3f, 0xff, 0xff, 0xfc, 0xfc, 0xff, 0xff, 0xff, 0xff, 
	0x00, 0x00, 0x00, 0x00, 0x7f, 0xff, 0xff, 0xff, 0xf0, 0xf0, 0xf0, 0xf0, 0xf0, 0xf0, 0xf0, 0xf0, 
	0xf0, 0xf0, 0xf0, 0xf0, 0xf0, 0xf0, 0xf0, 0xf0, 0xff, 0xff, 0xff, 0x7f, 0x00, 0x00, 0x00, 0x00
};
// 'procedures', 32x32px
const unsigned char fas_32x32_fa_procedures [] PROGMEM = {
	0x00, 0x00, 0x00, 0x00, 0x00, 0x00, 0x00, 0xc0, 0xc0, 0xc0, 0xc0, 0xc0, 0xc0, 0xc0, 0x80, 0x00, 
	0xc0, 0xf0, 0x38, 0xf0, 0xc0, 0xc0, 0xc0, 0xc0, 0xc0, 0xc0, 0x00, 0x00, 0x00, 0x00, 0x00, 0x00, 
	0xfc, 0xfe, 0xfc, 0x00, 0x00, 0x00, 0x80, 0xc0, 0xc0, 0x80, 0x00, 0x00, 0x00, 0xc1, 0xc7, 0xc7, 
	0xc3, 0xc0, 0xc0, 0xc0, 0xc0, 0xc0, 0xc0, 0xc0, 0xc0, 0xc0, 0xc0, 0xc0, 0x80, 0x80, 0x00, 0x00, 
	0xff, 0xff, 0xff, 0xc0, 0x80, 0xcf, 0xdf, 0xdf, 0xdf, 0xdf, 0xcf, 0x80, 0xc0, 0xff, 0xff, 0xff, 
	0xff, 0xff, 0xff, 0xff, 0xff, 0xff, 0xff, 0xff, 0xff, 0xff, 0xff, 0xff, 0xff, 0xff, 0xff, 0xfc, 
	0x1f, 0x1f, 0x1f, 0x03, 0x03, 0x03, 0x03, 0x03, 0x03, 0x03, 0x03, 0x03, 0x03, 0x03, 0x03, 0x03, 
	0x03, 0x03, 0x03, 0x03, 0x03, 0x03, 0x03, 0x03, 0x03, 0x03, 0x03, 0x03, 0x03, 0x1f, 0x1f, 0x1f
};
// 'project-diagram', 32x32px
const unsigned char fas_32x32_fa_project_diagram [] PROGMEM = {
	0xf8, 0xf8, 0xf8, 0xf8, 0xf8, 0xf8, 0xf8, 0xf8, 0xf8, 0xf0, 0xc0, 0xc0, 0xc0, 0xc0, 0xc0, 0xc0, 
	0xc0, 0xc0, 0xc0, 0xc0, 0xc0, 0x00, 0xf0, 0xf8, 0xf8, 0xf8, 0xf8, 0xf8, 0xf8, 0xf8, 0xf8, 0xf8, 
	0x0f, 0x1f, 0x1f, 0x1f, 0x1f, 0x1f, 0x1f, 0x7f, 0xff, 0xff, 0xe3, 0x83, 0x03, 0x03, 0x03, 0x03, 
	0x03, 0x03, 0x03, 0x03, 0x01, 0x00, 0x0f, 0x1f, 0x1f, 0x1f, 0x1f, 0x1f, 0x1f, 0x1f, 0x1f, 0x0f, 
	0x00, 0x00, 0x00, 0x00, 0x00, 0x00, 0x00, 0x00, 0x01, 0x03, 0x07, 0xf3, 0xf8, 0xf8, 0xf8, 0xf8, 
	0xf8, 0xf8, 0xf8, 0xf8, 0xf0, 0x00, 0x00, 0x00, 0x00, 0x00, 0x00, 0x00, 0x00, 0x00, 0x00, 0x00, 
	0x00, 0x00, 0x00, 0x00, 0x00, 0x00, 0x00, 0x00, 0x00, 0x00, 0x00, 0x0f, 0x1f, 0x1f, 0x1f, 0x1f, 
	0x1f, 0x1f, 0x1f, 0x1f, 0x0f, 0x00, 0x00, 0x00, 0x00, 0x00, 0x00, 0x00, 0x00, 0x00, 0x00, 0x00
};
// 'pump-medical', 32x32px
const unsigned char fas_32x32_fa_pump_medical [] PROGMEM = {
	0x00, 0x00, 0x00, 0x00, 0x00, 0x00, 0x00, 0x00, 0x00, 0x00, 0xfe, 0xff, 0xff, 0xff, 0xff, 0xff, 
	0xff, 0xfe, 0x3c, 0x3c, 0x3c, 0x3c, 0x3c, 0x7c, 0xf8, 0xf0, 0xe0, 0xc0, 0x00, 0x00, 0x00, 0x00, 
	0x00, 0x00, 0x00, 0x00, 0x00, 0xe0, 0xf8, 0xfc, 0xfc, 0xfc, 0xfc, 0xfc, 0xfc, 0x7c, 0x7c, 0xfc, 
	0xfc, 0xfc, 0xfc, 0xfc, 0xfc, 0xf8, 0xe0, 0x00, 0x00, 0x01, 0x01, 0x00, 0x00, 0x00, 0x00, 0x00, 
	0x00, 0x00, 0x00, 0x00, 0xe0, 0xff, 0xff, 0xff, 0xff, 0xe7, 0xc3, 0xc3, 0x00, 0x00, 0x00, 0x00, 
	0xc3, 0xc3, 0xe7, 0xff, 0xff, 0xff, 0xff, 0xc0, 0x00, 0x00, 0x00, 0x00, 0x00, 0x00, 0x00, 0x00, 
	0x00, 0x00, 0x00, 0x00, 0x3f, 0x7f, 0xff, 0xff, 0xff, 0xff, 0xff, 0xff, 0xff, 0xfe, 0xfe, 0xff, 
	0xff, 0xff, 0xff, 0xff, 0xff, 0xff, 0x7f, 0x3f, 0x00, 0x00, 0x00, 0x00, 0x00, 0x00, 0x00, 0x00
};
// 'pump-soap', 32x32px
const unsigned char fas_32x32_fa_pump_soap [] PROGMEM = {
	0x00, 0x00, 0x00, 0x00, 0x00, 0x00, 0x00, 0x00, 0x00, 0x00, 0xfe, 0xff, 0xff, 0xff, 0xff, 0xff, 
	0xff, 0xfe, 0x3c, 0x3c, 0x3c, 0x3c, 0x3c, 0x7c, 0xf8, 0xf0, 0xe0, 0xc0, 0x00, 0x00, 0x00, 0x00, 
	0x00, 0x00, 0x00, 0x00, 0x00, 0xe0, 0xf8, 0xfc, 0xfc, 0xfc, 0xfc, 0xfc, 0xfc, 0xfc, 0xfc, 0xfc, 
	0xfc, 0xfc, 0xfc, 0xfc, 0xfc, 0xf8, 0xe0, 0x00, 0x00, 0x01, 0x01, 0x00, 0x00, 0x00, 0x00, 0x00, 
	0x00, 0x00, 0x00, 0x00, 0xe0, 0xff, 0xff, 0xff, 0xff, 0xff, 0x9f, 0x07, 0x03, 0x00, 0x00, 0x03, 
	0x07, 0x9f, 0xff, 0xff, 0xff, 0xff, 0xff, 0xc0, 0x00, 0x00, 0x00, 0x00, 0x00, 0x00, 0x00, 0x00, 
	0x00, 0x00, 0x00, 0x00, 0x3f, 0x7f, 0xff, 0xff, 0xff, 0xff, 0xff, 0xfe, 0xfc, 0xfc, 0xfc, 0xfc, 
	0xfe, 0xff, 0xff, 0xff, 0xff, 0xff, 0x7f, 0x3f, 0x00, 0x00, 0x00, 0x00, 0x00, 0x00, 0x00, 0x00
};
// 'puzzle-piece', 32x32px
const unsigned char fas_32x32_fa_puzzle_piece [] PROGMEM = {
	0x00, 0x00, 0x00, 0x00, 0x00, 0x00, 0x00, 0x00, 0x78, 0xfc, 0xfc, 0xfc, 0xfc, 0xfc, 0x78, 0x00, 
	0x00, 0x00, 0x00, 0x00, 0x00, 0x00, 0x00, 0x00, 0x00, 0x00, 0x00, 0x00, 0x00, 0x00, 0x00, 0x00, 
	0xf8, 0xf8, 0xf0, 0xf0, 0xf0, 0xf0, 0xf0, 0xf0, 0xf8, 0xfd, 0xff, 0xff, 0xff, 0xf8, 0xf8, 0xf0, 
	0xf0, 0xf0, 0xf8, 0xf8, 0xf8, 0xf8, 0xfc, 0x0c, 0x00, 0x00, 0x00, 0x00, 0x00, 0x00, 0x00, 0x00, 
	0xff, 0xff, 0xff, 0xff, 0xff, 0xff, 0xff, 0xff, 0x1f, 0x1f, 0x0f, 0x0f, 0x0f, 0x1f, 0x3f, 0xff, 
	0xff, 0xff, 0xff, 0xff, 0xff, 0xff, 0xff, 0x78, 0x78, 0x78, 0xfc, 0xfc, 0xfc, 0xfc, 0xfc, 0x78, 
	0x3f, 0x3f, 0x3f, 0x3f, 0x3f, 0x3f, 0x3f, 0x3f, 0x3e, 0x18, 0x00, 0x00, 0x00, 0x1c, 0x3f, 0x3f, 
	0x3f, 0x3f, 0x3f, 0x3f, 0x3f, 0x3f, 0x10, 0x00, 0x00, 0x00, 0x00, 0x00, 0x01, 0x01, 0x00, 0x00
};
// 'qrcode', 32x32px
const unsigned char fas_32x32_fa_qrcode [] PROGMEM = {
	0x00, 0x00, 0xfc, 0xfc, 0xfc, 0xfc, 0x3c, 0x3c, 0x3c, 0x3c, 0xfc, 0xfc, 0xfc, 0xfc, 0x00, 0x00, 
	0x00, 0x00, 0xfc, 0xfc, 0xfc, 0xfc, 0x3c, 0x3c, 0x3c, 0x3c, 0xfc, 0xfc, 0xfc, 0xfc, 0x00, 0x00, 
	0x00, 0x00, 0x3f, 0x3f, 0x3f, 0x3f, 0x3c, 0x3c, 0x3c, 0x3c, 0x3f, 0x3f, 0x3f, 0x3f, 0x00, 0x00, 
	0x00, 0x00, 0x3f, 0x3f, 0x3f, 0x3f, 0x3c, 0x3c, 0x3c, 0x3c, 0x3f, 0x3f, 0x3f, 0x3f, 0x00, 0x00, 
	0x00, 0x00, 0xfc, 0xfc, 0xfc, 0xfc, 0x3c, 0x3c, 0x3c, 0x3c, 0xfc, 0xfc, 0xfc, 0xfc, 0x00, 0x00, 
	0x00, 0x00, 0xfc, 0xfc, 0xfc, 0xfc, 0xfc, 0xfc, 0xf0, 0xf0, 0xf0, 0xf0, 0xfc, 0xfc, 0x00, 0x00, 
	0x00, 0x00, 0x3f, 0x3f, 0x3f, 0x3f, 0x3c, 0x3c, 0x3c, 0x3c, 0x3f, 0x3f, 0x3f, 0x3f, 0x00, 0x00, 
	0x00, 0x00, 0x3f, 0x3f, 0x3f, 0x3f, 0x00, 0x00, 0x33, 0x33, 0x03, 0x03, 0x33, 0x33, 0x00, 0x00
};
// 'question', 32x32px
const unsigned char fas_32x32_fa_question [] PROGMEM = {
	0x00, 0x00, 0x00, 0x00, 0x00, 0x00, 0xe0, 0xf0, 0xf8, 0xfc, 0xfe, 0xfe, 0xff, 0x7f, 0x7f, 0x7f, 
	0x7f, 0x7f, 0x7f, 0xff, 0xfe, 0xfe, 0xfc, 0xfc, 0xf8, 0xf0, 0xc0, 0x00, 0x00, 0x00, 0x00, 0x00, 
	0x00, 0x00, 0x00, 0x00, 0x00, 0x00, 0x00, 0x01, 0x03, 0x03, 0x03, 0x01, 0x00, 0x00, 0x80, 0xc0, 
	0xe0, 0xe0, 0xf0, 0xf8, 0xff, 0xff, 0xff, 0xff, 0xff, 0x7f, 0x3f, 0x07, 0x00, 0x00, 0x00, 0x00, 
	0x00, 0x00, 0x00, 0x00, 0x00, 0x00, 0x00, 0x00, 0x00, 0x00, 0x00, 0x00, 0x1e, 0x1f, 0x3f, 0xbf, 
	0xbf, 0x3f, 0x1f, 0x1f, 0x03, 0x03, 0x01, 0x00, 0x00, 0x00, 0x00, 0x00, 0x00, 0x00, 0x00, 0x00, 
	0x00, 0x00, 0x00, 0x00, 0x00, 0x00, 0x00, 0x00, 0x00, 0x00, 0x00, 0x00, 0x3e, 0x7f, 0xff, 0xff, 
	0xff, 0xff, 0x7f, 0x3e, 0x00, 0x00, 0x00, 0x00, 0x00, 0x00, 0x00, 0x00, 0x00, 0x00, 0x00, 0x00
};
// 'question-circle', 32x32px
const unsigned char fas_32x32_fa_question_circle [] PROGMEM = {
	0x00, 0x00, 0x00, 0x80, 0xc0, 0xe0, 0xf0, 0xf8, 0xfc, 0xfc, 0xfe, 0x7e, 0x7e, 0x3e, 0x3f, 0x3f, 
	0x3f, 0x3f, 0x3e, 0x3e, 0x7e, 0xfe, 0xfc, 0xfc, 0xf8, 0xf0, 0xe0, 0xc0, 0x80, 0x00, 0x00, 0x00, 
	0xc0, 0xfc, 0xff, 0xff, 0xff, 0xff, 0xff, 0xff, 0xff, 0xf9, 0xf8, 0xf0, 0xf0, 0xf8, 0xfc, 0x7c, 
	0x3c, 0x3c, 0x18, 0x00, 0x00, 0x00, 0x81, 0xe7, 0xff, 0xff, 0xff, 0xff, 0xff, 0xff, 0xfc, 0xc0, 
	0x03, 0x3f, 0xff, 0xff, 0xff, 0xff, 0xff, 0xff, 0xff, 0xff, 0xff, 0xff, 0xff, 0x7f, 0x38, 0x18, 
	0x18, 0x38, 0x78, 0xfe, 0xfe, 0xff, 0xff, 0xff, 0xff, 0xff, 0xff, 0xff, 0xff, 0xff, 0x3f, 0x03, 
	0x00, 0x00, 0x00, 0x01, 0x03, 0x07, 0x0f, 0x1f, 0x3f, 0x3f, 0x7f, 0x7f, 0x7f, 0x7e, 0xfc, 0xf8, 
	0xf8, 0xfc, 0x7e, 0x7f, 0x7f, 0x7f, 0x3f, 0x3f, 0x1f, 0x0f, 0x07, 0x03, 0x01, 0x00, 0x00, 0x00
};
// 'quidditch', 32x32px
const unsigned char fas_32x32_fa_quidditch [] PROGMEM = {
	0x00, 0x00, 0x00, 0x00, 0x00, 0x00, 0x00, 0x00, 0x00, 0x00, 0x00, 0x00, 0x00, 0x00, 0x00, 0x00, 
	0x00, 0x00, 0x00, 0x00, 0x00, 0x00, 0x00, 0x00, 0x80, 0xc0, 0xc0, 0xe0, 0xf0, 0x78, 0x78, 0x30, 
	0x00, 0x00, 0x00, 0x00, 0x00, 0x80, 0x80, 0x80, 0xc0, 0xc0, 0xc0, 0xc0, 0xc0, 0x80, 0x10, 0x7c, 
	0xfc, 0xf8, 0xf0, 0xf8, 0xfc, 0x3c, 0x1e, 0x0f, 0x07, 0x07, 0x03, 0x01, 0x00, 0x00, 0x00, 0x00, 
	0x00, 0x00, 0x18, 0xce, 0xef, 0xff, 0xff, 0xff, 0xff, 0xff, 0xff, 0xff, 0xff, 0xff, 0xff, 0xfe, 
	0x38, 0x01, 0x03, 0x03, 0x03, 0x82, 0xc0, 0xe0, 0xe0, 0xe0, 0xe0, 0xc0, 0x00, 0x00, 0x00, 0x00, 
	0x1c, 0x1e, 0x1f, 0x1f, 0x1f, 0x1f, 0x1f, 0x1f, 0x1f, 0x1f, 0x0f, 0x0f, 0x0f, 0x07, 0x03, 0x00, 
	0x00, 0x00, 0x00, 0x00, 0x00, 0x07, 0x0f, 0x1f, 0x1f, 0x1f, 0x1f, 0x0f, 0x03, 0x00, 0x00, 0x00
};
// 'quote-left', 32x32px
const unsigned char fas_32x32_fa_quote_left [] PROGMEM = {
	0x00, 0x80, 0xe0, 0xf0, 0xf0, 0xf8, 0xf8, 0xfc, 0xfc, 0xfc, 0xfc, 0xfc, 0x00, 0x00, 0x00, 0x00, 
	0x00, 0x00, 0x00, 0x80, 0xe0, 0xf0, 0xf0, 0xf8, 0xf8, 0xfc, 0xfc, 0xfc, 0xfc, 0xfc, 0x00, 0x00, 
	0xfe, 0xff, 0xff, 0xff, 0xff, 0xff, 0x03, 0x01, 0x00, 0x00, 0x00, 0x00, 0x00, 0x00, 0x00, 0x00, 
	0x00, 0x00, 0xfe, 0xff, 0xff, 0xff, 0xff, 0xff, 0x03, 0x01, 0x00, 0x00, 0x00, 0x00, 0x00, 0x00, 
	0xff, 0xff, 0xff, 0xff, 0xff, 0xff, 0xff, 0xff, 0xff, 0xff, 0xff, 0xff, 0xff, 0xfe, 0x00, 0x00, 
	0x00, 0x00, 0xff, 0xff, 0xff, 0xff, 0xff, 0xff, 0xff, 0xff, 0xff, 0xff, 0xff, 0xff, 0xff, 0xfe, 
	0x1f, 0x3f, 0x3f, 0x3f, 0x3f, 0x3f, 0x3f, 0x3f, 0x3f, 0x3f, 0x3f, 0x3f, 0x3f, 0x1f, 0x00, 0x00, 
	0x00, 0x00, 0x1f, 0x3f, 0x3f, 0x3f, 0x3f, 0x3f, 0x3f, 0x3f, 0x3f, 0x3f, 0x3f, 0x3f, 0x3f, 0x1f
};
// 'quote-right', 32x32px
const unsigned char fas_32x32_fa_quote_right [] PROGMEM = {
	0xf8, 0xfc, 0xfc, 0xfc, 0xfc, 0xfc, 0xfc, 0xfc, 0xfc, 0xfc, 0xfc, 0xfc, 0xfc, 0xf8, 0x00, 0x00, 
	0x00, 0x00, 0xf8, 0xfc, 0xfc, 0xfc, 0xfc, 0xfc, 0xfc, 0xfc, 0xfc, 0xfc, 0xfc, 0xfc, 0xfc, 0xf8, 
	0x7f, 0xff, 0xff, 0xff, 0xff, 0xff, 0xff, 0xff, 0xff, 0xff, 0xff, 0xff, 0xff, 0xff, 0x00, 0x00, 
	0x00, 0x00, 0x7f, 0xff, 0xff, 0xff, 0xff, 0xff, 0xff, 0xff, 0xff, 0xff, 0xff, 0xff, 0xff, 0xff, 
	0x00, 0x00, 0x00, 0x00, 0x00, 0x00, 0x80, 0xc0, 0xff, 0xff, 0xff, 0xff, 0xff, 0x7f, 0x00, 0x00, 
	0x00, 0x00, 0x00, 0x00, 0x00, 0x00, 0x00, 0x00, 0x80, 0xc0, 0xff, 0xff, 0xff, 0xff, 0xff, 0x7f, 
	0x00, 0x00, 0x3f, 0x3f, 0x3f, 0x3f, 0x3f, 0x1f, 0x1f, 0x0f, 0x0f, 0x07, 0x01, 0x00, 0x00, 0x00, 
	0x00, 0x00, 0x00, 0x00, 0x3f, 0x3f, 0x3f, 0x3f, 0x3f, 0x1f, 0x1f, 0x0f, 0x0f, 0x07, 0x01, 0x00
};
// 'quran', 32x32px
const unsigned char fas_32x32_fa_quran [] PROGMEM = {
	0x00, 0x00, 0xf8, 0xfc, 0xfe, 0xff, 0xff, 0xff, 0xff, 0xff, 0xff, 0xff, 0x7f, 0x3f, 0x1f, 0x9f, 
	0x9f, 0xdf, 0xdf, 0xdf, 0xff, 0xff, 0xff, 0xff, 0xff, 0xff, 0xff, 0xff, 0xff, 0xff, 0x00, 0x00, 
	0x00, 0x00, 0xff, 0xff, 0xff, 0xff, 0xff, 0xff, 0xff, 0xff, 0xc3, 0x00, 0x00, 0x18, 0xff, 0xff, 
	0xff, 0xff, 0xff, 0xf7, 0xe3, 0xe3, 0xf7, 0xff, 0xff, 0xff, 0xff, 0xff, 0xff, 0xff, 0x00, 0x00, 
	0x00, 0x00, 0xff, 0xff, 0xff, 0xff, 0xff, 0xff, 0xff, 0xff, 0xff, 0xff, 0xfe, 0xfc, 0xf8, 0xf9, 
	0xf9, 0xfb, 0xfb, 0xfb, 0xff, 0xff, 0xff, 0xff, 0xff, 0xff, 0xff, 0xff, 0xff, 0xff, 0x00, 0x00, 
	0x00, 0x00, 0x1f, 0x3f, 0x7f, 0xff, 0xf9, 0xf0, 0xf0, 0xf0, 0xf0, 0xf0, 0xf0, 0xf0, 0xf0, 0xf0, 
	0xf0, 0xf0, 0xf0, 0xf0, 0xf0, 0xf0, 0xf0, 0xf0, 0xf0, 0xf0, 0xff, 0xff, 0xff, 0xf0, 0x00, 0x00
};
// 'radiation', 32x32px
const unsigned char fas_32x32_fa_radiation [] PROGMEM = {
	0x00, 0x00, 0x00, 0x80, 0xc0, 0xe0, 0xf0, 0xf8, 0xf8, 0xe0, 0xc0, 0x00, 0x00, 0x00, 0x00, 0x00, 
	0x00, 0x00, 0x00, 0x00, 0x00, 0x00, 0xc0, 0xe0, 0xf8, 0xf8, 0xf0, 0xe0, 0xc0, 0x80, 0x00, 0x00, 
	0x00, 0xf0, 0xfe, 0xff, 0xff, 0xff, 0xff, 0xff, 0xff, 0xff, 0xff, 0x7f, 0x1c, 0x08, 0xc0, 0xe0, 
	0xe0, 0xe0, 0xc0, 0x08, 0x1c, 0x7f, 0xff, 0xff, 0xff, 0xff, 0xff, 0xff, 0xff, 0xff, 0xfe, 0xf0, 
	0x00, 0x00, 0x00, 0x00, 0x00, 0x00, 0x00, 0x00, 0x00, 0x00, 0x00, 0x00, 0xc0, 0xe0, 0xf3, 0xe7, 
	0xe7, 0xe7, 0xf3, 0xe0, 0xc0, 0x00, 0x00, 0x00, 0x00, 0x00, 0x00, 0x00, 0x00, 0x00, 0x00, 0x00, 
	0x00, 0x00, 0x00, 0x00, 0x00, 0x00, 0x00, 0x00, 0x00, 0x38, 0x3e, 0x7f, 0x7f, 0x7f, 0x7f, 0xff, 
	0xff, 0xff, 0x7f, 0x7f, 0x7f, 0x7f, 0x3e, 0x38, 0x00, 0x00, 0x00, 0x00, 0x00, 0x00, 0x00, 0x00
};
// 'radiation-alt', 32x32px
const unsigned char fas_32x32_fa_radiation_alt [] PROGMEM = {
	0x00, 0x00, 0x00, 0x80, 0xc0, 0xe0, 0xf0, 0xf8, 0xf8, 0x7c, 0x3c, 0x3e, 0x1e, 0x1e, 0x1e, 0x1f, 
	0x1f, 0x1f, 0x1e, 0x1e, 0x1e, 0x3e, 0x3c, 0x7c, 0xf8, 0xf8, 0xf0, 0xe0, 0xc0, 0x80, 0x00, 0x00, 
	0x00, 0xf0, 0xfe, 0xff, 0xff, 0x1f, 0x03, 0xf1, 0xfc, 0xfe, 0xff, 0xff, 0xfc, 0x18, 0x00, 0xc0, 
	0xc0, 0xc0, 0x00, 0x18, 0xfc, 0xff, 0xff, 0xfe, 0xfc, 0xf1, 0x03, 0x1f, 0xff, 0xff, 0xfe, 0xf0, 
	0x00, 0x0f, 0x7f, 0xff, 0xff, 0xf8, 0xc0, 0x80, 0x00, 0x00, 0x00, 0x00, 0xc0, 0xe0, 0xf0, 0xf3, 
	0xf3, 0xf3, 0xf0, 0xe0, 0xc0, 0x00, 0x00, 0x00, 0x00, 0x80, 0xc0, 0xf8, 0xff, 0xff, 0x7f, 0x0f, 
	0x00, 0x00, 0x00, 0x01, 0x03, 0x07, 0x0f, 0x1f, 0x1f, 0x3e, 0x3c, 0x7c, 0x79, 0x7b, 0x7b, 0xfb, 
	0xfb, 0xfb, 0x7b, 0x7b, 0x79, 0x7c, 0x3c, 0x3e, 0x1f, 0x1f, 0x0f, 0x07, 0x03, 0x01, 0x00, 0x00
};
// 'rainbow', 32x32px
const unsigned char fas_32x32_fa_rainbow [] PROGMEM = {
	0x00, 0x00, 0x00, 0x00, 0x00, 0x00, 0x80, 0xc0, 0xc0, 0xe0, 0xe0, 0xf0, 0xf0, 0xf0, 0x70, 0x70, 
	0x70, 0x70, 0xf0, 0xf0, 0xf0, 0xe0, 0xe0, 0xc0, 0xc0, 0x80, 0x00, 0x00, 0x00, 0x00, 0x00, 0x00, 
	0x00, 0xe0, 0xf8, 0xfc, 0x7e, 0x1f, 0x8f, 0xe7, 0xf3, 0xf9, 0x7d, 0x3c, 0x1c, 0x9e, 0xde, 0xde, 
	0xde, 0xde, 0x9e, 0x1c, 0x3c, 0x7d, 0xf9, 0xf3, 0xe7, 0x8f, 0x1f, 0x7e, 0xfc, 0xf8, 0xe0, 0x80, 
	0xff, 0xff, 0xff, 0xff, 0x00, 0xfc, 0xff, 0xff, 0xff, 0x01, 0x00, 0xfe, 0xff, 0xff, 0x07, 0x03, 
	0x03, 0x07, 0xff, 0xff, 0xfe, 0x00, 0x01, 0xff, 0xff, 0xff, 0xfc, 0x00, 0xff, 0xff, 0xff, 0xff, 
	0x0f, 0x0f, 0x0f, 0x07, 0x00, 0x0f, 0x0f, 0x0f, 0x0f, 0x00, 0x00, 0x0f, 0x0f, 0x0f, 0x00, 0x00, 
	0x00, 0x00, 0x0f, 0x0f, 0x0f, 0x00, 0x00, 0x0f, 0x0f, 0x0f, 0x0f, 0x00, 0x07, 0x0f, 0x0f, 0x0f
};
// 'random', 32x32px
const unsigned char fas_32x32_fa_random [] PROGMEM = {
	0xc0, 0xc0, 0xc0, 0xc0, 0xc0, 0xc0, 0xc0, 0xc0, 0xc0, 0x00, 0x00, 0x00, 0x00, 0x00, 0x00, 0x00, 
	0x00, 0x00, 0x00, 0xc0, 0xc0, 0xc0, 0xc0, 0xc0, 0xfc, 0xfc, 0xfc, 0xf8, 0xf0, 0xe0, 0xc0, 0x80, 
	0x07, 0x07, 0x07, 0x07, 0x07, 0x07, 0x0f, 0x1f, 0x3f, 0x3f, 0x1e, 0x8c, 0xc0, 0xe0, 0xf0, 0xf8, 
	0xfc, 0xfe, 0x7f, 0x3f, 0x1f, 0x0f, 0x07, 0x07, 0x7f, 0x7f, 0x7f, 0x3f, 0x1f, 0x0f, 0x07, 0x03, 
	0xe0, 0xe0, 0xe0, 0xe0, 0xe0, 0xe0, 0xf0, 0xf8, 0xfc, 0xfe, 0x7f, 0x3f, 0x1f, 0x0f, 0x07, 0x03, 
	0x31, 0x78, 0xfc, 0xfc, 0xf8, 0xf0, 0xe0, 0xe0, 0xfe, 0xfe, 0xfe, 0xfc, 0xf8, 0xf0, 0xe0, 0xc0, 
	0x03, 0x03, 0x03, 0x03, 0x03, 0x03, 0x03, 0x03, 0x03, 0x00, 0x00, 0x00, 0x00, 0x00, 0x00, 0x00, 
	0x00, 0x00, 0x00, 0x03, 0x03, 0x03, 0x03, 0x03, 0x3f, 0x3f, 0x3f, 0x1f, 0x0f, 0x07, 0x03, 0x01
};
// 'receipt', 32x32px
const unsigned char fas_32x32_fa_receipt [] PROGMEM = {
	0x00, 0x00, 0x00, 0x00, 0xff, 0xff, 0xfe, 0xfc, 0xf8, 0xfc, 0xfe, 0xff, 0xff, 0xfe, 0xfc, 0xf8, 
	0xf8, 0xfc, 0xfe, 0xff, 0xff, 0xfe, 0xfc, 0xf8, 0xfc, 0xfe, 0xff, 0xff, 0x00, 0x00, 0x00, 0x00, 
	0x00, 0x00, 0x00, 0x00, 0xff, 0xff, 0xff, 0xff, 0x79, 0x79, 0x79, 0x79, 0x79, 0x79, 0x79, 0x79, 
	0x79, 0x79, 0x79, 0x79, 0x79, 0x79, 0x79, 0x79, 0xff, 0xff, 0xff, 0xff, 0x00, 0x00, 0x00, 0x00, 
	0x00, 0x00, 0x00, 0x00, 0xff, 0xff, 0xff, 0xff, 0x9e, 0x9e, 0x9e, 0x9e, 0x9e, 0x9e, 0x9e, 0x9e, 
	0x9e, 0x9e, 0x9e, 0x9e, 0x9e, 0x9e, 0x9e, 0x9e, 0xff, 0xff, 0xff, 0xff, 0x00, 0x00, 0x00, 0x00, 
	0x00, 0x00, 0x00, 0x00, 0xff, 0xff, 0x7f, 0x3f, 0x1f, 0x3f, 0x7f, 0xff, 0xff, 0x7f, 0x3f, 0x1f, 
	0x1f, 0x3f, 0x7f, 0xff, 0xff, 0x7f, 0x3f, 0x1f, 0x3f, 0x7f, 0xff, 0xff, 0x00, 0x00, 0x00, 0x00
};
// 'record-vinyl', 32x32px
const unsigned char fas_32x32_fa_record_vinyl [] PROGMEM = {
	0x00, 0x00, 0x00, 0x80, 0xc0, 0xe0, 0xf0, 0xf8, 0xfc, 0xfc, 0xfe, 0xfe, 0xfe, 0xfe, 0xff, 0xff, 
	0xff, 0xff, 0xfe, 0xfe, 0xfe, 0xfe, 0xfc, 0xfc, 0xf8, 0xf0, 0xe0, 0xc0, 0x80, 0x00, 0x00, 0x00, 
	0xc0, 0xfc, 0xff, 0xff, 0xff, 0xff, 0xff, 0xff, 0x1f, 0x07, 0xf3, 0xf9, 0xfd, 0xfc, 0xfc, 0x7c, 
	0x7c, 0xfc, 0xfc, 0xfd, 0xf9, 0xf3, 0x07, 0x1f, 0xff, 0xff, 0xff, 0xff, 0xff, 0xff, 0xfc, 0xc0, 
	0x03, 0x3f, 0xff, 0xff, 0xff, 0xff, 0xff, 0xff, 0xf8, 0xe0, 0xcf, 0x9f, 0xbf, 0x3f, 0x3f, 0x3e, 
	0x3e, 0x3f, 0x3f, 0xbf, 0x9f, 0xcf, 0xe0, 0xf8, 0xff, 0xff, 0xff, 0xff, 0xff, 0xff, 0x3f, 0x03, 
	0x00, 0x00, 0x00, 0x01, 0x03, 0x07, 0x0f, 0x1f, 0x3f, 0x3f, 0x7f, 0x7f, 0x7f, 0x7f, 0xff, 0xff, 
	0xff, 0xff, 0x7f, 0x7f, 0x7f, 0x7f, 0x3f, 0x3f, 0x1f, 0x0f, 0x07, 0x03, 0x01, 0x00, 0x00, 0x00
};
// 'recycle', 32x32px
const unsigned char fas_32x32_fa_recycle [] PROGMEM = {
	0x00, 0x00, 0x00, 0x00, 0x00, 0x00, 0x00, 0x00, 0x00, 0x00, 0x38, 0x7c, 0x7e, 0x3f, 0x1f, 0x0f, 
	0x0f, 0x1f, 0x3f, 0xfe, 0xfc, 0xf8, 0xe0, 0xc0, 0xc0, 0xc0, 0xe0, 0xc0, 0x00, 0x00, 0x00, 0x00, 
	0x00, 0x08, 0x1c, 0x9c, 0xfc, 0xfe, 0xfe, 0xfe, 0xfe, 0xfe, 0xf0, 0x00, 0x00, 0x00, 0x00, 0x00, 
	0x00, 0x08, 0x1c, 0x1e, 0x1f, 0x1f, 0x3f, 0x3f, 0x3f, 0x3f, 0x0f, 0x00, 0x00, 0x00, 0x00, 0x00, 
	0xf8, 0xfc, 0xff, 0xff, 0x9f, 0x07, 0x03, 0x00, 0x01, 0x01, 0x03, 0x01, 0x00, 0x00, 0x00, 0x80, 
	0xc0, 0xe0, 0xf0, 0xf0, 0x00, 0x00, 0x00, 0x00, 0x00, 0x00, 0x06, 0x9f, 0xff, 0xff, 0xfc, 0xf8, 
	0x01, 0x03, 0x07, 0x07, 0x0f, 0x0f, 0x0f, 0x0f, 0x0f, 0x0f, 0x00, 0x00, 0x00, 0x06, 0x0f, 0x1f, 
	0x3f, 0x7f, 0xff, 0xff, 0x0f, 0x0f, 0x0f, 0x0f, 0x0f, 0x0f, 0x0f, 0x0f, 0x07, 0x07, 0x03, 0x01
};
// 'redo', 32x32px
const unsigned char fas_32x32_fa_redo [] PROGMEM = {
	0x00, 0x00, 0x00, 0x80, 0xc0, 0xe0, 0xf0, 0xf8, 0xfc, 0x7c, 0x7e, 0x3e, 0x3e, 0x1e, 0x1f, 0x1f, 
	0x1f, 0x1f, 0x1e, 0x3e, 0x3e, 0x7e, 0x7c, 0xfc, 0xf8, 0xf0, 0xe0, 0xe0, 0xff, 0xff, 0xff, 0xff, 
	0xc0, 0xfc, 0xff, 0xff, 0xff, 0x1f, 0x07, 0x01, 0x00, 0x00, 0x00, 0x00, 0x00, 0x00, 0x00, 0x00, 
	0x00, 0x00, 0x3c, 0x3c, 0x3c, 0x3c, 0x3c, 0x3c, 0x3f, 0x3f, 0x3f, 0x3f, 0x3f, 0x3f, 0x3f, 0x3f, 
	0x03, 0x3f, 0xff, 0xff, 0xff, 0xf8, 0xe0, 0x80, 0x00, 0x00, 0x00, 0x00, 0x00, 0x00, 0x00, 0x00, 
	0x00, 0x00, 0x00, 0x00, 0x00, 0x00, 0x00, 0x00, 0x00, 0x00, 0x00, 0x00, 0x00, 0x00, 0x00, 0x00, 
	0x00, 0x00, 0x00, 0x01, 0x03, 0x07, 0x0f, 0x1f, 0x3f, 0x3e, 0x7e, 0x7c, 0x7c, 0x78, 0xf8, 0xf8, 
	0xf8, 0xf8, 0x78, 0x7c, 0x7c, 0x7e, 0x3e, 0x3f, 0x1f, 0x0e, 0x00, 0x00, 0x00, 0x00, 0x00, 0x00
};
// 'redo-alt', 32x32px
const unsigned char fas_32x32_fa_redo_alt [] PROGMEM = {
	0x00, 0x00, 0x00, 0x80, 0xc0, 0xe0, 0xf0, 0xf8, 0xfc, 0xfc, 0x7e, 0x7e, 0x3e, 0x3e, 0x3f, 0x3f, 
	0x3f, 0x3f, 0x3e, 0x3e, 0x7e, 0x7e, 0xfc, 0xfc, 0xf8, 0xf0, 0xf0, 0xf0, 0xf8, 0xfc, 0xfc, 0xf8, 
	0xc0, 0xfc, 0xff, 0xff, 0xff, 0xff, 0x0f, 0x03, 0x01, 0x00, 0x00, 0x00, 0x00, 0x00, 0x00, 0x00, 
	0x00, 0x00, 0x00, 0x00, 0x18, 0x1c, 0x3e, 0x3f, 0x3f, 0x3f, 0x3f, 0x3f, 0x3f, 0x3f, 0x1f, 0x0f, 
	0x03, 0x3f, 0xff, 0xff, 0xff, 0xff, 0xf0, 0xc0, 0x80, 0x00, 0x00, 0x00, 0x00, 0x00, 0x00, 0x00, 
	0x00, 0x00, 0x00, 0x00, 0x00, 0x00, 0x00, 0x00, 0x00, 0x00, 0x00, 0x00, 0x00, 0x00, 0x00, 0x00, 
	0x00, 0x00, 0x00, 0x01, 0x03, 0x07, 0x0f, 0x1f, 0x3f, 0x3f, 0x7e, 0x7e, 0x7c, 0x7c, 0xfc, 0xfc, 
	0xfc, 0xfc, 0x7c, 0x7c, 0x7e, 0x7e, 0x3f, 0x3f, 0x1f, 0x0e, 0x00, 0x00, 0x00, 0x00, 0x00, 0x00
};
// 'registered', 32x32px
const unsigned char fas_32x32_fa_registered [] PROGMEM = {
	0x00, 0x00, 0x00, 0x80, 0xc0, 0xe0, 0xf0, 0xf8, 0xfc, 0xfc, 0xfe, 0x7e, 0x7e, 0x7e, 0x7f, 0x7f, 
	0x7f, 0x7f, 0xfe, 0xfe, 0xfe, 0xfe, 0xfc, 0xfc, 0xf8, 0xf0, 0xe0, 0xc0, 0x80, 0x00, 0x00, 0x00, 
	0xc0, 0xfc, 0xff, 0xff, 0xff, 0xff, 0xff, 0xff, 0xff, 0xff, 0x00, 0x00, 0x00, 0x00, 0x78, 0x78, 
	0x78, 0x30, 0x00, 0x00, 0x01, 0x03, 0xff, 0xff, 0xff, 0xff, 0xff, 0xff, 0xff, 0xff, 0xfc, 0xc0, 
	0x03, 0x3f, 0xff, 0xff, 0xff, 0xff, 0xff, 0xff, 0xff, 0xff, 0x00, 0x00, 0x00, 0x00, 0xf8, 0xf8, 
	0xf0, 0xc0, 0x00, 0x00, 0x06, 0x0f, 0x3f, 0xff, 0xff, 0xff, 0xff, 0xff, 0xff, 0xff, 0x3f, 0x03, 
	0x00, 0x00, 0x00, 0x01, 0x03, 0x07, 0x0f, 0x1f, 0x3f, 0x3f, 0x7f, 0x7e, 0x7e, 0x7f, 0xff, 0xff, 
	0xff, 0xff, 0x7f, 0x7e, 0x7e, 0x7e, 0x3f, 0x3f, 0x1f, 0x0f, 0x07, 0x03, 0x01, 0x00, 0x00, 0x00
};
// 'remove-format', 32x32px
const unsigned char fas_32x32_fa_remove_format [] PROGMEM = {
	0x30, 0x78, 0xf8, 0xf0, 0xe0, 0xc0, 0xc0, 0x80, 0xe0, 0xe0, 0xe0, 0xe0, 0xe0, 0xe0, 0xe0, 0xe0, 
	0xe0, 0xe0, 0xe0, 0xe0, 0xe0, 0xe0, 0xe0, 0xe0, 0xe0, 0xe0, 0xe0, 0xe0, 0xe0, 0xe0, 0x00, 0x00, 
	0x00, 0x00, 0x00, 0x00, 0x01, 0x03, 0x07, 0x07, 0x0f, 0x1f, 0x3f, 0x7d, 0x79, 0xf1, 0xe1, 0xe1, 
	0xfd, 0xff, 0xff, 0x3f, 0x07, 0x01, 0x01, 0x01, 0x01, 0x01, 0x01, 0x07, 0x07, 0x07, 0x00, 0x00, 
	0x00, 0x00, 0x00, 0x00, 0x00, 0x00, 0x00, 0x00, 0x00, 0x00, 0x00, 0x00, 0x80, 0xf0, 0xe1, 0xc3, 
	0x83, 0x07, 0x0f, 0x1e, 0x3e, 0x3c, 0x78, 0xf0, 0xe0, 0xe0, 0xc0, 0x80, 0x00, 0x00, 0x00, 0x00, 
	0x00, 0x00, 0x00, 0x00, 0x00, 0x00, 0x00, 0x00, 0x00, 0x00, 0x07, 0x07, 0x07, 0x07, 0x07, 0x07, 
	0x07, 0x06, 0x00, 0x00, 0x00, 0x00, 0x00, 0x00, 0x01, 0x03, 0x03, 0x07, 0x0f, 0x1f, 0x1e, 0x0c
};
// 'reply', 32x32px
const unsigned char fas_32x32_fa_reply [] PROGMEM = {
	0x00, 0x00, 0x00, 0x00, 0x00, 0x00, 0x80, 0xc0, 0xe0, 0xf0, 0xf8, 0xfc, 0xfc, 0xfc, 0x00, 0x00, 
	0x00, 0x00, 0x00, 0x00, 0x00, 0x00, 0x00, 0x00, 0x00, 0x00, 0x00, 0x00, 0x00, 0x00, 0x00, 0x00, 
	0x30, 0x78, 0xfc, 0xfe, 0xff, 0xff, 0xff, 0xff, 0xff, 0xff, 0xff, 0xff, 0xff, 0xff, 0xff, 0xfe, 
	0xfe, 0xfe, 0xfe, 0xfe, 0xfe, 0xfe, 0xfe, 0xfc, 0xfc, 0xfc, 0xf8, 0xf8, 0xf0, 0xe0, 0xc0, 0x00, 
	0x00, 0x00, 0x00, 0x01, 0x03, 0x03, 0x07, 0x0f, 0x1f, 0x3f, 0x7f, 0xff, 0xff, 0xff, 0x01, 0x01, 
	0x01, 0x01, 0x01, 0x03, 0x03, 0x03, 0x03, 0x07, 0x0f, 0x3f, 0xff, 0xff, 0xff, 0xff, 0xff, 0xff, 
	0x00, 0x00, 0x00, 0x00, 0x00, 0x00, 0x00, 0x00, 0x00, 0x00, 0x00, 0x00, 0x00, 0x00, 0x00, 0x00, 
	0x00, 0x00, 0x00, 0x00, 0x00, 0x00, 0x00, 0x00, 0x00, 0x38, 0x3f, 0x1f, 0x0f, 0x07, 0x03, 0x00
};
// 'reply-all', 32x32px
const unsigned char fas_32x32_fa_reply_all [] PROGMEM = {
	0x00, 0x00, 0x00, 0x00, 0x00, 0x00, 0x80, 0xc0, 0xe0, 0xe0, 0xf0, 0x70, 0x00, 0x80, 0xc0, 0xc0, 
	0xe0, 0xf0, 0xf0, 0xe0, 0x00, 0x00, 0x00, 0x00, 0x00, 0x00, 0x00, 0x00, 0x00, 0x00, 0x00, 0x00, 
	0x70, 0x78, 0xf8, 0xfc, 0xfe, 0xdf, 0x07, 0x33, 0x71, 0xf8, 0xfc, 0xfe, 0xff, 0xff, 0xff, 0xff, 
	0xff, 0xff, 0xff, 0xff, 0xfc, 0xfc, 0xfc, 0xfc, 0xfc, 0xf8, 0xf8, 0xf8, 0xf0, 0xe0, 0xc0, 0x00, 
	0x00, 0x00, 0x00, 0x01, 0x03, 0x07, 0x0f, 0x0e, 0x1e, 0x3c, 0x79, 0x73, 0x07, 0x07, 0x0f, 0x1f, 
	0x3f, 0x7f, 0x7f, 0x3f, 0x01, 0x01, 0x03, 0x03, 0x07, 0x0f, 0x3f, 0xff, 0xff, 0xff, 0xff, 0x7f, 
	0x00, 0x00, 0x00, 0x00, 0x00, 0x00, 0x00, 0x00, 0x00, 0x00, 0x00, 0x00, 0x00, 0x00, 0x00, 0x00, 
	0x00, 0x00, 0x00, 0x00, 0x00, 0x00, 0x00, 0x00, 0x00, 0x00, 0x0f, 0x0f, 0x07, 0x03, 0x01, 0x00
};
// 'republican', 32x32px
const unsigned char fas_32x32_fa_republican [] PROGMEM = {
	0x00, 0x00, 0x80, 0xc0, 0xe0, 0xe0, 0xe0, 0xe0, 0xe0, 0xe0, 0xe0, 0xe0, 0xe0, 0xe0, 0xe0, 0xe0, 
	0xe0, 0xe0, 0xe0, 0xe0, 0xe0, 0xe0, 0xe0, 0xc0, 0x80, 0x00, 0x00, 0x00, 0x00, 0x00, 0x00, 0x00, 
	0xfc, 0xff, 0xff, 0xff, 0xf7, 0xc7, 0xc3, 0xc7, 0xf7, 0xff, 0xff, 0xf7, 0xc7, 0xc3, 0xc7, 0xf7, 
	0xff, 0xff, 0xff, 0xc7, 0xc3, 0xc7, 0xf7, 0xff, 0xff, 0xff, 0xfe, 0x00, 0x00, 0x00, 0x00, 0x00, 
	0xfc, 0xfc, 0xfc, 0xfc, 0xfc, 0xfc, 0x7c, 0x3c, 0x7c, 0x7c, 0x7c, 0x7c, 0x7c, 0x7c, 0x7c, 0x7c, 
	0xfc, 0xfc, 0xfc, 0xfc, 0xfc, 0xfc, 0x1c, 0x1c, 0xfc, 0xfc, 0xfc, 0x00, 0x00, 0xf8, 0xf8, 0xf8, 
	0x07, 0x07, 0x07, 0x07, 0x07, 0x07, 0x00, 0x00, 0x00, 0x00, 0x00, 0x00, 0x00, 0x00, 0x00, 0x00, 
	0x07, 0x07, 0x07, 0x07, 0x07, 0x07, 0x00, 0x00, 0x01, 0x03, 0x07, 0x07, 0x07, 0x07, 0x03, 0x01
};
// 'restroom', 32x32px
const unsigned char fas_32x32_fa_restroom [] PROGMEM = {
	0x00, 0x00, 0x00, 0xe0, 0xf0, 0xf8, 0xf8, 0xf8, 0xf0, 0x60, 0x00, 0x00, 0x00, 0x00, 0xf8, 0xf8, 
	0xf8, 0xf8, 0x00, 0x00, 0x00, 0x00, 0x60, 0xf0, 0xf8, 0xf8, 0xf8, 0xf0, 0xe0, 0x00, 0x00, 0x00, 
	0x00, 0x00, 0xf8, 0xfc, 0xf9, 0xf9, 0xf9, 0xf9, 0xf9, 0xfc, 0xf8, 0x00, 0x00, 0x00, 0xff, 0xff, 
	0xff, 0xff, 0x00, 0x00, 0x00, 0xf0, 0xfc, 0xf9, 0xf9, 0xf9, 0xf9, 0xf9, 0xfc, 0xf8, 0x80, 0x00, 
	0x00, 0x00, 0x1f, 0xff, 0xff, 0xff, 0xff, 0xff, 0xff, 0xff, 0x1f, 0x00, 0x00, 0x00, 0xff, 0xff, 
	0xff, 0xff, 0x00, 0x30, 0x3f, 0x7f, 0x7f, 0xff, 0xff, 0xff, 0xff, 0xff, 0x7f, 0x7f, 0x7f, 0x38, 
	0x00, 0x00, 0x00, 0x1f, 0x1f, 0x1f, 0x1f, 0x1f, 0x1f, 0x0f, 0x00, 0x00, 0x00, 0x00, 0x1f, 0x1f, 
	0x1f, 0x1f, 0x00, 0x00, 0x00, 0x00, 0x00, 0x1f, 0x1f, 0x1f, 0x1f, 0x1f, 0x00, 0x00, 0x00, 0x00
};
// 'retweet', 32x32px
const unsigned char fas_32x32_fa_retweet [] PROGMEM = {
	0x00, 0x00, 0x00, 0x00, 0x80, 0xc0, 0xc0, 0x80, 0x00, 0x00, 0x00, 0x00, 0x00, 0x00, 0x00, 0x00, 
	0x00, 0x00, 0x00, 0x00, 0x00, 0x00, 0x00, 0x00, 0x00, 0x00, 0x00, 0x00, 0x00, 0x00, 0x00, 0x00, 
	0x18, 0x3c, 0x3e, 0x1f, 0x0f, 0xff, 0xff, 0xff, 0x0f, 0x1e, 0x3c, 0x38, 0x10, 0x07, 0x07, 0x07, 
	0x07, 0x07, 0x07, 0x07, 0x07, 0x07, 0x07, 0x07, 0xff, 0xff, 0xff, 0x00, 0x00, 0x00, 0x00, 0x00, 
	0x00, 0x00, 0x00, 0x00, 0x00, 0xff, 0xff, 0xff, 0xe0, 0xe0, 0xe0, 0xe0, 0xe0, 0xe0, 0xe0, 0xe0, 
	0xe0, 0xe0, 0xe0, 0x08, 0x1c, 0x3c, 0x78, 0xf0, 0xff, 0xff, 0xff, 0xf0, 0xf8, 0x7c, 0x3c, 0x18, 
	0x00, 0x00, 0x00, 0x00, 0x00, 0x00, 0x00, 0x00, 0x00, 0x00, 0x00, 0x00, 0x00, 0x00, 0x00, 0x00, 
	0x00, 0x00, 0x00, 0x00, 0x00, 0x00, 0x00, 0x00, 0x01, 0x03, 0x03, 0x01, 0x00, 0x00, 0x00, 0x00
};
// 'ribbon', 32x32px
const unsigned char fas_32x32_fa_ribbon [] PROGMEM = {
	0x00, 0x00, 0x00, 0x00, 0x00, 0x00, 0x00, 0xc0, 0xf0, 0xf8, 0xfe, 0xfe, 0x7f, 0x3f, 0x3f, 0x3f, 
	0x3f, 0x3f, 0x3f, 0x7f, 0xfe, 0xfe, 0xf8, 0xf0, 0xc0, 0x00, 0x00, 0x00, 0x00, 0x00, 0x00, 0x00, 
	0x00, 0x00, 0x00, 0x00, 0x00, 0x00, 0x1f, 0x3f, 0x7f, 0xff, 0xff, 0xff, 0xfe, 0xfc, 0xf8, 0xf0, 
	0xe0, 0xc0, 0x9c, 0x3e, 0x7f, 0xff, 0xff, 0x7f, 0x3f, 0x1f, 0x00, 0x00, 0x00, 0x00, 0x00, 0x00, 
	0x00, 0x00, 0x00, 0x00, 0x00, 0x00, 0x80, 0xc0, 0xe0, 0xf0, 0xf3, 0xc7, 0x8f, 0x1f, 0x3f, 0x7f, 
	0xff, 0xff, 0xff, 0xff, 0xfc, 0xf8, 0xf0, 0xe0, 0xc0, 0x80, 0x00, 0x00, 0x00, 0x00, 0x00, 0x00, 
	0x00, 0x00, 0x38, 0x3c, 0x7e, 0x7f, 0xff, 0xff, 0xff, 0x7f, 0x3f, 0x1f, 0x0f, 0x03, 0x00, 0x00, 
	0x00, 0x01, 0x03, 0x0f, 0x1f, 0x3f, 0x7f, 0xff, 0xff, 0xff, 0x7f, 0x7e, 0x3c, 0x38, 0x00, 0x00
};
// 'ring', 32x32px
const unsigned char fas_32x32_fa_ring [] PROGMEM = {
	0x00, 0x00, 0x00, 0x80, 0x80, 0xc0, 0xc0, 0xe0, 0xe0, 0xe0, 0xf0, 0xf0, 0xf0, 0xf0, 0xf0, 0xf0, 
	0xf0, 0xf0, 0xf0, 0xf0, 0xf0, 0xf0, 0xe0, 0xe0, 0xe0, 0xc0, 0xc0, 0x80, 0x80, 0x00, 0x00, 0x00, 
	0xfc, 0xfe, 0xff, 0xff, 0xcf, 0xc7, 0xc3, 0xe3, 0xe1, 0xe1, 0xe1, 0x70, 0x70, 0x70, 0x70, 0x70, 
	0x70, 0x70, 0x70, 0x70, 0x70, 0xf1, 0xe1, 0xe1, 0xe3, 0xc3, 0xc7, 0xcf, 0xff, 0xff, 0xfe, 0xfc, 
	0x3f, 0x7f, 0xff, 0xff, 0xff, 0xff, 0xff, 0xff, 0xfe, 0xfe, 0xfe, 0xfc, 0xfc, 0xfc, 0xfc, 0xfc, 
	0xfc, 0xfc, 0xfc, 0xfc, 0xfc, 0xfe, 0xfe, 0xfe, 0xff, 0xff, 0xff, 0xff, 0xff, 0xff, 0x7f, 0x3f, 
	0x00, 0x00, 0x00, 0x01, 0x01, 0x03, 0x03, 0x07, 0x07, 0x07, 0x07, 0x0f, 0x0f, 0x0f, 0x0f, 0x0f, 
	0x0f, 0x0f, 0x0f, 0x0f, 0x0f, 0x07, 0x07, 0x07, 0x07, 0x03, 0x03, 0x01, 0x01, 0x00, 0x00, 0x00
};
// 'road', 32x32px
const unsigned char fas_32x32_fa_road [] PROGMEM = {
	0x00, 0x00, 0x00, 0x00, 0x00, 0x00, 0x00, 0x80, 0xc0, 0xc0, 0xe0, 0xe0, 0xe0, 0xe0, 0xc0, 0x80, 
	0x80, 0xc0, 0xe0, 0xe0, 0xe0, 0xe0, 0xc0, 0xc0, 0x80, 0x00, 0x00, 0x00, 0x00, 0x00, 0x00, 0x00, 
	0x00, 0x00, 0x00, 0x00, 0xc0, 0xf0, 0xfc, 0xff, 0xff, 0xff, 0xff, 0xff, 0xff, 0xff, 0x33, 0x31, 
	0x31, 0x33, 0xff, 0xff, 0xff, 0xff, 0xff, 0xff, 0xff, 0xfc, 0xf0, 0xc0, 0x00, 0x00, 0x00, 0x00, 
	0x80, 0xe0, 0xf8, 0xff, 0xff, 0xff, 0xff, 0xff, 0xff, 0xff, 0xff, 0xff, 0xff, 0x1f, 0x08, 0x08, 
	0x08, 0x08, 0x1f, 0xff, 0xff, 0xff, 0xff, 0xff, 0xff, 0xff, 0xff, 0xff, 0xff, 0xf8, 0xe0, 0x80, 
	0x03, 0x03, 0x07, 0x07, 0x07, 0x07, 0x07, 0x07, 0x07, 0x07, 0x07, 0x07, 0x03, 0x00, 0x00, 0x00, 
	0x00, 0x00, 0x00, 0x03, 0x07, 0x07, 0x07, 0x07, 0x07, 0x07, 0x07, 0x07, 0x07, 0x07, 0x03, 0x03
};
// 'robot', 32x32px
const unsigned char fas_32x32_fa_robot [] PROGMEM = {
	0x00, 0x00, 0x00, 0x00, 0x00, 0x00, 0x00, 0x00, 0x00, 0x00, 0x00, 0x00, 0x00, 0x00, 0xf0, 0xf8, 
	0xf8, 0xf0, 0x00, 0x00, 0x00, 0x00, 0x00, 0x00, 0x00, 0x00, 0x00, 0x00, 0x00, 0x00, 0x00, 0x00, 
	0x80, 0xc0, 0xc0, 0x00, 0x00, 0xfc, 0xfe, 0xff, 0xff, 0x7f, 0x3f, 0x3f, 0x7f, 0xff, 0xff, 0xff, 
	0xff, 0xff, 0xff, 0x7f, 0x3f, 0x3f, 0x7f, 0xff, 0xff, 0xfe, 0xfc, 0x00, 0x00, 0xc0, 0xc0, 0x80, 
	0xff, 0xff, 0xff, 0x00, 0x00, 0xff, 0xff, 0xff, 0xff, 0xfe, 0x3c, 0x3c, 0x7e, 0xff, 0x7f, 0x3f, 
	0x3f, 0x7f, 0xff, 0x7e, 0x3c, 0x3c, 0xfe, 0xff, 0xff, 0xff, 0xff, 0x00, 0x00, 0xff, 0xff, 0xff, 
	0x00, 0x00, 0x00, 0x00, 0x00, 0x0f, 0x1f, 0x1f, 0x1f, 0x1f, 0x1f, 0x1f, 0x1f, 0x1f, 0x1f, 0x1f, 
	0x1f, 0x1f, 0x1f, 0x1f, 0x1f, 0x1f, 0x1f, 0x1f, 0x1f, 0x1f, 0x0f, 0x00, 0x00, 0x00, 0x00, 0x00
};
// 'rocket', 32x32px
const unsigned char fas_32x32_fa_rocket [] PROGMEM = {
	0x00, 0x00, 0x00, 0x00, 0x00, 0x00, 0x00, 0x00, 0x00, 0x00, 0x00, 0x00, 0x00, 0xc0, 0xe0, 0xf0, 
	0xf8, 0xfc, 0xfc, 0xfe, 0xfe, 0xff, 0x3f, 0x3f, 0x3f, 0x3f, 0xff, 0xff, 0xff, 0xff, 0xff, 0xfe, 
	0x80, 0xe0, 0xf8, 0xfe, 0xff, 0xff, 0xff, 0xff, 0xff, 0xff, 0xff, 0xff, 0xff, 0xff, 0xff, 0xff, 
	0xff, 0xff, 0xff, 0xff, 0xff, 0xff, 0xfc, 0xfc, 0xfc, 0xfc, 0xff, 0xff, 0xff, 0x7f, 0x1f, 0x07, 
	0x03, 0x03, 0x03, 0x03, 0x03, 0x03, 0x3b, 0x7f, 0xff, 0xff, 0xff, 0xff, 0xff, 0xff, 0xff, 0xff, 
	0xff, 0xff, 0xff, 0xff, 0xff, 0xff, 0xff, 0xff, 0x07, 0x07, 0x03, 0x01, 0x00, 0x00, 0x00, 0x00, 
	0x00, 0x00, 0x00, 0x00, 0x00, 0x00, 0x00, 0x00, 0x00, 0x01, 0x03, 0x03, 0x03, 0x01, 0xff, 0xff, 
	0xff, 0x7f, 0x7f, 0x3f, 0x3f, 0x1f, 0x1f, 0x0f, 0x00, 0x00, 0x00, 0x00, 0x00, 0x00, 0x00, 0x00
};
// 'route', 32x32px
const unsigned char fas_32x32_fa_route [] PROGMEM = {
	0x00, 0x00, 0x00, 0x00, 0x00, 0x00, 0x00, 0x00, 0x00, 0x00, 0x00, 0x00, 0x00, 0x00, 0x00, 0x00, 
	0x00, 0x00, 0x00, 0x00, 0xf0, 0xfc, 0xfe, 0xff, 0x9f, 0x0f, 0x0f, 0x9f, 0xff, 0xfe, 0xfc, 0xf8, 
	0x00, 0x00, 0x00, 0x00, 0x00, 0x00, 0x00, 0x00, 0x00, 0x00, 0x00, 0x00, 0x00, 0x00, 0x00, 0xc0, 
	0xe0, 0xe0, 0xf0, 0xf0, 0xf0, 0xf3, 0xff, 0xff, 0xff, 0xff, 0x7f, 0x3f, 0x1f, 0x0f, 0x03, 0x00, 
	0xf8, 0xfc, 0xfe, 0xfe, 0x9f, 0x0f, 0x0f, 0x9f, 0xfe, 0xfe, 0xfc, 0xf0, 0x00, 0x00, 0x0f, 0x3f, 
	0x7f, 0x7f, 0xf9, 0xf0, 0xf0, 0xf0, 0xf0, 0xf0, 0xf0, 0xf0, 0xf0, 0xf0, 0xe0, 0xe0, 0xc0, 0x80, 
	0x00, 0x03, 0x0f, 0x1f, 0x3f, 0xff, 0xff, 0x3f, 0x1f, 0x8f, 0xc3, 0xf0, 0xf0, 0xf0, 0xf0, 0xf0, 
	0xf0, 0xf0, 0xf0, 0xf0, 0xf0, 0xf0, 0xf0, 0xf0, 0xf0, 0xf0, 0xf0, 0xf9, 0xff, 0x7f, 0x3f, 0x1f
};
// 'rss', 32x32px
const unsigned char fas_32x32_fa_rss [] PROGMEM = {
	0x00, 0x00, 0x7c, 0x7c, 0x7c, 0x7c, 0x7c, 0xfc, 0xf8, 0xf8, 0xf8, 0xf0, 0xf0, 0xf0, 0xe0, 0xe0, 
	0xc0, 0x80, 0x80, 0x00, 0x00, 0x00, 0x00, 0x00, 0x00, 0x00, 0x00, 0x00, 0x00, 0x00, 0x00, 0x00, 
	0x00, 0x00, 0xf8, 0xf8, 0xf8, 0xf8, 0xf8, 0xf0, 0xf0, 0xf0, 0xe1, 0xe1, 0xc3, 0x83, 0x07, 0x07, 
	0x0f, 0x1f, 0x3f, 0x7f, 0xfe, 0xfc, 0xf8, 0xf0, 0xe0, 0x80, 0x00, 0x00, 0x00, 0x00, 0x00, 0x00, 
	0x00, 0x00, 0x00, 0x80, 0xc0, 0xc0, 0xc1, 0xc1, 0x83, 0x03, 0x07, 0x0f, 0x1f, 0x3f, 0xff, 0xfe, 
	0xfc, 0xf8, 0xf0, 0xc0, 0x00, 0x03, 0x0f, 0x3f, 0xff, 0xff, 0xff, 0xfc, 0xe0, 0x00, 0x00, 0x00, 
	0x00, 0x00, 0x0f, 0x1f, 0x3f, 0x3f, 0x3f, 0x3f, 0x1f, 0x0f, 0x00, 0x00, 0x00, 0x00, 0x00, 0x03, 
	0x3f, 0x3f, 0x3f, 0x3f, 0x3e, 0x00, 0x00, 0x00, 0x01, 0x3f, 0x3f, 0x3f, 0x3f, 0x3f, 0x00, 0x00
};
// 'rss-square', 32x32px
const unsigned char fas_32x32_fa_rss_square [] PROGMEM = {
	0x00, 0x00, 0xf8, 0xfc, 0xfc, 0xfc, 0x3c, 0x3c, 0x3c, 0x3c, 0x7c, 0x7c, 0x7c, 0x7c, 0xfc, 0xfc, 
	0xfc, 0xfc, 0xfc, 0xfc, 0xfc, 0xfc, 0xfc, 0xfc, 0xfc, 0xfc, 0xfc, 0xfc, 0xfc, 0xf8, 0x00, 0x00, 
	0x00, 0x00, 0xff, 0xff, 0xff, 0xff, 0x1e, 0x1c, 0x1c, 0x1c, 0x1c, 0x3c, 0x38, 0x78, 0x70, 0xe0, 
	0xe1, 0xc3, 0x83, 0x07, 0x0f, 0x1f, 0x7f, 0xff, 0xff, 0xff, 0xff, 0xff, 0xff, 0xff, 0x00, 0x00, 
	0x00, 0x00, 0xff, 0xff, 0xff, 0xff, 0x1f, 0x0f, 0x0f, 0x0e, 0x0e, 0x1c, 0xfc, 0xf8, 0xe0, 0x80, 
	0x01, 0x07, 0x1f, 0xfe, 0xfc, 0xf0, 0x00, 0x00, 0x03, 0x3f, 0xff, 0xff, 0xff, 0xff, 0x00, 0x00, 
	0x00, 0x00, 0x1f, 0x3f, 0x3f, 0x3f, 0x3e, 0x3c, 0x3c, 0x3c, 0x3c, 0x3e, 0x3f, 0x3f, 0x3f, 0x3f, 
	0x3c, 0x3c, 0x3c, 0x3f, 0x3f, 0x3f, 0x3e, 0x3c, 0x3c, 0x3c, 0x3f, 0x3f, 0x3f, 0x1f, 0x00, 0x00
};
// 'ruble-sign', 32x32px
const unsigned char fas_32x32_fa_ruble_sign [] PROGMEM = {
	0x00, 0x00, 0x00, 0x00, 0x00, 0x00, 0x00, 0x00, 0xfc, 0xfc, 0xfc, 0xfc, 0xfc, 0x7c, 0x3c, 0x3c, 
	0x3c, 0x3c, 0x3c, 0x7c, 0x7c, 0xfc, 0xf8, 0xf8, 0xf0, 0xf0, 0xc0, 0x80, 0x00, 0x00, 0x00, 0x00, 
	0x00, 0x00, 0x00, 0x00, 0x00, 0x00, 0x00, 0x00, 0xff, 0xff, 0xff, 0xff, 0xff, 0x80, 0x00, 0x00, 
	0x00, 0x00, 0x00, 0x80, 0x80, 0xc0, 0xe1, 0xff, 0xff, 0xff, 0xff, 0x3f, 0x00, 0x00, 0x00, 0x00, 
	0x00, 0x00, 0x00, 0x00, 0xcf, 0xcf, 0xcf, 0xcf, 0xff, 0xff, 0xff, 0xff, 0xff, 0xcf, 0xcf, 0xcf, 
	0xcf, 0xcf, 0xcf, 0xcf, 0xcf, 0xcf, 0xc7, 0xc7, 0x03, 0x01, 0x00, 0x00, 0x00, 0x00, 0x00, 0x00, 
	0x00, 0x00, 0x00, 0x00, 0x03, 0x03, 0x03, 0x03, 0x3f, 0x3f, 0x3f, 0x3f, 0x3f, 0x03, 0x03, 0x03, 
	0x03, 0x03, 0x03, 0x03, 0x03, 0x03, 0x03, 0x03, 0x00, 0x00, 0x00, 0x00, 0x00, 0x00, 0x00, 0x00
};
// 'ruler', 32x32px
const unsigned char fas_32x32_fa_ruler [] PROGMEM = {
	0x00, 0x00, 0x00, 0x00, 0x00, 0x00, 0x00, 0x00, 0x00, 0x00, 0x00, 0x00, 0x00, 0x00, 0x00, 0x00, 
	0x00, 0x00, 0x00, 0x00, 0x80, 0x00, 0x40, 0xe0, 0xe0, 0xf0, 0xf0, 0xf0, 0xc0, 0x80, 0x00, 0x00, 
	0x00, 0x00, 0x00, 0x00, 0x00, 0x00, 0x80, 0xc0, 0xc0, 0x00, 0x60, 0xf0, 0xf0, 0xe0, 0x8c, 0x3c, 
	0x7e, 0xf8, 0xf1, 0xff, 0xff, 0xff, 0xfc, 0xf8, 0xf3, 0xff, 0xff, 0xff, 0x7f, 0x7f, 0x3e, 0x38, 
	0x1c, 0x7c, 0xfe, 0xfe, 0xfe, 0xfc, 0xf1, 0xe7, 0xff, 0xff, 0xff, 0xff, 0xff, 0xff, 0x7f, 0x7e, 
	0x3e, 0x3f, 0x1f, 0x0f, 0x0f, 0x07, 0x07, 0x03, 0x03, 0x01, 0x00, 0x00, 0x00, 0x00, 0x00, 0x00, 
	0x00, 0x00, 0x01, 0x03, 0x0f, 0x0f, 0x0f, 0x07, 0x07, 0x03, 0x03, 0x01, 0x00, 0x00, 0x00, 0x00, 
	0x00, 0x00, 0x00, 0x00, 0x00, 0x00, 0x00, 0x00, 0x00, 0x00, 0x00, 0x00, 0x00, 0x00, 0x00, 0x00
};
// 'ruler-combined', 32x32px
const unsigned char fas_32x32_fa_ruler_combined [] PROGMEM = {
	0xff, 0xff, 0xff, 0xff, 0xff, 0xff, 0xcf, 0xcf, 0xcf, 0xce, 0x00, 0x00, 0x00, 0x00, 0x00, 0x00, 
	0x00, 0x00, 0x00, 0x00, 0x00, 0x00, 0x00, 0x00, 0x00, 0x00, 0x00, 0x00, 0x00, 0x00, 0x00, 0x00, 
	0xff, 0xff, 0xff, 0xff, 0xff, 0xff, 0xf3, 0xf3, 0xf3, 0xf3, 0x00, 0x00, 0x00, 0x00, 0x00, 0x00, 
	0x00, 0x00, 0x00, 0x00, 0x00, 0x00, 0x00, 0x00, 0x00, 0x00, 0x00, 0x00, 0x00, 0x00, 0x00, 0x00, 
	0xff, 0xff, 0xff, 0xff, 0xff, 0xff, 0xfc, 0x7c, 0x3c, 0x1c, 0x80, 0xc0, 0xc0, 0xc0, 0x00, 0x00, 
	0xc0, 0xc0, 0xc0, 0xc0, 0x00, 0x00, 0xc0, 0xc0, 0xc0, 0xc0, 0x00, 0x00, 0xc0, 0xc0, 0xc0, 0x80, 
	0x3f, 0x1f, 0x8f, 0xc7, 0xe3, 0xf1, 0xf8, 0xfc, 0xfe, 0xff, 0xff, 0xff, 0xff, 0xff, 0xfc, 0xfc, 
	0xff, 0xff, 0xff, 0xff, 0xfc, 0xfc, 0xff, 0xff, 0xff, 0xff, 0xfc, 0xfc, 0xff, 0xff, 0xff, 0xff
};
// 'ruler-horizontal', 32x32px
const unsigned char fas_32x32_fa_ruler_horizontal [] PROGMEM = {
	0x00, 0x00, 0x00, 0x00, 0x00, 0x00, 0x00, 0x00, 0x00, 0x00, 0x00, 0x00, 0x00, 0x00, 0x00, 0x00, 
	0x00, 0x00, 0x00, 0x00, 0x00, 0x00, 0x00, 0x00, 0x00, 0x00, 0x00, 0x00, 0x00, 0x00, 0x00, 0x00, 
	0xfe, 0xfe, 0xfe, 0xfe, 0xc0, 0xc0, 0xfe, 0xfe, 0xfe, 0xfe, 0xc0, 0xc0, 0xfe, 0xfe, 0xfe, 0xc0, 
	0xc0, 0xfe, 0xfe, 0xfe, 0xc0, 0xc0, 0xfe, 0xfe, 0xfe, 0xfe, 0xc0, 0xc0, 0xfe, 0xfe, 0xfe, 0xfe, 
	0x7f, 0x7f, 0x7f, 0x7f, 0x7f, 0x7f, 0x7f, 0x7f, 0x7f, 0x7f, 0x7f, 0x7f, 0x7f, 0x7f, 0x7f, 0x7f, 
	0x7f, 0x7f, 0x7f, 0x7f, 0x7f, 0x7f, 0x7f, 0x7f, 0x7f, 0x7f, 0x7f, 0x7f, 0x7f, 0x7f, 0x7f, 0x7f, 
	0x00, 0x00, 0x00, 0x00, 0x00, 0x00, 0x00, 0x00, 0x00, 0x00, 0x00, 0x00, 0x00, 0x00, 0x00, 0x00, 
	0x00, 0x00, 0x00, 0x00, 0x00, 0x00, 0x00, 0x00, 0x00, 0x00, 0x00, 0x00, 0x00, 0x00, 0x00, 0x00
};
// 'ruler-vertical', 32x32px
const unsigned char fas_32x32_fa_ruler_vertical [] PROGMEM = {
	0x00, 0x00, 0x00, 0x00, 0x00, 0x00, 0x00, 0x00, 0xff, 0xff, 0xff, 0xff, 0xff, 0xff, 0xff, 0xff, 
	0xff, 0xff, 0x3f, 0x3f, 0x3f, 0x3f, 0x3f, 0x3f, 0x00, 0x00, 0x00, 0x00, 0x00, 0x00, 0x00, 0x00, 
	0x00, 0x00, 0x00, 0x00, 0x00, 0x00, 0x00, 0x00, 0xff, 0xff, 0xff, 0xff, 0xff, 0xff, 0xff, 0xff, 
	0xff, 0xff, 0xcf, 0xcf, 0xcf, 0xcf, 0xcf, 0xcf, 0x00, 0x00, 0x00, 0x00, 0x00, 0x00, 0x00, 0x00, 
	0x00, 0x00, 0x00, 0x00, 0x00, 0x00, 0x00, 0x00, 0xff, 0xff, 0xff, 0xff, 0xff, 0xff, 0xff, 0xff, 
	0xff, 0xff, 0xf3, 0xf3, 0xf3, 0xf3, 0xf3, 0xf3, 0x00, 0x00, 0x00, 0x00, 0x00, 0x00, 0x00, 0x00, 
	0x00, 0x00, 0x00, 0x00, 0x00, 0x00, 0x00, 0x00, 0xff, 0xff, 0xff, 0xff, 0xff, 0xff, 0xff, 0xff, 
	0xff, 0xff, 0xfc, 0xfc, 0xfc, 0xfc, 0xfc, 0xfc, 0x00, 0x00, 0x00, 0x00, 0x00, 0x00, 0x00, 0x00
};
// 'running', 32x32px
const unsigned char fas_32x32_fa_running [] PROGMEM = {
	0x00, 0x00, 0x00, 0x00, 0x00, 0x00, 0x00, 0x00, 0x00, 0x80, 0xc0, 0xc0, 0xc0, 0xc0, 0xc0, 0xc0, 
	0x80, 0x9e, 0xbf, 0x3f, 0x3f, 0x3f, 0x1e, 0x00, 0x00, 0x00, 0x00, 0x00, 0x00, 0x00, 0x00, 0x00, 
	0x00, 0x00, 0x00, 0x00, 0x00, 0x00, 0x0e, 0x1e, 0x1f, 0x0f, 0x07, 0x07, 0xc3, 0xf3, 0xff, 0xff, 
	0xff, 0xff, 0xff, 0x7f, 0xff, 0xfe, 0xfc, 0xf0, 0xc0, 0xc0, 0xc0, 0xc0, 0x80, 0x00, 0x00, 0x00, 
	0x00, 0x00, 0x00, 0x80, 0xc0, 0xc0, 0xc0, 0xc0, 0xc0, 0xe0, 0xe0, 0xc0, 0xcf, 0x1f, 0x1f, 0x3f, 
	0x7f, 0x7f, 0xf9, 0xf0, 0xf0, 0xe1, 0xc3, 0x03, 0x03, 0x03, 0x03, 0x03, 0x01, 0x00, 0x00, 0x00, 
	0x00, 0x00, 0x00, 0x01, 0x03, 0x03, 0x03, 0x03, 0x03, 0x03, 0x03, 0x03, 0x00, 0x00, 0x00, 0x00, 
	0x00, 0x70, 0xfe, 0xff, 0x7f, 0x1f, 0x03, 0x00, 0x00, 0x00, 0x00, 0x00, 0x00, 0x00, 0x00, 0x00
};
// 'rupee-sign', 32x32px
const unsigned char fas_32x32_fa_rupee_sign [] PROGMEM = {
	0x00, 0x00, 0x00, 0x00, 0x00, 0x00, 0x3c, 0x3c, 0x3c, 0x3c, 0x3c, 0x3c, 0x3c, 0x7c, 0x7c, 0xfc, 
	0xfc, 0xfc, 0xfc, 0xfc, 0xfc, 0x3c, 0x3c, 0x3c, 0x3c, 0x3c, 0x00, 0x00, 0x00, 0x00, 0x00, 0x00, 
	0x00, 0x00, 0x00, 0x00, 0x00, 0x00, 0x0f, 0x0f, 0x0f, 0x0f, 0x0f, 0x0f, 0x0f, 0x8f, 0x8f, 0xcf, 
	0xff, 0xff, 0xff, 0xff, 0xff, 0x3f, 0x0f, 0x0f, 0x0f, 0x0f, 0x00, 0x00, 0x00, 0x00, 0x00, 0x00, 
	0x00, 0x00, 0x00, 0x00, 0x00, 0x00, 0x1f, 0x1f, 0x3f, 0x7f, 0xff, 0xff, 0xff, 0xff, 0xef, 0xcf, 
	0x87, 0x07, 0x03, 0x01, 0x00, 0x00, 0x00, 0x00, 0x00, 0x00, 0x00, 0x00, 0x00, 0x00, 0x00, 0x00, 
	0x00, 0x00, 0x00, 0x00, 0x00, 0x00, 0x00, 0x00, 0x00, 0x00, 0x00, 0x01, 0x03, 0x07, 0x0f, 0x1f, 
	0x3f, 0x3f, 0x3e, 0x3c, 0x38, 0x38, 0x30, 0x00, 0x00, 0x00, 0x00, 0x00, 0x00, 0x00, 0x00, 0x00
};
// 'sad-cry', 32x32px
const unsigned char fas_32x32_fa_sad_cry [] PROGMEM = {
	0x00, 0x00, 0x00, 0x80, 0xc0, 0xe0, 0xf0, 0xf8, 0xf8, 0xfc, 0xfc, 0xfe, 0xfe, 0xfe, 0xfe, 0xff, 
	0xff, 0xff, 0xfe, 0xfe, 0xfe, 0xfe, 0xfc, 0xfc, 0xf8, 0xf8, 0xf0, 0xe0, 0xc0, 0x80, 0x00, 0x00, 
	0x00, 0xf0, 0xfe, 0xff, 0xff, 0xff, 0xff, 0x9f, 0xcf, 0xc7, 0xe7, 0xc7, 0xcf, 0x9f, 0xff, 0xff, 
	0xff, 0xff, 0xff, 0x9f, 0xcf, 0xc7, 0xe7, 0xc7, 0xcf, 0x9f, 0xff, 0xff, 0xff, 0xff, 0xfe, 0xf0, 
	0x00, 0x0f, 0x7f, 0xff, 0xff, 0xff, 0xff, 0xff, 0xff, 0x01, 0xff, 0xff, 0xff, 0xff, 0x07, 0x03, 
	0x03, 0x03, 0x07, 0xff, 0xff, 0xff, 0xff, 0x01, 0xff, 0xff, 0xff, 0xff, 0xff, 0xff, 0x7f, 0x0f, 
	0x00, 0x00, 0x00, 0x01, 0x03, 0x07, 0x0f, 0x1f, 0x0f, 0x00, 0x3f, 0x7f, 0x7f, 0x7f, 0x7e, 0xfc, 
	0xfc, 0xfc, 0x7e, 0x7f, 0x7f, 0x7f, 0x3f, 0x00, 0x0f, 0x1f, 0x0f, 0x07, 0x03, 0x00, 0x00, 0x00
};
// 'sad-tear', 32x32px
const unsigned char fas_32x32_fa_sad_tear [] PROGMEM = {
	0x00, 0x00, 0x00, 0x80, 0xc0, 0xe0, 0xf0, 0xf8, 0xf8, 0xfc, 0xfc, 0xfe, 0xfe, 0xfe, 0xfe, 0xff, 
	0xff, 0xff, 0xfe, 0xfe, 0xfe, 0xfe, 0xfc, 0xfc, 0xf8, 0xf8, 0xf0, 0xe0, 0xc0, 0x80, 0x00, 0x00, 
	0x00, 0xf0, 0xfe, 0xff, 0xff, 0xff, 0xff, 0xff, 0xff, 0xff, 0x87, 0x87, 0x87, 0xff, 0xff, 0xff, 
	0xff, 0xff, 0xff, 0xff, 0x87, 0x87, 0x87, 0xff, 0xff, 0xff, 0xff, 0xff, 0xff, 0xff, 0xfe, 0xf0, 
	0x00, 0x0f, 0x7f, 0xff, 0xff, 0xff, 0xff, 0xff, 0x1f, 0x07, 0x03, 0x07, 0x1f, 0xff, 0xff, 0xff, 
	0xcf, 0xcf, 0xcf, 0x9f, 0x9f, 0x3f, 0x3f, 0x7f, 0xff, 0xff, 0xff, 0xff, 0xff, 0xff, 0x7f, 0x0f, 
	0x00, 0x00, 0x00, 0x01, 0x03, 0x07, 0x0f, 0x1f, 0x1e, 0x3c, 0x3c, 0x7c, 0x7e, 0x7f, 0x7f, 0xff, 
	0xff, 0xff, 0x7f, 0x7f, 0x7f, 0x7f, 0x3e, 0x3e, 0x1f, 0x1f, 0x0f, 0x07, 0x03, 0x01, 0x00, 0x00
};
// 'satellite', 32x32px
const unsigned char fas_32x32_fa_satellite [] PROGMEM = {
	0x00, 0x00, 0x00, 0x00, 0x00, 0x00, 0x80, 0xc0, 0xe0, 0xf0, 0x78, 0x3c, 0x1e, 0x0f, 0x0f, 0x1e, 
	0x3c, 0x78, 0xf0, 0xe0, 0xe0, 0xe0, 0xf8, 0xf8, 0xfc, 0xfc, 0xf8, 0xf0, 0xe0, 0xc0, 0x00, 0x00, 
	0x80, 0x80, 0x80, 0xc0, 0xc0, 0xc0, 0xc1, 0xc3, 0xc7, 0xcf, 0x9e, 0xfc, 0xf8, 0xf0, 0xf0, 0xf8, 
	0xfc, 0xfe, 0xff, 0xff, 0xff, 0xff, 0x7f, 0x3f, 0x3f, 0x7f, 0xff, 0xe3, 0xc1, 0x80, 0x00, 0x00, 
	0x01, 0x03, 0x07, 0x0f, 0x1f, 0x3f, 0x7f, 0xff, 0xff, 0xff, 0xff, 0xff, 0xff, 0xff, 0xff, 0xff, 
	0xff, 0xdf, 0x1f, 0x3f, 0x79, 0xf0, 0xe0, 0xc0, 0xc0, 0xe0, 0xf0, 0x79, 0x3f, 0x1f, 0x0f, 0x06, 
	0x00, 0x00, 0x00, 0x04, 0x0e, 0x1e, 0x0f, 0x03, 0x01, 0x03, 0x07, 0x0f, 0x1f, 0x3f, 0x7f, 0xff, 
	0xff, 0x1f, 0x00, 0x00, 0x00, 0x00, 0x01, 0x03, 0x03, 0x01, 0x00, 0x00, 0x00, 0x00, 0x00, 0x00
};
// 'satellite-dish', 32x32px
const unsigned char fas_32x32_fa_satellite_dish [] PROGMEM = {
	0x00, 0x00, 0x00, 0x00, 0x00, 0x00, 0x00, 0x00, 0x00, 0x00, 0x00, 0x00, 0xcf, 0xcf, 0xcf, 0xcf, 
	0x9f, 0x9e, 0x1e, 0x3e, 0x3c, 0x7c, 0xf8, 0xf0, 0xf0, 0xe0, 0xc0, 0x80, 0x00, 0x00, 0x00, 0x00, 
	0x80, 0xe0, 0xe0, 0xe0, 0xc0, 0x80, 0x00, 0x00, 0x00, 0x00, 0x00, 0x00, 0x03, 0x03, 0x03, 0x07, 
	0x07, 0x0f, 0x0f, 0x1f, 0x7e, 0xfc, 0xf8, 0xf1, 0xc3, 0x07, 0x1f, 0xff, 0xfe, 0xfc, 0xf0, 0x80, 
	0x7f, 0xff, 0xff, 0xff, 0xff, 0xff, 0xff, 0xfe, 0xfc, 0xf8, 0xf0, 0xf8, 0xde, 0x8f, 0x0f, 0x06, 
	0x00, 0x00, 0x00, 0x00, 0x00, 0x01, 0x0f, 0x0f, 0x0f, 0x0f, 0x00, 0x00, 0x0f, 0x0f, 0x0f, 0x0f, 
	0x00, 0x01, 0x07, 0x0f, 0x1f, 0x3f, 0x3f, 0x7f, 0x7f, 0xff, 0xff, 0xff, 0xff, 0xff, 0xff, 0xfe, 
	0xfc, 0x78, 0x70, 0x00, 0x00, 0x00, 0x00, 0x00, 0x00, 0x00, 0x00, 0x00, 0x00, 0x00, 0x00, 0x00
};
// 'save', 32x32px
const unsigned char fas_32x32_fa_save [] PROGMEM = {
	0x00, 0x00, 0xf8, 0xfc, 0xfc, 0xfc, 0x3c, 0x3c, 0x3c, 0x3c, 0x3c, 0x3c, 0x3c, 0x3c, 0x3c, 0x3c, 
	0x3c, 0x3c, 0x3c, 0x3c, 0x3c, 0x3c, 0xfc, 0xf8, 0xf8, 0xf0, 0xe0, 0xc0, 0x80, 0x00, 0x00, 0x00, 
	0x00, 0x00, 0xff, 0xff, 0xff, 0xff, 0xc0, 0xc0, 0xc0, 0xc0, 0xc0, 0xc0, 0xc0, 0xc0, 0xc0, 0xc0, 
	0xc0, 0xc0, 0xc0, 0xc0, 0xc0, 0xc0, 0xff, 0xff, 0xff, 0xff, 0xff, 0xff, 0xff, 0xff, 0x00, 0x00, 
	0x00, 0x00, 0xff, 0xff, 0xff, 0xff, 0xff, 0xff, 0xff, 0xff, 0xff, 0xff, 0x0f, 0x07, 0x03, 0x03, 
	0x03, 0x03, 0x07, 0x0f, 0xff, 0xff, 0xff, 0xff, 0xff, 0xff, 0xff, 0xff, 0xff, 0xff, 0x00, 0x00, 
	0x00, 0x00, 0x1f, 0x3f, 0x3f, 0x3f, 0x3f, 0x3f, 0x3f, 0x3f, 0x3f, 0x3f, 0x3f, 0x3e, 0x3c, 0x3c, 
	0x3c, 0x3c, 0x3e, 0x3f, 0x3f, 0x3f, 0x3f, 0x3f, 0x3f, 0x3f, 0x3f, 0x3f, 0x3f, 0x1f, 0x00, 0x00
};
// 'school', 32x32px
const unsigned char fas_32x32_fa_school [] PROGMEM = {
	0x00, 0x00, 0x00, 0x00, 0x00, 0x00, 0x00, 0x00, 0x00, 0x80, 0xc0, 0xc0, 0xe0, 0xf0, 0xf0, 0xf8, 
	0xf8, 0xf0, 0xf0, 0xe0, 0xc0, 0xc0, 0x80, 0x00, 0x00, 0x00, 0x00, 0x00, 0x00, 0x00, 0x00, 0x00, 
	0xe0, 0xe0, 0xe0, 0xe0, 0xe0, 0x00, 0xfc, 0xff, 0xff, 0xff, 0xff, 0xff, 0xc3, 0x81, 0x00, 0x1c, 
	0x3c, 0x30, 0x81, 0xc3, 0xff, 0xff, 0xff, 0xff, 0xff, 0xfc, 0x00, 0xe0, 0xe0, 0xe0, 0xe0, 0xe0, 
	0xff, 0xff, 0xff, 0xff, 0xff, 0x00, 0xff, 0xff, 0xff, 0xff, 0xff, 0xff, 0xff, 0x1f, 0x1f, 0x1f, 
	0x1f, 0x1f, 0x1f, 0xff, 0xff, 0xff, 0xff, 0xff, 0xff, 0xff, 0x00, 0xff, 0xff, 0xff, 0xff, 0xff, 
	0x1f, 0x1f, 0x1f, 0x1f, 0x1f, 0x00, 0x1f, 0x1f, 0x1f, 0x1f, 0x1f, 0x1f, 0x1f, 0x00, 0x00, 0x00, 
	0x00, 0x00, 0x00, 0x1f, 0x1f, 0x1f, 0x1f, 0x1f, 0x1f, 0x1f, 0x00, 0x1f, 0x1f, 0x1f, 0x1f, 0x1f
};
// 'screwdriver', 32x32px
const unsigned char fas_32x32_fa_screwdriver [] PROGMEM = {
	0x00, 0x00, 0x00, 0x00, 0x00, 0x00, 0x00, 0x00, 0x00, 0x00, 0x00, 0x00, 0x00, 0x00, 0x00, 0x00, 
	0x00, 0x00, 0x00, 0x00, 0xc0, 0xe0, 0xf0, 0xf8, 0xf8, 0xfc, 0xfe, 0xff, 0xff, 0x7e, 0x3c, 0x18, 
	0x00, 0x00, 0x00, 0x00, 0x00, 0x00, 0x00, 0x00, 0x00, 0x00, 0x00, 0x00, 0x00, 0x00, 0x00, 0xc0, 
	0xe0, 0xf0, 0xf8, 0x7c, 0x3f, 0x1f, 0x0f, 0x0f, 0x0f, 0x0f, 0x07, 0x03, 0x01, 0x00, 0x00, 0x00, 
	0x00, 0x00, 0x80, 0xc0, 0xe0, 0xf0, 0xf8, 0xfc, 0xfe, 0xff, 0xff, 0xff, 0xff, 0xfe, 0xfe, 0x78, 
	0x01, 0x01, 0x00, 0x00, 0x00, 0x00, 0x00, 0x00, 0x00, 0x00, 0x00, 0x00, 0x00, 0x00, 0x00, 0x00, 
	0x0e, 0x1f, 0x3f, 0x7f, 0xff, 0xff, 0xff, 0x7f, 0x3f, 0x1f, 0x0f, 0x07, 0x03, 0x01, 0x00, 0x00, 
	0x00, 0x00, 0x00, 0x00, 0x00, 0x00, 0x00, 0x00, 0x00, 0x00, 0x00, 0x00, 0x00, 0x00, 0x00, 0x00
};
// 'scroll', 32x32px
const unsigned char fas_32x32_fa_scroll [] PROGMEM = {
	0xf0, 0xf8, 0xf8, 0xf8, 0xf0, 0x00, 0xf8, 0xf8, 0xf8, 0xf8, 0xf8, 0xf8, 0xf8, 0xf8, 0xf8, 0xf8, 
	0xf8, 0xf8, 0xf8, 0xf8, 0xf8, 0xf8, 0xf8, 0xf8, 0xf8, 0xf0, 0xe0, 0x00, 0x00, 0x00, 0x00, 0x00, 
	0x01, 0x03, 0x03, 0x03, 0x01, 0x00, 0xff, 0xff, 0xff, 0xff, 0xff, 0xff, 0xff, 0xff, 0xff, 0xff, 
	0xff, 0xff, 0xff, 0xff, 0xff, 0xff, 0xff, 0xff, 0xff, 0xff, 0xff, 0x00, 0x00, 0x00, 0x00, 0x00, 
	0x00, 0x00, 0x00, 0x00, 0x00, 0x00, 0xff, 0xff, 0xff, 0xff, 0xff, 0xff, 0xff, 0x1f, 0x9f, 0xdf, 
	0xdf, 0xdf, 0xdf, 0xdf, 0xdf, 0xdf, 0xdf, 0xdf, 0xdf, 0xdf, 0xdf, 0xc0, 0xc0, 0xc0, 0xc0, 0x80, 
	0x00, 0x00, 0x00, 0x00, 0x00, 0x00, 0x01, 0x07, 0x07, 0x07, 0x07, 0x07, 0x11, 0x18, 0x1f, 0x1f, 
	0x1f, 0x1f, 0x1f, 0x1f, 0x1f, 0x1f, 0x1f, 0x1f, 0x1f, 0x1f, 0x1f, 0x1f, 0x1f, 0x0f, 0x07, 0x03
};
// 'sd-card', 32x32px
const unsigned char fas_32x32_fa_sd_card [] PROGMEM = {
	0x00, 0x00, 0x00, 0x00, 0x80, 0xc0, 0xe0, 0xf0, 0xf8, 0xfc, 0xfe, 0x0f, 0x0f, 0x0f, 0xff, 0xff, 
	0x0f, 0x0f, 0x0f, 0xff, 0xff, 0x0f, 0x0f, 0x0f, 0xff, 0xff, 0xfe, 0xfc, 0x00, 0x00, 0x00, 0x00, 
	0x00, 0x00, 0x00, 0x00, 0xff, 0xff, 0xff, 0xff, 0xff, 0xff, 0xff, 0xfc, 0xfc, 0xfc, 0xff, 0xff, 
	0xfc, 0xfc, 0xfc, 0xff, 0xff, 0xfc, 0xfc, 0xfc, 0xff, 0xff, 0xff, 0xff, 0x00, 0x00, 0x00, 0x00, 
	0x00, 0x00, 0x00, 0x00, 0xff, 0xff, 0xff, 0xff, 0xff, 0xff, 0xff, 0xff, 0xff, 0xff, 0xff, 0xff, 
	0xff, 0xff, 0xff, 0xff, 0xff, 0xff, 0xff, 0xff, 0xff, 0xff, 0xff, 0xff, 0x00, 0x00, 0x00, 0x00, 
	0x00, 0x00, 0x00, 0x00, 0x3f, 0x7f, 0xff, 0xff, 0xff, 0xff, 0xff, 0xff, 0xff, 0xff, 0xff, 0xff, 
	0xff, 0xff, 0xff, 0xff, 0xff, 0xff, 0xff, 0xff, 0xff, 0xff, 0x7f, 0x3f, 0x00, 0x00, 0x00, 0x00
};
// 'search', 32x32px
const unsigned char fas_32x32_fa_search [] PROGMEM = {
	0x00, 0x80, 0xe0, 0xf0, 0xf8, 0xfc, 0xfc, 0x7e, 0x3e, 0x3f, 0x1f, 0x1f, 0x1f, 0x1f, 0x1f, 0x1f, 
	0x3f, 0x3e, 0x7e, 0xfc, 0xfc, 0xf8, 0xf0, 0xe0, 0x80, 0x00, 0x00, 0x00, 0x00, 0x00, 0x00, 0x00, 
	0xfe, 0xff, 0xff, 0xff, 0xff, 0x03, 0x00, 0x00, 0x00, 0x00, 0x00, 0x00, 0x00, 0x00, 0x00, 0x00, 
	0x00, 0x00, 0x00, 0x00, 0x03, 0xff, 0xff, 0xff, 0xff, 0xfe, 0x00, 0x00, 0x00, 0x00, 0x00, 0x00, 
	0x01, 0x07, 0x1f, 0x3f, 0x7f, 0xff, 0xfc, 0xf8, 0xf0, 0xf0, 0xe0, 0xe0, 0xe0, 0xe0, 0xe0, 0xe0, 
	0xf0, 0xf0, 0xf8, 0xfc, 0xff, 0xff, 0xff, 0xff, 0xe7, 0xc1, 0x80, 0x00, 0x00, 0x00, 0x00, 0x00, 
	0x00, 0x00, 0x00, 0x00, 0x00, 0x00, 0x00, 0x01, 0x01, 0x03, 0x03, 0x03, 0x03, 0x03, 0x03, 0x03, 
	0x03, 0x01, 0x01, 0x00, 0x00, 0x01, 0x03, 0x07, 0x0f, 0x1f, 0x3f, 0xff, 0xfe, 0xfc, 0x78, 0x38
};
// 'search-dollar', 32x32px
const unsigned char fas_32x32_fa_search_dollar [] PROGMEM = {
	0x00, 0x80, 0xe0, 0xf0, 0xf8, 0xfc, 0x7c, 0x3e, 0x1e, 0x1f, 0x0f, 0x0f, 0x8f, 0x8f, 0x0f, 0x0f, 
	0x1f, 0x1e, 0x3e, 0x7c, 0xfc, 0xf8, 0xf0, 0xe0, 0x80, 0x00, 0x00, 0x00, 0x00, 0x00, 0x00, 0x00, 
	0xfe, 0xff, 0xff, 0xff, 0x03, 0x00, 0x00, 0x00, 0x00, 0x0c, 0x1e, 0x3f, 0x33, 0x33, 0xf3, 0xe3, 
	0xc0, 0x00, 0x00, 0x00, 0x00, 0x03, 0xff, 0xff, 0xff, 0xfe, 0x00, 0x00, 0x00, 0x00, 0x00, 0x00, 
	0x01, 0x07, 0x1f, 0x3f, 0x7f, 0xfc, 0xf8, 0xf0, 0xe0, 0xe0, 0xc3, 0xc3, 0xc7, 0xc7, 0xc3, 0xc1, 
	0xe0, 0xe0, 0xf0, 0xf8, 0xfc, 0xff, 0xff, 0xff, 0xe7, 0xc1, 0x80, 0x00, 0x00, 0x00, 0x00, 0x00, 
	0x00, 0x00, 0x00, 0x00, 0x00, 0x00, 0x00, 0x01, 0x01, 0x03, 0x03, 0x03, 0x03, 0x03, 0x03, 0x03, 
	0x03, 0x01, 0x01, 0x00, 0x00, 0x01, 0x03, 0x07, 0x0f, 0x1f, 0x3f, 0xff, 0xfe, 0xfc, 0x78, 0x38
};
// 'search-location', 32x32px
const unsigned char fas_32x32_fa_search_location [] PROGMEM = {
	0x00, 0x80, 0xe0, 0xf0, 0xf8, 0xfc, 0x7c, 0x3e, 0x1e, 0x1f, 0x0f, 0x8f, 0x8f, 0x8f, 0x8f, 0x0f, 
	0x1f, 0x1e, 0x3e, 0x7c, 0xfc, 0xf8, 0xf0, 0xe0, 0x80, 0x00, 0x00, 0x00, 0x00, 0x00, 0x00, 0x00, 
	0xfe, 0xff, 0xff, 0xff, 0x03, 0x00, 0x00, 0x00, 0x0c, 0x7e, 0xff, 0xff, 0xe3, 0xe3, 0xff, 0xff, 
	0x7e, 0x0c, 0x00, 0x00, 0x00, 0x03, 0xff, 0xff, 0xff, 0xfe, 0x00, 0x00, 0x00, 0x00, 0x00, 0x00, 
	0x01, 0x07, 0x1f, 0x3f, 0x7f, 0xfc, 0xf8, 0xf0, 0xe0, 0xe0, 0xc0, 0xc3, 0xc7, 0xc7, 0xc3, 0xc0, 
	0xe0, 0xe0, 0xf0, 0xf8, 0xfc, 0xff, 0xff, 0xff, 0xe7, 0xc1, 0x80, 0x00, 0x00, 0x00, 0x00, 0x00, 
	0x00, 0x00, 0x00, 0x00, 0x00, 0x00, 0x00, 0x01, 0x01, 0x03, 0x03, 0x03, 0x03, 0x03, 0x03, 0x03, 
	0x03, 0x01, 0x01, 0x00, 0x00, 0x01, 0x03, 0x07, 0x0f, 0x1f, 0x3f, 0xff, 0xfe, 0xfc, 0x78, 0x38
};
// 'search-minus', 32x32px
const unsigned char fas_32x32_fa_search_minus [] PROGMEM = {
	0x00, 0x80, 0xe0, 0xf0, 0xf8, 0xfc, 0xfc, 0x7e, 0x3e, 0x1f, 0x1f, 0x1f, 0x1f, 0x1f, 0x1f, 0x1f, 
	0x1f, 0x3e, 0x7e, 0xfc, 0xfc, 0xf8, 0xf0, 0xe0, 0x80, 0x00, 0x00, 0x00, 0x00, 0x00, 0x00, 0x00, 
	0xfe, 0xff, 0xff, 0xff, 0xff, 0x01, 0x00, 0x78, 0x78, 0x78, 0x78, 0x78, 0x78, 0x78, 0x78, 0x78, 
	0x78, 0x78, 0x78, 0x00, 0x01, 0xff, 0xff, 0xff, 0xff, 0xfe, 0x00, 0x00, 0x00, 0x00, 0x00, 0x00, 
	0x01, 0x07, 0x1f, 0x3f, 0x7f, 0xfe, 0xfc, 0xf8, 0xf0, 0xe0, 0xe0, 0xe0, 0xe0, 0xe0, 0xe0, 0xe0, 
	0xe0, 0xf0, 0xf8, 0xfc, 0xfe, 0xff, 0xff, 0xff, 0xe7, 0xc1, 0x80, 0x00, 0x00, 0x00, 0x00, 0x00, 
	0x00, 0x00, 0x00, 0x00, 0x00, 0x00, 0x00, 0x01, 0x01, 0x03, 0x03, 0x03, 0x03, 0x03, 0x03, 0x03, 
	0x03, 0x01, 0x01, 0x00, 0x00, 0x01, 0x03, 0x07, 0x0f, 0x1f, 0x3f, 0xff, 0xfe, 0xfc, 0x78, 0x38
};
// 'search-plus', 32x32px
const unsigned char fas_32x32_fa_search_plus [] PROGMEM = {
	0x00, 0x80, 0xe0, 0xf0, 0xf8, 0xfc, 0xfc, 0x7e, 0x3e, 0x1f, 0x1f, 0x9f, 0x9f, 0x9f, 0x9f, 0x1f, 
	0x1f, 0x3e, 0x7e, 0xfc, 0xfc, 0xf8, 0xf0, 0xe0, 0x80, 0x00, 0x00, 0x00, 0x00, 0x00, 0x00, 0x00, 
	0xfe, 0xff, 0xff, 0xff, 0xff, 0x01, 0x00, 0x78, 0x78, 0x78, 0x78, 0xff, 0xff, 0xff, 0xff, 0x78, 
	0x78, 0x78, 0x78, 0x00, 0x01, 0xff, 0xff, 0xff, 0xff, 0xfe, 0x00, 0x00, 0x00, 0x00, 0x00, 0x00, 
	0x01, 0x07, 0x1f, 0x3f, 0x7f, 0xfe, 0xfc, 0xf8, 0xf0, 0xe0, 0xe0, 0xe7, 0xe7, 0xe7, 0xe7, 0xe0, 
	0xe0, 0xf0, 0xf8, 0xfc, 0xfe, 0xff, 0xff, 0xff, 0xe7, 0xc1, 0x80, 0x00, 0x00, 0x00, 0x00, 0x00, 
	0x00, 0x00, 0x00, 0x00, 0x00, 0x00, 0x00, 0x01, 0x01, 0x03, 0x03, 0x03, 0x03, 0x03, 0x03, 0x03, 
	0x03, 0x01, 0x01, 0x00, 0x00, 0x01, 0x03, 0x07, 0x0f, 0x1f, 0x3f, 0xff, 0xfe, 0xfc, 0x78, 0x38
};
// 'seedling', 32x32px
const unsigned char fas_32x32_fa_seedling [] PROGMEM = {
	0xc0, 0xc0, 0xc0, 0xc0, 0xc0, 0xc0, 0xc0, 0xc0, 0x80, 0x80, 0x00, 0x00, 0x00, 0x00, 0x00, 0x00, 
	0x00, 0x80, 0xc0, 0xe0, 0xf0, 0xf0, 0xf8, 0xf8, 0xfc, 0xfc, 0xfc, 0xfc, 0xfc, 0xfc, 0xfc, 0x3c, 
	0x03, 0x0f, 0x3f, 0x7f, 0xff, 0xff, 0xff, 0xff, 0xff, 0xff, 0xff, 0xff, 0xfe, 0xfc, 0xf8, 0xf0, 
	0xc3, 0x0f, 0x1f, 0xff, 0xff, 0xff, 0x7f, 0x7f, 0x3f, 0x3f, 0x1f, 0x0f, 0x07, 0x03, 0x00, 0x00, 
	0x00, 0x00, 0x00, 0x00, 0x00, 0x01, 0x03, 0x03, 0x07, 0x07, 0x0f, 0x0f, 0x0f, 0x0f, 0xff, 0xff, 
	0xff, 0xff, 0x00, 0x00, 0x00, 0x00, 0x00, 0x00, 0x00, 0x00, 0x00, 0x00, 0x00, 0x00, 0x00, 0x00, 
	0x00, 0x00, 0x00, 0x00, 0x00, 0x00, 0x00, 0x00, 0x00, 0x00, 0x00, 0x00, 0x00, 0x00, 0x3f, 0x3f, 
	0x3f, 0x3f, 0x00, 0x00, 0x00, 0x00, 0x00, 0x00, 0x00, 0x00, 0x00, 0x00, 0x00, 0x00, 0x00, 0x00
};
// 'server', 32x32px
const unsigned char fas_32x32_fa_server [] PROGMEM = {
	0xf8, 0xfc, 0xfc, 0xfc, 0xfc, 0xfc, 0xfc, 0xfc, 0xfc, 0xfc, 0xfc, 0xfc, 0xfc, 0xfc, 0xfc, 0xfc, 
	0xfc, 0xfc, 0xfc, 0xfc, 0xfc, 0xfc, 0x9c, 0x9c, 0xfc, 0xfc, 0x9c, 0x9c, 0xfc, 0xfc, 0xfc, 0xf8, 
	0xe1, 0xf3, 0xf3, 0xf3, 0xf3, 0xf3, 0xf3, 0xf3, 0xf3, 0xf3, 0xf3, 0xf3, 0xf3, 0xf3, 0xf3, 0xf3, 
	0xf3, 0xf3, 0xf3, 0xf3, 0xf3, 0xf3, 0x73, 0x73, 0xf3, 0xf3, 0x73, 0x73, 0xf3, 0xf3, 0xf3, 0xe1, 
	0x87, 0xcf, 0xcf, 0xcf, 0xcf, 0xcf, 0xcf, 0xcf, 0xcf, 0xcf, 0xcf, 0xcf, 0xcf, 0xcf, 0xcf, 0xcf, 
	0xcf, 0xcf, 0xcf, 0xcf, 0xcf, 0xcf, 0xce, 0xce, 0xcf, 0xcf, 0xce, 0xce, 0xcf, 0xcf, 0xcf, 0x87, 
	0x1f, 0x3f, 0x3f, 0x3f, 0x3f, 0x3f, 0x3f, 0x3f, 0x3f, 0x3f, 0x3f, 0x3f, 0x3f, 0x3f, 0x3f, 0x3f, 
	0x3f, 0x3f, 0x3f, 0x3f, 0x3f, 0x3f, 0x39, 0x39, 0x3f, 0x3f, 0x39, 0x39, 0x3f, 0x3f, 0x3f, 0x1f
};
// 'shapes', 32x32px
const unsigned char fas_32x32_fa_shapes [] PROGMEM = {
	0x00, 0x00, 0x00, 0x00, 0x00, 0x00, 0x00, 0x00, 0x00, 0x00, 0x00, 0x00, 0x00, 0x00, 0x00, 0x00, 
	0x00, 0x80, 0xe0, 0xf0, 0xfc, 0xff, 0xff, 0xff, 0xff, 0xfc, 0xf0, 0xe0, 0x80, 0x00, 0x00, 0x00, 
	0x00, 0x00, 0x00, 0x00, 0x00, 0x00, 0x00, 0x00, 0x00, 0x00, 0x00, 0x00, 0x00, 0x00, 0x70, 0xfc, 
	0xfe, 0xff, 0xff, 0xff, 0xff, 0xff, 0xff, 0xff, 0xff, 0xff, 0xff, 0xff, 0xff, 0xfe, 0xfc, 0x70, 
	0xe0, 0xf8, 0xfc, 0xfe, 0xfe, 0xff, 0xff, 0xff, 0xff, 0xff, 0xff, 0xfe, 0xfe, 0xfc, 0xf8, 0xe0, 
	0x00, 0x00, 0xf8, 0xfc, 0xfc, 0xfc, 0xfc, 0xfc, 0xfc, 0xfc, 0xfc, 0xfc, 0xfc, 0xfc, 0xfc, 0xf8, 
	0x07, 0x1f, 0x3f, 0x7f, 0x7f, 0xff, 0xff, 0xff, 0xff, 0xff, 0xff, 0x7f, 0x7f, 0x3f, 0x1f, 0x07, 
	0x00, 0x00, 0x7f, 0xff, 0xff, 0xff, 0xff, 0xff, 0xff, 0xff, 0xff, 0xff, 0xff, 0xff, 0xff, 0xff
};
// 'share', 32x32px
const unsigned char fas_32x32_fa_share [] PROGMEM = {
	0x00, 0x00, 0x00, 0x00, 0x00, 0x00, 0x00, 0x00, 0x00, 0x00, 0x00, 0x00, 0x00, 0x00, 0x00, 0x00, 
	0x00, 0x00, 0xfc, 0xfc, 0xfc, 0xf8, 0xf0, 0xe0, 0xc0, 0x80, 0x00, 0x00, 0x00, 0x00, 0x00, 0x00, 
	0x00, 0xc0, 0xe0, 0xf0, 0xf8, 0xf8, 0xfc, 0xfc, 0xfc, 0xfe, 0xfe, 0xfe, 0xfe, 0xfe, 0xfe, 0xfe, 
	0xfe, 0xff, 0xff, 0xff, 0xff, 0xff, 0xff, 0xff, 0xff, 0xff, 0xff, 0xff, 0xfe, 0xfc, 0x78, 0x30, 
	0xff, 0xff, 0xff, 0xff, 0xff, 0xff, 0x3f, 0x0f, 0x07, 0x03, 0x03, 0x03, 0x03, 0x01, 0x01, 0x01, 
	0x01, 0x01, 0xff, 0xff, 0xff, 0x7f, 0x3f, 0x1f, 0x0f, 0x07, 0x03, 0x03, 0x01, 0x00, 0x00, 0x00, 
	0x00, 0x03, 0x07, 0x0f, 0x1f, 0x3f, 0x38, 0x00, 0x00, 0x00, 0x00, 0x00, 0x00, 0x00, 0x00, 0x00, 
	0x00, 0x00, 0x00, 0x00, 0x00, 0x00, 0x00, 0x00, 0x00, 0x00, 0x00, 0x00, 0x00, 0x00, 0x00, 0x00
};
// 'share-alt', 32x32px
const unsigned char fas_32x32_fa_share_alt [] PROGMEM = {
	0x00, 0x00, 0x00, 0x00, 0x00, 0x00, 0x00, 0x00, 0x00, 0x00, 0x00, 0x00, 0x00, 0x00, 0x00, 0x00, 
	0x00, 0x00, 0xf0, 0xfc, 0xfe, 0xff, 0xff, 0xff, 0xff, 0xff, 0xff, 0xfe, 0xfc, 0xf8, 0x00, 0x00, 
	0x00, 0x00, 0xe0, 0xf0, 0xf8, 0xf8, 0xfc, 0xfc, 0xfc, 0xfc, 0xf8, 0xf8, 0xf8, 0xfc, 0x3c, 0x3e, 
	0x1f, 0x0f, 0x0f, 0x07, 0x07, 0x07, 0x0f, 0x0f, 0x0f, 0x0f, 0x07, 0x07, 0x03, 0x01, 0x00, 0x00, 
	0x00, 0x00, 0x07, 0x0f, 0x1f, 0x1f, 0x3f, 0x3f, 0x3f, 0x3f, 0x1f, 0x1f, 0x1f, 0x3f, 0x3c, 0x7c, 
	0xf8, 0xf0, 0xf0, 0xe0, 0xe0, 0xe0, 0xf0, 0xf0, 0xf0, 0xf0, 0xe0, 0xe0, 0xc0, 0x80, 0x00, 0x00, 
	0x00, 0x00, 0x00, 0x00, 0x00, 0x00, 0x00, 0x00, 0x00, 0x00, 0x00, 0x00, 0x00, 0x00, 0x00, 0x00, 
	0x00, 0x00, 0x0f, 0x3f, 0x7f, 0xff, 0xff, 0xff, 0xff, 0xff, 0xff, 0x7f, 0x3f, 0x1f, 0x00, 0x00
};
// 'share-alt-square', 32x32px
const unsigned char fas_32x32_fa_share_alt_square [] PROGMEM = {
	0x00, 0x00, 0xf8, 0xfc, 0xfc, 0xfc, 0xfc, 0xfc, 0xfc, 0xfc, 0xfc, 0xfc, 0xfc, 0xfc, 0xfc, 0xfc, 
	0xfc, 0xfc, 0xfc, 0x7c, 0x7c, 0x7c, 0x7c, 0xfc, 0xfc, 0xfc, 0xfc, 0xfc, 0xfc, 0xf8, 0x00, 0x00, 
	0x00, 0x00, 0xff, 0xff, 0xff, 0xff, 0xff, 0xff, 0x3f, 0x1f, 0x1f, 0x1f, 0x1f, 0x1f, 0x9f, 0xcf, 
	0xcf, 0xe7, 0xe0, 0xe0, 0xe0, 0xe0, 0xe0, 0xf0, 0xff, 0xff, 0xff, 0xff, 0xff, 0xff, 0x00, 0x00, 
	0x00, 0x00, 0xff, 0xff, 0xff, 0xff, 0xff, 0xff, 0xfc, 0xf8, 0xf8, 0xf8, 0xf8, 0xf8, 0xf9, 0xf3, 
	0xf3, 0xe7, 0x07, 0x07, 0x07, 0x07, 0x07, 0x0f, 0xff, 0xff, 0xff, 0xff, 0xff, 0xff, 0x00, 0x00, 
	0x00, 0x00, 0x1f, 0x3f, 0x3f, 0x3f, 0x3f, 0x3f, 0x3f, 0x3f, 0x3f, 0x3f, 0x3f, 0x3f, 0x3f, 0x3f, 
	0x3f, 0x3f, 0x3f, 0x3e, 0x3e, 0x3e, 0x3e, 0x3f, 0x3f, 0x3f, 0x3f, 0x3f, 0x3f, 0x1f, 0x00, 0x00
};
// 'share-square', 32x32px
const unsigned char fas_32x32_fa_share_square [] PROGMEM = {
	0xc0, 0xc0, 0xc0, 0xe0, 0xe0, 0xe0, 0xe0, 0xe0, 0xe0, 0x40, 0x00, 0x00, 0x00, 0x00, 0x00, 0x00, 
	0x80, 0x80, 0x80, 0x80, 0x80, 0xf8, 0xfc, 0xfc, 0xf8, 0xf0, 0xe0, 0xc0, 0x80, 0x00, 0x00, 0x00, 
	0xff, 0xff, 0xff, 0xff, 0x01, 0x01, 0x01, 0xf0, 0xf8, 0xfc, 0xfe, 0xfe, 0xff, 0xff, 0x7f, 0x7f, 
	0x7f, 0x7f, 0x3f, 0x3f, 0x3f, 0xff, 0xff, 0xff, 0xff, 0xff, 0xff, 0xff, 0x7f, 0x3f, 0x1e, 0x0c, 
	0xff, 0xff, 0xff, 0xff, 0x00, 0x00, 0x00, 0x0f, 0x3f, 0x7f, 0xff, 0xff, 0x01, 0x00, 0x00, 0x00, 
	0x00, 0x00, 0x00, 0x00, 0x00, 0xc7, 0xc7, 0xc7, 0xc3, 0x01, 0x00, 0x00, 0x00, 0x00, 0x00, 0x00, 
	0x1f, 0x3f, 0x3f, 0x3f, 0x3c, 0x3c, 0x3c, 0x3c, 0x3c, 0x3c, 0x3c, 0x3d, 0x3c, 0x3c, 0x3c, 0x3c, 
	0x3c, 0x3c, 0x3c, 0x3c, 0x3c, 0x3f, 0x3f, 0x3f, 0x1f, 0x00, 0x00, 0x00, 0x00, 0x00, 0x00, 0x00
};
// 'shekel-sign', 32x32px
const unsigned char fas_32x32_fa_shekel_sign [] PROGMEM = {
	0x00, 0x00, 0xfc, 0xfc, 0xfc, 0xfc, 0xfc, 0x7c, 0x7c, 0x7c, 0x7c, 0x7c, 0x7c, 0x7c, 0x7c, 0x7c, 
	0xfc, 0xf8, 0xf8, 0xf0, 0xe0, 0xc0, 0x00, 0x00, 0x00, 0xfc, 0xfc, 0xfc, 0xfc, 0xfc, 0x00, 0x00, 
	0x00, 0x00, 0xff, 0xff, 0xff, 0xff, 0xff, 0x00, 0x00, 0xf8, 0xfc, 0xfc, 0xfc, 0xfc, 0xf8, 0x00, 
	0x00, 0xff, 0xff, 0xff, 0xff, 0xff, 0xfc, 0x00, 0x00, 0xff, 0xff, 0xff, 0xff, 0xff, 0x00, 0x00, 
	0x00, 0x00, 0xff, 0xff, 0xff, 0xff, 0xff, 0x00, 0x00, 0xff, 0xff, 0xff, 0xff, 0xff, 0xff, 0x00, 
	0x00, 0x1f, 0x3f, 0x3f, 0x3f, 0x3f, 0x1f, 0x00, 0x80, 0xff, 0xff, 0xff, 0xff, 0xff, 0x00, 0x00, 
	0x00, 0x00, 0x3f, 0x3f, 0x3f, 0x3f, 0x3f, 0x00, 0x00, 0x0f, 0x3f, 0x3f, 0x3f, 0x3f, 0x3f, 0x3e, 
	0x3e, 0x3e, 0x3e, 0x3e, 0x3e, 0x3e, 0x3e, 0x3f, 0x1f, 0x1f, 0x0f, 0x0f, 0x03, 0x01, 0x00, 0x00
};
// 'shield-alt', 32x32px
const unsigned char fas_32x32_fa_shield_alt [] PROGMEM = {
	0x00, 0xc0, 0xe0, 0xe0, 0xf0, 0xf0, 0xf0, 0xf8, 0xf8, 0xfc, 0xfc, 0xfc, 0xfe, 0xfe, 0xff, 0xff, 
	0x0f, 0x1f, 0x1e, 0x3e, 0x3c, 0x3c, 0x7c, 0x78, 0xf8, 0xf0, 0xf0, 0xf0, 0xe0, 0xe0, 0xc0, 0x00, 
	0x00, 0x3f, 0xff, 0xff, 0xff, 0xff, 0xff, 0xff, 0xff, 0xff, 0xff, 0xff, 0xff, 0xff, 0xff, 0xff, 
	0x00, 0x00, 0x00, 0x00, 0x00, 0x00, 0x00, 0x00, 0x00, 0x00, 0xe1, 0xff, 0xff, 0xff, 0x3f, 0x00, 
	0x00, 0x00, 0x03, 0x0f, 0x3f, 0xff, 0xff, 0xff, 0xff, 0xff, 0xff, 0xff, 0xff, 0xff, 0xff, 0xff, 
	0x00, 0x00, 0x00, 0x00, 0x00, 0x00, 0xc0, 0xe0, 0xf8, 0xfe, 0xff, 0x3f, 0x0f, 0x03, 0x00, 0x00, 
	0x00, 0x00, 0x00, 0x00, 0x00, 0x00, 0x01, 0x03, 0x07, 0x0f, 0x1f, 0x3f, 0x7f, 0x7f, 0xff, 0xff, 
	0xf8, 0xf8, 0x7c, 0x7c, 0x3e, 0x1f, 0x0f, 0x07, 0x03, 0x01, 0x00, 0x00, 0x00, 0x00, 0x00, 0x00
};
// 'shield-virus', 32x32px
const unsigned char fas_32x32_fa_shield_virus [] PROGMEM = {
	0x00, 0xc0, 0xe0, 0xe0, 0xf0, 0xf0, 0xf0, 0xf8, 0xf8, 0xfc, 0xfc, 0xfc, 0xfe, 0xfe, 0xff, 0x3f, 
	0x3f, 0xff, 0xfe, 0xfe, 0xfc, 0xfc, 0xfc, 0xf8, 0xf8, 0xf0, 0xf0, 0xf0, 0xe0, 0xe0, 0xc0, 0x00, 
	0x00, 0x3f, 0xff, 0xff, 0xff, 0xff, 0xff, 0x3f, 0x3f, 0x3d, 0x18, 0x01, 0x03, 0x33, 0x31, 0x00, 
	0x00, 0x01, 0x03, 0x03, 0x01, 0x18, 0x3d, 0x3f, 0x3f, 0xff, 0xff, 0xff, 0xff, 0xff, 0x3f, 0x00, 
	0x00, 0x00, 0x03, 0x0f, 0x3f, 0xff, 0xff, 0xff, 0xff, 0xef, 0xc6, 0xe0, 0xf0, 0xf0, 0xe0, 0x00, 
	0x00, 0xe3, 0xf3, 0xf0, 0xe0, 0xc6, 0xef, 0xff, 0xff, 0xff, 0xff, 0x3f, 0x0f, 0x03, 0x00, 0x00, 
	0x00, 0x00, 0x00, 0x00, 0x00, 0x00, 0x01, 0x03, 0x07, 0x0f, 0x1f, 0x3f, 0x7f, 0x7f, 0xff, 0xff, 
	0xff, 0xff, 0x7f, 0x7f, 0x3f, 0x1f, 0x0f, 0x07, 0x03, 0x01, 0x00, 0x00, 0x00, 0x00, 0x00, 0x00
};
// 'ship', 32x32px
const unsigned char fas_32x32_fa_ship [] PROGMEM = {
	0x00, 0x00, 0x00, 0x00, 0x00, 0x00, 0x80, 0xc0, 0xc0, 0xc0, 0xc0, 0xf8, 0xf8, 0xf8, 0xf8, 0xf8, 
	0xf8, 0xf8, 0xf8, 0xf8, 0xf8, 0xc0, 0xc0, 0xc0, 0xc0, 0x80, 0x00, 0x00, 0x00, 0x00, 0x00, 0x00, 
	0x00, 0x00, 0x00, 0x00, 0x00, 0x80, 0xff, 0xff, 0xff, 0xff, 0xc3, 0xe3, 0xe3, 0xe3, 0xf3, 0xf3, 
	0xf3, 0xf3, 0xe3, 0xe3, 0xe3, 0xc3, 0xff, 0xff, 0xff, 0xff, 0x80, 0x00, 0x00, 0x00, 0x00, 0x00, 
	0x00, 0x00, 0x00, 0x03, 0x07, 0x0f, 0x9f, 0xff, 0xff, 0xff, 0xff, 0xff, 0xff, 0xff, 0xff, 0xff, 
	0xff, 0xff, 0xff, 0xff, 0xff, 0xff, 0xff, 0xff, 0xff, 0x9f, 0x0f, 0x07, 0x03, 0x00, 0x00, 0x00, 
	0x1c, 0x1c, 0x1c, 0x1e, 0x1e, 0x0f, 0x0f, 0x07, 0x07, 0x0f, 0x0f, 0x1f, 0x1f, 0x1f, 0x1f, 0x1f, 
	0x1f, 0x1f, 0x1f, 0x1f, 0x1f, 0x0f, 0x0f, 0x07, 0x07, 0x0f, 0x0f, 0x1e, 0x1e, 0x1c, 0x1c, 0x1c
};
// 'shipping-fast', 32x32px
const unsigned char fas_32x32_fa_shipping_fast [] PROGMEM = {
	0x00, 0x00, 0x00, 0xf0, 0xf8, 0xf8, 0xf8, 0xf8, 0xf8, 0xf8, 0xf8, 0xf8, 0xf8, 0xf8, 0xf8, 0xf8, 
	0xf8, 0xf8, 0xf8, 0xf8, 0xf0, 0x00, 0x00, 0x00, 0x00, 0x00, 0x00, 0x00, 0x00, 0x00, 0x00, 0x00, 
	0xc1, 0xc3, 0xdb, 0xdb, 0xdb, 0xdb, 0xdb, 0xdb, 0xdb, 0xdb, 0xdb, 0xdb, 0xdb, 0xfb, 0xff, 0xff, 
	0xff, 0xff, 0xff, 0xff, 0xff, 0x03, 0x03, 0x07, 0x0f, 0x1e, 0x3c, 0x78, 0xf0, 0xe0, 0x00, 0x00, 
	0x00, 0x00, 0x00, 0xfc, 0xfc, 0xfc, 0x3c, 0x3c, 0x3c, 0x3c, 0xfc, 0xff, 0xff, 0xff, 0xff, 0xff, 
	0xff, 0xff, 0xff, 0xff, 0xff, 0xff, 0x3f, 0x3f, 0x3f, 0x3f, 0xff, 0xff, 0xff, 0xff, 0xf0, 0xe0, 
	0x00, 0x00, 0x00, 0x03, 0x07, 0x0f, 0x1c, 0x1c, 0x1c, 0x1c, 0x0f, 0x07, 0x03, 0x00, 0x00, 0x00, 
	0x00, 0x00, 0x00, 0x03, 0x07, 0x0f, 0x1c, 0x1c, 0x1c, 0x1c, 0x0f, 0x07, 0x03, 0x00, 0x00, 0x00
};
// 'shoe-prints', 32x32px
const unsigned char fas_32x32_fa_shoe_prints [] PROGMEM = {
	0x00, 0x00, 0x00, 0x00, 0x00, 0x00, 0x80, 0xe0, 0xe0, 0xe0, 0xe0, 0x00, 0x00, 0xf0, 0xf0, 0xf0, 
	0xf8, 0xf8, 0xf8, 0xf8, 0xf8, 0xf8, 0xf8, 0xf8, 0xf8, 0xf8, 0xf0, 0xf0, 0xe0, 0xe0, 0xc0, 0x80, 
	0x00, 0x00, 0x00, 0x00, 0x00, 0x00, 0x01, 0x03, 0x07, 0x07, 0x07, 0x00, 0x00, 0x07, 0x07, 0x07, 
	0x0f, 0x0f, 0x1f, 0x3f, 0x3f, 0x3f, 0x3f, 0x3f, 0x3f, 0x3f, 0x3f, 0x3f, 0x3f, 0x1f, 0x0f, 0x07, 
	0xc0, 0xe0, 0xe0, 0xe0, 0xe0, 0x00, 0xe0, 0xe0, 0xe0, 0xf0, 0xf0, 0xf8, 0xf8, 0xfc, 0xfc, 0xfc, 
	0xfc, 0xfc, 0xfc, 0xfc, 0xfc, 0xfc, 0xf8, 0xf8, 0xf0, 0x40, 0x00, 0x00, 0x00, 0x00, 0x00, 0x00, 
	0x03, 0x07, 0x07, 0x07, 0x07, 0x00, 0x07, 0x0f, 0x0f, 0x0f, 0x1f, 0x1f, 0x1f, 0x1f, 0x1f, 0x1f, 
	0x1f, 0x1f, 0x1f, 0x0f, 0x0f, 0x0f, 0x07, 0x03, 0x01, 0x00, 0x00, 0x00, 0x00, 0x00, 0x00, 0x00
};
// 'shopping-bag', 32x32px
const unsigned char fas_32x32_fa_shopping_bag [] PROGMEM = {
	0x00, 0x00, 0x00, 0x00, 0x00, 0x00, 0x00, 0x00, 0xe0, 0xf8, 0xfc, 0xfe, 0x3e, 0x1f, 0x0f, 0x0f, 
	0x0f, 0x0f, 0x1f, 0x3e, 0xfe, 0xfc, 0xf8, 0xe0, 0x00, 0x00, 0x00, 0x00, 0x00, 0x00, 0x00, 0x00, 
	0x00, 0x00, 0xfc, 0xfc, 0xfc, 0xfc, 0xfc, 0xfc, 0xff, 0x9f, 0x9f, 0xff, 0xfc, 0xfc, 0xfc, 0xfc, 
	0xfc, 0xfc, 0xfc, 0xfc, 0xff, 0x9f, 0x9f, 0xff, 0xfc, 0xfc, 0xfc, 0xfc, 0xfc, 0xfc, 0x00, 0x00, 
	0x00, 0x00, 0xff, 0xff, 0xff, 0xff, 0xff, 0xff, 0xff, 0xff, 0xff, 0xff, 0xff, 0xff, 0xff, 0xff, 
	0xff, 0xff, 0xff, 0xff, 0xff, 0xff, 0xff, 0xff, 0xff, 0xff, 0xff, 0xff, 0xff, 0xff, 0x00, 0x00, 
	0x00, 0x00, 0x1f, 0x7f, 0x7f, 0xff, 0xff, 0xff, 0xff, 0xff, 0xff, 0xff, 0xff, 0xff, 0xff, 0xff, 
	0xff, 0xff, 0xff, 0xff, 0xff, 0xff, 0xff, 0xff, 0xff, 0xff, 0xff, 0x7f, 0x7f, 0x1f, 0x00, 0x00
};
// 'shopping-basket', 32x32px
const unsigned char fas_32x32_fa_shopping_basket [] PROGMEM = {
	0x00, 0x00, 0x00, 0x00, 0x00, 0x00, 0x00, 0x00, 0x00, 0xc0, 0xe0, 0xf0, 0xf0, 0x70, 0x00, 0x00, 
	0x00, 0x00, 0x70, 0xf0, 0xf0, 0xe0, 0xc0, 0x00, 0x00, 0x00, 0x00, 0x00, 0x00, 0x00, 0x00, 0x00, 
	0xe0, 0xe0, 0xf0, 0xf0, 0xf0, 0xf0, 0xf8, 0xfe, 0xff, 0xff, 0xf7, 0xf3, 0xf0, 0xf0, 0xf0, 0xf0, 
	0xf0, 0xf0, 0xf0, 0xf0, 0xf3, 0xf7, 0xff, 0xff, 0xfe, 0xf8, 0xf0, 0xf0, 0xf0, 0xf0, 0xe0, 0xe0, 
	0x00, 0x00, 0x1f, 0xff, 0xff, 0xff, 0xff, 0xff, 0x81, 0x00, 0x00, 0xff, 0xff, 0xff, 0xff, 0x00, 
	0x00, 0xff, 0xff, 0xff, 0xff, 0x00, 0x00, 0x81, 0xff, 0xff, 0xff, 0xff, 0xff, 0x1f, 0x00, 0x00, 
	0x00, 0x00, 0x00, 0x07, 0x0f, 0x0f, 0x0f, 0x0f, 0x0f, 0x0e, 0x0f, 0x0f, 0x0f, 0x0f, 0x0f, 0x0e, 
	0x0e, 0x0f, 0x0f, 0x0f, 0x0f, 0x0f, 0x0e, 0x0f, 0x0f, 0x0f, 0x0f, 0x0f, 0x07, 0x00, 0x00, 0x00
};
// 'shopping-cart', 32x32px
const unsigned char fas_32x32_fa_shopping_cart [] PROGMEM = {
	0x1c, 0x1c, 0x3c, 0x3c, 0x3c, 0x7c, 0xfc, 0xfc, 0xf0, 0xe0, 0xe0, 0xe0, 0xe0, 0xe0, 0xe0, 0xe0, 
	0xe0, 0xe0, 0xe0, 0xe0, 0xe0, 0xe0, 0xe0, 0xe0, 0xe0, 0xe0, 0xe0, 0xe0, 0xe0, 0xe0, 0xc0, 0xc0, 
	0x00, 0x00, 0x00, 0x00, 0x00, 0x00, 0x0f, 0xff, 0xff, 0xff, 0xff, 0xff, 0xff, 0xff, 0xff, 0xff, 
	0xff, 0xff, 0xff, 0xff, 0xff, 0xff, 0xff, 0xff, 0xff, 0xff, 0xff, 0xff, 0xff, 0xff, 0x3f, 0x03, 
	0x00, 0x00, 0x00, 0x00, 0x00, 0x00, 0x00, 0x01, 0x1f, 0xff, 0xff, 0xff, 0xef, 0xef, 0xef, 0xef, 
	0xef, 0xef, 0xef, 0xef, 0xef, 0xef, 0xef, 0xef, 0xef, 0xef, 0xef, 0xef, 0x07, 0x03, 0x00, 0x00, 
	0x00, 0x00, 0x00, 0x00, 0x00, 0x00, 0x00, 0x00, 0x1e, 0x3f, 0x3f, 0x3f, 0x1f, 0x0d, 0x01, 0x01, 
	0x01, 0x01, 0x01, 0x01, 0x01, 0x01, 0x01, 0x01, 0x1f, 0x3f, 0x3f, 0x3f, 0x1f, 0x0c, 0x00, 0x00
};
// 'shower', 32x32px
const unsigned char fas_32x32_fa_shower [] PROGMEM = {
	0x80, 0xe0, 0xf0, 0xf8, 0xf8, 0x7c, 0x3c, 0x3c, 0x3c, 0x7c, 0xf8, 0xf8, 0xf0, 0xf0, 0xf0, 0xf0, 
	0xf0, 0xf0, 0xf0, 0xf0, 0xe0, 0xc0, 0xe0, 0xc0, 0x80, 0x00, 0x00, 0x00, 0x00, 0x00, 0x00, 0x00, 
	0xff, 0xff, 0xff, 0xff, 0x00, 0x00, 0x00, 0x00, 0x00, 0x00, 0x3f, 0x7f, 0xff, 0xff, 0xff, 0xff, 
	0xff, 0x7f, 0x3f, 0x1f, 0xcf, 0xc7, 0x33, 0x31, 0xc0, 0xc0, 0x30, 0x30, 0xc0, 0xc0, 0x30, 0x30, 
	0xff, 0xff, 0xff, 0xff, 0x00, 0x00, 0x00, 0x00, 0x00, 0x00, 0x00, 0x01, 0x03, 0x07, 0x03, 0x01, 
	0x00, 0x00, 0x33, 0x33, 0xcc, 0xcc, 0x33, 0x33, 0x0c, 0x0c, 0x03, 0x03, 0x00, 0x00, 0x00, 0x00, 
	0x3f, 0x3f, 0x3f, 0x3f, 0x00, 0x00, 0x00, 0x00, 0x00, 0x00, 0x00, 0x00, 0x00, 0x00, 0x00, 0x00, 
	0x00, 0x00, 0x03, 0x03, 0x00, 0x00, 0x00, 0x00, 0x00, 0x00, 0x00, 0x00, 0x00, 0x00, 0x00, 0x00
};
// 'shuttle-van', 32x32px
const unsigned char fas_32x32_fa_shuttle_van [] PROGMEM = {
	0xe0, 0xe0, 0xe0, 0xe0, 0xe0, 0xe0, 0xe0, 0xe0, 0xe0, 0xe0, 0xe0, 0xe0, 0xe0, 0xe0, 0xe0, 0xe0, 
	0xe0, 0xe0, 0xe0, 0xe0, 0xe0, 0xe0, 0xe0, 0xe0, 0xe0, 0xc0, 0x00, 0x00, 0x00, 0x00, 0x00, 0x00, 
	0xff, 0xff, 0xff, 0xe0, 0xe0, 0xe0, 0xe0, 0xe0, 0xff, 0xff, 0xff, 0xe0, 0xe0, 0xe0, 0xe0, 0xe0, 
	0xff, 0xff, 0xff, 0xe0, 0xe0, 0xe0, 0xe0, 0xe1, 0xe3, 0xef, 0xff, 0xfe, 0xfc, 0xf8, 0xf0, 0xc0, 
	0x3f, 0x3f, 0x7f, 0xff, 0xff, 0xff, 0x1f, 0x0f, 0x0f, 0x1f, 0xff, 0xff, 0xff, 0x7f, 0x7f, 0x7f, 
	0x7f, 0x7f, 0x7f, 0xff, 0xff, 0xff, 0x1f, 0x0f, 0x0f, 0x1f, 0xff, 0xff, 0xff, 0x7f, 0x3f, 0x3f, 
	0x00, 0x00, 0x00, 0x00, 0x03, 0x07, 0x07, 0x06, 0x06, 0x07, 0x07, 0x03, 0x00, 0x00, 0x00, 0x00, 
	0x00, 0x00, 0x00, 0x00, 0x03, 0x07, 0x07, 0x06, 0x06, 0x07, 0x07, 0x03, 0x00, 0x00, 0x00, 0x00
};
// 'sign', 32x32px
const unsigned char fas_32x32_fa_sign [] PROGMEM = {
	0xf0, 0xf0, 0xf0, 0xf0, 0xff, 0xff, 0xff, 0xff, 0xf0, 0xf0, 0xf0, 0xf0, 0xf0, 0xf0, 0xf0, 0xf0, 
	0xf0, 0xf0, 0xf0, 0xf0, 0xf0, 0xf0, 0xf0, 0xf0, 0xf0, 0xf0, 0xf0, 0xf0, 0xf0, 0xf0, 0xf0, 0xf0, 
	0x00, 0x00, 0x00, 0x00, 0xff, 0xff, 0xff, 0xff, 0x00, 0x00, 0xfc, 0xfc, 0xfc, 0xfc, 0xfc, 0xfc, 
	0xfc, 0xfc, 0xfc, 0xfc, 0xfc, 0xfc, 0xfc, 0xfc, 0xfc, 0xfc, 0xfc, 0xfc, 0xfc, 0xfc, 0x00, 0x00, 
	0x00, 0x00, 0x00, 0x00, 0xff, 0xff, 0xff, 0xff, 0x00, 0x00, 0xff, 0xff, 0xff, 0xff, 0xff, 0xff, 
	0xff, 0xff, 0xff, 0xff, 0xff, 0xff, 0xff, 0xff, 0xff, 0xff, 0xff, 0xff, 0xff, 0xff, 0x00, 0x00, 
	0x00, 0x00, 0x00, 0x00, 0xff, 0xff, 0xff, 0xff, 0x00, 0x00, 0x00, 0x00, 0x00, 0x00, 0x00, 0x00, 
	0x00, 0x00, 0x00, 0x00, 0x00, 0x00, 0x00, 0x00, 0x00, 0x00, 0x00, 0x00, 0x00, 0x00, 0x00, 0x00
};
// 'signal', 32x32px
const unsigned char fas_32x32_fa_signal [] PROGMEM = {
	0x00, 0x00, 0x00, 0x00, 0x00, 0x00, 0x00, 0x00, 0x00, 0x00, 0x00, 0x00, 0x00, 0x00, 0x00, 0x00, 
	0x00, 0x00, 0x00, 0x00, 0x00, 0x00, 0x00, 0x00, 0x00, 0x00, 0x00, 0xf8, 0xf8, 0xf8, 0xf8, 0x00, 
	0x00, 0x00, 0x00, 0x00, 0x00, 0x00, 0x00, 0x00, 0x00, 0x00, 0x00, 0x00, 0x00, 0x00, 0xe0, 0xe0, 
	0xe0, 0xe0, 0x00, 0x00, 0xff, 0xff, 0xff, 0xff, 0x00, 0x00, 0x00, 0xff, 0xff, 0xff, 0xff, 0x00, 
	0x00, 0x80, 0xc0, 0xc0, 0x80, 0x00, 0x00, 0x00, 0xfc, 0xfc, 0xfc, 0xfc, 0x00, 0x00, 0xff, 0xff, 
	0xff, 0xff, 0x00, 0x00, 0xff, 0xff, 0xff, 0xff, 0x00, 0x00, 0x00, 0xff, 0xff, 0xff, 0xff, 0x00, 
	0x00, 0x1f, 0x1f, 0x1f, 0x1f, 0x00, 0x00, 0x00, 0x1f, 0x1f, 0x1f, 0x1f, 0x00, 0x00, 0x1f, 0x1f, 
	0x1f, 0x1f, 0x00, 0x00, 0x1f, 0x1f, 0x1f, 0x1f, 0x00, 0x00, 0x00, 0x1f, 0x1f, 0x1f, 0x1f, 0x00
};
// 'signature', 32x32px
const unsigned char fas_32x32_fa_signature [] PROGMEM = {
	0x00, 0x00, 0x80, 0x80, 0xc0, 0xc0, 0xc0, 0x80, 0x80, 0x00, 0x00, 0x00, 0x00, 0x00, 0x00, 0x00, 
	0x00, 0x00, 0x00, 0x00, 0x00, 0x00, 0x00, 0x00, 0x00, 0x00, 0x00, 0x00, 0x00, 0x00, 0x00, 0x00, 
	0x06, 0x0f, 0x07, 0x07, 0x03, 0xc3, 0xfb, 0xff, 0x7f, 0x1e, 0x80, 0xc0, 0xe0, 0xf0, 0xf0, 0xf8, 
	0xf8, 0xf0, 0x00, 0x00, 0x00, 0x00, 0x00, 0x00, 0x00, 0x80, 0xc0, 0xc0, 0xe0, 0xe0, 0xe0, 0xe0, 
	0x00, 0x00, 0xe0, 0xf8, 0xff, 0xff, 0x7f, 0x3f, 0x1f, 0x0f, 0x07, 0x03, 0x01, 0x01, 0x00, 0x07, 
	0x0f, 0x1f, 0x1e, 0x1c, 0x1e, 0x1e, 0x0e, 0x0f, 0x07, 0x07, 0x03, 0x03, 0x01, 0x01, 0x00, 0x00, 
	0x00, 0x00, 0x03, 0x03, 0x01, 0x00, 0x00, 0x00, 0x00, 0x00, 0x00, 0x00, 0x00, 0x00, 0x00, 0x00, 
	0x00, 0x00, 0x00, 0x00, 0x00, 0x00, 0x00, 0x00, 0x00, 0x00, 0x00, 0x00, 0x00, 0x00, 0x00, 0x00
};
// 'sign-in-alt', 32x32px
const unsigned char fas_32x32_fa_sign_in_alt [] PROGMEM = {
	0x00, 0x00, 0x00, 0x00, 0x00, 0x00, 0x00, 0x00, 0x00, 0x00, 0xe0, 0xe0, 0xe0, 0xc0, 0x80, 0x00, 
	0x00, 0x00, 0x00, 0x00, 0xf0, 0xf0, 0xf0, 0xf0, 0xf0, 0xf0, 0xf0, 0xf0, 0xe0, 0xe0, 0xc0, 0x80, 
	0xf0, 0xf0, 0xf0, 0xf0, 0xf0, 0xf0, 0xf0, 0xf0, 0xf0, 0xf0, 0xff, 0xff, 0xff, 0xff, 0xff, 0xff, 
	0xfe, 0xfc, 0xf8, 0xf0, 0xe0, 0xc0, 0x80, 0x00, 0x00, 0x00, 0x00, 0x01, 0xff, 0xff, 0xff, 0xff, 
	0x1f, 0x1f, 0x1f, 0x1f, 0x1f, 0x1f, 0x1f, 0x1f, 0x1f, 0x1f, 0xff, 0xff, 0xff, 0xff, 0xff, 0xff, 
	0xff, 0x7f, 0x3f, 0x1f, 0x0f, 0x07, 0x03, 0x00, 0x00, 0x00, 0x00, 0x80, 0xff, 0xff, 0xff, 0xff, 
	0x00, 0x00, 0x00, 0x00, 0x00, 0x00, 0x00, 0x00, 0x00, 0x00, 0x0f, 0x0f, 0x0f, 0x07, 0x03, 0x01, 
	0x00, 0x00, 0x00, 0x00, 0x0f, 0x0f, 0x0f, 0x0f, 0x0f, 0x0f, 0x0f, 0x0f, 0x07, 0x07, 0x03, 0x01
};
// 'sign-language', 32x32px
const unsigned char fas_32x32_fa_sign_language [] PROGMEM = {
	0x00, 0x00, 0x00, 0x00, 0x00, 0x00, 0x00, 0x00, 0x00, 0x00, 0x40, 0xe0, 0xec, 0xfe, 0xfe, 0xfc, 
	0xfc, 0xff, 0xff, 0xff, 0xfc, 0xf8, 0xf0, 0xe0, 0x80, 0x00, 0xe0, 0xe0, 0xe0, 0xc0, 0x00, 0x00, 
	0x00, 0x00, 0x00, 0x00, 0x00, 0x00, 0x00, 0x00, 0x00, 0x00, 0x38, 0x7d, 0xff, 0xff, 0xff, 0xff, 
	0xff, 0xff, 0xff, 0xff, 0xff, 0xff, 0xff, 0xff, 0xff, 0xff, 0xff, 0xff, 0xff, 0xff, 0x00, 0x00, 
	0x00, 0x00, 0xe0, 0xe0, 0xfe, 0xfe, 0xfe, 0xfe, 0xfe, 0xfe, 0xfe, 0xfe, 0xff, 0xff, 0xff, 0xff, 
	0xff, 0xff, 0xff, 0xff, 0xff, 0xff, 0xff, 0xff, 0xff, 0x0f, 0x0f, 0x07, 0x03, 0x03, 0x00, 0x00, 
	0x00, 0x00, 0x00, 0x00, 0x0f, 0x0f, 0x0f, 0x0f, 0xff, 0xff, 0xff, 0xff, 0xff, 0xff, 0xff, 0xff, 
	0xff, 0xff, 0xff, 0xff, 0x7f, 0x7f, 0x7f, 0x3f, 0x3f, 0x00, 0x00, 0x00, 0x00, 0x00, 0x00, 0x00
};
// 'sign-out-alt', 32x32px
const unsigned char fas_32x32_fa_sign_out_alt [] PROGMEM = {
	0x80, 0xc0, 0xe0, 0xe0, 0xf0, 0xf0, 0xf0, 0xf0, 0xf0, 0xf0, 0xf0, 0xf0, 0x00, 0x00, 0x00, 0x00, 
	0x00, 0x00, 0xf0, 0xf0, 0xf0, 0xe0, 0xc0, 0x80, 0x00, 0x00, 0x00, 0x00, 0x00, 0x00, 0x00, 0x00, 
	0xff, 0xff, 0xff, 0xff, 0x01, 0x00, 0x00, 0x00, 0xf0, 0xf0, 0xf8, 0xf8, 0xf8, 0xf8, 0xf8, 0xf8, 
	0xf8, 0xf8, 0xff, 0xff, 0xff, 0xff, 0xff, 0xff, 0xff, 0xfe, 0xfc, 0xf8, 0xf0, 0xe0, 0xc0, 0x00, 
	0xff, 0xff, 0xff, 0xff, 0x80, 0x00, 0x00, 0x00, 0x0f, 0x0f, 0x1f, 0x1f, 0x1f, 0x1f, 0x1f, 0x1f, 
	0x1f, 0x1f, 0xff, 0xff, 0xff, 0xff, 0xff, 0xff, 0xff, 0x7f, 0x3f, 0x1f, 0x0f, 0x07, 0x03, 0x00, 
	0x01, 0x03, 0x07, 0x07, 0x0f, 0x0f, 0x0f, 0x0f, 0x0f, 0x0f, 0x0f, 0x0f, 0x00, 0x00, 0x00, 0x00, 
	0x00, 0x00, 0x0f, 0x0f, 0x0f, 0x07, 0x03, 0x01, 0x00, 0x00, 0x00, 0x00, 0x00, 0x00, 0x00, 0x00
};
// 'sim-card', 32x32px
const unsigned char fas_32x32_fa_sim_card [] PROGMEM = {
	0x00, 0x00, 0x00, 0x00, 0xfc, 0xfe, 0xff, 0xff, 0xff, 0xff, 0xff, 0xff, 0xff, 0xff, 0xff, 0xff, 
	0xff, 0xff, 0xff, 0xff, 0xff, 0xfe, 0xfc, 0xf8, 0xf0, 0xe0, 0xc0, 0x80, 0x00, 0x00, 0x00, 0x00, 
	0x00, 0x00, 0x00, 0x00, 0xff, 0xff, 0xff, 0xff, 0x1f, 0x0f, 0x0f, 0x0f, 0xff, 0xff, 0x0f, 0x0f, 
	0x0f, 0x0f, 0xff, 0xff, 0x0f, 0x0f, 0x0f, 0x1f, 0xff, 0xff, 0xff, 0xff, 0x00, 0x00, 0x00, 0x00, 
	0x00, 0x00, 0x00, 0x00, 0xff, 0xff, 0xff, 0xff, 0xc3, 0xc3, 0xc3, 0xc3, 0xc3, 0xc3, 0xc3, 0xc3, 
	0xc3, 0xc3, 0xc3, 0xc3, 0xc3, 0xc3, 0xc3, 0xc3, 0xff, 0xff, 0xff, 0xff, 0x00, 0x00, 0x00, 0x00, 
	0x00, 0x00, 0x00, 0x00, 0x3f, 0x7f, 0xff, 0xff, 0xf8, 0xf0, 0xf0, 0xf0, 0xff, 0xff, 0xf0, 0xf0, 
	0xf0, 0xf0, 0xff, 0xff, 0xf0, 0xf0, 0xf0, 0xf8, 0xff, 0xff, 0x7f, 0x3f, 0x00, 0x00, 0x00, 0x00
};
// 'sink', 32x32px
const unsigned char fas_32x32_fa_sink [] PROGMEM = {
	0x00, 0x00, 0x00, 0x00, 0x00, 0x00, 0x00, 0x00, 0x00, 0x00, 0x00, 0x00, 0x00, 0x00, 0xf0, 0xfc, 
	0xfe, 0xff, 0x1f, 0x0f, 0x0f, 0x1f, 0xff, 0xfe, 0xfc, 0xf0, 0x00, 0x00, 0x00, 0x00, 0x00, 0x00, 
	0x00, 0x00, 0xe0, 0xe0, 0xe0, 0xe0, 0xe0, 0xe0, 0xe0, 0xc0, 0x00, 0x00, 0x00, 0x00, 0xff, 0xff, 
	0xff, 0xff, 0x00, 0x00, 0x00, 0x00, 0xc0, 0xe0, 0xe0, 0xe0, 0xe0, 0xe0, 0xe0, 0xe0, 0x00, 0x00, 
	0x3c, 0x3c, 0x3c, 0x3c, 0x3c, 0x3c, 0x3c, 0x3f, 0x3f, 0x3f, 0x3c, 0x3c, 0x3c, 0x3c, 0x3f, 0x3f, 
	0x3f, 0x3f, 0x3c, 0x3c, 0x3c, 0x3c, 0x3f, 0x3f, 0x3f, 0x3c, 0x3c, 0x3c, 0x3c, 0x3c, 0x3c, 0x3c, 
	0x00, 0x00, 0x0f, 0x3f, 0x7f, 0xff, 0xff, 0xff, 0xff, 0xff, 0xff, 0xff, 0xff, 0xff, 0xff, 0xff, 
	0xff, 0xff, 0xff, 0xff, 0xff, 0xff, 0xff, 0xff, 0xff, 0xff, 0xff, 0x7f, 0x3f, 0x0f, 0x00, 0x00
};
// 'sitemap', 32x32px
const unsigned char fas_32x32_fa_sitemap [] PROGMEM = {
	0x00, 0x00, 0x00, 0x00, 0x00, 0x00, 0x00, 0x00, 0x00, 0x00, 0x00, 0xf0, 0xf8, 0xf8, 0xf8, 0xf8, 
	0xf8, 0xf8, 0xf8, 0xf8, 0xf0, 0x00, 0x00, 0x00, 0x00, 0x00, 0x00, 0x00, 0x00, 0x00, 0x00, 0x00, 
	0x00, 0x00, 0x00, 0x80, 0xc0, 0xc0, 0xc0, 0xc0, 0xc0, 0xc0, 0xc0, 0xc3, 0xc7, 0xc7, 0xc7, 0xff, 
	0xff, 0xc7, 0xc7, 0xc7, 0xc3, 0xc0, 0xc0, 0xc0, 0xc0, 0xc0, 0xc0, 0xc0, 0x80, 0x00, 0x00, 0x00, 
	0xe0, 0xe0, 0xe0, 0xe7, 0xe7, 0xe1, 0xe1, 0xe1, 0x01, 0x01, 0x01, 0x01, 0xe1, 0xe1, 0xe1, 0xe7, 
	0xe7, 0xe1, 0xe1, 0xe1, 0x01, 0x01, 0x01, 0x01, 0xe1, 0xe1, 0xe1, 0xe7, 0xe7, 0xe0, 0xe0, 0xe0, 
	0x1f, 0x1f, 0x1f, 0x1f, 0x1f, 0x1f, 0x1f, 0x1f, 0x00, 0x00, 0x00, 0x00, 0x1f, 0x1f, 0x1f, 0x1f, 
	0x1f, 0x1f, 0x1f, 0x1f, 0x00, 0x00, 0x00, 0x00, 0x1f, 0x1f, 0x1f, 0x1f, 0x1f, 0x1f, 0x1f, 0x1f
};
// 'skating', 32x32px
const unsigned char fas_32x32_fa_skating [] PROGMEM = {
	0x00, 0x00, 0x00, 0x00, 0x00, 0x00, 0x00, 0x00, 0x80, 0xc0, 0xc0, 0xc0, 0xc0, 0xc0, 0xc0, 0xc0, 
	0xc0, 0xc0, 0xc0, 0xc0, 0xc0, 0xc0, 0xc0, 0xc0, 0x9e, 0x3f, 0x3f, 0x3f, 0x3f, 0x1e, 0x00, 0x00, 
	0x00, 0x00, 0x00, 0x00, 0x00, 0x00, 0x00, 0x00, 0x01, 0x03, 0x03, 0x03, 0x03, 0x03, 0xf3, 0xfb, 
	0xff, 0xff, 0xff, 0xff, 0x3f, 0x1f, 0x0f, 0x07, 0x03, 0x00, 0x00, 0x00, 0x00, 0x00, 0x00, 0x00, 
	0x00, 0x00, 0x00, 0x00, 0x00, 0x00, 0x00, 0x80, 0xc0, 0xe0, 0xf0, 0xf8, 0x7c, 0x3c, 0x18, 0x01, 
	0x03, 0x07, 0x0f, 0x1f, 0xfe, 0xfc, 0xf8, 0xf0, 0x00, 0x00, 0x00, 0x00, 0x00, 0x00, 0x00, 0x00, 
	0x00, 0x00, 0x03, 0x07, 0x0e, 0x1c, 0x39, 0x73, 0x67, 0x73, 0x31, 0x00, 0x00, 0x00, 0x00, 0x00, 
	0x00, 0x00, 0xc0, 0xc0, 0xcf, 0xdf, 0xdf, 0xcf, 0xc0, 0xc0, 0xf0, 0x70, 0x00, 0x00, 0x00, 0x00
};
// 'skiing', 32x32px
const unsigned char fas_32x32_fa_skiing [] PROGMEM = {
	0x00, 0x00, 0x00, 0x00, 0x00, 0x00, 0x10, 0x70, 0x70, 0x78, 0x60, 0xc0, 0xc0, 0x80, 0x80, 0xc0, 
	0xc0, 0xc0, 0xe0, 0xe0, 0xe0, 0xe0, 0xe0, 0xc0, 0x9e, 0x3f, 0x3f, 0x3f, 0x3f, 0x1e, 0x00, 0x00, 
	0x00, 0x00, 0x00, 0x00, 0x00, 0x00, 0x00, 0x00, 0x00, 0x00, 0x00, 0x00, 0x18, 0x39, 0x71, 0xf3, 
	0xe3, 0xe7, 0xc7, 0x8f, 0x0f, 0x07, 0x1f, 0x3f, 0x7f, 0x7c, 0xf8, 0xf8, 0xf0, 0x60, 0x00, 0x00, 
	0x07, 0x07, 0x0f, 0x0e, 0x1e, 0x1c, 0x3c, 0x38, 0x78, 0x70, 0xf0, 0xe0, 0xe0, 0xc0, 0xc0, 0xe0, 
	0xf1, 0xff, 0xff, 0x3f, 0x1f, 0x06, 0x00, 0x00, 0x00, 0x00, 0x00, 0x00, 0x00, 0x00, 0x00, 0x00, 
	0x00, 0x00, 0x00, 0x00, 0x00, 0x00, 0x00, 0x00, 0x00, 0x00, 0x00, 0x00, 0x01, 0x01, 0x03, 0x03, 
	0x07, 0x0f, 0x0f, 0x1e, 0x1c, 0x3c, 0x38, 0x78, 0x70, 0xf0, 0xe0, 0xe0, 0xe0, 0xf0, 0x70, 0x70
};
// 'skiing-nordic', 32x32px
const unsigned char fas_32x32_fa_skiing_nordic [] PROGMEM = {
	0x00, 0x00, 0x00, 0x00, 0x00, 0x00, 0x00, 0x00, 0x00, 0x00, 0x00, 0x80, 0x80, 0x80, 0x00, 0x00, 
	0x38, 0x7c, 0x7c, 0x7c, 0x78, 0x00, 0x00, 0x00, 0x00, 0x00, 0x00, 0x00, 0x00, 0x00, 0x00, 0x00, 
	0x00, 0x00, 0x00, 0x00, 0x00, 0x00, 0xcc, 0xfc, 0x1e, 0x1f, 0x0f, 0x07, 0xe7, 0xff, 0xff, 0xff, 
	0xff, 0xfe, 0x7e, 0xfe, 0xfc, 0xf0, 0xc0, 0xc0, 0xc0, 0xc0, 0x80, 0x00, 0x00, 0x00, 0x00, 0x00, 
	0x00, 0x00, 0x00, 0x00, 0x80, 0xfc, 0x7f, 0x03, 0x00, 0xc0, 0xe0, 0xe7, 0xcf, 0x1f, 0x1f, 0x3f, 
	0x3f, 0xf8, 0xf8, 0xf0, 0xe1, 0x03, 0x03, 0xfb, 0xff, 0x03, 0x01, 0x00, 0x00, 0x00, 0x00, 0x00, 
	0x30, 0x38, 0x38, 0x38, 0x3f, 0x3f, 0x38, 0x3c, 0x3f, 0x3f, 0x3f, 0x3b, 0x38, 0x38, 0x38, 0x38, 
	0x3c, 0x3f, 0x3f, 0x3f, 0x3b, 0x38, 0x3c, 0x3f, 0x39, 0x38, 0x38, 0x38, 0x38, 0x3c, 0x1e, 0x0e
};
// 'skull', 32x32px
const unsigned char fas_32x32_fa_skull [] PROGMEM = {
	0x00, 0x00, 0xc0, 0xe0, 0xf0, 0xf8, 0xf8, 0xfc, 0xfc, 0xfe, 0xfe, 0xff, 0xff, 0xff, 0xff, 0xff, 
	0xff, 0xff, 0xff, 0xff, 0xff, 0xfe, 0xfe, 0xfc, 0xfc, 0xf8, 0xf8, 0xf0, 0xe0, 0xc0, 0x00, 0x00, 
	0xfc, 0xff, 0xff, 0xff, 0xff, 0xff, 0x3f, 0x1f, 0x0f, 0x0f, 0x0f, 0x0f, 0x1f, 0x3f, 0xff, 0xff, 
	0xff, 0xff, 0x3f, 0x1f, 0x0f, 0x0f, 0x0f, 0x0f, 0x1f, 0x3f, 0xff, 0xff, 0xff, 0xff, 0xff, 0xfc, 
	0x03, 0x0f, 0x3f, 0x7f, 0xff, 0xff, 0xfc, 0xf8, 0xf0, 0xf0, 0xf0, 0xf0, 0xf8, 0xfc, 0xff, 0xff, 
	0xff, 0xff, 0xfc, 0xf8, 0xf0, 0xf0, 0xf0, 0xf0, 0xf8, 0xfc, 0xff, 0xff, 0x7f, 0x3f, 0x0f, 0x03, 
	0x00, 0x00, 0x00, 0x00, 0x00, 0x01, 0xf3, 0xff, 0xff, 0xff, 0xff, 0xff, 0x0f, 0x0f, 0xff, 0xff, 
	0xff, 0xff, 0x0f, 0x0f, 0xff, 0xff, 0xff, 0xff, 0xff, 0xf3, 0x01, 0x00, 0x00, 0x00, 0x00, 0x00
};
// 'skull-crossbones', 32x32px
const unsigned char fas_32x32_fa_skull_crossbones [] PROGMEM = {
	0x00, 0x00, 0x00, 0x00, 0x00, 0x00, 0x00, 0xe0, 0xf0, 0xfc, 0xfc, 0x7e, 0x7e, 0x7f, 0xff, 0xff, 
	0xff, 0xff, 0x7f, 0x7e, 0x7e, 0xfc, 0xfc, 0xf0, 0xe0, 0x00, 0x00, 0x00, 0x00, 0x00, 0x00, 0x00, 
	0x00, 0x00, 0x00, 0x00, 0x00, 0x00, 0x00, 0x07, 0x0f, 0x3f, 0x3f, 0xf8, 0xf8, 0xf8, 0xff, 0xff, 
	0xff, 0xff, 0xf8, 0xf8, 0xf8, 0x3f, 0x3f, 0x0f, 0x07, 0x00, 0x00, 0x00, 0x00, 0x00, 0x00, 0x00, 
	0x00, 0x00, 0x0e, 0x0f, 0x1f, 0x1e, 0x3e, 0x3c, 0x7c, 0x78, 0xf8, 0xf3, 0xf3, 0xe3, 0xe3, 0xe3, 
	0xe3, 0xe3, 0xe3, 0xf3, 0xf3, 0xf8, 0x78, 0x7c, 0x3c, 0x3e, 0x1e, 0x1f, 0x0f, 0x0e, 0x00, 0x00, 
	0x00, 0x00, 0x70, 0xf0, 0xf8, 0x78, 0x7c, 0x3c, 0x3e, 0x1e, 0x1f, 0x0f, 0x0f, 0x07, 0x07, 0x07, 
	0x07, 0x07, 0x07, 0x0f, 0x0f, 0x1f, 0x1e, 0x3e, 0x3c, 0x7c, 0x78, 0xf8, 0xf0, 0x70, 0x00, 0x00
};
// 'slash', 32x32px
const unsigned char fas_32x32_fa_slash [] PROGMEM = {
	0x30, 0x78, 0xf8, 0xf0, 0xe0, 0xc0, 0xc0, 0x80, 0x00, 0x00, 0x00, 0x00, 0x00, 0x00, 0x00, 0x00, 
	0x00, 0x00, 0x00, 0x00, 0x00, 0x00, 0x00, 0x00, 0x00, 0x00, 0x00, 0x00, 0x00, 0x00, 0x00, 0x00, 
	0x00, 0x00, 0x00, 0x00, 0x01, 0x03, 0x07, 0x07, 0x0f, 0x1e, 0x3c, 0x7c, 0x78, 0xf0, 0xe0, 0xc0, 
	0xc0, 0x80, 0x00, 0x00, 0x00, 0x00, 0x00, 0x00, 0x00, 0x00, 0x00, 0x00, 0x00, 0x00, 0x00, 0x00, 
	0x00, 0x00, 0x00, 0x00, 0x00, 0x00, 0x00, 0x00, 0x00, 0x00, 0x00, 0x00, 0x00, 0x00, 0x01, 0x03, 
	0x03, 0x07, 0x0f, 0x1e, 0x3e, 0x3c, 0x78, 0xf0, 0xe0, 0xe0, 0xc0, 0x80, 0x00, 0x00, 0x00, 0x00, 
	0x00, 0x00, 0x00, 0x00, 0x00, 0x00, 0x00, 0x00, 0x00, 0x00, 0x00, 0x00, 0x00, 0x00, 0x00, 0x00, 
	0x00, 0x00, 0x00, 0x00, 0x00, 0x00, 0x00, 0x00, 0x01, 0x03, 0x03, 0x07, 0x0f, 0x1f, 0x1e, 0x0c
};
// 'sleigh', 32x32px
const unsigned char fas_32x32_fa_sleigh [] PROGMEM = {
	0x60, 0xe0, 0xe0, 0xe0, 0xe0, 0xe0, 0xc0, 0xc0, 0x80, 0x00, 0x00, 0x00, 0x00, 0x00, 0x00, 0x00, 
	0x00, 0x00, 0x00, 0x00, 0x00, 0x00, 0x00, 0x00, 0x00, 0x00, 0x00, 0x00, 0x00, 0x00, 0x00, 0x00, 
	0x00, 0x00, 0xff, 0xff, 0xff, 0xff, 0xff, 0xff, 0xff, 0xff, 0xfc, 0xf8, 0xf0, 0xe0, 0xe0, 0xc0, 
	0xc0, 0xc0, 0xc0, 0xc0, 0xc0, 0xe0, 0xff, 0xff, 0xff, 0xff, 0xff, 0x07, 0x02, 0x00, 0x00, 0x00, 
	0x00, 0x00, 0x03, 0x07, 0x0f, 0x0f, 0x7f, 0x7f, 0x7f, 0x7f, 0x1f, 0x1f, 0x1f, 0x1f, 0x1f, 0x1f, 
	0x1f, 0x1f, 0x1f, 0x7f, 0x7f, 0x7f, 0x1f, 0x1f, 0x0f, 0x0f, 0x07, 0x00, 0x20, 0xf0, 0xe0, 0xc0, 
	0x00, 0x00, 0x06, 0x06, 0x06, 0x06, 0x06, 0x06, 0x06, 0x06, 0x06, 0x06, 0x06, 0x06, 0x06, 0x06, 
	0x06, 0x06, 0x06, 0x06, 0x06, 0x06, 0x06, 0x06, 0x06, 0x06, 0x06, 0x06, 0x06, 0x07, 0x07, 0x03
};
// 'sliders-h', 32x32px
const unsigned char fas_32x32_fa_sliders_h [] PROGMEM = {
	0xf0, 0xf0, 0xf0, 0xf0, 0xf0, 0xf0, 0xf0, 0xf0, 0xf0, 0xf0, 0xf0, 0xf0, 0xf0, 0xf0, 0xfc, 0xfc, 
	0xfc, 0xfc, 0xf0, 0xf0, 0xf0, 0xf0, 0xf0, 0xf0, 0xf0, 0xf0, 0xf0, 0xf0, 0xf0, 0xf0, 0xf0, 0xf0, 
	0xc0, 0xc0, 0xc0, 0xc0, 0xc0, 0xc0, 0xc0, 0xc0, 0xc0, 0xc0, 0xc0, 0xc0, 0xc0, 0xc0, 0xc3, 0xc3, 
	0xc3, 0xc3, 0xc0, 0xc0, 0xc0, 0xc0, 0xf0, 0xf0, 0xf0, 0xf0, 0xc0, 0xc0, 0xc0, 0xc0, 0xc0, 0xc0, 
	0x03, 0x03, 0x03, 0x03, 0x03, 0x03, 0xc3, 0xc3, 0xc3, 0xc3, 0x03, 0x03, 0x03, 0x03, 0x03, 0x03, 
	0x03, 0x03, 0x03, 0x03, 0x03, 0x03, 0x0f, 0x0f, 0x0f, 0x0f, 0x03, 0x03, 0x03, 0x03, 0x03, 0x03, 
	0x0f, 0x0f, 0x0f, 0x0f, 0x0f, 0x0f, 0x3f, 0x3f, 0x3f, 0x3f, 0x0f, 0x0f, 0x0f, 0x0f, 0x0f, 0x0f, 
	0x0f, 0x0f, 0x0f, 0x0f, 0x0f, 0x0f, 0x0f, 0x0f, 0x0f, 0x0f, 0x0f, 0x0f, 0x0f, 0x0f, 0x0f, 0x0f
};
// 'smile', 32x32px
const unsigned char fas_32x32_fa_smile [] PROGMEM = {
	0x00, 0x00, 0x00, 0x80, 0xc0, 0xe0, 0xf0, 0xf8, 0xf8, 0xfc, 0xfc, 0xfe, 0xfe, 0xfe, 0xfe, 0xff, 
	0xff, 0xff, 0xfe, 0xfe, 0xfe, 0xfe, 0xfc, 0xfc, 0xf8, 0xf8, 0xf0, 0xe0, 0xc0, 0x80, 0x00, 0x00, 
	0x00, 0xf0, 0xfe, 0xff, 0xff, 0xff, 0xff, 0xff, 0xff, 0xff, 0x87, 0x87, 0x87, 0xff, 0xff, 0xff, 
	0xff, 0xff, 0xff, 0xff, 0x87, 0x87, 0x87, 0xff, 0xff, 0xff, 0xff, 0xff, 0xff, 0xff, 0xfe, 0xf0, 
	0x00, 0x0f, 0x7f, 0xff, 0xff, 0xff, 0xff, 0xff, 0xff, 0xcf, 0x8f, 0x9f, 0x3f, 0x3f, 0x7f, 0x7f, 
	0x7f, 0x7f, 0x7f, 0x3f, 0x3f, 0x9f, 0x8f, 0xcf, 0xff, 0xff, 0xff, 0xff, 0xff, 0xff, 0x7f, 0x0f, 
	0x00, 0x00, 0x00, 0x01, 0x03, 0x07, 0x0f, 0x1f, 0x1f, 0x3f, 0x3f, 0x7f, 0x7f, 0x7f, 0x7e, 0xfe, 
	0xfe, 0xfe, 0x7e, 0x7f, 0x7f, 0x7f, 0x3f, 0x3f, 0x1f, 0x1f, 0x0f, 0x07, 0x03, 0x01, 0x00, 0x00
};
// 'smile-beam', 32x32px
const unsigned char fas_32x32_fa_smile_beam [] PROGMEM = {
	0x00, 0x00, 0x00, 0x80, 0xc0, 0xe0, 0xf0, 0xf8, 0xf8, 0xfc, 0xfc, 0xfe, 0xfe, 0xfe, 0xfe, 0xff, 
	0xff, 0xff, 0xfe, 0xfe, 0xfe, 0xfe, 0xfc, 0xfc, 0xf8, 0xf8, 0xf0, 0xe0, 0xc0, 0x80, 0x00, 0x00, 
	0x00, 0xf0, 0xfe, 0xff, 0xff, 0xff, 0xff, 0xff, 0xcf, 0xe7, 0xf3, 0xf3, 0xf3, 0xe7, 0xcf, 0xff, 
	0xff, 0xff, 0xcf, 0xe7, 0xf3, 0xf3, 0xf3, 0xe7, 0xcf, 0xff, 0xff, 0xff, 0xff, 0xff, 0xfe, 0xf0, 
	0x00, 0x0f, 0x7f, 0xff, 0xff, 0xff, 0xff, 0xff, 0xff, 0xcf, 0x8f, 0x9f, 0x3f, 0x3f, 0x7f, 0x7f, 
	0x7f, 0x7f, 0x7f, 0x3f, 0x3f, 0x9f, 0x8f, 0xcf, 0xff, 0xff, 0xff, 0xff, 0xff, 0xff, 0x7f, 0x0f, 
	0x00, 0x00, 0x00, 0x01, 0x03, 0x07, 0x0f, 0x1f, 0x1f, 0x3f, 0x3f, 0x7f, 0x7f, 0x7f, 0x7e, 0xfe, 
	0xfe, 0xfe, 0x7e, 0x7f, 0x7f, 0x7f, 0x3f, 0x3f, 0x1f, 0x1f, 0x0f, 0x07, 0x03, 0x01, 0x00, 0x00
};
// 'smile-wink', 32x32px
const unsigned char fas_32x32_fa_smile_wink [] PROGMEM = {
	0x00, 0x00, 0x00, 0x80, 0xc0, 0xe0, 0xf0, 0xf8, 0xf8, 0xfc, 0xfc, 0xfe, 0xfe, 0xfe, 0xfe, 0xff, 
	0xff, 0xff, 0xfe, 0xfe, 0xfe, 0xfe, 0xfc, 0xfc, 0xf8, 0xf8, 0xf0, 0xe0, 0xc0, 0x80, 0x00, 0x00, 
	0x00, 0xf0, 0xfe, 0xff, 0xff, 0xff, 0xff, 0xff, 0xff, 0xff, 0x87, 0x87, 0x87, 0xff, 0xff, 0xff, 
	0xff, 0xff, 0x9f, 0xcf, 0xc7, 0xe7, 0xc7, 0xcf, 0x9f, 0xff, 0xff, 0xff, 0xff, 0xff, 0xfe, 0xf0, 
	0x00, 0x0f, 0x7f, 0xff, 0xff, 0xff, 0xff, 0xff, 0xff, 0xcf, 0x8f, 0x9f, 0x3f, 0x3f, 0x7f, 0x7f, 
	0x7f, 0x7f, 0x7f, 0x3f, 0x3f, 0x9f, 0x8f, 0xcf, 0xff, 0xff, 0xff, 0xff, 0xff, 0xff, 0x7f, 0x0f, 
	0x00, 0x00, 0x00, 0x01, 0x03, 0x07, 0x0f, 0x1f, 0x1f, 0x3f, 0x3f, 0x7f, 0x7f, 0x7f, 0x7e, 0xfe, 
	0xfe, 0xfe, 0x7e, 0x7f, 0x7f, 0x7f, 0x3f, 0x3f, 0x1f, 0x1f, 0x0f, 0x07, 0x03, 0x01, 0x00, 0x00
};
// 'smog', 32x32px
const unsigned char fas_32x32_fa_smog [] PROGMEM = {
	0x80, 0xc0, 0xe0, 0xf0, 0xf8, 0xf8, 0xf8, 0xf8, 0xf8, 0xf8, 0xf0, 0xf0, 0xe0, 0xf0, 0xf0, 0xf8, 
	0xf8, 0xf8, 0xf8, 0xf8, 0xf0, 0xf0, 0xe0, 0xc0, 0x80, 0xc0, 0xc0, 0xc0, 0x80, 0x80, 0x00, 0x00, 
	0x1f, 0x7f, 0xff, 0xff, 0xff, 0xff, 0xff, 0xff, 0xff, 0xff, 0xff, 0xff, 0xff, 0xff, 0xff, 0xff, 
	0xff, 0xff, 0xff, 0xff, 0xff, 0xff, 0xff, 0xff, 0xff, 0xff, 0xff, 0xff, 0xff, 0xff, 0xff, 0x3e, 
	0x00, 0x00, 0x00, 0xc1, 0xc1, 0xc1, 0xc3, 0xc3, 0xc3, 0xc3, 0xc3, 0xc3, 0xc3, 0xc3, 0xc3, 0xc3, 
	0xc7, 0xc7, 0xc7, 0xc7, 0xc7, 0xc7, 0xc3, 0xc3, 0xc3, 0xc3, 0xc3, 0xc3, 0xc1, 0xc1, 0xc0, 0xc0, 
	0x18, 0x18, 0x18, 0x18, 0x18, 0x18, 0x18, 0x18, 0x00, 0x00, 0x18, 0x18, 0x18, 0x18, 0x18, 0x18, 
	0x18, 0x18, 0x18, 0x18, 0x18, 0x18, 0x18, 0x18, 0x18, 0x18, 0x18, 0x18, 0x18, 0x00, 0x00, 0x00
};
// 'smoking', 32x32px
const unsigned char fas_32x32_fa_smoking [] PROGMEM = {
	0x00, 0x00, 0x00, 0x00, 0x00, 0x00, 0x00, 0x00, 0x00, 0x00, 0x00, 0x00, 0x00, 0x00, 0x00, 0x00, 
	0x00, 0x00, 0x00, 0xf8, 0xf8, 0xf8, 0x80, 0x00, 0xf8, 0xf8, 0xf8, 0x80, 0x00, 0x00, 0x00, 0x00, 
	0x00, 0x00, 0x00, 0x00, 0x00, 0x00, 0x00, 0x00, 0x00, 0x00, 0x00, 0x00, 0x00, 0x00, 0x00, 0x00, 
	0x00, 0x00, 0x00, 0x01, 0x07, 0x0f, 0x1f, 0x3e, 0xfc, 0xf9, 0xe3, 0x0f, 0x3f, 0xfe, 0xfc, 0xf0, 
	0xc0, 0xe0, 0xe0, 0xe0, 0xe0, 0xe0, 0xe0, 0xe0, 0xe0, 0xe0, 0xe0, 0xe0, 0x60, 0x60, 0x60, 0x60, 
	0x60, 0x60, 0x60, 0x60, 0xe0, 0xe0, 0x00, 0x00, 0xe3, 0xe3, 0xe3, 0x00, 0x00, 0xe3, 0xe3, 0xe3, 
	0x0f, 0x1f, 0x1f, 0x1f, 0x1f, 0x1f, 0x1f, 0x1f, 0x1f, 0x1f, 0x1f, 0x1c, 0x18, 0x18, 0x18, 0x18, 
	0x18, 0x18, 0x18, 0x1c, 0x1f, 0x1f, 0x00, 0x00, 0x1f, 0x1f, 0x1f, 0x00, 0x00, 0x1f, 0x1f, 0x1f
};
// 'smoking-ban', 32x32px
const unsigned char fas_32x32_fa_smoking_ban [] PROGMEM = {
	0x00, 0x00, 0x80, 0xc0, 0xe0, 0xf0, 0xf8, 0xfc, 0xfc, 0xfe, 0x1e, 0x1e, 0x1f, 0x0f, 0x0f, 0x0f, 
	0xcf, 0xcf, 0x8f, 0x1f, 0x1e, 0x1e, 0x3e, 0x7c, 0xfc, 0xf8, 0xf0, 0xe0, 0xc0, 0x80, 0x00, 0x00, 
	0xf0, 0xfe, 0xff, 0xff, 0x1f, 0x03, 0xc3, 0xc3, 0xc7, 0x8f, 0x1f, 0x3e, 0x7c, 0xf8, 0xf0, 0xe0, 
	0xc0, 0xc1, 0xc3, 0xc3, 0xc3, 0xc7, 0xce, 0xcc, 0xc0, 0xc1, 0x03, 0x1f, 0xff, 0xff, 0xfe, 0xf0, 
	0x0f, 0x7f, 0xff, 0xff, 0xf8, 0xc0, 0x8f, 0x0f, 0x0f, 0x0f, 0x0f, 0x0e, 0x0c, 0x08, 0x01, 0x03, 
	0x07, 0x0f, 0x1f, 0x3f, 0x7c, 0xfc, 0xfc, 0xfc, 0xcf, 0xcf, 0xc0, 0xf8, 0xff, 0xff, 0x7f, 0x0f, 
	0x00, 0x00, 0x01, 0x03, 0x07, 0x0f, 0x1f, 0x3f, 0x3e, 0x7c, 0x78, 0x78, 0xf8, 0xf0, 0xf0, 0xf0, 
	0xf0, 0xf0, 0xf0, 0xf8, 0x78, 0x78, 0x7f, 0x3f, 0x3f, 0x1f, 0x0f, 0x07, 0x03, 0x01, 0x00, 0x00
};
// 'sms', 32x32px
const unsigned char fas_32x32_fa_sms [] PROGMEM = {
	0x00, 0x00, 0x00, 0x80, 0xc0, 0xe0, 0xf0, 0xf0, 0xf8, 0xf8, 0xf8, 0xfc, 0xfc, 0xfc, 0xfc, 0xfc, 
	0xfc, 0xfc, 0xfc, 0xfc, 0xfc, 0xf8, 0xf8, 0xf8, 0xf0, 0xf0, 0xe0, 0xc0, 0x80, 0x00, 0x00, 0x00, 
	0xf8, 0xfe, 0xff, 0xff, 0xff, 0xff, 0xdf, 0x8f, 0x07, 0x67, 0xff, 0xff, 0x07, 0x07, 0x07, 0x1f, 
	0x1f, 0x07, 0x07, 0x07, 0xff, 0xdf, 0x8f, 0x07, 0x67, 0xff, 0xff, 0xff, 0xff, 0xff, 0xfe, 0xf8, 
	0x07, 0x1f, 0x3f, 0xff, 0xff, 0xff, 0xff, 0xf9, 0xf8, 0xfc, 0xfe, 0xff, 0xf8, 0xf8, 0xff, 0xfe, 
	0xfe, 0xff, 0xf8, 0xf8, 0xff, 0xff, 0xf9, 0xf8, 0xfc, 0xfe, 0xff, 0xff, 0x7f, 0x3f, 0x1f, 0x07, 
	0x20, 0x38, 0x3c, 0x3f, 0x1f, 0x1f, 0x1f, 0x0f, 0x07, 0x07, 0x07, 0x0f, 0x0f, 0x0f, 0x0f, 0x0f, 
	0x0f, 0x0f, 0x0f, 0x0f, 0x0f, 0x07, 0x07, 0x07, 0x03, 0x03, 0x01, 0x00, 0x00, 0x00, 0x00, 0x00
};
// 'snowboarding', 32x32px
const unsigned char fas_32x32_fa_snowboarding [] PROGMEM = {
	0x00, 0x00, 0x00, 0x00, 0x00, 0x00, 0x00, 0x00, 0x00, 0x00, 0x00, 0x00, 0x0e, 0x3f, 0x7f, 0xfe, 
	0xfc, 0xf0, 0xe0, 0xe0, 0xe0, 0xc0, 0xc0, 0x80, 0x9e, 0x3f, 0x3f, 0x3f, 0x3f, 0x1e, 0x00, 0x00, 
	0x00, 0x00, 0x00, 0x00, 0x00, 0x00, 0x00, 0x00, 0x00, 0x00, 0x00, 0x00, 0xf8, 0xfc, 0xfe, 0xfe, 
	0xff, 0xff, 0xff, 0xff, 0xdf, 0x9f, 0x0f, 0x0f, 0x0f, 0x1f, 0x3e, 0x7c, 0x7c, 0xf8, 0xf0, 0x60, 
	0x18, 0x3c, 0x78, 0xf0, 0xe0, 0xe0, 0xf8, 0xfc, 0xfc, 0xfe, 0x9e, 0x9e, 0x1f, 0x0f, 0x0f, 0x07, 
	0x01, 0x01, 0x03, 0xf7, 0xff, 0xff, 0xff, 0x1e, 0x00, 0x00, 0x00, 0x00, 0x00, 0x00, 0x00, 0x00, 
	0x00, 0x00, 0x00, 0x00, 0x00, 0x00, 0x01, 0x01, 0x01, 0x03, 0x03, 0x03, 0x07, 0x07, 0x0f, 0x0e, 
	0x0e, 0x1e, 0x1e, 0x1f, 0x3f, 0x3f, 0x39, 0x70, 0x70, 0xf0, 0xe0, 0xe0, 0xe0, 0xe0, 0x60, 0x00
};
// 'snowflake', 32x32px
const unsigned char fas_32x32_fa_snowflake [] PROGMEM = {
	0x00, 0x00, 0x00, 0x80, 0x80, 0x00, 0xc0, 0xe0, 0xe0, 0x00, 0x08, 0x1c, 0x3c, 0x78, 0xff, 0xff, 
	0xff, 0xff, 0x78, 0x3c, 0x1c, 0x08, 0x00, 0xe0, 0xe0, 0xc0, 0x00, 0x80, 0x80, 0x00, 0x00, 0x00, 
	0x00, 0x00, 0x37, 0x77, 0x7f, 0x3f, 0x3f, 0x3f, 0x3f, 0x7f, 0x7c, 0xf8, 0xf0, 0xf0, 0xff, 0xff, 
	0xff, 0xff, 0xf0, 0xf0, 0xf8, 0x78, 0x7f, 0x3f, 0x3f, 0x3f, 0x3f, 0x7f, 0x77, 0x37, 0x00, 0x00, 
	0x00, 0x00, 0xec, 0xee, 0xfe, 0xfc, 0xfc, 0xfc, 0xfc, 0xfe, 0x3e, 0x1f, 0x0f, 0x0f, 0xff, 0xff, 
	0xff, 0xff, 0x0f, 0x0f, 0x1f, 0x1e, 0xfe, 0xfc, 0xfc, 0xfc, 0xfc, 0xfe, 0xee, 0xec, 0x00, 0x00, 
	0x00, 0x00, 0x00, 0x01, 0x01, 0x00, 0x03, 0x07, 0x07, 0x00, 0x10, 0x38, 0x3c, 0x1e, 0xff, 0xff, 
	0xff, 0xff, 0x1e, 0x3c, 0x38, 0x10, 0x00, 0x07, 0x07, 0x03, 0x00, 0x01, 0x01, 0x00, 0x00, 0x00
};
// 'snowman', 32x32px
const unsigned char fas_32x32_fa_snowman [] PROGMEM = {
	0x00, 0x00, 0x00, 0x80, 0xc0, 0xc0, 0x80, 0x00, 0x00, 0x00, 0xf0, 0xfc, 0xfe, 0xcf, 0xcf, 0x7f, 
	0x7f, 0xcf, 0xcf, 0xfe, 0xfc, 0xf0, 0x00, 0x00, 0x00, 0x80, 0xc0, 0xc0, 0x80, 0x00, 0x00, 0x00, 
	0x07, 0x07, 0x0f, 0x0f, 0x0f, 0x1f, 0x1f, 0x3c, 0x38, 0xf8, 0xf8, 0xff, 0xff, 0xff, 0xff, 0x9e, 
	0x9e, 0xff, 0xff, 0xff, 0xff, 0xf8, 0xf8, 0x38, 0x3c, 0x1f, 0x1f, 0x0f, 0x0f, 0x0f, 0x07, 0x07, 
	0x00, 0x00, 0x00, 0x00, 0x00, 0x00, 0x80, 0xf8, 0xfc, 0xff, 0xff, 0xff, 0xff, 0xff, 0xff, 0x99, 
	0x99, 0xff, 0xff, 0xff, 0xff, 0xff, 0xff, 0xfc, 0xf8, 0x80, 0x00, 0x00, 0x00, 0x00, 0x00, 0x00, 
	0x00, 0x00, 0x00, 0x00, 0x00, 0x00, 0x00, 0x0f, 0x1f, 0x3f, 0x7f, 0xff, 0xff, 0xff, 0xff, 0xff, 
	0xff, 0xff, 0xff, 0xff, 0xff, 0x7f, 0x3f, 0x1f, 0x0f, 0x00, 0x00, 0x00, 0x00, 0x00, 0x00, 0x00
};
// 'snowplow', 32x32px
const unsigned char fas_32x32_fa_snowplow [] PROGMEM = {
	0x00, 0x00, 0x00, 0x00, 0x00, 0x00, 0xe0, 0xf8, 0xf8, 0xf8, 0x38, 0x38, 0x38, 0x38, 0x38, 0x78, 
	0xf8, 0xf8, 0xe0, 0x80, 0x00, 0x00, 0x00, 0x00, 0x00, 0x00, 0x00, 0x00, 0x00, 0x00, 0x00, 0x00, 
	0x00, 0x00, 0x00, 0xf0, 0xf8, 0xf8, 0xff, 0xff, 0xff, 0xff, 0xf0, 0xe0, 0xc0, 0xc0, 0xc0, 0xc0, 
	0xc1, 0xc7, 0xdf, 0xff, 0xfc, 0xf0, 0x00, 0x00, 0x00, 0x00, 0xe0, 0xf0, 0xf8, 0x7c, 0x1c, 0x0c, 
	0xe0, 0xf8, 0xf8, 0x3f, 0x1f, 0xdf, 0xdf, 0x1f, 0x1f, 0xdf, 0xdf, 0x1f, 0x1f, 0xdf, 0xdf, 0x1f, 
	0x1f, 0xdf, 0xdf, 0x1f, 0x3f, 0xff, 0xfe, 0xfc, 0x1c, 0x1e, 0xff, 0xff, 0xff, 0x00, 0x00, 0x00, 
	0x03, 0x07, 0x0f, 0x1f, 0x1e, 0x1c, 0x1c, 0x1c, 0x1c, 0x1c, 0x1c, 0x1c, 0x1c, 0x1c, 0x1c, 0x1c, 
	0x1c, 0x1c, 0x1c, 0x1e, 0x1f, 0x0f, 0x07, 0x03, 0x00, 0x00, 0x01, 0x07, 0x0f, 0x1f, 0x1e, 0x0c
};
// 'soap', 32x32px
const unsigned char fas_32x32_fa_soap [] PROGMEM = {
	0x00, 0x00, 0x00, 0x00, 0x00, 0x00, 0x00, 0x00, 0x00, 0x00, 0x1e, 0x3f, 0x3f, 0x3f, 0x3f, 0x1e, 
	0x00, 0x00, 0x00, 0x00, 0x00, 0x00, 0x06, 0x0f, 0x0f, 0x06, 0x00, 0x00, 0x00, 0x00, 0x00, 0x00, 
	0x80, 0xc0, 0xe0, 0xe0, 0xf0, 0xf0, 0xf0, 0xf0, 0xf0, 0xf0, 0xf0, 0xf0, 0xf0, 0xf0, 0xc0, 0x00, 
	0x3c, 0x7e, 0xff, 0xff, 0xff, 0xff, 0x7e, 0x3c, 0x00, 0xc0, 0xf0, 0xf0, 0xe0, 0xe0, 0xc0, 0x80, 
	0xff, 0xff, 0xff, 0xff, 0x0f, 0x03, 0xf1, 0xf9, 0xfc, 0xfc, 0xfc, 0xfc, 0xfc, 0xfc, 0xfc, 0xfc, 
	0xfc, 0xfc, 0xfc, 0xfc, 0xfc, 0xfc, 0xfc, 0xfc, 0xf8, 0xf1, 0x03, 0x0f, 0xff, 0xff, 0xff, 0xff, 
	0x1f, 0x3f, 0x7f, 0xff, 0xff, 0xfc, 0xf8, 0xf9, 0xf3, 0xf3, 0xf3, 0xf3, 0xf3, 0xf3, 0xf3, 0xf3, 
	0xf3, 0xf3, 0xf3, 0xf3, 0xf3, 0xf3, 0xf3, 0xf3, 0xf9, 0xf8, 0xfc, 0xff, 0xff, 0x7f, 0x3f, 0x1f
};
// 'socks', 32x32px
const unsigned char fas_32x32_fa_socks [] PROGMEM = {
	0x00, 0x00, 0x00, 0x00, 0x00, 0x00, 0x00, 0x00, 0xce, 0xcf, 0xcf, 0xcf, 0xcf, 0xcf, 0xcf, 0xcf, 
	0xcf, 0xcf, 0x00, 0x00, 0xce, 0xcf, 0xcf, 0xcf, 0xcf, 0xcf, 0xcf, 0xcf, 0xcf, 0xcf, 0xcf, 0xcf, 
	0x00, 0x00, 0x00, 0x00, 0x00, 0x00, 0x00, 0x00, 0xff, 0xff, 0xff, 0xff, 0xff, 0xff, 0xff, 0xff, 
	0xff, 0xff, 0x00, 0x00, 0xff, 0xff, 0xff, 0xff, 0xff, 0xff, 0xff, 0xff, 0xff, 0xff, 0xff, 0xff, 
	0x80, 0xc0, 0xe0, 0xf0, 0xf0, 0xf8, 0xfc, 0xfe, 0xff, 0xff, 0xff, 0x3f, 0x0f, 0xc7, 0xe7, 0xf3, 
	0xf1, 0xf8, 0xfc, 0xfe, 0xff, 0xff, 0xff, 0xff, 0xff, 0xff, 0xff, 0xff, 0xff, 0xff, 0xff, 0x3f, 
	0x1f, 0x3f, 0x7f, 0xff, 0xff, 0xff, 0xff, 0xff, 0xff, 0x7f, 0x20, 0x00, 0x0f, 0x3f, 0x7f, 0xff, 
	0xff, 0xff, 0xff, 0xff, 0xff, 0x7f, 0x3f, 0x1f, 0x1f, 0x0f, 0x07, 0x03, 0x03, 0x01, 0x00, 0x00
};
// 'solar-panel', 32x32px
const unsigned char fas_32x32_fa_solar_panel [] PROGMEM = {
	0x00, 0x00, 0xc0, 0xf8, 0xf8, 0xf8, 0x38, 0x38, 0x38, 0x38, 0xf8, 0xf8, 0xf8, 0x38, 0x38, 0x38, 
	0x38, 0x38, 0x38, 0xf8, 0xf8, 0xf8, 0x38, 0x38, 0x38, 0x38, 0xf8, 0xf8, 0xf8, 0xc0, 0x00, 0x00, 
	0x00, 0xf0, 0xff, 0xff, 0x3f, 0x38, 0x38, 0x38, 0x38, 0x38, 0xff, 0xff, 0x3f, 0x38, 0x38, 0x38, 
	0x38, 0x38, 0x38, 0x3f, 0xff, 0xff, 0x38, 0x38, 0x38, 0x38, 0x38, 0x3f, 0xff, 0xff, 0xf0, 0x00, 
	0x3e, 0x3f, 0x7f, 0x7f, 0x78, 0x78, 0x78, 0x78, 0x78, 0x7f, 0x7f, 0x7f, 0x78, 0x78, 0x78, 0x78, 
	0x78, 0x78, 0x78, 0x78, 0x7f, 0x7f, 0x7f, 0x78, 0x78, 0x78, 0x78, 0x78, 0x7f, 0x7f, 0x3f, 0x3e, 
	0x00, 0x00, 0x00, 0x00, 0x00, 0x00, 0x00, 0x00, 0x00, 0x00, 0x1c, 0x1c, 0x1c, 0x1f, 0x1f, 0x1f, 
	0x1f, 0x1f, 0x1f, 0x1c, 0x1c, 0x1c, 0x00, 0x00, 0x00, 0x00, 0x00, 0x00, 0x00, 0x00, 0x00, 0x00
};
// 'sort', 32x32px
const unsigned char fas_32x32_fa_sort [] PROGMEM = {
	0x00, 0x00, 0x00, 0x00, 0x00, 0x00, 0x00, 0x00, 0x00, 0x00, 0x00, 0x80, 0xc0, 0xe0, 0xf0, 0xf0, 
	0xf0, 0xf0, 0xe0, 0xc0, 0x80, 0x00, 0x00, 0x00, 0x00, 0x00, 0x00, 0x00, 0x00, 0x00, 0x00, 0x00, 
	0x00, 0x00, 0x00, 0x00, 0x00, 0x00, 0x00, 0x38, 0x3c, 0x3e, 0x3f, 0x3f, 0x3f, 0x3f, 0x3f, 0x3f, 
	0x3f, 0x3f, 0x3f, 0x3f, 0x3f, 0x3f, 0x3e, 0x3c, 0x38, 0x00, 0x00, 0x00, 0x00, 0x00, 0x00, 0x00, 
	0x00, 0x00, 0x00, 0x00, 0x00, 0x00, 0x00, 0x1c, 0x3c, 0x7c, 0xfc, 0xfc, 0xfc, 0xfc, 0xfc, 0xfc, 
	0xfc, 0xfc, 0xfc, 0xfc, 0xfc, 0xfc, 0x7c, 0x3c, 0x1c, 0x00, 0x00, 0x00, 0x00, 0x00, 0x00, 0x00, 
	0x00, 0x00, 0x00, 0x00, 0x00, 0x00, 0x00, 0x00, 0x00, 0x00, 0x00, 0x01, 0x03, 0x07, 0x0f, 0x0f, 
	0x0f, 0x0f, 0x07, 0x03, 0x01, 0x00, 0x00, 0x00, 0x00, 0x00, 0x00, 0x00, 0x00, 0x00, 0x00, 0x00
};
// 'sort-alpha-down', 32x32px
const unsigned char fas_32x32_fa_sort_alpha_down [] PROGMEM = {
	0x00, 0x00, 0x00, 0x00, 0x00, 0x00, 0xfc, 0xfc, 0xfc, 0xfc, 0x00, 0x00, 0x00, 0x00, 0x00, 0x00, 
	0x00, 0x00, 0x00, 0x00, 0xc0, 0xf8, 0xfc, 0xfc, 0xfc, 0xfc, 0xf8, 0xc0, 0x00, 0x00, 0x00, 0x00, 
	0x00, 0x00, 0x00, 0x00, 0x00, 0x00, 0xff, 0xff, 0xff, 0xff, 0x00, 0x00, 0x00, 0x00, 0x00, 0x00, 
	0x00, 0x00, 0x38, 0x3e, 0x3f, 0x1f, 0x1f, 0x1e, 0x1e, 0x1f, 0x1f, 0x3f, 0x3e, 0x38, 0x00, 0x00, 
	0x00, 0x00, 0xc0, 0xc0, 0xc0, 0xc0, 0xff, 0xff, 0xff, 0xff, 0xc0, 0xc0, 0xc0, 0xc0, 0x00, 0x00, 
	0x00, 0x00, 0x00, 0x3c, 0x3c, 0x3c, 0xbc, 0xfc, 0xfc, 0xfc, 0xfc, 0x7c, 0x1c, 0x00, 0x00, 0x00, 
	0x00, 0x00, 0x00, 0x01, 0x03, 0x0f, 0x1f, 0x3f, 0x3f, 0x1f, 0x0f, 0x03, 0x01, 0x00, 0x00, 0x00, 
	0x00, 0x00, 0x00, 0x38, 0x3e, 0x3f, 0x3f, 0x3f, 0x3f, 0x3d, 0x3c, 0x3c, 0x3c, 0x00, 0x00, 0x00
};
// 'sort-alpha-down-alt', 32x32px
const unsigned char fas_32x32_fa_sort_alpha_down_alt [] PROGMEM = {
	0x00, 0x00, 0x00, 0x00, 0x00, 0x00, 0xfc, 0xfc, 0xfc, 0xfc, 0x00, 0x00, 0x00, 0x00, 0x00, 0x00, 
	0x00, 0x00, 0x00, 0x3c, 0x3c, 0x3c, 0xbc, 0xfc, 0xfc, 0xfc, 0xfc, 0x7c, 0x1c, 0x00, 0x00, 0x00, 
	0x00, 0x00, 0x00, 0x00, 0x00, 0x00, 0xff, 0xff, 0xff, 0xff, 0x00, 0x00, 0x00, 0x00, 0x00, 0x00, 
	0x00, 0x00, 0x00, 0x38, 0x3e, 0x3f, 0x3f, 0x3f, 0x3f, 0x3d, 0x3c, 0x3c, 0x3c, 0x00, 0x00, 0x00, 
	0x00, 0x00, 0xc0, 0xc0, 0xc0, 0xc0, 0xff, 0xff, 0xff, 0xff, 0xc0, 0xc0, 0xc0, 0xc0, 0x00, 0x00, 
	0x00, 0x00, 0x00, 0x00, 0xc0, 0xf8, 0xfc, 0xfc, 0xfc, 0xfc, 0xf8, 0xc0, 0x00, 0x00, 0x00, 0x00, 
	0x00, 0x00, 0x00, 0x01, 0x03, 0x0f, 0x1f, 0x3f, 0x3f, 0x1f, 0x0f, 0x03, 0x01, 0x00, 0x00, 0x00, 
	0x00, 0x00, 0x38, 0x3e, 0x3f, 0x1f, 0x1f, 0x1e, 0x1e, 0x1f, 0x1f, 0x3f, 0x3e, 0x38, 0x00, 0x00
};
// 'sort-alpha-up', 32x32px
const unsigned char fas_32x32_fa_sort_alpha_up [] PROGMEM = {
	0x00, 0x00, 0x00, 0x80, 0xc0, 0xf0, 0xf8, 0xfc, 0xfc, 0xf8, 0xf0, 0xc0, 0x80, 0x00, 0x00, 0x00, 
	0x00, 0x00, 0x00, 0x00, 0xc0, 0xf8, 0xfc, 0xfc, 0xfc, 0xfc, 0xf8, 0xc0, 0x00, 0x00, 0x00, 0x00, 
	0x00, 0x00, 0x03, 0x03, 0x03, 0x03, 0xff, 0xff, 0xff, 0xff, 0x03, 0x03, 0x03, 0x03, 0x00, 0x00, 
	0x00, 0x00, 0x38, 0x3e, 0x3f, 0x1f, 0x1f, 0x1e, 0x1e, 0x1f, 0x1f, 0x3f, 0x3e, 0x38, 0x00, 0x00, 
	0x00, 0x00, 0x00, 0x00, 0x00, 0x00, 0xff, 0xff, 0xff, 0xff, 0x00, 0x00, 0x00, 0x00, 0x00, 0x00, 
	0x00, 0x00, 0x00, 0x3c, 0x3c, 0x3c, 0xbc, 0xfc, 0xfc, 0xfc, 0xfc, 0x7c, 0x1c, 0x00, 0x00, 0x00, 
	0x00, 0x00, 0x00, 0x00, 0x00, 0x00, 0x3f, 0x3f, 0x3f, 0x3f, 0x00, 0x00, 0x00, 0x00, 0x00, 0x00, 
	0x00, 0x00, 0x00, 0x38, 0x3e, 0x3f, 0x3f, 0x3f, 0x3f, 0x3d, 0x3c, 0x3c, 0x3c, 0x00, 0x00, 0x00
};
// 'sort-alpha-up-alt', 32x32px
const unsigned char fas_32x32_fa_sort_alpha_up_alt [] PROGMEM = {
	0x00, 0x00, 0x00, 0x80, 0xc0, 0xf0, 0xf8, 0xfc, 0xfc, 0xf8, 0xf0, 0xc0, 0x80, 0x00, 0x00, 0x00, 
	0x00, 0x00, 0x00, 0x3c, 0x3c, 0x3c, 0xbc, 0xfc, 0xfc, 0xfc, 0xfc, 0x7c, 0x1c, 0x00, 0x00, 0x00, 
	0x00, 0x00, 0x03, 0x03, 0x03, 0x03, 0xff, 0xff, 0xff, 0xff, 0x03, 0x03, 0x03, 0x03, 0x00, 0x00, 
	0x00, 0x00, 0x00, 0x38, 0x3e, 0x3f, 0x3f, 0x3f, 0x3f, 0x3d, 0x3c, 0x3c, 0x3c, 0x00, 0x00, 0x00, 
	0x00, 0x00, 0x00, 0x00, 0x00, 0x00, 0xff, 0xff, 0xff, 0xff, 0x00, 0x00, 0x00, 0x00, 0x00, 0x00, 
	0x00, 0x00, 0x00, 0x00, 0xc0, 0xf8, 0xfc, 0xfc, 0xfc, 0xfc, 0xf8, 0xc0, 0x00, 0x00, 0x00, 0x00, 
	0x00, 0x00, 0x00, 0x00, 0x00, 0x00, 0x3f, 0x3f, 0x3f, 0x3f, 0x00, 0x00, 0x00, 0x00, 0x00, 0x00, 
	0x00, 0x00, 0x38, 0x3e, 0x3f, 0x1f, 0x1f, 0x1e, 0x1e, 0x1f, 0x1f, 0x3f, 0x3e, 0x38, 0x00, 0x00
};
// 'sort-amount-down', 32x32px
const unsigned char fas_32x32_fa_sort_amount_down [] PROGMEM = {
	0x00, 0x00, 0x00, 0x00, 0xfc, 0xfc, 0xfc, 0xfc, 0x00, 0x00, 0x00, 0x00, 0x00, 0x00, 0x3c, 0x3c, 
	0x3c, 0x3c, 0x3c, 0x3c, 0x3c, 0x3c, 0x3c, 0x3c, 0x3c, 0x3c, 0x3c, 0x3c, 0x3c, 0x3c, 0x3c, 0x3c, 
	0x00, 0x00, 0x00, 0x00, 0xff, 0xff, 0xff, 0xff, 0x00, 0x00, 0x00, 0x00, 0x00, 0x00, 0x3c, 0x3c, 
	0x3c, 0x3c, 0x3c, 0x3c, 0x3c, 0x3c, 0x3c, 0x3c, 0x3c, 0x3c, 0x3c, 0x3c, 0x00, 0x00, 0x00, 0x00, 
	0xc0, 0xc0, 0xc0, 0xc0, 0xff, 0xff, 0xff, 0xff, 0xc0, 0xc0, 0xc0, 0xc0, 0x00, 0x00, 0x3c, 0x3c, 
	0x3c, 0x3c, 0x3c, 0x3c, 0x3c, 0x3c, 0x3c, 0x3c, 0x00, 0x00, 0x00, 0x00, 0x00, 0x00, 0x00, 0x00, 
	0x00, 0x01, 0x03, 0x0f, 0x1f, 0x3f, 0x3f, 0x1f, 0x0f, 0x03, 0x01, 0x00, 0x00, 0x00, 0x3c, 0x3c, 
	0x3c, 0x3c, 0x3c, 0x3c, 0x00, 0x00, 0x00, 0x00, 0x00, 0x00, 0x00, 0x00, 0x00, 0x00, 0x00, 0x00
};
// 'sort-amount-down-alt', 32x32px
const unsigned char fas_32x32_fa_sort_amount_down_alt [] PROGMEM = {
	0x00, 0x00, 0x00, 0x00, 0xfc, 0xfc, 0xfc, 0xfc, 0x00, 0x00, 0x00, 0x00, 0x00, 0x00, 0x3c, 0x3c, 
	0x3c, 0x3c, 0x3c, 0x3c, 0x00, 0x00, 0x00, 0x00, 0x00, 0x00, 0x00, 0x00, 0x00, 0x00, 0x00, 0x00, 
	0x00, 0x00, 0x00, 0x00, 0xff, 0xff, 0xff, 0xff, 0x00, 0x00, 0x00, 0x00, 0x00, 0x00, 0x3c, 0x3c, 
	0x3c, 0x3c, 0x3c, 0x3c, 0x3c, 0x3c, 0x3c, 0x3c, 0x00, 0x00, 0x00, 0x00, 0x00, 0x00, 0x00, 0x00, 
	0xc0, 0xc0, 0xc0, 0xc0, 0xff, 0xff, 0xff, 0xff, 0xc0, 0xc0, 0xc0, 0xc0, 0x00, 0x00, 0x3c, 0x3c, 
	0x3c, 0x3c, 0x3c, 0x3c, 0x3c, 0x3c, 0x3c, 0x3c, 0x3c, 0x3c, 0x3c, 0x3c, 0x00, 0x00, 0x00, 0x00, 
	0x00, 0x01, 0x03, 0x0f, 0x1f, 0x3f, 0x3f, 0x1f, 0x0f, 0x03, 0x01, 0x00, 0x00, 0x00, 0x3c, 0x3c, 
	0x3c, 0x3c, 0x3c, 0x3c, 0x3c, 0x3c, 0x3c, 0x3c, 0x3c, 0x3c, 0x3c, 0x3c, 0x3c, 0x3c, 0x3c, 0x3c
};
// 'sort-amount-up', 32x32px
const unsigned char fas_32x32_fa_sort_amount_up [] PROGMEM = {
	0x00, 0x80, 0xc0, 0xf0, 0xf8, 0xfc, 0xfc, 0xf8, 0xf0, 0xc0, 0x80, 0x00, 0x00, 0x00, 0x3c, 0x3c, 
	0x3c, 0x3c, 0x3c, 0x3c, 0x3c, 0x3c, 0x3c, 0x3c, 0x3c, 0x3c, 0x3c, 0x3c, 0x3c, 0x3c, 0x3c, 0x3c, 
	0x03, 0x03, 0x03, 0x03, 0xff, 0xff, 0xff, 0xff, 0x03, 0x03, 0x03, 0x03, 0x00, 0x00, 0x3c, 0x3c, 
	0x3c, 0x3c, 0x3c, 0x3c, 0x3c, 0x3c, 0x3c, 0x3c, 0x3c, 0x3c, 0x3c, 0x3c, 0x00, 0x00, 0x00, 0x00, 
	0x00, 0x00, 0x00, 0x00, 0xff, 0xff, 0xff, 0xff, 0x00, 0x00, 0x00, 0x00, 0x00, 0x00, 0x3c, 0x3c, 
	0x3c, 0x3c, 0x3c, 0x3c, 0x3c, 0x3c, 0x3c, 0x3c, 0x00, 0x00, 0x00, 0x00, 0x00, 0x00, 0x00, 0x00, 
	0x00, 0x00, 0x00, 0x00, 0x3f, 0x3f, 0x3f, 0x3f, 0x00, 0x00, 0x00, 0x00, 0x00, 0x00, 0x3c, 0x3c, 
	0x3c, 0x3c, 0x3c, 0x3c, 0x00, 0x00, 0x00, 0x00, 0x00, 0x00, 0x00, 0x00, 0x00, 0x00, 0x00, 0x00
};
// 'sort-amount-up-alt', 32x32px
const unsigned char fas_32x32_fa_sort_amount_up_alt [] PROGMEM = {
	0x00, 0x80, 0xc0, 0xf0, 0xf8, 0xfc, 0xfc, 0xf8, 0xf0, 0xc0, 0x80, 0x00, 0x00, 0x00, 0x3c, 0x3c, 
	0x3c, 0x3c, 0x3c, 0x3c, 0x00, 0x00, 0x00, 0x00, 0x00, 0x00, 0x00, 0x00, 0x00, 0x00, 0x00, 0x00, 
	0x03, 0x03, 0x03, 0x03, 0xff, 0xff, 0xff, 0xff, 0x03, 0x03, 0x03, 0x03, 0x00, 0x00, 0x3c, 0x3c, 
	0x3c, 0x3c, 0x3c, 0x3c, 0x3c, 0x3c, 0x3c, 0x3c, 0x00, 0x00, 0x00, 0x00, 0x00, 0x00, 0x00, 0x00, 
	0x00, 0x00, 0x00, 0x00, 0xff, 0xff, 0xff, 0xff, 0x00, 0x00, 0x00, 0x00, 0x00, 0x00, 0x3c, 0x3c, 
	0x3c, 0x3c, 0x3c, 0x3c, 0x3c, 0x3c, 0x3c, 0x3c, 0x3c, 0x3c, 0x3c, 0x3c, 0x00, 0x00, 0x00, 0x00, 
	0x00, 0x00, 0x00, 0x00, 0x3f, 0x3f, 0x3f, 0x3f, 0x00, 0x00, 0x00, 0x00, 0x00, 0x00, 0x3c, 0x3c, 
	0x3c, 0x3c, 0x3c, 0x3c, 0x3c, 0x3c, 0x3c, 0x3c, 0x3c, 0x3c, 0x3c, 0x3c, 0x3c, 0x3c, 0x3c, 0x3c
};
// 'sort-down', 32x32px
const unsigned char fas_32x32_fa_sort_down [] PROGMEM = {
	0x00, 0x00, 0x00, 0x00, 0x00, 0x00, 0x00, 0x00, 0x00, 0x00, 0x00, 0x00, 0x00, 0x00, 0x00, 0x00, 
	0x00, 0x00, 0x00, 0x00, 0x00, 0x00, 0x00, 0x00, 0x00, 0x00, 0x00, 0x00, 0x00, 0x00, 0x00, 0x00, 
	0x00, 0x00, 0x00, 0x00, 0x00, 0x00, 0x00, 0x00, 0x00, 0x00, 0x00, 0x00, 0x00, 0x00, 0x00, 0x00, 
	0x00, 0x00, 0x00, 0x00, 0x00, 0x00, 0x00, 0x00, 0x00, 0x00, 0x00, 0x00, 0x00, 0x00, 0x00, 0x00, 
	0x00, 0x00, 0x00, 0x00, 0x00, 0x00, 0x00, 0x1c, 0x3c, 0x7c, 0xfc, 0xfc, 0xfc, 0xfc, 0xfc, 0xfc, 
	0xfc, 0xfc, 0xfc, 0xfc, 0xfc, 0xfc, 0x7c, 0x3c, 0x1c, 0x00, 0x00, 0x00, 0x00, 0x00, 0x00, 0x00, 
	0x00, 0x00, 0x00, 0x00, 0x00, 0x00, 0x00, 0x00, 0x00, 0x00, 0x00, 0x01, 0x03, 0x07, 0x0f, 0x0f, 
	0x0f, 0x0f, 0x07, 0x03, 0x01, 0x00, 0x00, 0x00, 0x00, 0x00, 0x00, 0x00, 0x00, 0x00, 0x00, 0x00
};
// 'sort-numeric-down', 32x32px
const unsigned char fas_32x32_fa_sort_numeric_down [] PROGMEM = {
	0x00, 0x00, 0x00, 0x00, 0x00, 0x00, 0xfc, 0xfc, 0xfc, 0xfc, 0x00, 0x00, 0x00, 0x00, 0x00, 0x00, 
	0x00, 0x00, 0x00, 0x00, 0x30, 0x3c, 0xfc, 0xfc, 0xfc, 0xfc, 0x00, 0x00, 0x00, 0x00, 0x00, 0x00, 
	0x00, 0x00, 0x00, 0x00, 0x00, 0x00, 0xff, 0xff, 0xff, 0xff, 0x00, 0x00, 0x00, 0x00, 0x00, 0x00, 
	0x00, 0x00, 0x00, 0x00, 0x3c, 0x3c, 0x3f, 0x3f, 0x3f, 0x3f, 0x3c, 0x3c, 0x00, 0x00, 0x00, 0x00, 
	0x00, 0x00, 0xc0, 0xc0, 0xc0, 0xc0, 0xff, 0xff, 0xff, 0xff, 0xc0, 0xc0, 0xc0, 0xc0, 0x00, 0x00, 
	0x00, 0x00, 0x00, 0x78, 0xfe, 0xfe, 0xff, 0xcf, 0xcf, 0xff, 0xfe, 0xfe, 0xf8, 0x00, 0x00, 0x00, 
	0x00, 0x00, 0x00, 0x01, 0x03, 0x0f, 0x1f, 0x3f, 0x3f, 0x1f, 0x0f, 0x03, 0x01, 0x00, 0x00, 0x00, 
	0x00, 0x00, 0x00, 0x00, 0x01, 0x01, 0x3b, 0x3f, 0x3f, 0x1f, 0x0f, 0x07, 0x01, 0x00, 0x00, 0x00
};
// 'sort-numeric-down-alt', 32x32px
const unsigned char fas_32x32_fa_sort_numeric_down_alt [] PROGMEM = {
	0x00, 0x00, 0x00, 0x00, 0x00, 0x00, 0xfc, 0xfc, 0xfc, 0xfc, 0x00, 0x00, 0x00, 0x00, 0x00, 0x00, 
	0x00, 0x00, 0x00, 0xe0, 0xf8, 0xf8, 0xfc, 0x3c, 0x3c, 0xfc, 0xf8, 0xf8, 0xe0, 0x00, 0x00, 0x00, 
	0x00, 0x00, 0x00, 0x00, 0x00, 0x00, 0xff, 0xff, 0xff, 0xff, 0x00, 0x00, 0x00, 0x00, 0x00, 0x00, 
	0x00, 0x00, 0x00, 0x01, 0x07, 0x07, 0xef, 0xff, 0xff, 0x7f, 0x3f, 0x1f, 0x07, 0x00, 0x00, 0x00, 
	0x00, 0x00, 0xc0, 0xc0, 0xc0, 0xc0, 0xff, 0xff, 0xff, 0xff, 0xc0, 0xc0, 0xc0, 0xc0, 0x00, 0x00, 
	0x00, 0x00, 0x00, 0x00, 0x30, 0x3c, 0xfc, 0xfc, 0xfc, 0xfc, 0x00, 0x00, 0x00, 0x00, 0x00, 0x00, 
	0x00, 0x00, 0x00, 0x01, 0x03, 0x0f, 0x1f, 0x3f, 0x3f, 0x1f, 0x0f, 0x03, 0x01, 0x00, 0x00, 0x00, 
	0x00, 0x00, 0x00, 0x00, 0x3c, 0x3c, 0x3f, 0x3f, 0x3f, 0x3f, 0x3c, 0x3c, 0x00, 0x00, 0x00, 0x00
};
// 'sort-numeric-up', 32x32px
const unsigned char fas_32x32_fa_sort_numeric_up [] PROGMEM = {
	0x00, 0x00, 0x00, 0x80, 0xc0, 0xf0, 0xf8, 0xfc, 0xfc, 0xf8, 0xf0, 0xc0, 0x80, 0x00, 0x00, 0x00, 
	0x00, 0x00, 0x00, 0x00, 0x30, 0x3c, 0xfc, 0xfc, 0xfc, 0xfc, 0x00, 0x00, 0x00, 0x00, 0x00, 0x00, 
	0x00, 0x00, 0x03, 0x03, 0x03, 0x03, 0xff, 0xff, 0xff, 0xff, 0x03, 0x03, 0x03, 0x03, 0x00, 0x00, 
	0x00, 0x00, 0x00, 0x00, 0x3c, 0x3c, 0x3f, 0x3f, 0x3f, 0x3f, 0x3c, 0x3c, 0x00, 0x00, 0x00, 0x00, 
	0x00, 0x00, 0x00, 0x00, 0x00, 0x00, 0xff, 0xff, 0xff, 0xff, 0x00, 0x00, 0x00, 0x00, 0x00, 0x00, 
	0x00, 0x00, 0x00, 0x78, 0xfe, 0xfe, 0xff, 0xcf, 0xcf, 0xff, 0xfe, 0xfe, 0xf8, 0x00, 0x00, 0x00, 
	0x00, 0x00, 0x00, 0x00, 0x00, 0x00, 0x3f, 0x3f, 0x3f, 0x3f, 0x00, 0x00, 0x00, 0x00, 0x00, 0x00, 
	0x00, 0x00, 0x00, 0x00, 0x01, 0x01, 0x3b, 0x3f, 0x3f, 0x1f, 0x0f, 0x07, 0x01, 0x00, 0x00, 0x00
};
// 'sort-numeric-up-alt', 32x32px
const unsigned char fas_32x32_fa_sort_numeric_up_alt [] PROGMEM = {
	0x00, 0x00, 0x00, 0x80, 0xc0, 0xf0, 0xf8, 0xfc, 0xfc, 0xf8, 0xf0, 0xc0, 0x80, 0x00, 0x00, 0x00, 
	0x00, 0x00, 0x00, 0xe0, 0xf8, 0xf8, 0xfc, 0x3c, 0x3c, 0xfc, 0xf8, 0xf8, 0xe0, 0x00, 0x00, 0x00, 
	0x00, 0x00, 0x03, 0x03, 0x03, 0x03, 0xff, 0xff, 0xff, 0xff, 0x03, 0x03, 0x03, 0x03, 0x00, 0x00, 
	0x00, 0x00, 0x00, 0x01, 0x07, 0x07, 0xef, 0xff, 0xff, 0x7f, 0x3f, 0x1f, 0x07, 0x00, 0x00, 0x00, 
	0x00, 0x00, 0x00, 0x00, 0x00, 0x00, 0xff, 0xff, 0xff, 0xff, 0x00, 0x00, 0x00, 0x00, 0x00, 0x00, 
	0x00, 0x00, 0x00, 0x00, 0x30, 0x3c, 0xfc, 0xfc, 0xfc, 0xfc, 0x00, 0x00, 0x00, 0x00, 0x00, 0x00, 
	0x00, 0x00, 0x00, 0x00, 0x00, 0x00, 0x3f, 0x3f, 0x3f, 0x3f, 0x00, 0x00, 0x00, 0x00, 0x00, 0x00, 
	0x00, 0x00, 0x00, 0x00, 0x3c, 0x3c, 0x3f, 0x3f, 0x3f, 0x3f, 0x3c, 0x3c, 0x00, 0x00, 0x00, 0x00
};
// 'sort-up', 32x32px
const unsigned char fas_32x32_fa_sort_up [] PROGMEM = {
	0x00, 0x00, 0x00, 0x00, 0x00, 0x00, 0x00, 0x00, 0x00, 0x00, 0x00, 0x80, 0xc0, 0xe0, 0xf0, 0xf0, 
	0xf0, 0xf0, 0xe0, 0xc0, 0x80, 0x00, 0x00, 0x00, 0x00, 0x00, 0x00, 0x00, 0x00, 0x00, 0x00, 0x00, 
	0x00, 0x00, 0x00, 0x00, 0x00, 0x00, 0x00, 0x38, 0x3c, 0x3e, 0x3f, 0x3f, 0x3f, 0x3f, 0x3f, 0x3f, 
	0x3f, 0x3f, 0x3f, 0x3f, 0x3f, 0x3f, 0x3e, 0x3c, 0x38, 0x00, 0x00, 0x00, 0x00, 0x00, 0x00, 0x00, 
	0x00, 0x00, 0x00, 0x00, 0x00, 0x00, 0x00, 0x00, 0x00, 0x00, 0x00, 0x00, 0x00, 0x00, 0x00, 0x00, 
	0x00, 0x00, 0x00, 0x00, 0x00, 0x00, 0x00, 0x00, 0x00, 0x00, 0x00, 0x00, 0x00, 0x00, 0x00, 0x00, 
	0x00, 0x00, 0x00, 0x00, 0x00, 0x00, 0x00, 0x00, 0x00, 0x00, 0x00, 0x00, 0x00, 0x00, 0x00, 0x00, 
	0x00, 0x00, 0x00, 0x00, 0x00, 0x00, 0x00, 0x00, 0x00, 0x00, 0x00, 0x00, 0x00, 0x00, 0x00, 0x00
};
// 'spa', 32x32px
const unsigned char fas_32x32_fa_spa [] PROGMEM = {
	0x00, 0x00, 0x00, 0x00, 0x00, 0x00, 0x00, 0x00, 0x00, 0x00, 0x00, 0x00, 0x00, 0xc0, 0xe0, 0xf0, 
	0xf0, 0xe0, 0xc0, 0x00, 0x00, 0x00, 0x00, 0x00, 0x00, 0x00, 0x00, 0x00, 0x00, 0x00, 0x00, 0x00, 
	0xe0, 0xe0, 0xe0, 0xe0, 0xe0, 0xe0, 0xc0, 0xc0, 0xc0, 0x80, 0x10, 0x3e, 0x7f, 0xff, 0xff, 0xff, 
	0xff, 0xff, 0xff, 0x7f, 0x3e, 0x10, 0x80, 0xc0, 0xc0, 0xc0, 0xe0, 0xe0, 0xe0, 0xe0, 0xe0, 0xe0, 
	0x01, 0x07, 0x1f, 0x3f, 0x7f, 0xff, 0xff, 0xff, 0xff, 0xff, 0xff, 0xff, 0xfe, 0xfc, 0xf9, 0xe3, 
	0xe3, 0xf9, 0xfc, 0xfe, 0xff, 0xff, 0xff, 0xff, 0xff, 0xff, 0xff, 0x7f, 0x3f, 0x1f, 0x07, 0x01, 
	0x00, 0x00, 0x00, 0x00, 0x00, 0x00, 0x01, 0x03, 0x07, 0x07, 0x07, 0x0f, 0x0f, 0x0f, 0x0f, 0x0f, 
	0x0f, 0x0f, 0x0f, 0x0f, 0x0f, 0x07, 0x07, 0x07, 0x03, 0x01, 0x00, 0x00, 0x00, 0x00, 0x00, 0x00
};
// 'space-shuttle', 32x32px
const unsigned char fas_32x32_fa_space_shuttle [] PROGMEM = {
	0x00, 0x00, 0xe0, 0xe0, 0x00, 0xe0, 0xe0, 0xe0, 0xe0, 0xc0, 0x80, 0x00, 0x00, 0x00, 0x00, 0x00, 
	0x00, 0x00, 0x00, 0x00, 0x00, 0x00, 0x00, 0x00, 0x00, 0x00, 0x00, 0x00, 0x00, 0x00, 0x00, 0x00, 
	0x78, 0xf8, 0xff, 0xff, 0xf8, 0xff, 0xff, 0xff, 0xff, 0xff, 0xff, 0xff, 0xff, 0xfe, 0xfc, 0xfc, 
	0xf0, 0xf0, 0xf0, 0xf0, 0xf0, 0xf0, 0xf0, 0xf0, 0x30, 0x70, 0xe0, 0xe0, 0xe0, 0xe0, 0xc0, 0x80, 
	0x1e, 0x1f, 0xff, 0xff, 0x1f, 0xff, 0xff, 0xff, 0xff, 0xff, 0xff, 0xff, 0xff, 0x7f, 0x3f, 0x3f, 
	0x0f, 0x0f, 0x0f, 0x0f, 0x0f, 0x0f, 0x0f, 0x0f, 0x0c, 0x0e, 0x07, 0x07, 0x07, 0x07, 0x03, 0x01, 
	0x00, 0x00, 0x07, 0x07, 0x00, 0x07, 0x07, 0x07, 0x07, 0x03, 0x01, 0x00, 0x00, 0x00, 0x00, 0x00, 
	0x00, 0x00, 0x00, 0x00, 0x00, 0x00, 0x00, 0x00, 0x00, 0x00, 0x00, 0x00, 0x00, 0x00, 0x00, 0x00
};
// 'spell-check', 32x32px
const unsigned char fas_32x32_fa_spell_check [] PROGMEM = {
	0x00, 0x00, 0x80, 0xf0, 0xfc, 0xfc, 0x7c, 0xfc, 0xf8, 0xc0, 0x00, 0x00, 0x00, 0x00, 0xfc, 0xfc, 
	0xfc, 0x9c, 0x1c, 0x1c, 0xbc, 0xfc, 0xf8, 0xf0, 0x00, 0x00, 0x00, 0x00, 0x00, 0x00, 0x00, 0x00, 
	0xe0, 0xfc, 0xff, 0x3f, 0x1f, 0x1c, 0x1c, 0x1f, 0x3f, 0xff, 0xfe, 0xf0, 0x00, 0x00, 0xff, 0xff, 
	0xff, 0xe7, 0xe3, 0xe3, 0xe3, 0xf7, 0x7f, 0x7f, 0x1c, 0x00, 0x00, 0x80, 0xc0, 0x80, 0x00, 0x00, 
	0x00, 0x00, 0x00, 0x00, 0x00, 0x00, 0x00, 0x00, 0x00, 0x00, 0x00, 0x00, 0x00, 0xc0, 0xe0, 0xf0, 
	0xf0, 0xe0, 0xc0, 0x80, 0xc0, 0xe0, 0xf0, 0xf8, 0xfc, 0xfe, 0xff, 0x7f, 0x3f, 0x1f, 0x0f, 0x06, 
	0x00, 0x00, 0x00, 0x00, 0x00, 0x00, 0x00, 0x00, 0x00, 0x00, 0x00, 0x00, 0x00, 0x00, 0x01, 0x03, 
	0x07, 0x0f, 0x1f, 0x3f, 0x3f, 0x0f, 0x0f, 0x07, 0x03, 0x01, 0x00, 0x00, 0x00, 0x00, 0x00, 0x00
};
// 'spider', 32x32px
const unsigned char fas_32x32_fa_spider [] PROGMEM = {
	0x00, 0x00, 0x00, 0x00, 0x00, 0x00, 0x00, 0xe0, 0xfc, 0xfc, 0x0c, 0x00, 0x00, 0x00, 0x00, 0x80, 
	0x80, 0x00, 0x00, 0x00, 0x00, 0x0c, 0xfc, 0xfc, 0xe0, 0x00, 0x00, 0x00, 0x00, 0x00, 0x00, 0x00, 
	0x00, 0x03, 0x0f, 0x1f, 0x3c, 0x78, 0x70, 0xe1, 0xe7, 0xef, 0xe0, 0xe0, 0xfe, 0xff, 0xff, 0xff, 
	0xff, 0xff, 0xff, 0xfe, 0xe0, 0xe0, 0xef, 0xe7, 0xe1, 0x70, 0x78, 0x3c, 0x1f, 0x0f, 0x03, 0x00, 
	0x30, 0x78, 0x3c, 0x1f, 0x07, 0xc7, 0xf7, 0xff, 0x3f, 0x1f, 0x0f, 0xff, 0xff, 0xff, 0xff, 0xff, 
	0xff, 0xff, 0xff, 0xff, 0xff, 0x0f, 0x1f, 0x3f, 0xff, 0xf7, 0xc7, 0x07, 0x1f, 0x3c, 0x78, 0x30, 
	0x00, 0x00, 0x00, 0x00, 0x3f, 0x3f, 0x3f, 0x00, 0x00, 0x00, 0x00, 0x00, 0x01, 0x03, 0x03, 0x03, 
	0x03, 0x03, 0x03, 0x01, 0x00, 0x00, 0x00, 0x00, 0x00, 0x3f, 0x3f, 0x3f, 0x00, 0x00, 0x00, 0x00
};
// 'spinner', 32x32px
const unsigned char fas_32x32_fa_spinner [] PROGMEM = {
	0x00, 0x00, 0x00, 0x00, 0xe0, 0xf0, 0xf0, 0xf0, 0xf0, 0xe0, 0x00, 0x00, 0x00, 0x1e, 0x3f, 0x3f, 
	0x3f, 0x3f, 0x1e, 0x00, 0x00, 0x00, 0x00, 0x00, 0x00, 0x00, 0x00, 0x00, 0x00, 0x00, 0x00, 0x00, 
	0xc0, 0xe0, 0xe0, 0xe0, 0xe1, 0xc3, 0x03, 0x03, 0x01, 0x00, 0x00, 0x00, 0x00, 0x00, 0x00, 0x00, 
	0x00, 0x00, 0x00, 0x00, 0x00, 0x00, 0x00, 0x00, 0x00, 0x00, 0xc0, 0xe0, 0xe0, 0xe0, 0xe0, 0xc0, 
	0x03, 0x07, 0x07, 0x07, 0x87, 0xc3, 0xc0, 0xc0, 0x80, 0x00, 0x00, 0x00, 0x00, 0x00, 0x00, 0x00, 
	0x00, 0x00, 0x00, 0x00, 0x00, 0x00, 0x00, 0x80, 0xc0, 0xc0, 0xc3, 0x87, 0x07, 0x07, 0x07, 0x03, 
	0x00, 0x00, 0x00, 0x00, 0x07, 0x0f, 0x0f, 0x0f, 0x0f, 0x07, 0x00, 0x00, 0x00, 0x78, 0xfc, 0xfc, 
	0xfc, 0xfc, 0x78, 0x00, 0x00, 0x00, 0x07, 0x0f, 0x0f, 0x0f, 0x0f, 0x07, 0x00, 0x00, 0x00, 0x00
};
// 'splotch', 32x32px
const unsigned char fas_32x32_fa_splotch [] PROGMEM = {
	0x00, 0x00, 0x80, 0x80, 0x80, 0x80, 0x80, 0x80, 0x80, 0x80, 0x80, 0x80, 0xc0, 0xe0, 0xf0, 0xf8, 
	0xfc, 0xfc, 0xfc, 0xfc, 0xf8, 0xf0, 0x80, 0x00, 0x00, 0x00, 0x00, 0x00, 0x00, 0x00, 0x00, 0x00, 
	0x0e, 0x3f, 0x7f, 0xff, 0xff, 0xff, 0xff, 0xff, 0xff, 0xff, 0xff, 0xff, 0xff, 0xff, 0xff, 0xff, 
	0xff, 0xff, 0xff, 0xff, 0xff, 0xff, 0xff, 0xfe, 0xfc, 0xf8, 0xf8, 0xf0, 0xf0, 0xf0, 0xe0, 0xc0, 
	0x00, 0xc0, 0xf0, 0xfd, 0xff, 0xff, 0xff, 0xff, 0xff, 0xff, 0xff, 0xff, 0xff, 0xff, 0xff, 0xff, 
	0xff, 0xff, 0xff, 0xff, 0xff, 0xff, 0xff, 0xff, 0x3f, 0x1f, 0x0f, 0x0f, 0x07, 0x07, 0x03, 0x01, 
	0x00, 0x01, 0x03, 0x07, 0x07, 0x07, 0x07, 0x07, 0x03, 0x03, 0x03, 0x03, 0x03, 0x03, 0x07, 0x0f, 
	0x0f, 0x1f, 0x3f, 0x3f, 0x3f, 0x3f, 0x1f, 0x0f, 0x00, 0x00, 0x00, 0x00, 0x00, 0x00, 0x00, 0x00
};
// 'spray-can', 32x32px
const unsigned char fas_32x32_fa_spray_can [] PROGMEM = {
	0x00, 0x00, 0x00, 0x00, 0x00, 0x00, 0xfe, 0xff, 0xff, 0xff, 0xff, 0xff, 0xff, 0xfe, 0x00, 0x00, 
	0x18, 0x3c, 0x3c, 0x18, 0x00, 0x00, 0x18, 0x3c, 0x3c, 0x18, 0x00, 0x00, 0x18, 0x3c, 0x3c, 0x18, 
	0xe0, 0xf0, 0xf8, 0xf8, 0xfc, 0xfc, 0xfc, 0xfc, 0xfc, 0xfc, 0xfc, 0xfc, 0xfc, 0xfc, 0xfc, 0xfc, 
	0xf8, 0xf8, 0xf0, 0xc0, 0x00, 0x00, 0x06, 0x0f, 0x0f, 0x06, 0x00, 0x00, 0x86, 0xcf, 0xcf, 0x86, 
	0xff, 0xff, 0xff, 0xff, 0xff, 0x87, 0x03, 0x01, 0x00, 0x00, 0x00, 0x00, 0x01, 0x03, 0x87, 0xff, 
	0xff, 0xff, 0xff, 0xff, 0x00, 0x00, 0x00, 0x00, 0x00, 0x00, 0x00, 0x00, 0x01, 0x03, 0x03, 0x01, 
	0xff, 0xff, 0xff, 0xff, 0xff, 0xff, 0xff, 0xfe, 0xfc, 0xfc, 0xfc, 0xfc, 0xfe, 0xff, 0xff, 0xff, 
	0xff, 0xff, 0xff, 0x7f, 0x00, 0x00, 0x00, 0x00, 0x00, 0x00, 0x00, 0x00, 0x00, 0x00, 0x00, 0x00
};
// 'square', 32x32px
const unsigned char fas_32x32_fa_square [] PROGMEM = {
	0x00, 0x00, 0xf8, 0xfc, 0xfc, 0xfc, 0xfc, 0xfc, 0xfc, 0xfc, 0xfc, 0xfc, 0xfc, 0xfc, 0xfc, 0xfc, 
	0xfc, 0xfc, 0xfc, 0xfc, 0xfc, 0xfc, 0xfc, 0xfc, 0xfc, 0xfc, 0xfc, 0xfc, 0xfc, 0xf8, 0x00, 0x00, 
	0x00, 0x00, 0xff, 0xff, 0xff, 0xff, 0xff, 0xff, 0xff, 0xff, 0xff, 0xff, 0xff, 0xff, 0xff, 0xff, 
	0xff, 0xff, 0xff, 0xff, 0xff, 0xff, 0xff, 0xff, 0xff, 0xff, 0xff, 0xff, 0xff, 0xff, 0x00, 0x00, 
	0x00, 0x00, 0xff, 0xff, 0xff, 0xff, 0xff, 0xff, 0xff, 0xff, 0xff, 0xff, 0xff, 0xff, 0xff, 0xff, 
	0xff, 0xff, 0xff, 0xff, 0xff, 0xff, 0xff, 0xff, 0xff, 0xff, 0xff, 0xff, 0xff, 0xff, 0x00, 0x00, 
	0x00, 0x00, 0x1f, 0x3f, 0x3f, 0x3f, 0x3f, 0x3f, 0x3f, 0x3f, 0x3f, 0x3f, 0x3f, 0x3f, 0x3f, 0x3f, 
	0x3f, 0x3f, 0x3f, 0x3f, 0x3f, 0x3f, 0x3f, 0x3f, 0x3f, 0x3f, 0x3f, 0x3f, 0x3f, 0x1f, 0x00, 0x00
};
// 'square-full', 32x32px
const unsigned char fas_32x32_fa_square_full [] PROGMEM = {
	0xff, 0xff, 0xff, 0xff, 0xff, 0xff, 0xff, 0xff, 0xff, 0xff, 0xff, 0xff, 0xff, 0xff, 0xff, 0xff, 
	0xff, 0xff, 0xff, 0xff, 0xff, 0xff, 0xff, 0xff, 0xff, 0xff, 0xff, 0xff, 0xff, 0xff, 0xff, 0xff, 
	0xff, 0xff, 0xff, 0xff, 0xff, 0xff, 0xff, 0xff, 0xff, 0xff, 0xff, 0xff, 0xff, 0xff, 0xff, 0xff, 
	0xff, 0xff, 0xff, 0xff, 0xff, 0xff, 0xff, 0xff, 0xff, 0xff, 0xff, 0xff, 0xff, 0xff, 0xff, 0xff, 
	0xff, 0xff, 0xff, 0xff, 0xff, 0xff, 0xff, 0xff, 0xff, 0xff, 0xff, 0xff, 0xff, 0xff, 0xff, 0xff, 
	0xff, 0xff, 0xff, 0xff, 0xff, 0xff, 0xff, 0xff, 0xff, 0xff, 0xff, 0xff, 0xff, 0xff, 0xff, 0xff, 
	0xff, 0xff, 0xff, 0xff, 0xff, 0xff, 0xff, 0xff, 0xff, 0xff, 0xff, 0xff, 0xff, 0xff, 0xff, 0xff, 
	0xff, 0xff, 0xff, 0xff, 0xff, 0xff, 0xff, 0xff, 0xff, 0xff, 0xff, 0xff, 0xff, 0xff, 0xff, 0xff
};
// 'square-root-alt', 32x32px
const unsigned char fas_32x32_fa_square_root_alt [] PROGMEM = {
	0x00, 0x00, 0x00, 0x00, 0x00, 0x00, 0x00, 0x00, 0x00, 0x00, 0x00, 0x00, 0x00, 0x00, 0xc0, 0xf8, 
	0xfc, 0xfc, 0xfc, 0xfc, 0x7c, 0x7c, 0x7c, 0x7c, 0x7c, 0x7c, 0x7c, 0x7c, 0x7c, 0x7c, 0x7c, 0x7c, 
	0x80, 0xc0, 0xc0, 0xc0, 0xc0, 0xc0, 0xc0, 0x80, 0x00, 0x00, 0x00, 0x00, 0xc0, 0xfc, 0xff, 0xff, 
	0xff, 0xff, 0x0f, 0x01, 0x00, 0x00, 0x80, 0xc0, 0x80, 0x00, 0x00, 0x00, 0x80, 0xc0, 0x80, 0x80, 
	0x07, 0x07, 0x0f, 0x0f, 0x1f, 0x7f, 0xff, 0xff, 0xfe, 0xf8, 0xf0, 0xfc, 0xff, 0xff, 0xff, 0xff, 
	0x0f, 0x00, 0x00, 0x00, 0x00, 0x41, 0xe3, 0xf7, 0xff, 0x7f, 0x3e, 0x7f, 0xff, 0xff, 0xe3, 0xc1, 
	0x00, 0x00, 0x00, 0x00, 0x00, 0x00, 0x01, 0x03, 0x0f, 0x1f, 0x3f, 0x3f, 0x3f, 0x1f, 0x07, 0x00, 
	0x00, 0x00, 0x00, 0x00, 0x00, 0x00, 0x00, 0x01, 0x00, 0x00, 0x00, 0x00, 0x00, 0x01, 0x00, 0x00
};
// 'stamp', 32x32px
const unsigned char fas_32x32_fa_stamp [] PROGMEM = {
	0x00, 0x00, 0x00, 0x00, 0x00, 0x00, 0x00, 0x00, 0x00, 0x00, 0xf0, 0xfc, 0xfe, 0xff, 0xff, 0xff, 
	0xff, 0xff, 0xff, 0xfe, 0xfc, 0xf0, 0x00, 0x00, 0x00, 0x00, 0x00, 0x00, 0x00, 0x00, 0x00, 0x00, 
	0x00, 0x00, 0x00, 0x00, 0x00, 0x00, 0x00, 0x00, 0x00, 0x00, 0x00, 0x87, 0xff, 0xff, 0xff, 0xff, 
	0xff, 0xff, 0xff, 0xff, 0x87, 0x00, 0x00, 0x00, 0x00, 0x00, 0x00, 0x00, 0x00, 0x00, 0x00, 0x00, 
	0xf8, 0xfc, 0xfe, 0xfe, 0xff, 0xff, 0xff, 0xff, 0xff, 0xff, 0xff, 0xff, 0xff, 0xff, 0xff, 0xff, 
	0xff, 0xff, 0xff, 0xff, 0xff, 0xff, 0xff, 0xff, 0xff, 0xff, 0xff, 0xff, 0xfe, 0xfe, 0xfc, 0xf8, 
	0x01, 0x03, 0xf3, 0xf3, 0xf3, 0xf3, 0xf3, 0xf3, 0xf3, 0xf3, 0xf3, 0xf3, 0xf3, 0xf3, 0xf3, 0xf3, 
	0xf3, 0xf3, 0xf3, 0xf3, 0xf3, 0xf3, 0xf3, 0xf3, 0xf3, 0xf3, 0xf3, 0xf3, 0xf3, 0xf3, 0x03, 0x01
};
// 'star', 32x32px
const unsigned char fas_32x32_fa_star [] PROGMEM = {
	0x00, 0x00, 0x00, 0x00, 0x00, 0x00, 0x00, 0x00, 0x00, 0x00, 0x00, 0x00, 0x80, 0xe0, 0xf8, 0xfc, 
	0xfc, 0xf8, 0xe0, 0x80, 0x00, 0x00, 0x00, 0x00, 0x00, 0x00, 0x00, 0x00, 0x00, 0x00, 0x00, 0x00, 
	0x00, 0x30, 0x78, 0xf8, 0xf8, 0xf8, 0xf8, 0xf8, 0xf8, 0xfc, 0xfc, 0xfe, 0xff, 0xff, 0xff, 0xff, 
	0xff, 0xff, 0xff, 0xff, 0xfe, 0xfc, 0xfc, 0xf8, 0xf8, 0xf8, 0xf8, 0xf8, 0xf8, 0x78, 0x30, 0x00, 
	0x00, 0x00, 0x00, 0x00, 0x01, 0x03, 0x07, 0xff, 0xff, 0xff, 0xff, 0xff, 0xff, 0xff, 0xff, 0xff, 
	0xff, 0xff, 0xff, 0xff, 0xff, 0xff, 0xff, 0xff, 0xff, 0x07, 0x03, 0x01, 0x00, 0x00, 0x00, 0x00, 
	0x00, 0x00, 0x00, 0x00, 0x00, 0x00, 0x1c, 0x3f, 0x3f, 0x3f, 0x1f, 0x0f, 0x0f, 0x07, 0x07, 0x03, 
	0x03, 0x07, 0x07, 0x0f, 0x0f, 0x1f, 0x3f, 0x3f, 0x3f, 0x1c, 0x00, 0x00, 0x00, 0x00, 0x00, 0x00
};
// 'star-and-crescent', 32x32px
const unsigned char fas_32x32_fa_star_and_crescent [] PROGMEM = {
	0x00, 0x00, 0x80, 0xc0, 0xe0, 0xf0, 0xf8, 0xfc, 0xfc, 0xfe, 0xfe, 0x7e, 0x3f, 0x1f, 0x0f, 0x0f, 
	0x0f, 0x07, 0x07, 0x07, 0x06, 0x06, 0x00, 0x00, 0x00, 0x00, 0x00, 0x00, 0x00, 0x00, 0x00, 0x00, 
	0xf0, 0xfe, 0xff, 0xff, 0xff, 0xff, 0xff, 0xff, 0x07, 0x01, 0x00, 0x00, 0x00, 0x00, 0x00, 0x00, 
	0x60, 0xe0, 0xe0, 0xe0, 0xe0, 0xf0, 0xfc, 0xff, 0xff, 0xfc, 0xf0, 0xe0, 0xe0, 0xe0, 0xe0, 0x60, 
	0x0f, 0x7f, 0xff, 0xff, 0xff, 0xff, 0xff, 0xff, 0xe0, 0x80, 0x00, 0x00, 0x00, 0x00, 0x00, 0x00, 
	0x00, 0x00, 0x01, 0x7f, 0x7f, 0x3f, 0x3f, 0x1f, 0x1f, 0x3f, 0x3f, 0x7f, 0x7f, 0x01, 0x00, 0x00, 
	0x00, 0x00, 0x01, 0x03, 0x07, 0x0f, 0x1f, 0x3f, 0x3f, 0x7f, 0x7f, 0x7e, 0xfc, 0xf8, 0xf0, 0xf0, 
	0xf0, 0xe0, 0xe0, 0xe0, 0x60, 0x60, 0x00, 0x00, 0x00, 0x00, 0x00, 0x00, 0x00, 0x00, 0x00, 0x00
};
// 'star-half', 32x32px
const unsigned char fas_32x32_fa_star_half [] PROGMEM = {
	0x00, 0x00, 0x00, 0x00, 0x00, 0x00, 0x00, 0x00, 0x00, 0x00, 0x00, 0x00, 0x80, 0xe0, 0xf8, 0xfc, 
	0x00, 0x00, 0x00, 0x00, 0x00, 0x00, 0x00, 0x00, 0x00, 0x00, 0x00, 0x00, 0x00, 0x00, 0x00, 0x00, 
	0x00, 0x30, 0x78, 0xf8, 0xf8, 0xf8, 0xf8, 0xf8, 0xf8, 0xfc, 0xfc, 0xfe, 0xff, 0xff, 0xff, 0xff, 
	0x00, 0x00, 0x00, 0x00, 0x00, 0x00, 0x00, 0x00, 0x00, 0x00, 0x00, 0x00, 0x00, 0x00, 0x00, 0x00, 
	0x00, 0x00, 0x00, 0x00, 0x01, 0x03, 0x07, 0xff, 0xff, 0xff, 0xff, 0xff, 0xff, 0xff, 0xff, 0xff, 
	0x00, 0x00, 0x00, 0x00, 0x00, 0x00, 0x00, 0x00, 0x00, 0x00, 0x00, 0x00, 0x00, 0x00, 0x00, 0x00, 
	0x00, 0x00, 0x00, 0x00, 0x00, 0x00, 0x1c, 0x3f, 0x3f, 0x3f, 0x1f, 0x0f, 0x0f, 0x07, 0x07, 0x03, 
	0x00, 0x00, 0x00, 0x00, 0x00, 0x00, 0x00, 0x00, 0x00, 0x00, 0x00, 0x00, 0x00, 0x00, 0x00, 0x00
};
// 'star-half-alt', 32x32px
const unsigned char fas_32x32_fa_star_half_alt [] PROGMEM = {
	0x00, 0x00, 0x00, 0x00, 0x00, 0x00, 0x00, 0x00, 0x00, 0x00, 0x00, 0x00, 0xc0, 0xf0, 0xfc, 0xfe, 
	0x7e, 0xfc, 0xf0, 0xc0, 0x00, 0x00, 0x00, 0x00, 0x00, 0x00, 0x00, 0x00, 0x00, 0x00, 0x00, 0x00, 
	0x70, 0xf8, 0xf8, 0xf8, 0xf8, 0xf8, 0xf8, 0xfc, 0xfc, 0xfc, 0xfc, 0xff, 0xff, 0xff, 0xff, 0xff, 
	0x00, 0x00, 0x03, 0x0f, 0x1f, 0x1c, 0x1c, 0x1c, 0x1c, 0x38, 0xb8, 0xf8, 0xf8, 0xf8, 0xf8, 0x70, 
	0x00, 0x00, 0x01, 0x03, 0x07, 0x0f, 0x9f, 0xff, 0xff, 0xff, 0xff, 0xff, 0xff, 0xff, 0xff, 0xff, 
	0x00, 0x00, 0x00, 0x00, 0x00, 0x00, 0x78, 0xfc, 0xfe, 0x9f, 0x0f, 0x07, 0x03, 0x01, 0x00, 0x00, 
	0x00, 0x00, 0x00, 0x00, 0x00, 0x60, 0xff, 0xff, 0xff, 0x7f, 0x7f, 0x3f, 0x3f, 0x1f, 0x0f, 0x0f, 
	0x0e, 0x0e, 0x1c, 0x3c, 0x38, 0x78, 0x70, 0xff, 0xff, 0xff, 0x60, 0x00, 0x00, 0x00, 0x00, 0x00
};
// 'star-of-david', 32x32px
const unsigned char fas_32x32_fa_star_of_david [] PROGMEM = {
	0x00, 0x00, 0x00, 0x80, 0x80, 0x80, 0x80, 0x80, 0x80, 0x80, 0x80, 0xc0, 0xf0, 0xf8, 0xfe, 0xff, 
	0x9f, 0xff, 0xfe, 0xf8, 0xf0, 0xc0, 0x80, 0x80, 0x80, 0x80, 0x80, 0x80, 0x80, 0x80, 0x00, 0x00, 
	0x00, 0x00, 0x07, 0x0f, 0x3f, 0xff, 0xff, 0xf7, 0xff, 0xff, 0x7f, 0x1f, 0x07, 0x07, 0x07, 0x07, 
	0x07, 0x07, 0x07, 0x07, 0x07, 0x1f, 0x7f, 0xff, 0xff, 0xf7, 0xff, 0xff, 0x3f, 0x0f, 0x07, 0x00, 
	0x00, 0x00, 0xe0, 0xf0, 0xfc, 0xff, 0xff, 0xef, 0xff, 0xff, 0xfe, 0xf8, 0xe0, 0xe0, 0xe0, 0xe0, 
	0xe0, 0xe0, 0xe0, 0xe0, 0xe0, 0xf8, 0xfe, 0xff, 0xff, 0xef, 0xff, 0xff, 0xfc, 0xf0, 0xe0, 0x00, 
	0x00, 0x00, 0x00, 0x01, 0x01, 0x01, 0x01, 0x01, 0x01, 0x01, 0x01, 0x03, 0x0f, 0x1f, 0x7f, 0xff, 
	0xf9, 0xff, 0x7f, 0x1f, 0x0f, 0x03, 0x01, 0x01, 0x01, 0x01, 0x01, 0x01, 0x01, 0x01, 0x00, 0x00
};
// 'star-of-life', 32x32px
const unsigned char fas_32x32_fa_star_of_life [] PROGMEM = {
	0x00, 0x00, 0x80, 0xc0, 0xc0, 0xc0, 0x80, 0x00, 0x00, 0x00, 0x00, 0x00, 0x00, 0xff, 0xff, 0xff, 
	0xff, 0xff, 0xff, 0x00, 0x00, 0x00, 0x00, 0x00, 0x00, 0x80, 0xc0, 0xc0, 0xc0, 0x80, 0x00, 0x00, 
	0x00, 0x06, 0x0f, 0x0f, 0x1f, 0x1f, 0x3f, 0x7f, 0x7f, 0xfe, 0xfe, 0xfc, 0xfc, 0xff, 0xff, 0xff, 
	0xff, 0xff, 0xff, 0xfc, 0xfc, 0xfe, 0xfe, 0x7f, 0x7f, 0x3f, 0x1f, 0x1f, 0x0f, 0x0f, 0x06, 0x00, 
	0x00, 0x60, 0xf0, 0xf0, 0xf8, 0xf8, 0xfc, 0xfe, 0xfe, 0x7f, 0x7f, 0x3f, 0x3f, 0xff, 0xff, 0xff, 
	0xff, 0xff, 0xff, 0x3f, 0x3f, 0x7f, 0x7f, 0xfe, 0xfe, 0xfc, 0xf8, 0xf8, 0xf0, 0xf0, 0x60, 0x00, 
	0x00, 0x00, 0x01, 0x03, 0x03, 0x03, 0x01, 0x00, 0x00, 0x00, 0x00, 0x00, 0x00, 0xff, 0xff, 0xff, 
	0xff, 0xff, 0xff, 0x00, 0x00, 0x00, 0x00, 0x00, 0x00, 0x01, 0x03, 0x03, 0x03, 0x01, 0x00, 0x00
};
// 'step-backward', 32x32px
const unsigned char fas_32x32_fa_step_backward [] PROGMEM = {
	0x00, 0x00, 0x00, 0x00, 0x00, 0x00, 0xfc, 0xfc, 0xfc, 0xfc, 0xf8, 0x00, 0x00, 0x00, 0x00, 0x00, 
	0x00, 0x80, 0xc0, 0xe0, 0xf0, 0xf0, 0xf8, 0xfc, 0xfc, 0xf8, 0x00, 0x00, 0x00, 0x00, 0x00, 0x00, 
	0x00, 0x00, 0x00, 0x00, 0x00, 0x00, 0xff, 0xff, 0xff, 0xff, 0xff, 0xe0, 0xf0, 0xf8, 0xfc, 0xfe, 
	0xff, 0xff, 0xff, 0xff, 0xff, 0xff, 0xff, 0xff, 0xff, 0xff, 0x00, 0x00, 0x00, 0x00, 0x00, 0x00, 
	0x00, 0x00, 0x00, 0x00, 0x00, 0x00, 0xff, 0xff, 0xff, 0xff, 0xff, 0x07, 0x0f, 0x1f, 0x3f, 0x7f, 
	0xff, 0xff, 0xff, 0xff, 0xff, 0xff, 0xff, 0xff, 0xff, 0xff, 0x00, 0x00, 0x00, 0x00, 0x00, 0x00, 
	0x00, 0x00, 0x00, 0x00, 0x00, 0x00, 0x3f, 0x3f, 0x3f, 0x3f, 0x1f, 0x00, 0x00, 0x00, 0x00, 0x00, 
	0x00, 0x01, 0x03, 0x07, 0x0f, 0x0f, 0x1f, 0x3f, 0x3f, 0x1f, 0x00, 0x00, 0x00, 0x00, 0x00, 0x00
};
// 'step-forward', 32x32px
const unsigned char fas_32x32_fa_step_forward [] PROGMEM = {
	0x00, 0x00, 0x00, 0x00, 0x00, 0x00, 0xf8, 0xfc, 0xfc, 0xf8, 0xf0, 0xf0, 0xe0, 0xc0, 0x80, 0x00, 
	0x00, 0x00, 0x00, 0x00, 0x00, 0xf8, 0xfc, 0xfc, 0xfc, 0xfc, 0x00, 0x00, 0x00, 0x00, 0x00, 0x00, 
	0x00, 0x00, 0x00, 0x00, 0x00, 0x00, 0xff, 0xff, 0xff, 0xff, 0xff, 0xff, 0xff, 0xff, 0xff, 0xff, 
	0xfe, 0xfc, 0xf8, 0xf0, 0xe0, 0xff, 0xff, 0xff, 0xff, 0xff, 0x00, 0x00, 0x00, 0x00, 0x00, 0x00, 
	0x00, 0x00, 0x00, 0x00, 0x00, 0x00, 0xff, 0xff, 0xff, 0xff, 0xff, 0xff, 0xff, 0xff, 0xff, 0xff, 
	0x7f, 0x3f, 0x1f, 0x0f, 0x07, 0xff, 0xff, 0xff, 0xff, 0xff, 0x00, 0x00, 0x00, 0x00, 0x00, 0x00, 
	0x00, 0x00, 0x00, 0x00, 0x00, 0x00, 0x1f, 0x3f, 0x3f, 0x1f, 0x0f, 0x0f, 0x07, 0x03, 0x01, 0x00, 
	0x00, 0x00, 0x00, 0x00, 0x00, 0x1f, 0x3f, 0x3f, 0x3f, 0x3f, 0x00, 0x00, 0x00, 0x00, 0x00, 0x00
};
// 'stethoscope', 32x32px
const unsigned char fas_32x32_fa_stethoscope [] PROGMEM = {
	0xfe, 0xfe, 0xff, 0xff, 0x0f, 0x0f, 0x0f, 0x00, 0x00, 0x00, 0x00, 0x00, 0x00, 0x0f, 0x0f, 0x0f, 
	0xff, 0xff, 0xfe, 0xfe, 0x00, 0x00, 0x00, 0x00, 0x00, 0x00, 0x80, 0x80, 0x80, 0x80, 0x00, 0x00, 
	0x7f, 0xff, 0xff, 0xff, 0xc0, 0x00, 0x00, 0x00, 0x00, 0x00, 0x00, 0x00, 0x00, 0x00, 0x00, 0xc0, 
	0xff, 0xff, 0xff, 0x7f, 0x00, 0x00, 0x00, 0x00, 0x1e, 0x3f, 0xff, 0xf3, 0xf3, 0xff, 0x3f, 0x1e, 
	0x00, 0x01, 0x07, 0x0f, 0x0f, 0x1f, 0x1e, 0x3e, 0xfc, 0xfc, 0xfc, 0xfc, 0x3e, 0x1e, 0x1f, 0x0f, 
	0x0f, 0x07, 0x01, 0x00, 0x00, 0x00, 0x00, 0x00, 0x00, 0x00, 0xff, 0xff, 0xff, 0xff, 0x00, 0x00, 
	0x00, 0x00, 0x00, 0x00, 0x00, 0x00, 0x00, 0x00, 0x01, 0x07, 0x0f, 0x1f, 0x3f, 0x7e, 0x7c, 0xf8, 
	0xf0, 0xf0, 0xf0, 0xf0, 0xf0, 0xf0, 0xf8, 0x7c, 0x7e, 0x3f, 0x1f, 0x0f, 0x07, 0x01, 0x00, 0x00
};
// 'sticky-note', 32x32px
const unsigned char fas_32x32_fa_sticky_note [] PROGMEM = {
	0x00, 0x00, 0xfc, 0xfc, 0xfc, 0xfc, 0xfc, 0xfc, 0xfc, 0xfc, 0xfc, 0xfc, 0xfc, 0xfc, 0xfc, 0xfc, 
	0xfc, 0xfc, 0xfc, 0xfc, 0xfc, 0xfc, 0xfc, 0xfc, 0xfc, 0xfc, 0xfc, 0xfc, 0xfc, 0xfc, 0x00, 0x00, 
	0x00, 0x00, 0xff, 0xff, 0xff, 0xff, 0xff, 0xff, 0xff, 0xff, 0xff, 0xff, 0xff, 0xff, 0xff, 0xff, 
	0xff, 0xff, 0xff, 0xff, 0xff, 0xff, 0xff, 0xff, 0xff, 0xff, 0xff, 0xff, 0xff, 0xff, 0x00, 0x00, 
	0x00, 0x00, 0xff, 0xff, 0xff, 0xff, 0xff, 0xff, 0xff, 0xff, 0xff, 0xff, 0xff, 0xff, 0xff, 0xff, 
	0xff, 0xff, 0xff, 0xff, 0x1f, 0x0f, 0xcf, 0xcf, 0xcf, 0xcf, 0xcf, 0xcf, 0xcf, 0xcf, 0x00, 0x00, 
	0x00, 0x00, 0x3f, 0x3f, 0x3f, 0x3f, 0x3f, 0x3f, 0x3f, 0x3f, 0x3f, 0x3f, 0x3f, 0x3f, 0x3f, 0x3f, 
	0x3f, 0x3f, 0x3f, 0x3f, 0x00, 0x00, 0x3f, 0x3f, 0x1f, 0x0f, 0x07, 0x03, 0x01, 0x00, 0x00, 0x00
};
// 'stop', 32x32px
const unsigned char fas_32x32_fa_stop [] PROGMEM = {
	0x00, 0x00, 0xf8, 0xfc, 0xfc, 0xfc, 0xfc, 0xfc, 0xfc, 0xfc, 0xfc, 0xfc, 0xfc, 0xfc, 0xfc, 0xfc, 
	0xfc, 0xfc, 0xfc, 0xfc, 0xfc, 0xfc, 0xfc, 0xfc, 0xfc, 0xfc, 0xfc, 0xfc, 0xfc, 0xf8, 0x00, 0x00, 
	0x00, 0x00, 0xff, 0xff, 0xff, 0xff, 0xff, 0xff, 0xff, 0xff, 0xff, 0xff, 0xff, 0xff, 0xff, 0xff, 
	0xff, 0xff, 0xff, 0xff, 0xff, 0xff, 0xff, 0xff, 0xff, 0xff, 0xff, 0xff, 0xff, 0xff, 0x00, 0x00, 
	0x00, 0x00, 0xff, 0xff, 0xff, 0xff, 0xff, 0xff, 0xff, 0xff, 0xff, 0xff, 0xff, 0xff, 0xff, 0xff, 
	0xff, 0xff, 0xff, 0xff, 0xff, 0xff, 0xff, 0xff, 0xff, 0xff, 0xff, 0xff, 0xff, 0xff, 0x00, 0x00, 
	0x00, 0x00, 0x1f, 0x3f, 0x3f, 0x3f, 0x3f, 0x3f, 0x3f, 0x3f, 0x3f, 0x3f, 0x3f, 0x3f, 0x3f, 0x3f, 
	0x3f, 0x3f, 0x3f, 0x3f, 0x3f, 0x3f, 0x3f, 0x3f, 0x3f, 0x3f, 0x3f, 0x3f, 0x3f, 0x1f, 0x00, 0x00
};
// 'stop-circle', 32x32px
const unsigned char fas_32x32_fa_stop_circle [] PROGMEM = {
	0x00, 0x00, 0x00, 0x80, 0xc0, 0xe0, 0xf0, 0xf8, 0xfc, 0xfc, 0xfe, 0xfe, 0xfe, 0xfe, 0xff, 0xff, 
	0xff, 0xff, 0xfe, 0xfe, 0xfe, 0xfe, 0xfc, 0xfc, 0xf8, 0xf0, 0xe0, 0xc0, 0x80, 0x00, 0x00, 0x00, 
	0xc0, 0xfc, 0xff, 0xff, 0xff, 0xff, 0xff, 0xff, 0xff, 0xff, 0x03, 0x03, 0x03, 0x03, 0x03, 0x03, 
	0x03, 0x03, 0x03, 0x03, 0x03, 0x03, 0xff, 0xff, 0xff, 0xff, 0xff, 0xff, 0xff, 0xff, 0xfc, 0xc0, 
	0x03, 0x3f, 0xff, 0xff, 0xff, 0xff, 0xff, 0xff, 0xff, 0xff, 0xc0, 0xc0, 0xc0, 0xc0, 0xc0, 0xc0, 
	0xc0, 0xc0, 0xc0, 0xc0, 0xc0, 0xc0, 0xff, 0xff, 0xff, 0xff, 0xff, 0xff, 0xff, 0xff, 0x3f, 0x03, 
	0x00, 0x00, 0x00, 0x01, 0x03, 0x07, 0x0f, 0x1f, 0x3f, 0x3f, 0x7f, 0x7f, 0x7f, 0x7f, 0xff, 0xff, 
	0xff, 0xff, 0x7f, 0x7f, 0x7f, 0x7f, 0x3f, 0x3f, 0x1f, 0x0f, 0x07, 0x03, 0x01, 0x00, 0x00, 0x00
};
// 'stopwatch', 32x32px
const unsigned char fas_32x32_fa_stopwatch [] PROGMEM = {
	0x00, 0x00, 0x00, 0x00, 0x00, 0x00, 0x00, 0x00, 0x00, 0x00, 0x80, 0x86, 0xcf, 0xcf, 0xff, 0xff, 
	0xff, 0xff, 0xcf, 0xcf, 0x86, 0x80, 0x00, 0x00, 0x00, 0x00, 0x80, 0x00, 0x00, 0x00, 0x00, 0x00, 
	0x00, 0x00, 0x00, 0x80, 0xe0, 0xf8, 0xfc, 0xfe, 0xff, 0xff, 0xff, 0xff, 0xff, 0xff, 0x07, 0x07, 
	0x07, 0x07, 0xff, 0xff, 0xff, 0xff, 0xff, 0xff, 0xff, 0xff, 0xff, 0xe7, 0x82, 0x00, 0x00, 0x00, 
	0x00, 0x00, 0x00, 0x7f, 0xff, 0xff, 0xff, 0xff, 0xff, 0xff, 0xff, 0xff, 0xff, 0xff, 0xc0, 0xc0, 
	0xc0, 0xc0, 0xff, 0xff, 0xff, 0xff, 0xff, 0xff, 0xff, 0xff, 0xff, 0xff, 0x7f, 0x00, 0x00, 0x00, 
	0x00, 0x00, 0x00, 0x00, 0x01, 0x07, 0x0f, 0x1f, 0x3f, 0x3f, 0x7f, 0x7f, 0xff, 0xff, 0xff, 0xff, 
	0xff, 0xff, 0xff, 0xff, 0x7f, 0x7f, 0x3f, 0x3f, 0x1f, 0x0f, 0x07, 0x01, 0x00, 0x00, 0x00, 0x00
};
// 'stopwatch-20', 32x32px
const unsigned char fas_32x32_fa_stopwatch_20 [] PROGMEM = {
	0x00, 0x00, 0x00, 0x00, 0x00, 0x00, 0x00, 0x00, 0x00, 0x00, 0x80, 0x8f, 0xcf, 0xcf, 0xff, 0xff, 
	0xff, 0xff, 0xcf, 0xcf, 0x8f, 0x80, 0x00, 0x00, 0x00, 0x00, 0x80, 0x00, 0x00, 0x00, 0x00, 0x00, 
	0x00, 0x00, 0x00, 0x80, 0xe0, 0xf8, 0xfc, 0xfe, 0xff, 0x0f, 0x0f, 0xcf, 0xcf, 0x0f, 0x0f, 0xff, 
	0xff, 0x1f, 0x0f, 0xcf, 0xcf, 0x0f, 0x1f, 0xff, 0xff, 0xff, 0xff, 0xe7, 0x82, 0x00, 0x00, 0x00, 
	0x00, 0x00, 0x00, 0x7f, 0xff, 0xff, 0xff, 0xff, 0xff, 0x3f, 0x0f, 0x03, 0xc1, 0xf0, 0xf8, 0xff, 
	0xff, 0x00, 0x00, 0x7f, 0x7f, 0x00, 0x00, 0xff, 0xff, 0xff, 0xff, 0xff, 0x7f, 0x00, 0x00, 0x00, 
	0x00, 0x00, 0x00, 0x00, 0x01, 0x07, 0x0f, 0x1f, 0x3f, 0x3c, 0x7c, 0x7c, 0xfc, 0xfc, 0xfc, 0xff, 
	0xff, 0xfe, 0xfc, 0xfc, 0x7c, 0x7c, 0x3e, 0x3f, 0x1f, 0x0f, 0x07, 0x01, 0x00, 0x00, 0x00, 0x00
};
// 'store', 32x32px
const unsigned char fas_32x32_fa_store [] PROGMEM = {
	0x00, 0x00, 0xc0, 0xe0, 0xf8, 0xf8, 0xf8, 0xf8, 0xf8, 0xf8, 0xf8, 0xf8, 0xf8, 0xf8, 0xf8, 0xf8, 
	0xf8, 0xf8, 0xf8, 0xf8, 0xf8, 0xf8, 0xf8, 0xf8, 0xf8, 0xf8, 0xf8, 0xf8, 0xe0, 0xc0, 0x00, 0x00, 
	0x3e, 0x7f, 0xff, 0xff, 0xff, 0xff, 0xff, 0xff, 0x7f, 0xff, 0xff, 0xff, 0xff, 0xff, 0xff, 0x7f, 
	0x7f, 0xff, 0xff, 0xff, 0xff, 0xff, 0xff, 0x7f, 0xff, 0xff, 0xff, 0xff, 0xff, 0xff, 0x7f, 0x3e, 
	0x00, 0x00, 0x00, 0xfc, 0xfd, 0xfc, 0x80, 0x80, 0x80, 0x80, 0x80, 0x80, 0x80, 0x80, 0x80, 0x80, 
	0x80, 0x80, 0x80, 0x80, 0x80, 0x80, 0x80, 0x80, 0x80, 0x80, 0xfc, 0xfd, 0xfc, 0x00, 0x00, 0x00, 
	0x00, 0x00, 0x00, 0x3f, 0x3f, 0x3f, 0x3f, 0x3f, 0x3f, 0x3f, 0x3f, 0x3f, 0x3f, 0x3f, 0x3f, 0x3f, 
	0x3f, 0x3f, 0x3f, 0x3f, 0x3f, 0x3f, 0x3f, 0x3f, 0x3f, 0x3f, 0x3f, 0x3f, 0x3f, 0x00, 0x00, 0x00
};
// 'store-alt', 32x32px
const unsigned char fas_32x32_fa_store_alt [] PROGMEM = {
	0x00, 0x00, 0x80, 0xe0, 0xf0, 0xf8, 0xf8, 0xf8, 0xf8, 0xf8, 0xf8, 0xf8, 0xf8, 0xf8, 0xf8, 0xf8, 
	0xf8, 0xf8, 0xf8, 0xf8, 0xf8, 0xf8, 0xf8, 0xf8, 0xf8, 0xf8, 0xf8, 0xf0, 0xe0, 0x80, 0x00, 0x00, 
	0x0c, 0x1f, 0x1f, 0x9f, 0xdf, 0xdf, 0x1f, 0x1f, 0x1f, 0x1f, 0x1f, 0x1f, 0x1f, 0x1f, 0x1f, 0x1f, 
	0xdf, 0xdf, 0xdf, 0x1f, 0x1f, 0x1f, 0x1f, 0x1f, 0x1f, 0x1f, 0xdf, 0xdf, 0x9f, 0x1f, 0x1f, 0x0c, 
	0x00, 0x00, 0x00, 0xff, 0xff, 0xff, 0xc0, 0x80, 0xc0, 0xc0, 0xc0, 0xc0, 0xc0, 0xc0, 0xc0, 0xc0, 
	0xff, 0xff, 0xff, 0x00, 0x00, 0x00, 0x00, 0x00, 0x00, 0x00, 0xff, 0xff, 0xff, 0x00, 0x00, 0x00, 
	0x00, 0x00, 0x00, 0x0f, 0x1f, 0x1f, 0x1f, 0x1f, 0x1f, 0x1f, 0x1f, 0x1f, 0x1f, 0x1f, 0x1f, 0x1f, 
	0x1f, 0x1f, 0x1f, 0x00, 0x00, 0x00, 0x00, 0x00, 0x00, 0x00, 0x1f, 0x1f, 0x1f, 0x00, 0x00, 0x00
};
// 'store-alt-slash', 32x32px
const unsigned char fas_32x32_fa_store_alt_slash [] PROGMEM = {
	0x30, 0x78, 0xf8, 0xf0, 0xf0, 0xf8, 0xf8, 0xf8, 0xf8, 0xf8, 0xf8, 0xf8, 0xf8, 0xf8, 0xf8, 0xf8, 
	0xf8, 0xf8, 0xf8, 0xf8, 0xf8, 0xf8, 0xf8, 0xf8, 0xf8, 0xf8, 0xf8, 0xf0, 0xe0, 0x80, 0x00, 0x00, 
	0x0c, 0x1c, 0x1c, 0x98, 0xd1, 0xc3, 0x07, 0x07, 0x0f, 0x1f, 0x3f, 0x7f, 0x7f, 0xff, 0xff, 0xff, 
	0xdf, 0xdf, 0xdf, 0x1f, 0x1f, 0x1f, 0x1f, 0x1f, 0x1f, 0x1f, 0xdf, 0xdf, 0x9f, 0x1f, 0x1f, 0x0c, 
	0x00, 0x00, 0x00, 0xff, 0xff, 0xff, 0xc0, 0x80, 0xc0, 0xc0, 0xc0, 0xc0, 0xc0, 0xc0, 0xc1, 0xc3, 
	0xc3, 0xc7, 0x8f, 0x1e, 0x3e, 0x3c, 0x78, 0xf0, 0xe0, 0xe0, 0xff, 0xff, 0xff, 0x00, 0x00, 0x00, 
	0x00, 0x00, 0x00, 0x0f, 0x1f, 0x1f, 0x1f, 0x1f, 0x1f, 0x1f, 0x1f, 0x1f, 0x1f, 0x1f, 0x1f, 0x1f, 
	0x1f, 0x1f, 0x1f, 0x00, 0x00, 0x00, 0x00, 0x00, 0x01, 0x03, 0x03, 0x07, 0x0f, 0x1f, 0x1e, 0x0c
};
// 'store-slash', 32x32px
const unsigned char fas_32x32_fa_store_slash [] PROGMEM = {
	0x30, 0x78, 0xf8, 0xf0, 0xf8, 0xf8, 0xf8, 0xf8, 0xf8, 0xf8, 0xf8, 0xf8, 0xf8, 0xf8, 0xf8, 0xf8, 
	0xf8, 0xf8, 0xf8, 0xf8, 0xf8, 0xf8, 0xf8, 0xf8, 0xf8, 0xf8, 0xf0, 0xc0, 0x00, 0x00, 0x00, 0x00, 
	0x08, 0x3e, 0x7c, 0xf8, 0xf1, 0xe3, 0xe7, 0x4f, 0x1f, 0x1f, 0x3f, 0x7f, 0xff, 0xff, 0xff, 0xff, 
	0xff, 0xff, 0xff, 0xff, 0xff, 0x7f, 0x7f, 0x7f, 0xff, 0xff, 0xff, 0xff, 0x7f, 0x1c, 0x00, 0x00, 
	0x00, 0x00, 0x00, 0xfc, 0xfc, 0xfc, 0xc0, 0xc0, 0xc0, 0xc0, 0xc0, 0xc0, 0xc0, 0xc1, 0xc3, 0xc3, 
	0xc7, 0x8f, 0x9f, 0x3e, 0x3c, 0x78, 0xf0, 0xe0, 0xfc, 0xfc, 0xfc, 0x00, 0x00, 0x00, 0x00, 0x00, 
	0x00, 0x00, 0x00, 0x1f, 0x1f, 0x1f, 0x1f, 0x1f, 0x1f, 0x1f, 0x1f, 0x1f, 0x1f, 0x1f, 0x1f, 0x1f, 
	0x1f, 0x1f, 0x1f, 0x1f, 0x1e, 0x1c, 0x18, 0x19, 0x13, 0x07, 0x07, 0x0f, 0x1e, 0x1c, 0x00, 0x00
};
// 'stream', 32x32px
const unsigned char fas_32x32_fa_stream [] PROGMEM = {
	0xfc, 0xfc, 0xfc, 0xfc, 0xfc, 0xfc, 0xfc, 0xfc, 0xfc, 0xfc, 0xfc, 0xfc, 0xfc, 0xfc, 0xfc, 0xfc, 
	0xfc, 0xfc, 0xfc, 0xfc, 0xfc, 0xfc, 0xfc, 0xfc, 0xfc, 0xfc, 0xfc, 0xfc, 0x00, 0x00, 0x00, 0x00, 
	0x00, 0x00, 0x00, 0x00, 0xe0, 0xe0, 0xe0, 0xe0, 0xe0, 0xe0, 0xe0, 0xe0, 0xe0, 0xe0, 0xe0, 0xe0, 
	0xe0, 0xe0, 0xe0, 0xe0, 0xe0, 0xe0, 0xe0, 0xe0, 0xe0, 0xe0, 0xe0, 0xe0, 0xe0, 0xe0, 0xe0, 0xe0, 
	0x00, 0x00, 0x00, 0x00, 0x07, 0x07, 0x07, 0x07, 0x07, 0x07, 0x07, 0x07, 0x07, 0x07, 0x07, 0x07, 
	0x07, 0x07, 0x07, 0x07, 0x07, 0x07, 0x07, 0x07, 0x07, 0x07, 0x07, 0x07, 0x07, 0x07, 0x07, 0x07, 
	0x3f, 0x3f, 0x3f, 0x3f, 0x3f, 0x3f, 0x3f, 0x3f, 0x3f, 0x3f, 0x3f, 0x3f, 0x3f, 0x3f, 0x3f, 0x3f, 
	0x3f, 0x3f, 0x3f, 0x3f, 0x3f, 0x3f, 0x3f, 0x3f, 0x3f, 0x3f, 0x3f, 0x3f, 0x00, 0x00, 0x00, 0x00
};
// 'street-view', 32x32px
const unsigned char fas_32x32_fa_street_view [] PROGMEM = {
	0x00, 0x00, 0x00, 0x00, 0x00, 0x00, 0x00, 0x00, 0x00, 0x00, 0x00, 0x00, 0x3c, 0x7e, 0xff, 0xff, 
	0xff, 0xff, 0x7e, 0x3c, 0x00, 0x00, 0x00, 0x00, 0x00, 0x00, 0x00, 0x00, 0x00, 0x00, 0x00, 0x00, 
	0x00, 0x00, 0x00, 0x00, 0x00, 0x00, 0x00, 0x00, 0x00, 0x00, 0xfc, 0xfe, 0xfe, 0xfe, 0xfe, 0xfe, 
	0xfe, 0xfe, 0xfe, 0xfe, 0xfe, 0xfc, 0x00, 0x00, 0x00, 0x00, 0x00, 0x00, 0x00, 0x00, 0x00, 0x00, 
	0x00, 0x80, 0x80, 0xc0, 0xc0, 0xe0, 0xe0, 0x60, 0x60, 0x60, 0x07, 0x0f, 0xff, 0xff, 0xff, 0xff, 
	0xff, 0xff, 0xff, 0xff, 0x0f, 0x07, 0x60, 0x60, 0x60, 0xe0, 0xe0, 0xc0, 0xc0, 0x80, 0x80, 0x00, 
	0x0f, 0x1f, 0x1f, 0x39, 0x30, 0x70, 0x70, 0x60, 0x60, 0xe0, 0xe0, 0xe0, 0xe7, 0xef, 0xef, 0xef, 
	0xef, 0xef, 0xef, 0xe7, 0xe0, 0xe0, 0xe0, 0x60, 0x60, 0x70, 0x70, 0x30, 0x39, 0x1f, 0x1f, 0x0f
};
// 'strikethrough', 32x32px
const unsigned char fas_32x32_fa_strikethrough [] PROGMEM = {
	0x00, 0x00, 0x00, 0x00, 0x00, 0x00, 0x80, 0xe0, 0xf0, 0xf8, 0xf8, 0xfc, 0x7c, 0x7c, 0x7c, 0x7c, 
	0x7c, 0x7c, 0x7c, 0xfc, 0xfc, 0xf8, 0xf8, 0xf0, 0xe0, 0x00, 0x00, 0x00, 0x00, 0x00, 0x00, 0x00, 
	0xc0, 0xc0, 0xc0, 0xc0, 0xc0, 0xc0, 0xcf, 0xff, 0xff, 0xff, 0xff, 0xf8, 0xf0, 0xf0, 0xe0, 0xe0, 
	0xe0, 0xc0, 0xc0, 0xc0, 0xc1, 0xc1, 0xc1, 0xc0, 0xc0, 0xc0, 0xc0, 0xc0, 0xc0, 0xc0, 0xc0, 0xc0, 
	0x03, 0x03, 0x03, 0x03, 0x03, 0x03, 0x03, 0x03, 0x03, 0x83, 0x83, 0x83, 0x03, 0x03, 0x03, 0x03, 
	0x03, 0x03, 0x03, 0x03, 0x13, 0xf3, 0xf3, 0xf3, 0xf3, 0xf3, 0x03, 0x03, 0x03, 0x03, 0x03, 0x03, 
	0x00, 0x00, 0x00, 0x00, 0x00, 0x00, 0x00, 0x07, 0x0f, 0x1f, 0x1f, 0x3f, 0x3f, 0x3e, 0x3e, 0x3e, 
	0x3e, 0x3e, 0x3e, 0x3e, 0x3f, 0x1f, 0x1f, 0x0f, 0x07, 0x01, 0x00, 0x00, 0x00, 0x00, 0x00, 0x00
};
// 'stroopwafel', 32x32px
const unsigned char fas_32x32_fa_stroopwafel [] PROGMEM = {
	0x00, 0x00, 0x80, 0xc0, 0xe0, 0xf0, 0x38, 0x3c, 0x3c, 0x3e, 0xbe, 0xfe, 0xff, 0xdf, 0x1f, 0x3f, 
	0x3f, 0x1f, 0xdf, 0xff, 0xfe, 0xbe, 0x3e, 0x3c, 0x3c, 0x38, 0xf0, 0xe0, 0xc0, 0x80, 0x00, 0x00, 
	0xf0, 0xfe, 0xff, 0xff, 0xff, 0x9f, 0x38, 0x3c, 0x3c, 0x98, 0xc1, 0xe3, 0xc3, 0x89, 0x1c, 0x3e, 
	0x3e, 0x1c, 0x89, 0xc3, 0xe3, 0xc1, 0x98, 0x3c, 0x3c, 0x38, 0x9f, 0xff, 0xff, 0xff, 0xfe, 0xf0, 
	0x0f, 0x7f, 0xff, 0xff, 0xff, 0xf9, 0x1c, 0x3c, 0x3c, 0x19, 0x83, 0xc7, 0xc3, 0x91, 0x38, 0x7c, 
	0x7c, 0x38, 0x91, 0xc3, 0xc7, 0x83, 0x19, 0x3c, 0x3c, 0x1c, 0xf9, 0xff, 0xff, 0xff, 0x7f, 0x0f, 
	0x00, 0x00, 0x01, 0x03, 0x07, 0x0f, 0x1c, 0x3c, 0x3c, 0x7c, 0x7d, 0x7f, 0xff, 0xfb, 0xf8, 0xfc, 
	0xfc, 0xf8, 0xfb, 0xff, 0x7f, 0x7d, 0x7c, 0x3c, 0x3c, 0x1c, 0x0f, 0x07, 0x03, 0x01, 0x00, 0x00
};
// 'subscript', 32x32px
const unsigned char fas_32x32_fa_subscript [] PROGMEM = {
	0xf0, 0xf0, 0xf0, 0xf0, 0xf0, 0xf0, 0xe0, 0xc0, 0x00, 0x00, 0x00, 0x00, 0x00, 0x00, 0xc0, 0xe0, 
	0xf0, 0xf0, 0xf0, 0xf0, 0xf0, 0xf0, 0x00, 0x00, 0x00, 0x00, 0x00, 0x00, 0x00, 0x00, 0x00, 0x00, 
	0x01, 0x01, 0x01, 0x03, 0x07, 0x1f, 0x3f, 0x7f, 0xff, 0xfe, 0xf8, 0xf8, 0xfe, 0xff, 0x7f, 0x3f, 
	0x1f, 0x07, 0x03, 0x01, 0x01, 0x01, 0x00, 0x00, 0x00, 0x00, 0x00, 0x00, 0x00, 0x00, 0x00, 0x00, 
	0x80, 0x80, 0x80, 0xc0, 0xe0, 0xf8, 0xfc, 0xfe, 0xff, 0x7f, 0x1f, 0x1f, 0x7f, 0xff, 0xfe, 0xfc, 
	0xf8, 0xe0, 0xc0, 0x80, 0x80, 0x80, 0x00, 0x00, 0x30, 0x3c, 0xfc, 0xfc, 0xfc, 0xfc, 0x00, 0x00, 
	0x0f, 0x0f, 0x0f, 0x0f, 0x0f, 0x0f, 0x07, 0x03, 0x00, 0x00, 0x00, 0x00, 0x00, 0x00, 0x03, 0x07, 
	0x0f, 0x0f, 0x0f, 0x0f, 0x0f, 0x0f, 0x00, 0x00, 0xf0, 0xf0, 0xff, 0xff, 0xff, 0xff, 0xf0, 0xf0
};
// 'subway', 32x32px
const unsigned char fas_32x32_fa_subway [] PROGMEM = {
	0x00, 0x00, 0xf0, 0xf8, 0xfc, 0x7e, 0x3e, 0x3f, 0x3f, 0x3f, 0x3f, 0x3f, 0x3f, 0x3f, 0xff, 0xff, 
	0xff, 0xff, 0x3f, 0x3f, 0x3f, 0x3f, 0x3f, 0x3f, 0x3f, 0x3e, 0x7e, 0xfc, 0xf8, 0xf0, 0x00, 0x00, 
	0x00, 0x00, 0xff, 0xff, 0xff, 0x80, 0x00, 0x00, 0x00, 0x00, 0x00, 0x00, 0x00, 0x00, 0xff, 0xff, 
	0xff, 0xff, 0x00, 0x00, 0x00, 0x00, 0x00, 0x00, 0x00, 0x00, 0x80, 0xff, 0xff, 0xff, 0x00, 0x00, 
	0x00, 0x00, 0xff, 0xff, 0xff, 0x87, 0x03, 0x03, 0x03, 0x03, 0x87, 0xff, 0xff, 0xff, 0xff, 0xff, 
	0xff, 0xff, 0xff, 0xff, 0xff, 0x87, 0x03, 0x03, 0x03, 0x03, 0x87, 0xff, 0xff, 0xff, 0x00, 0x00, 
	0x00, 0x00, 0x00, 0x01, 0x03, 0x07, 0x87, 0xcf, 0xef, 0xff, 0xff, 0xff, 0xff, 0xff, 0xff, 0xff, 
	0xff, 0xff, 0xff, 0xff, 0xff, 0xff, 0xff, 0xef, 0xcf, 0x87, 0x07, 0x03, 0x01, 0x00, 0x00, 0x00
};
// 'suitcase', 32x32px
const unsigned char fas_32x32_fa_suitcase [] PROGMEM = {
	0x00, 0x00, 0x00, 0x00, 0x00, 0x00, 0x00, 0x00, 0xf8, 0xfc, 0xfc, 0xfc, 0x3c, 0x3c, 0x3c, 0x3c, 
	0x3c, 0x3c, 0x3c, 0x3c, 0xfc, 0xfc, 0xfc, 0xf8, 0x00, 0x00, 0x00, 0x00, 0x00, 0x00, 0x00, 0x00, 
	0xfe, 0xff, 0xff, 0xff, 0xff, 0xff, 0x00, 0x00, 0xff, 0xff, 0xff, 0xff, 0xff, 0xff, 0xff, 0xff, 
	0xff, 0xff, 0xff, 0xff, 0xff, 0xff, 0xff, 0xff, 0x00, 0x00, 0xff, 0xff, 0xff, 0xff, 0xff, 0xfe, 
	0xff, 0xff, 0xff, 0xff, 0xff, 0xff, 0x00, 0x00, 0xff, 0xff, 0xff, 0xff, 0xff, 0xff, 0xff, 0xff, 
	0xff, 0xff, 0xff, 0xff, 0xff, 0xff, 0xff, 0xff, 0x00, 0x00, 0xff, 0xff, 0xff, 0xff, 0xff, 0xff, 
	0x1f, 0x3f, 0x3f, 0x3f, 0x3f, 0x3f, 0x00, 0x00, 0x3f, 0x3f, 0x3f, 0x3f, 0x3f, 0x3f, 0x3f, 0x3f, 
	0x3f, 0x3f, 0x3f, 0x3f, 0x3f, 0x3f, 0x3f, 0x3f, 0x00, 0x00, 0x3f, 0x3f, 0x3f, 0x3f, 0x3f, 0x1f
};
// 'suitcase-rolling', 32x32px
const unsigned char fas_32x32_fa_suitcase_rolling [] PROGMEM = {
	0x00, 0x00, 0x00, 0x00, 0x00, 0x00, 0x00, 0x00, 0x00, 0x00, 0xfe, 0xff, 0xff, 0x07, 0x07, 0x07, 
	0x07, 0x07, 0x07, 0xff, 0xff, 0xfe, 0x00, 0x00, 0x00, 0x00, 0x00, 0x00, 0x00, 0x00, 0x00, 0x00, 
	0x00, 0x00, 0x00, 0x00, 0xf8, 0xfc, 0xfc, 0xfc, 0xfc, 0xfc, 0xfc, 0xfc, 0xfc, 0xfc, 0xfc, 0xfc, 
	0xfc, 0xfc, 0xfc, 0xfc, 0xfc, 0xfc, 0xfc, 0xfc, 0xfc, 0xfc, 0xfc, 0xf8, 0x00, 0x00, 0x00, 0x00, 
	0x00, 0x00, 0x00, 0x00, 0xff, 0xff, 0xff, 0xff, 0x3c, 0x3c, 0x3c, 0x3c, 0x3c, 0x3c, 0x3c, 0x3c, 
	0x3c, 0x3c, 0x3c, 0x3c, 0x3c, 0x3c, 0x3c, 0x3c, 0xff, 0xff, 0xff, 0xff, 0x00, 0x00, 0x00, 0x00, 
	0x00, 0x00, 0x00, 0x00, 0x1f, 0x3f, 0x3f, 0x3f, 0xff, 0xff, 0xff, 0xff, 0x3f, 0x3f, 0x3f, 0x3f, 
	0x3f, 0x3f, 0x3f, 0x3f, 0xff, 0xff, 0xff, 0xff, 0x3f, 0x3f, 0x3f, 0x1f, 0x00, 0x00, 0x00, 0x00
};
// 'sun', 32x32px
const unsigned char fas_32x32_fa_sun [] PROGMEM = {
	0x00, 0x00, 0x00, 0x00, 0x20, 0xf0, 0xe0, 0xe0, 0xe0, 0xc0, 0xc0, 0xc0, 0xc0, 0xf0, 0xfc, 0xff, 
	0xff, 0xfc, 0xf0, 0xc0, 0xc0, 0xc0, 0xc0, 0xe0, 0xe0, 0xe0, 0xf0, 0x20, 0x00, 0x00, 0x00, 0x00, 
	0x80, 0x80, 0xc0, 0xc0, 0xe0, 0xe1, 0xff, 0xff, 0x1f, 0x07, 0xc3, 0xf1, 0xf9, 0xf8, 0xfc, 0xfc, 
	0xfc, 0xfc, 0xf8, 0xf9, 0xf1, 0xc3, 0x07, 0x1f, 0xff, 0xff, 0xe1, 0xe0, 0xc0, 0xc0, 0x80, 0x80, 
	0x01, 0x01, 0x03, 0x03, 0x07, 0x87, 0xff, 0xff, 0xf8, 0xe0, 0xc3, 0x8f, 0x9f, 0x1f, 0x3f, 0x3f, 
	0x3f, 0x3f, 0x1f, 0x9f, 0x8f, 0xc3, 0xe0, 0xf8, 0xff, 0xff, 0x87, 0x07, 0x03, 0x03, 0x01, 0x01, 
	0x00, 0x00, 0x00, 0x00, 0x04, 0x0f, 0x07, 0x07, 0x07, 0x03, 0x03, 0x03, 0x03, 0x0f, 0x3f, 0xff, 
	0xff, 0x3f, 0x0f, 0x03, 0x03, 0x03, 0x03, 0x07, 0x07, 0x07, 0x0f, 0x04, 0x00, 0x00, 0x00, 0x00
};
// 'superscript', 32x32px
const unsigned char fas_32x32_fa_superscript [] PROGMEM = {
	0xf0, 0xf0, 0xf0, 0xf0, 0xf0, 0xf0, 0xe0, 0xc0, 0x00, 0x00, 0x00, 0x00, 0x00, 0x00, 0xc0, 0xe0, 
	0xf0, 0xf0, 0xf0, 0xf0, 0xf0, 0xf0, 0x00, 0x00, 0x0c, 0x0f, 0xff, 0xff, 0xff, 0xff, 0x00, 0x00, 
	0x01, 0x01, 0x01, 0x03, 0x07, 0x1f, 0x3f, 0x7f, 0xff, 0xfe, 0xf8, 0xf8, 0xfe, 0xff, 0x7f, 0x3f, 
	0x1f, 0x07, 0x03, 0x01, 0x01, 0x01, 0x00, 0x00, 0x3c, 0x3c, 0x3f, 0x3f, 0x3f, 0x3f, 0x3c, 0x3c, 
	0x80, 0x80, 0x80, 0xc0, 0xe0, 0xf8, 0xfc, 0xfe, 0xff, 0x7f, 0x1f, 0x1f, 0x7f, 0xff, 0xfe, 0xfc, 
	0xf8, 0xe0, 0xc0, 0x80, 0x80, 0x80, 0x00, 0x00, 0x00, 0x00, 0x00, 0x00, 0x00, 0x00, 0x00, 0x00, 
	0x0f, 0x0f, 0x0f, 0x0f, 0x0f, 0x0f, 0x07, 0x03, 0x00, 0x00, 0x00, 0x00, 0x00, 0x00, 0x03, 0x07, 
	0x0f, 0x0f, 0x0f, 0x0f, 0x0f, 0x0f, 0x00, 0x00, 0x00, 0x00, 0x00, 0x00, 0x00, 0x00, 0x00, 0x00
};
// 'surprise', 32x32px
const unsigned char fas_32x32_fa_surprise [] PROGMEM = {
	0x00, 0x00, 0x00, 0x80, 0xc0, 0xe0, 0xf0, 0xf8, 0xf8, 0xfc, 0xfc, 0xfe, 0xfe, 0xfe, 0xfe, 0xff, 
	0xff, 0xff, 0xfe, 0xfe, 0xfe, 0xfe, 0xfc, 0xfc, 0xf8, 0xf8, 0xf0, 0xe0, 0xc0, 0x80, 0x00, 0x00, 
	0x00, 0xf0, 0xfe, 0xff, 0xff, 0xff, 0xff, 0xff, 0xff, 0xff, 0x87, 0x87, 0x87, 0xff, 0xff, 0xff, 
	0xff, 0xff, 0xff, 0xff, 0x87, 0x87, 0x87, 0xff, 0xff, 0xff, 0xff, 0xff, 0xff, 0xff, 0xfe, 0xf0, 
	0x00, 0x0f, 0x7f, 0xff, 0xff, 0xff, 0xff, 0xff, 0xff, 0xff, 0xff, 0xff, 0xff, 0x07, 0x07, 0x03, 
	0x03, 0x03, 0x07, 0x07, 0xff, 0xff, 0xff, 0xff, 0xff, 0xff, 0xff, 0xff, 0xff, 0xff, 0x7f, 0x0f, 
	0x00, 0x00, 0x00, 0x01, 0x03, 0x07, 0x0f, 0x1f, 0x1f, 0x3f, 0x3f, 0x7f, 0x7f, 0x7e, 0x7e, 0xfc, 
	0xfc, 0xfc, 0x7e, 0x7e, 0x7f, 0x7f, 0x3f, 0x3f, 0x1f, 0x1f, 0x0f, 0x07, 0x03, 0x01, 0x00, 0x00
};
// 'swatchbook', 32x32px
const unsigned char fas_32x32_fa_swatchbook [] PROGMEM = {
	0xff, 0xff, 0xff, 0xff, 0x0f, 0x0f, 0x0f, 0x0f, 0xff, 0xff, 0xff, 0xfe, 0x00, 0x00, 0x00, 0x00, 
	0x80, 0xc0, 0xe0, 0xf0, 0xf0, 0xe0, 0xc0, 0x80, 0x00, 0x00, 0x00, 0x00, 0x00, 0x00, 0x00, 0x00, 
	0xff, 0xff, 0xff, 0xff, 0x0f, 0x0f, 0x0f, 0x0f, 0xff, 0xff, 0xff, 0xff, 0x00, 0x00, 0xfe, 0xff, 
	0xff, 0xff, 0xff, 0xff, 0xff, 0xff, 0xff, 0xff, 0xff, 0x7e, 0x3c, 0x18, 0x00, 0x00, 0x00, 0x00, 
	0xff, 0xff, 0xff, 0xff, 0xff, 0xff, 0xff, 0xff, 0xff, 0xff, 0xff, 0xff, 0x00, 0x00, 0xff, 0xff, 
	0xff, 0x7f, 0x3f, 0x1f, 0x8f, 0xc7, 0xe3, 0xf1, 0xf0, 0xf0, 0xf0, 0xf0, 0xf0, 0xf0, 0xf0, 0xe0, 
	0x1f, 0x3f, 0x7f, 0xff, 0xff, 0xf9, 0xf9, 0xff, 0xff, 0x7f, 0x3f, 0x0f, 0x80, 0xc0, 0xe3, 0xf1, 
	0xf8, 0xfc, 0xfe, 0xff, 0xff, 0xff, 0xff, 0xff, 0xff, 0xff, 0xff, 0xff, 0xff, 0xff, 0xff, 0xff
};
// 'swimmer', 32x32px
const unsigned char fas_32x32_fa_swimmer [] PROGMEM = {
	0x00, 0x00, 0x00, 0x00, 0x00, 0x00, 0x00, 0x00, 0x00, 0x00, 0x00, 0x00, 0x00, 0x00, 0x00, 0x00, 
	0x00, 0x00, 0x00, 0x00, 0x00, 0x00, 0x00, 0x00, 0x00, 0x00, 0x00, 0x00, 0x00, 0x00, 0x00, 0x00, 
	0x00, 0x00, 0x7e, 0x7f, 0xff, 0xff, 0xff, 0xff, 0x7e, 0x18, 0x80, 0xc0, 0xe0, 0xf0, 0xf8, 0xfc, 
	0xfc, 0xfe, 0xff, 0xff, 0xdf, 0x9f, 0x1f, 0x1f, 0x3e, 0x3e, 0x3e, 0x3e, 0x1c, 0x00, 0x00, 0x00, 
	0xe0, 0xe0, 0xe0, 0xf0, 0xf0, 0x78, 0x78, 0x78, 0xf0, 0xe6, 0xe7, 0xe7, 0xe7, 0xf3, 0x73, 0x7b, 
	0x7b, 0x73, 0xf3, 0xe7, 0xe7, 0xe7, 0xe7, 0xf2, 0x78, 0x78, 0x78, 0xf0, 0xf0, 0xe0, 0xe0, 0xe0, 
	0x00, 0x00, 0x00, 0x00, 0x00, 0x00, 0x00, 0x00, 0x00, 0x00, 0x00, 0x00, 0x00, 0x00, 0x00, 0x00, 
	0x00, 0x00, 0x00, 0x00, 0x00, 0x00, 0x00, 0x00, 0x00, 0x00, 0x00, 0x00, 0x00, 0x00, 0x00, 0x00
};
// 'swimming-pool', 32x32px
const unsigned char fas_32x32_fa_swimming_pool [] PROGMEM = {
	0x00, 0x00, 0x00, 0x00, 0x00, 0x00, 0x00, 0x00, 0x80, 0xc0, 0xe0, 0xe0, 0xe0, 0xe0, 0xe0, 0xe0, 
	0xc0, 0x00, 0x00, 0x00, 0x00, 0x80, 0xc0, 0xe0, 0xe0, 0xe0, 0xe0, 0xe0, 0xc0, 0x80, 0x00, 0x00, 
	0x00, 0x00, 0x00, 0x00, 0x00, 0x00, 0x00, 0x00, 0xff, 0xff, 0xff, 0xc1, 0xc0, 0xc0, 0xc7, 0xc7, 
	0xc7, 0xc7, 0xc0, 0xc0, 0xc0, 0xff, 0xff, 0xff, 0x00, 0x00, 0x00, 0x07, 0x07, 0x07, 0x00, 0x00, 
	0x00, 0x00, 0x00, 0x00, 0x80, 0x80, 0xc0, 0x80, 0x9f, 0x3f, 0x3f, 0x03, 0x03, 0x83, 0x83, 0x83, 
	0x83, 0x83, 0x83, 0x03, 0x03, 0x3f, 0x3f, 0x9f, 0x80, 0xc0, 0x80, 0x80, 0x00, 0x00, 0x00, 0x00, 
	0x07, 0x07, 0x07, 0x07, 0x07, 0x03, 0x03, 0x07, 0x07, 0x07, 0x07, 0x07, 0x07, 0x07, 0x07, 0x03, 
	0x03, 0x07, 0x07, 0x07, 0x07, 0x07, 0x07, 0x07, 0x07, 0x03, 0x03, 0x07, 0x07, 0x07, 0x07, 0x07
};
// 'synagogue', 32x32px
const unsigned char fas_32x32_fa_synagogue [] PROGMEM = {
	0x00, 0x00, 0x00, 0x00, 0x00, 0x00, 0x00, 0x00, 0x00, 0x00, 0x80, 0xc0, 0xe0, 0xe0, 0xf0, 0xf8, 
	0xf8, 0xf0, 0xe0, 0xe0, 0xc0, 0x80, 0x00, 0x00, 0x00, 0x00, 0x00, 0x00, 0x00, 0x00, 0x00, 0x00, 
	0x00, 0x80, 0xc0, 0xe0, 0xe0, 0xc0, 0x00, 0x00, 0xfe, 0xff, 0xff, 0xff, 0xff, 0x87, 0x87, 0x01, 
	0x01, 0x87, 0x87, 0xff, 0xff, 0xff, 0xff, 0xfe, 0x00, 0x00, 0xc0, 0xe0, 0xe0, 0xc0, 0x80, 0x00, 
	0xff, 0xff, 0xff, 0xff, 0xff, 0xff, 0x00, 0x00, 0xff, 0xff, 0xff, 0xff, 0xff, 0x3f, 0x1f, 0x1f, 
	0x1f, 0x1f, 0x3f, 0xff, 0xff, 0xff, 0xff, 0xff, 0x00, 0x00, 0xff, 0xff, 0xff, 0xff, 0xff, 0xff, 
	0x1f, 0x1f, 0x1f, 0x1f, 0x1f, 0x1f, 0x00, 0x00, 0x1f, 0x1f, 0x1f, 0x1f, 0x1f, 0x00, 0x00, 0x00, 
	0x00, 0x00, 0x00, 0x1f, 0x1f, 0x1f, 0x1f, 0x1f, 0x00, 0x00, 0x1f, 0x1f, 0x1f, 0x1f, 0x1f, 0x1f
};
// 'sync', 32x32px
const unsigned char fas_32x32_fa_sync [] PROGMEM = {
	0x00, 0x00, 0x00, 0x80, 0xc0, 0xe0, 0xf0, 0xf8, 0xfc, 0x7c, 0x7e, 0x3e, 0x3e, 0x1e, 0x1f, 0x1f, 
	0x1f, 0x1f, 0x1e, 0x3e, 0x3e, 0x7e, 0x7c, 0xfc, 0xf8, 0xf0, 0xe0, 0xe0, 0xff, 0xff, 0xff, 0xff, 
	0x00, 0x3c, 0x3f, 0x3f, 0x3f, 0x1f, 0x07, 0x01, 0x00, 0x00, 0x00, 0x00, 0x00, 0x00, 0x00, 0x00, 
	0x00, 0x00, 0x3c, 0x3c, 0x3c, 0x3c, 0x3c, 0x3c, 0x3f, 0x3f, 0x3f, 0x3f, 0x3f, 0x3f, 0x3f, 0x3f, 
	0xfc, 0xfc, 0xfc, 0xfc, 0xfc, 0xfc, 0xfc, 0xfc, 0x3c, 0x3c, 0x3c, 0x3c, 0x3c, 0x3c, 0x00, 0x00, 
	0x00, 0x00, 0x00, 0x00, 0x00, 0x00, 0x00, 0x00, 0x80, 0xe0, 0xf8, 0xfc, 0xfc, 0xfc, 0x3c, 0x00, 
	0xff, 0xff, 0xff, 0xff, 0x07, 0x07, 0x0f, 0x1f, 0x3f, 0x3e, 0x7e, 0x7c, 0x7c, 0x78, 0xf8, 0xf8, 
	0xf8, 0xf8, 0x78, 0x7c, 0x7c, 0x7e, 0x3e, 0x3f, 0x1f, 0x0f, 0x07, 0x03, 0x01, 0x00, 0x00, 0x00
};
// 'sync-alt', 32x32px
const unsigned char fas_32x32_fa_sync_alt [] PROGMEM = {
	0x00, 0x00, 0x00, 0x80, 0xc0, 0xe0, 0xf0, 0xf8, 0xfc, 0xfc, 0x7e, 0x7e, 0x3e, 0x3e, 0x3f, 0x3f, 
	0x3f, 0x3f, 0x3e, 0x3e, 0x7e, 0x7e, 0xfc, 0xfc, 0xf8, 0xf0, 0xf0, 0xf0, 0xf8, 0xfc, 0xfc, 0xf8, 
	0x00, 0x3c, 0x3f, 0x3f, 0x3f, 0x3f, 0x0f, 0x03, 0x01, 0x00, 0x00, 0x00, 0x00, 0x00, 0x00, 0x00, 
	0x00, 0x00, 0x00, 0x00, 0x18, 0x1c, 0x3e, 0x3f, 0x3f, 0x3f, 0x3f, 0x3f, 0x3f, 0x3f, 0x1f, 0x0f, 
	0xf0, 0xf8, 0xfc, 0xfc, 0xfc, 0xfc, 0xfc, 0xfc, 0xfc, 0x7c, 0x38, 0x18, 0x00, 0x00, 0x00, 0x00, 
	0x00, 0x00, 0x00, 0x00, 0x00, 0x00, 0x00, 0x80, 0xc0, 0xf0, 0xfc, 0xfc, 0xfc, 0xfc, 0x3c, 0x00, 
	0x1f, 0x3f, 0x3f, 0x1f, 0x0f, 0x0f, 0x0f, 0x1f, 0x3f, 0x3f, 0x7e, 0x7e, 0x7c, 0x7c, 0xfc, 0xfc, 
	0xfc, 0xfc, 0x7c, 0x7c, 0x7e, 0x7e, 0x3f, 0x3f, 0x1f, 0x0f, 0x07, 0x03, 0x01, 0x00, 0x00, 0x00
};
// 'syringe', 32x32px
const unsigned char fas_32x32_fa_syringe [] PROGMEM = {
	0x00, 0x00, 0x00, 0x00, 0x00, 0x00, 0x00, 0x00, 0x00, 0x00, 0x00, 0x00, 0x00, 0x00, 0x00, 0x00, 
	0x80, 0x18, 0x3c, 0x7c, 0xfc, 0xf8, 0xf0, 0xe0, 0xc0, 0xe0, 0x77, 0x3e, 0x1c, 0x38, 0x30, 0x20, 
	0x00, 0x00, 0x00, 0x00, 0x00, 0x00, 0x00, 0x00, 0x00, 0xc0, 0xe0, 0xe0, 0xc0, 0x8c, 0x1e, 0x3f, 
	0xff, 0xff, 0xfe, 0xfc, 0xf8, 0xf1, 0xe3, 0xc7, 0x8f, 0x1f, 0x3f, 0x7e, 0x7c, 0x38, 0x00, 0x00, 
	0x00, 0x00, 0x00, 0x00, 0xf8, 0xfc, 0xfe, 0xfe, 0xfc, 0xf8, 0xf1, 0xf3, 0xff, 0xff, 0xff, 0xff, 
	0xff, 0x7f, 0x3f, 0x1f, 0x0f, 0x07, 0x03, 0x01, 0x00, 0x00, 0x00, 0x00, 0x00, 0x00, 0x00, 0x00, 
	0xc0, 0xe0, 0x70, 0x38, 0x1f, 0x0f, 0x0f, 0x0f, 0x0f, 0x0f, 0x0f, 0x0f, 0x0f, 0x07, 0x03, 0x01, 
	0x00, 0x00, 0x00, 0x00, 0x00, 0x00, 0x00, 0x00, 0x00, 0x00, 0x00, 0x00, 0x00, 0x00, 0x00, 0x00
};
// 'table', 32x32px
const unsigned char fas_32x32_fa_table [] PROGMEM = {
	0xf8, 0xfc, 0xfc, 0xfc, 0xfc, 0xfc, 0xfc, 0xfc, 0xfc, 0xfc, 0xfc, 0xfc, 0xfc, 0xfc, 0xfc, 0xfc, 
	0xfc, 0xfc, 0xfc, 0xfc, 0xfc, 0xfc, 0xfc, 0xfc, 0xfc, 0xfc, 0xfc, 0xfc, 0xfc, 0xfc, 0xfc, 0xf8, 
	0xff, 0xff, 0xff, 0xff, 0x03, 0x03, 0x03, 0x03, 0x03, 0x03, 0x03, 0x03, 0x03, 0x03, 0xff, 0xff, 
	0xff, 0xff, 0x03, 0x03, 0x03, 0x03, 0x03, 0x03, 0x03, 0x03, 0x03, 0x03, 0xff, 0xff, 0xff, 0xff, 
	0xff, 0xff, 0xff, 0xff, 0x0f, 0x0f, 0x0f, 0x0f, 0x0f, 0x0f, 0x0f, 0x0f, 0x0f, 0x0f, 0xff, 0xff, 
	0xff, 0xff, 0x0f, 0x0f, 0x0f, 0x0f, 0x0f, 0x0f, 0x0f, 0x0f, 0x0f, 0x0f, 0xff, 0xff, 0xff, 0xff, 
	0x1f, 0x3f, 0x3f, 0x3f, 0x3c, 0x3c, 0x3c, 0x3c, 0x3c, 0x3c, 0x3c, 0x3c, 0x3c, 0x3c, 0x3f, 0x3f, 
	0x3f, 0x3f, 0x3c, 0x3c, 0x3c, 0x3c, 0x3c, 0x3c, 0x3c, 0x3c, 0x3c, 0x3c, 0x3f, 0x3f, 0x3f, 0x1f
};
// 'tablet', 32x32px
const unsigned char fas_32x32_fa_tablet [] PROGMEM = {
	0x00, 0x00, 0xfe, 0xff, 0xff, 0xff, 0xff, 0xff, 0xff, 0xff, 0xff, 0xff, 0xff, 0xff, 0xff, 0xff, 
	0xff, 0xff, 0xff, 0xff, 0xff, 0xff, 0xff, 0xff, 0xff, 0xff, 0xff, 0xff, 0xff, 0xfe, 0x00, 0x00, 
	0x00, 0x00, 0xff, 0xff, 0xff, 0xff, 0xff, 0xff, 0xff, 0xff, 0xff, 0xff, 0xff, 0xff, 0xff, 0xff, 
	0xff, 0xff, 0xff, 0xff, 0xff, 0xff, 0xff, 0xff, 0xff, 0xff, 0xff, 0xff, 0xff, 0xff, 0x00, 0x00, 
	0x00, 0x00, 0xff, 0xff, 0xff, 0xff, 0xff, 0xff, 0xff, 0xff, 0xff, 0xff, 0xff, 0xff, 0xff, 0xff, 
	0xff, 0xff, 0xff, 0xff, 0xff, 0xff, 0xff, 0xff, 0xff, 0xff, 0xff, 0xff, 0xff, 0xff, 0x00, 0x00, 
	0x00, 0x00, 0x7f, 0xff, 0xff, 0xff, 0xff, 0xff, 0xff, 0xff, 0xff, 0xff, 0xff, 0xff, 0xe7, 0xc3, 
	0xc3, 0xe7, 0xff, 0xff, 0xff, 0xff, 0xff, 0xff, 0xff, 0xff, 0xff, 0xff, 0xff, 0x7f, 0x00, 0x00
};
// 'tablet-alt', 32x32px
const unsigned char fas_32x32_fa_tablet_alt [] PROGMEM = {
	0x00, 0x00, 0xfe, 0xff, 0xff, 0x07, 0x07, 0x07, 0x07, 0x07, 0x07, 0x07, 0x07, 0x07, 0x07, 0x07, 
	0x07, 0x07, 0x07, 0x07, 0x07, 0x07, 0x07, 0x07, 0x07, 0x07, 0x07, 0xff, 0xff, 0xfe, 0x00, 0x00, 
	0x00, 0x00, 0xff, 0xff, 0xff, 0x00, 0x00, 0x00, 0x00, 0x00, 0x00, 0x00, 0x00, 0x00, 0x00, 0x00, 
	0x00, 0x00, 0x00, 0x00, 0x00, 0x00, 0x00, 0x00, 0x00, 0x00, 0x00, 0xff, 0xff, 0xff, 0x00, 0x00, 
	0x00, 0x00, 0xff, 0xff, 0xff, 0x00, 0x00, 0x00, 0x00, 0x00, 0x00, 0x00, 0x00, 0x00, 0x00, 0x00, 
	0x00, 0x00, 0x00, 0x00, 0x00, 0x00, 0x00, 0x00, 0x00, 0x00, 0x00, 0xff, 0xff, 0xff, 0x00, 0x00, 
	0x00, 0x00, 0x7f, 0xff, 0xff, 0xff, 0xff, 0xff, 0xff, 0xff, 0xff, 0xff, 0xff, 0xff, 0xe7, 0xc3, 
	0xc3, 0xe7, 0xff, 0xff, 0xff, 0xff, 0xff, 0xff, 0xff, 0xff, 0xff, 0xff, 0xff, 0x7f, 0x00, 0x00
};
// 'table-tennis', 32x32px
const unsigned char fas_32x32_fa_table_tennis [] PROGMEM = {
	0x00, 0x00, 0x00, 0x00, 0x00, 0x00, 0xc0, 0xe0, 0xf0, 0xf8, 0xf8, 0xfc, 0xfe, 0xfe, 0xfe, 0xff, 
	0xff, 0xff, 0xff, 0xff, 0xff, 0xff, 0xff, 0xfe, 0xfe, 0xfc, 0xf8, 0xf8, 0xf0, 0xc0, 0x80, 0x00, 
	0x00, 0x00, 0x00, 0xfc, 0xf8, 0xf0, 0xe0, 0xc1, 0x83, 0x07, 0x0f, 0x1f, 0x3f, 0x7f, 0xff, 0xff, 
	0xff, 0xff, 0xff, 0xff, 0xff, 0xff, 0xff, 0xff, 0xff, 0xff, 0xff, 0xff, 0xff, 0xff, 0xff, 0xfe, 
	0x00, 0x00, 0x00, 0x01, 0x87, 0xcf, 0xff, 0xff, 0xff, 0xff, 0xfe, 0xfc, 0xf8, 0xf0, 0xe0, 0xc1, 
	0x83, 0x07, 0x0f, 0x0f, 0x07, 0xc3, 0xe3, 0xe1, 0xf1, 0xf1, 0xf1, 0xf1, 0xe1, 0xe3, 0xc3, 0x81, 
	0x1c, 0x3c, 0x7e, 0xff, 0xff, 0xff, 0x3f, 0x1f, 0x0f, 0x07, 0x03, 0x03, 0x07, 0x0f, 0x0f, 0x1f, 
	0x1f, 0x00, 0x00, 0x00, 0x0f, 0x3f, 0x7f, 0xff, 0xff, 0xff, 0xff, 0xff, 0xff, 0x7f, 0x3f, 0x1f
};
// 'tablets', 32x32px
const unsigned char fas_32x32_fa_tablets [] PROGMEM = {
	0x00, 0x00, 0x00, 0x00, 0x00, 0x00, 0x00, 0x00, 0x00, 0x00, 0x00, 0x00, 0x00, 0x00, 0x00, 0x00, 
	0x00, 0x80, 0x80, 0x10, 0x30, 0x78, 0xf8, 0xf8, 0xf8, 0xf8, 0xf8, 0xf0, 0xf0, 0xe0, 0xc0, 0x00, 
	0x00, 0x00, 0x80, 0xc0, 0xc0, 0xe0, 0xe0, 0xe0, 0xe0, 0xe0, 0xe0, 0xc0, 0xc0, 0x80, 0x00, 0x00, 
	0x3f, 0xff, 0xff, 0xff, 0xfe, 0xfc, 0xf9, 0xf3, 0xe7, 0xcf, 0x9f, 0x3f, 0x7f, 0xff, 0xff, 0x3f, 
	0xcc, 0xcf, 0xcf, 0xcf, 0xcf, 0xcf, 0xcf, 0xcf, 0xcf, 0xcf, 0xcf, 0xcf, 0xcf, 0xcf, 0xcf, 0xcc, 
	0x00, 0x00, 0x01, 0x03, 0x03, 0x07, 0x07, 0x07, 0x07, 0x07, 0x07, 0x03, 0x02, 0x00, 0x00, 0x00, 
	0x00, 0x03, 0x07, 0x0f, 0x0f, 0x1f, 0x1f, 0x1f, 0x1f, 0x1f, 0x1f, 0x0f, 0x0f, 0x07, 0x03, 0x00, 
	0x00, 0x00, 0x00, 0x00, 0x00, 0x00, 0x00, 0x00, 0x00, 0x00, 0x00, 0x00, 0x00, 0x00, 0x00, 0x00
};
// 'tachometer-alt', 32x32px
const unsigned char fas_32x32_fa_tachometer_alt [] PROGMEM = {
	0x00, 0x00, 0x00, 0x00, 0x00, 0x00, 0x80, 0xc0, 0xc0, 0xe0, 0xe0, 0xf0, 0xf0, 0xf0, 0xf0, 0x70, 
	0x70, 0xf0, 0xf0, 0xf0, 0xf0, 0xe0, 0xe0, 0xc0, 0xc0, 0x80, 0x00, 0x00, 0x00, 0x00, 0x00, 0x00, 
	0x80, 0xe0, 0xf8, 0xfc, 0xff, 0xff, 0xef, 0xc7, 0xc7, 0xef, 0xff, 0xff, 0xff, 0xff, 0xfc, 0xf8, 
	0xf8, 0x7f, 0x0f, 0x01, 0xc1, 0xf9, 0xff, 0xc7, 0xc7, 0xef, 0xff, 0xff, 0xfc, 0xf8, 0xe0, 0x80, 
	0xff, 0xff, 0xff, 0xff, 0x8f, 0x8f, 0xcf, 0xff, 0xff, 0xff, 0xff, 0xff, 0xff, 0x1f, 0x0f, 0x0f, 
	0x03, 0x00, 0x00, 0xfe, 0xff, 0xff, 0xff, 0xff, 0xff, 0xcf, 0x8f, 0x8f, 0xff, 0xff, 0xff, 0xff, 
	0x00, 0x03, 0x0f, 0x0f, 0x0f, 0x0f, 0x0f, 0x0f, 0x0f, 0x0f, 0x0f, 0x0f, 0x0f, 0x0e, 0x0e, 0x0e, 
	0x0e, 0x0e, 0x0e, 0x0f, 0x0f, 0x0f, 0x0f, 0x0f, 0x0f, 0x0f, 0x0f, 0x0f, 0x0f, 0x0f, 0x03, 0x00
};
// 'tag', 32x32px
const unsigned char fas_32x32_fa_tag [] PROGMEM = {
	0xfe, 0xff, 0xff, 0xff, 0x1f, 0x0f, 0x0f, 0x0f, 0x0f, 0x1f, 0xff, 0xff, 0xff, 0xff, 0xff, 0xff, 
	0xff, 0xff, 0xfe, 0xfc, 0xf8, 0xf0, 0xe0, 0xc0, 0x80, 0x00, 0x00, 0x00, 0x00, 0x00, 0x00, 0x00, 
	0xff, 0xff, 0xff, 0xff, 0xfe, 0xfc, 0xfc, 0xfc, 0xfc, 0xfe, 0xff, 0xff, 0xff, 0xff, 0xff, 0xff, 
	0xff, 0xff, 0xff, 0xff, 0xff, 0xff, 0xff, 0xff, 0xff, 0xff, 0xfe, 0xfc, 0xf8, 0xf0, 0xe0, 0xc0, 
	0x03, 0x07, 0x0f, 0x1f, 0x3f, 0x7f, 0xff, 0xff, 0xff, 0xff, 0xff, 0xff, 0xff, 0xff, 0xff, 0xff, 
	0xff, 0xff, 0xff, 0xff, 0xff, 0xff, 0xff, 0xff, 0xff, 0xff, 0x7f, 0x3f, 0x1f, 0x0f, 0x07, 0x03, 
	0x00, 0x00, 0x00, 0x00, 0x00, 0x00, 0x00, 0x01, 0x03, 0x07, 0x0f, 0x1f, 0x3f, 0x7f, 0xff, 0xff, 
	0xff, 0xff, 0x7f, 0x3f, 0x1f, 0x0f, 0x07, 0x03, 0x01, 0x00, 0x00, 0x00, 0x00, 0x00, 0x00, 0x00
};
// 'tags', 32x32px
const unsigned char fas_32x32_fa_tags [] PROGMEM = {
	0xf0, 0xf8, 0xf8, 0xf8, 0x78, 0x38, 0x78, 0x78, 0xf8, 0xf8, 0xf8, 0xf8, 0xf8, 0xf8, 0xf0, 0xe0, 
	0xc0, 0x88, 0x18, 0x38, 0x78, 0xf0, 0xc0, 0x80, 0x00, 0x00, 0x00, 0x00, 0x00, 0x00, 0x00, 0x00, 
	0xff, 0xff, 0xff, 0xfc, 0xf8, 0xf8, 0xf8, 0xfc, 0xff, 0xff, 0xff, 0xff, 0xff, 0xff, 0xff, 0xff, 
	0xff, 0xff, 0xff, 0xfe, 0xfc, 0xf8, 0xf1, 0xe3, 0xc7, 0x0e, 0x1c, 0x78, 0xf0, 0xe0, 0xc0, 0x80, 
	0x01, 0x03, 0x07, 0x0f, 0x1f, 0x3f, 0x7f, 0xff, 0xff, 0xff, 0xff, 0xff, 0xff, 0xff, 0xff, 0xff, 
	0xff, 0xff, 0xff, 0x7f, 0x3f, 0x1f, 0x8f, 0xc7, 0xe3, 0xf1, 0x78, 0x3e, 0x1f, 0x0f, 0x07, 0x03, 
	0x00, 0x00, 0x00, 0x00, 0x00, 0x00, 0x00, 0x00, 0x01, 0x03, 0x0f, 0x1f, 0x1f, 0x1f, 0x1f, 0x0f, 
	0x03, 0x01, 0x18, 0x1c, 0x1e, 0x0f, 0x07, 0x03, 0x01, 0x00, 0x00, 0x00, 0x00, 0x00, 0x00, 0x00
};
// 'tape', 32x32px
const unsigned char fas_32x32_fa_tape [] PROGMEM = {
	0x00, 0x00, 0x00, 0x00, 0x80, 0xc0, 0xc0, 0xe0, 0xe0, 0xe0, 0xe0, 0xe0, 0xe0, 0xe0, 0xe0, 0xe0, 
	0xc0, 0x80, 0x80, 0x00, 0x00, 0x00, 0x00, 0x00, 0x00, 0x00, 0x00, 0x00, 0x00, 0x00, 0x00, 0x00, 
	0xf0, 0xfc, 0xfe, 0xff, 0xff, 0xff, 0x7f, 0x1f, 0xcf, 0xe7, 0xe7, 0xe7, 0xe7, 0xcf, 0x1f, 0x3f, 
	0xff, 0xff, 0xff, 0xff, 0xfc, 0xf8, 0x00, 0x00, 0x00, 0x00, 0x00, 0x00, 0x00, 0x00, 0x00, 0x00, 
	0x0f, 0x3f, 0x7f, 0xff, 0xff, 0xff, 0xfe, 0xf8, 0xf3, 0xe7, 0xe7, 0xe7, 0xe7, 0xf3, 0xf8, 0xfc, 
	0xff, 0xff, 0xff, 0xff, 0x3f, 0x1f, 0x00, 0x00, 0x00, 0x00, 0x00, 0x00, 0x00, 0x00, 0x00, 0x00, 
	0x00, 0x00, 0x00, 0x00, 0x01, 0x03, 0x03, 0x07, 0x07, 0x07, 0x07, 0x07, 0x07, 0x07, 0x07, 0x07, 
	0x07, 0x07, 0x07, 0x07, 0x07, 0x07, 0x07, 0x07, 0x07, 0x07, 0x07, 0x07, 0x07, 0x07, 0x07, 0x07
};
// 'tasks', 32x32px
const unsigned char fas_32x32_fa_tasks [] PROGMEM = {
	0x60, 0xe0, 0xe0, 0xc0, 0xe0, 0xf0, 0xf8, 0x7c, 0x3c, 0x18, 0x00, 0x00, 0xf0, 0xf0, 0xf0, 0xf0, 
	0xf0, 0xf0, 0xf0, 0xf0, 0xf0, 0xf0, 0xf0, 0xf0, 0xf0, 0xf0, 0xf0, 0xf0, 0xf0, 0xf0, 0xf0, 0xf0, 
	0x80, 0x80, 0x81, 0x03, 0x83, 0xc1, 0xe0, 0xf0, 0xf0, 0x60, 0x00, 0x00, 0xc0, 0xc0, 0xc0, 0xc0, 
	0xc0, 0xc0, 0xc0, 0xc0, 0xc0, 0xc0, 0xc0, 0xc0, 0xc0, 0xc0, 0xc0, 0xc0, 0xc0, 0xc0, 0xc0, 0xc0, 
	0x01, 0x03, 0x87, 0x8f, 0x8f, 0x87, 0x03, 0x01, 0x00, 0x00, 0x00, 0x00, 0x03, 0x03, 0x03, 0x03, 
	0x03, 0x03, 0x03, 0x03, 0x03, 0x03, 0x03, 0x03, 0x03, 0x03, 0x03, 0x03, 0x03, 0x03, 0x03, 0x03, 
	0x00, 0x0f, 0x1f, 0x1f, 0x1f, 0x1f, 0x0f, 0x00, 0x00, 0x00, 0x00, 0x00, 0x0f, 0x0f, 0x0f, 0x0f, 
	0x0f, 0x0f, 0x0f, 0x0f, 0x0f, 0x0f, 0x0f, 0x0f, 0x0f, 0x0f, 0x0f, 0x0f, 0x0f, 0x0f, 0x0f, 0x0f
};
// 'taxi', 32x32px
const unsigned char fas_32x32_fa_taxi [] PROGMEM = {
	0x00, 0x00, 0x00, 0x00, 0x00, 0x00, 0x80, 0xc0, 0xc0, 0xc0, 0xf8, 0xfc, 0xfc, 0xfc, 0xfc, 0xfc, 
	0xfc, 0xfc, 0xfc, 0xfc, 0xfc, 0xf8, 0xc0, 0xc0, 0xc0, 0x80, 0x00, 0x00, 0x00, 0x00, 0x00, 0x00, 
	0x00, 0x00, 0x80, 0xe0, 0xfc, 0xff, 0xff, 0xff, 0x87, 0x83, 0x83, 0x83, 0x83, 0x83, 0x83, 0x83, 
	0x83, 0x83, 0x83, 0x83, 0x83, 0x83, 0x83, 0x87, 0xff, 0xff, 0xff, 0xfc, 0xe0, 0x80, 0x00, 0x00, 
	0xfe, 0xff, 0xff, 0xff, 0xe7, 0xc3, 0xc3, 0xe7, 0xff, 0xff, 0xff, 0xff, 0xff, 0xff, 0xff, 0xff, 
	0xff, 0xff, 0xff, 0xff, 0xff, 0xff, 0xff, 0xff, 0xe7, 0xc3, 0xc3, 0xe7, 0xff, 0xff, 0xff, 0xfe, 
	0x00, 0x01, 0x1f, 0x3f, 0x3f, 0x3f, 0x3f, 0x1f, 0x03, 0x03, 0x03, 0x03, 0x03, 0x03, 0x03, 0x03, 
	0x03, 0x03, 0x03, 0x03, 0x03, 0x03, 0x03, 0x03, 0x1f, 0x3f, 0x3f, 0x3f, 0x3f, 0x1f, 0x01, 0x00
};
// 'teeth', 32x32px
const unsigned char fas_32x32_fa_teeth [] PROGMEM = {
	0xc0, 0xf0, 0xf0, 0xf8, 0xf8, 0xf8, 0xf8, 0xf8, 0xf8, 0xf8, 0xf8, 0xf8, 0xf8, 0xf8, 0xf8, 0xf8, 
	0xf8, 0xf8, 0xf8, 0xf8, 0xf8, 0xf8, 0xf8, 0xf8, 0xf8, 0xf8, 0xf8, 0xf8, 0xf8, 0xf0, 0xf0, 0xc0, 
	0xff, 0xff, 0xff, 0x07, 0x03, 0x03, 0x03, 0x07, 0xff, 0xff, 0x01, 0x00, 0x00, 0x00, 0x01, 0xff, 
	0xff, 0x01, 0x00, 0x00, 0x00, 0x01, 0xff, 0xff, 0x07, 0x03, 0x03, 0x03, 0x07, 0xff, 0xff, 0xff, 
	0xff, 0xff, 0xff, 0x83, 0x03, 0x03, 0x03, 0x83, 0xff, 0xff, 0x83, 0x03, 0x03, 0x03, 0x83, 0xff, 
	0xff, 0x83, 0x03, 0x03, 0x03, 0x83, 0xff, 0xff, 0x83, 0x03, 0x03, 0x03, 0x83, 0xff, 0xff, 0xff, 
	0x03, 0x0f, 0x0f, 0x1f, 0x1f, 0x1f, 0x1f, 0x1f, 0x1f, 0x1f, 0x1f, 0x1f, 0x1f, 0x1f, 0x1f, 0x1f, 
	0x1f, 0x1f, 0x1f, 0x1f, 0x1f, 0x1f, 0x1f, 0x1f, 0x1f, 0x1f, 0x1f, 0x1f, 0x1f, 0x0f, 0x0f, 0x03
};
// 'teeth-open', 32x32px
const unsigned char fas_32x32_fa_teeth_open [] PROGMEM = {
	0xc0, 0xf0, 0xf0, 0xf8, 0xf8, 0xf8, 0xf8, 0xf8, 0xf8, 0xf8, 0x78, 0x38, 0x38, 0x78, 0x78, 0xf8, 
	0xf8, 0x78, 0x78, 0x38, 0x38, 0x78, 0xf8, 0xf8, 0xf8, 0xf8, 0xf8, 0xf8, 0xf8, 0xf0, 0xf0, 0xc0, 
	0x1f, 0x3f, 0x3f, 0x31, 0x20, 0x20, 0x20, 0x21, 0x3f, 0x3f, 0x20, 0x20, 0x20, 0x20, 0x20, 0x3f, 
	0x3f, 0x20, 0x20, 0x20, 0x20, 0x20, 0x3f, 0x3f, 0x21, 0x20, 0x20, 0x20, 0x31, 0x3f, 0x3f, 0x1f, 
	0xe0, 0xf0, 0xf8, 0x18, 0x18, 0x18, 0x18, 0x18, 0xf8, 0xf8, 0x18, 0x18, 0x18, 0x18, 0x18, 0xf8, 
	0xf8, 0x18, 0x18, 0x18, 0x18, 0x18, 0xf8, 0xf8, 0x18, 0x18, 0x18, 0x18, 0x18, 0xf8, 0xf0, 0xe0, 
	0x03, 0x0f, 0x0f, 0x1f, 0x1e, 0x1c, 0x1e, 0x1e, 0x1f, 0x1f, 0x1e, 0x1c, 0x1c, 0x1e, 0x1e, 0x1f, 
	0x1f, 0x1e, 0x1e, 0x1c, 0x1c, 0x1e, 0x1f, 0x1f, 0x1e, 0x1e, 0x1c, 0x1e, 0x1f, 0x0f, 0x0f, 0x03
};
// 'temperature-high', 32x32px
const unsigned char fas_32x32_fa_temperature_high [] PROGMEM = {
	0x00, 0x00, 0xf0, 0xf8, 0xfc, 0xfe, 0x1f, 0x0f, 0xcf, 0xcf, 0x0f, 0x1f, 0xfe, 0xfc, 0xf8, 0xf0, 
	0x00, 0x00, 0x00, 0x00, 0xf0, 0xfc, 0xfe, 0xff, 0x9f, 0x0f, 0x0f, 0x9f, 0xff, 0xfe, 0xfc, 0xf8, 
	0x00, 0x00, 0xff, 0xff, 0xff, 0xff, 0x00, 0x00, 0xff, 0xff, 0x00, 0x00, 0xff, 0xff, 0xff, 0xff, 
	0x00, 0x00, 0x00, 0x00, 0x00, 0x03, 0x07, 0x07, 0x0f, 0x0f, 0x0f, 0x0f, 0x07, 0x07, 0x03, 0x01, 
	0xf0, 0xfc, 0xff, 0xff, 0x1f, 0x0f, 0xe0, 0xf0, 0xff, 0xff, 0xf0, 0xe0, 0x0f, 0x1f, 0xff, 0xff, 
	0xfc, 0xf0, 0x00, 0x00, 0x00, 0x00, 0x00, 0x00, 0x00, 0x00, 0x00, 0x00, 0x00, 0x00, 0x00, 0x00, 
	0x03, 0x0f, 0x1f, 0x3f, 0x7e, 0x7c, 0xf9, 0xf3, 0xf3, 0xf3, 0xf3, 0xf9, 0x7c, 0x7e, 0x3f, 0x1f, 
	0x0f, 0x03, 0x00, 0x00, 0x00, 0x00, 0x00, 0x00, 0x00, 0x00, 0x00, 0x00, 0x00, 0x00, 0x00, 0x00
};
// 'temperature-low', 32x32px
const unsigned char fas_32x32_fa_temperature_low [] PROGMEM = {
	0x00, 0x00, 0xf0, 0xf8, 0xfc, 0xfe, 0x1f, 0x0f, 0x0f, 0x0f, 0x0f, 0x1f, 0xfe, 0xfc, 0xf8, 0xf0, 
	0x00, 0x00, 0x00, 0x00, 0xf0, 0xfc, 0xfe, 0xff, 0x9f, 0x0f, 0x0f, 0x9f, 0xff, 0xfe, 0xfc, 0xf8, 
	0x00, 0x00, 0xff, 0xff, 0xff, 0xff, 0x00, 0x00, 0x00, 0x00, 0x00, 0x00, 0xff, 0xff, 0xff, 0xff, 
	0x00, 0x00, 0x00, 0x00, 0x00, 0x03, 0x07, 0x07, 0x0f, 0x0f, 0x0f, 0x0f, 0x07, 0x07, 0x03, 0x01, 
	0xf0, 0xfc, 0xff, 0xff, 0x1f, 0x0f, 0xe0, 0xf0, 0xfc, 0xfc, 0xf0, 0xe0, 0x0f, 0x1f, 0xff, 0xff, 
	0xfc, 0xf0, 0x00, 0x00, 0x00, 0x00, 0x00, 0x00, 0x00, 0x00, 0x00, 0x00, 0x00, 0x00, 0x00, 0x00, 
	0x03, 0x0f, 0x1f, 0x3f, 0x7e, 0x7c, 0xf9, 0xf3, 0xf3, 0xf3, 0xf3, 0xf9, 0x7c, 0x7e, 0x3f, 0x1f, 
	0x0f, 0x03, 0x00, 0x00, 0x00, 0x00, 0x00, 0x00, 0x00, 0x00, 0x00, 0x00, 0x00, 0x00, 0x00, 0x00
};
// 'tenge', 32x32px
const unsigned char fas_32x32_fa_tenge [] PROGMEM = {
	0x00, 0x00, 0x00, 0x00, 0x7c, 0x7c, 0x7c, 0x7c, 0x7c, 0x7c, 0x7c, 0x7c, 0x7c, 0x7c, 0x7c, 0x7c, 
	0x7c, 0x7c, 0x7c, 0x7c, 0x7c, 0x7c, 0x7c, 0x7c, 0x7c, 0x7c, 0x7c, 0x7c, 0x00, 0x00, 0x00, 0x00, 
	0x00, 0x00, 0x00, 0x00, 0x7c, 0x7c, 0x7c, 0x7c, 0x7c, 0x7c, 0x7c, 0x7c, 0x7c, 0xfc, 0xfc, 0xfc, 
	0xfc, 0xfc, 0xfc, 0x7c, 0x7c, 0x7c, 0x7c, 0x7c, 0x7c, 0x7c, 0x7c, 0x7c, 0x00, 0x00, 0x00, 0x00, 
	0x00, 0x00, 0x00, 0x00, 0x00, 0x00, 0x00, 0x00, 0x00, 0x00, 0x00, 0x00, 0x00, 0xff, 0xff, 0xff, 
	0xff, 0xff, 0xff, 0x00, 0x00, 0x00, 0x00, 0x00, 0x00, 0x00, 0x00, 0x00, 0x00, 0x00, 0x00, 0x00, 
	0x00, 0x00, 0x00, 0x00, 0x00, 0x00, 0x00, 0x00, 0x00, 0x00, 0x00, 0x00, 0x00, 0x1f, 0x3f, 0x3f, 
	0x3f, 0x3f, 0x1f, 0x00, 0x00, 0x00, 0x00, 0x00, 0x00, 0x00, 0x00, 0x00, 0x00, 0x00, 0x00, 0x00
};
// 'terminal', 32x32px
const unsigned char fas_32x32_fa_terminal [] PROGMEM = {
	0xc0, 0xe0, 0xe0, 0xc0, 0x80, 0x00, 0x00, 0x00, 0x00, 0x00, 0x00, 0x00, 0x00, 0x00, 0x00, 0x00, 
	0x00, 0x00, 0x00, 0x00, 0x00, 0x00, 0x00, 0x00, 0x00, 0x00, 0x00, 0x00, 0x00, 0x00, 0x00, 0x00, 
	0x00, 0x01, 0x03, 0x07, 0x0f, 0x1f, 0x3e, 0x7c, 0xf8, 0xf0, 0xe0, 0xc0, 0x80, 0x00, 0x00, 0x00, 
	0x00, 0x00, 0x00, 0x00, 0x00, 0x00, 0x00, 0x00, 0x00, 0x00, 0x00, 0x00, 0x00, 0x00, 0x00, 0x00, 
	0x00, 0x80, 0xc0, 0xe0, 0xf0, 0xf8, 0x7c, 0x3e, 0x1f, 0x0f, 0x07, 0x03, 0x01, 0x00, 0x00, 0x80, 
	0x80, 0x80, 0x80, 0x80, 0x80, 0x80, 0x80, 0x80, 0x80, 0x80, 0x80, 0x80, 0x80, 0x80, 0x80, 0x00, 
	0x03, 0x07, 0x07, 0x03, 0x01, 0x00, 0x00, 0x00, 0x00, 0x00, 0x00, 0x00, 0x00, 0x00, 0x07, 0x07, 
	0x07, 0x07, 0x07, 0x07, 0x07, 0x07, 0x07, 0x07, 0x07, 0x07, 0x07, 0x07, 0x07, 0x07, 0x07, 0x07
};
// 'text-height', 32x32px
const unsigned char fas_32x32_fa_text_height [] PROGMEM = {
	0xf0, 0xf0, 0xf0, 0xf0, 0xf0, 0xf0, 0xf0, 0xf0, 0xf0, 0xf0, 0xf0, 0xf0, 0xf0, 0xf0, 0xf0, 0xf0, 
	0xf0, 0xf0, 0x00, 0x00, 0x00, 0x00, 0x80, 0xc0, 0xe0, 0xf0, 0xf0, 0xf0, 0xe0, 0xc0, 0x80, 0x00, 
	0x07, 0x07, 0x07, 0x03, 0x00, 0x00, 0x00, 0xff, 0xff, 0xff, 0xff, 0x00, 0x00, 0x00, 0x03, 0x07, 
	0x07, 0x03, 0x00, 0x00, 0x00, 0x00, 0x03, 0x03, 0x03, 0xff, 0xff, 0xff, 0x03, 0x03, 0x03, 0x03, 
	0x00, 0x00, 0x00, 0x00, 0x00, 0x00, 0x00, 0xff, 0xff, 0xff, 0xff, 0x00, 0x00, 0x00, 0x00, 0x00, 
	0x00, 0x00, 0x00, 0x00, 0x00, 0x00, 0xc0, 0xc0, 0xc0, 0xff, 0xff, 0xff, 0xc0, 0xc0, 0xc0, 0xc0, 
	0x00, 0x00, 0x00, 0x00, 0x0e, 0x0e, 0x0f, 0x0f, 0x0f, 0x0f, 0x0f, 0x0e, 0x0e, 0x0e, 0x00, 0x00, 
	0x00, 0x00, 0x00, 0x00, 0x00, 0x00, 0x01, 0x03, 0x07, 0x0f, 0x0f, 0x0f, 0x07, 0x03, 0x01, 0x00
};
// 'text-width', 32x32px
const unsigned char fas_32x32_fa_text_width [] PROGMEM = {
	0x00, 0x00, 0xfc, 0xfc, 0xfc, 0xfc, 0x7c, 0x7c, 0x7c, 0x7c, 0x7c, 0x7c, 0x7c, 0xfc, 0xfc, 0xfc, 
	0xfc, 0xfc, 0xfc, 0x7c, 0x7c, 0x7c, 0x7c, 0x7c, 0x7c, 0x7c, 0xfc, 0xfc, 0xfc, 0xfc, 0x00, 0x00, 
	0x00, 0x00, 0x01, 0x01, 0x01, 0x01, 0x00, 0x00, 0x00, 0x00, 0x00, 0xc0, 0xc0, 0xff, 0xff, 0xff, 
	0xff, 0xff, 0xff, 0xc0, 0xc0, 0x00, 0x00, 0x00, 0x00, 0x00, 0x01, 0x01, 0x01, 0x01, 0x00, 0x00, 
	0x00, 0x00, 0x80, 0xc0, 0xe0, 0xf0, 0xf8, 0xfc, 0xfc, 0xc0, 0xc0, 0xc3, 0xc3, 0xc3, 0xc3, 0xc3, 
	0xc3, 0xc3, 0xc3, 0xc3, 0xc3, 0xc0, 0xc0, 0xfc, 0xfc, 0xf8, 0xf0, 0xe0, 0xc0, 0x80, 0x00, 0x00, 
	0x00, 0x00, 0x01, 0x03, 0x07, 0x0f, 0x1f, 0x3f, 0x3f, 0x03, 0x03, 0x03, 0x03, 0x03, 0x03, 0x03, 
	0x03, 0x03, 0x03, 0x03, 0x03, 0x03, 0x03, 0x3f, 0x3f, 0x1f, 0x0f, 0x07, 0x03, 0x01, 0x00, 0x00
};
// 'th', 32x32px
const unsigned char fas_32x32_fa_th [] PROGMEM = {
	0xfc, 0xfc, 0xfc, 0xfc, 0xfc, 0xfc, 0xfc, 0xfc, 0xfc, 0x00, 0x00, 0xf8, 0xfc, 0xfc, 0xfc, 0xfc, 
	0xfc, 0xfc, 0xfc, 0xfc, 0xf8, 0x00, 0x00, 0xfc, 0xfc, 0xfc, 0xfc, 0xfc, 0xfc, 0xfc, 0xfc, 0xfc, 
	0xf3, 0xf3, 0xf3, 0xf3, 0xf3, 0xf3, 0xf3, 0xf3, 0xf3, 0x00, 0x00, 0xe1, 0xf3, 0xf3, 0xf3, 0xf3, 
	0xf3, 0xf3, 0xf3, 0xf3, 0xe1, 0x00, 0x00, 0xf3, 0xf3, 0xf3, 0xf3, 0xf3, 0xf3, 0xf3, 0xf3, 0xf3, 
	0xcf, 0xcf, 0xcf, 0xcf, 0xcf, 0xcf, 0xcf, 0xcf, 0xcf, 0x00, 0x00, 0x87, 0xcf, 0xcf, 0xcf, 0xcf, 
	0xcf, 0xcf, 0xcf, 0xcf, 0x87, 0x00, 0x00, 0xcf, 0xcf, 0xcf, 0xcf, 0xcf, 0xcf, 0xcf, 0xcf, 0xcf, 
	0x3f, 0x3f, 0x3f, 0x3f, 0x3f, 0x3f, 0x3f, 0x3f, 0x3f, 0x00, 0x00, 0x1f, 0x3f, 0x3f, 0x3f, 0x3f, 
	0x3f, 0x3f, 0x3f, 0x3f, 0x1f, 0x00, 0x00, 0x3f, 0x3f, 0x3f, 0x3f, 0x3f, 0x3f, 0x3f, 0x3f, 0x3f
};
// 'theater-masks', 32x32px
const unsigned char fas_32x32_fa_theater_masks [] PROGMEM = {
	0x80, 0xc0, 0xe0, 0xe0, 0xe0, 0xf0, 0x70, 0x70, 0x78, 0x78, 0x38, 0x38, 0x38, 0x38, 0x98, 0x98, 
	0xd8, 0xd0, 0xc0, 0xc0, 0xc0, 0xc0, 0xc0, 0x80, 0x80, 0x80, 0x80, 0x00, 0x00, 0x00, 0x00, 0x00, 
	0x1f, 0xff, 0xff, 0xfd, 0x00, 0x00, 0x18, 0x18, 0x18, 0x08, 0x00, 0x00, 0xf0, 0xff, 0xff, 0xff, 
	0xff, 0xdf, 0xcf, 0x9f, 0xbf, 0xff, 0xff, 0xbf, 0xbf, 0x3f, 0x3f, 0xff, 0xff, 0xfe, 0xfe, 0xfc, 
	0x00, 0x03, 0x1f, 0x3f, 0x7f, 0xf8, 0xf0, 0xe0, 0xe2, 0xc3, 0x80, 0x1c, 0x7f, 0xff, 0xff, 0xff, 
	0xc7, 0x8f, 0x8f, 0x1f, 0x1f, 0x1f, 0x1f, 0x1f, 0x9f, 0xdf, 0xff, 0xff, 0xff, 0xff, 0x1f, 0x00, 
	0x00, 0x00, 0x00, 0x00, 0x00, 0x00, 0x00, 0x01, 0x01, 0x01, 0x03, 0x03, 0x00, 0x01, 0x03, 0x07, 
	0x0f, 0x0f, 0x1f, 0x1f, 0x1f, 0x1f, 0x1f, 0x0f, 0x0f, 0x07, 0x07, 0x03, 0x01, 0x00, 0x00, 0x00
};
// 'thermometer', 32x32px
const unsigned char fas_32x32_fa_thermometer [] PROGMEM = {
	0x00, 0x00, 0x00, 0x00, 0x00, 0x00, 0x00, 0x00, 0x00, 0x00, 0x00, 0x00, 0x00, 0x00, 0x00, 0x00, 
	0x80, 0xc0, 0x80, 0x30, 0x78, 0xfc, 0xfe, 0xff, 0xff, 0xff, 0xff, 0xff, 0xff, 0xfe, 0xfc, 0xf8, 
	0x00, 0x00, 0x00, 0x00, 0x00, 0x00, 0x00, 0x00, 0x80, 0x80, 0x00, 0x70, 0xf8, 0xf8, 0xf0, 0xe3, 
	0xc7, 0xef, 0xff, 0xff, 0xfe, 0xfe, 0xff, 0xff, 0xff, 0x7f, 0x3f, 0x1f, 0x0f, 0x07, 0x03, 0x01, 
	0x00, 0x00, 0x00, 0x00, 0x00, 0x00, 0xfe, 0xff, 0xff, 0xff, 0xff, 0xfe, 0xfc, 0xff, 0xff, 0xff, 
	0xff, 0x7f, 0x3f, 0x1f, 0x0f, 0x07, 0x03, 0x01, 0x00, 0x00, 0x00, 0x00, 0x00, 0x00, 0x00, 0x00, 
	0xe0, 0xf0, 0xf8, 0x7c, 0x3e, 0x1f, 0x0f, 0x07, 0x03, 0x03, 0x03, 0x03, 0x03, 0x03, 0x03, 0x01, 
	0x00, 0x00, 0x00, 0x00, 0x00, 0x00, 0x00, 0x00, 0x00, 0x00, 0x00, 0x00, 0x00, 0x00, 0x00, 0x00
};
// 'thermometer-empty', 32x32px
const unsigned char fas_32x32_fa_thermometer_empty [] PROGMEM = {
	0x00, 0x00, 0x00, 0x00, 0x00, 0x00, 0x00, 0x00, 0x00, 0x00, 0xf0, 0xfc, 0xfe, 0x0f, 0x07, 0x07, 
	0x07, 0x07, 0x0f, 0xfe, 0xfc, 0xf0, 0x00, 0x00, 0x00, 0x00, 0x00, 0x00, 0x00, 0x00, 0x00, 0x00, 
	0x00, 0x00, 0x00, 0x00, 0x00, 0x00, 0x00, 0x00, 0x00, 0x00, 0xff, 0xff, 0xff, 0x00, 0x00, 0x00, 
	0x00, 0x00, 0x00, 0xff, 0xff, 0xff, 0x00, 0x00, 0x00, 0x00, 0x00, 0x00, 0x00, 0x00, 0x00, 0x00, 
	0x00, 0x00, 0x00, 0x00, 0x00, 0x00, 0x00, 0x00, 0xe0, 0xf8, 0xff, 0x3f, 0xcf, 0xe0, 0xf0, 0xf0, 
	0xf0, 0xf0, 0xe0, 0xcf, 0x3f, 0xff, 0xf8, 0xe0, 0x00, 0x00, 0x00, 0x00, 0x00, 0x00, 0x00, 0x00, 
	0x00, 0x00, 0x00, 0x00, 0x00, 0x00, 0x00, 0x00, 0x07, 0x1f, 0x3f, 0x7c, 0x7b, 0xf7, 0xef, 0xef, 
	0xef, 0xef, 0xf7, 0x7b, 0x7c, 0x3f, 0x1f, 0x07, 0x00, 0x00, 0x00, 0x00, 0x00, 0x00, 0x00, 0x00
};
// 'thermometer-full', 32x32px
const unsigned char fas_32x32_fa_thermometer_full [] PROGMEM = {
	0x00, 0x00, 0x00, 0x00, 0x00, 0x00, 0x00, 0x00, 0x00, 0x00, 0xf0, 0xfc, 0xfe, 0x1f, 0xef, 0xf7, 
	0xf7, 0xef, 0x1f, 0xfe, 0xfc, 0xf0, 0x00, 0x00, 0x00, 0x00, 0x00, 0x00, 0x00, 0x00, 0x00, 0x00, 
	0x00, 0x00, 0x00, 0x00, 0x00, 0x00, 0x00, 0x00, 0x00, 0x00, 0xff, 0xff, 0xff, 0x00, 0xff, 0xff, 
	0xff, 0xff, 0x00, 0xff, 0xff, 0xff, 0x00, 0x00, 0x00, 0x00, 0x00, 0x00, 0x00, 0x00, 0x00, 0x00, 
	0x00, 0x00, 0x00, 0x00, 0x00, 0x00, 0x00, 0x00, 0xe0, 0xf8, 0xff, 0x3f, 0xcf, 0xe0, 0xff, 0xff, 
	0xff, 0xff, 0xe0, 0xcf, 0x3f, 0xff, 0xf8, 0xe0, 0x00, 0x00, 0x00, 0x00, 0x00, 0x00, 0x00, 0x00, 
	0x00, 0x00, 0x00, 0x00, 0x00, 0x00, 0x00, 0x00, 0x07, 0x1f, 0x3f, 0x7c, 0x7b, 0xf7, 0xef, 0xef, 
	0xef, 0xef, 0xf7, 0x7b, 0x7c, 0x3f, 0x1f, 0x07, 0x00, 0x00, 0x00, 0x00, 0x00, 0x00, 0x00, 0x00
};
// 'thermometer-half', 32x32px
const unsigned char fas_32x32_fa_thermometer_half [] PROGMEM = {
	0x00, 0x00, 0x00, 0x00, 0x00, 0x00, 0x00, 0x00, 0x00, 0x00, 0xf0, 0xfc, 0xfe, 0x0f, 0x07, 0x07, 
	0x07, 0x07, 0x0f, 0xfe, 0xfc, 0xf0, 0x00, 0x00, 0x00, 0x00, 0x00, 0x00, 0x00, 0x00, 0x00, 0x00, 
	0x00, 0x00, 0x00, 0x00, 0x00, 0x00, 0x00, 0x00, 0x00, 0x00, 0xff, 0xff, 0xff, 0x00, 0xe0, 0xf0, 
	0xf0, 0xe0, 0x00, 0xff, 0xff, 0xff, 0x00, 0x00, 0x00, 0x00, 0x00, 0x00, 0x00, 0x00, 0x00, 0x00, 
	0x00, 0x00, 0x00, 0x00, 0x00, 0x00, 0x00, 0x00, 0xe0, 0xf8, 0xff, 0x3f, 0xcf, 0xe0, 0xff, 0xff, 
	0xff, 0xff, 0xe0, 0xcf, 0x3f, 0xff, 0xf8, 0xe0, 0x00, 0x00, 0x00, 0x00, 0x00, 0x00, 0x00, 0x00, 
	0x00, 0x00, 0x00, 0x00, 0x00, 0x00, 0x00, 0x00, 0x07, 0x1f, 0x3f, 0x7c, 0x7b, 0xf7, 0xef, 0xef, 
	0xef, 0xef, 0xf7, 0x7b, 0x7c, 0x3f, 0x1f, 0x07, 0x00, 0x00, 0x00, 0x00, 0x00, 0x00, 0x00, 0x00
};
// 'thermometer-quarter', 32x32px
const unsigned char fas_32x32_fa_thermometer_quarter [] PROGMEM = {
	0x00, 0x00, 0x00, 0x00, 0x00, 0x00, 0x00, 0x00, 0x00, 0x00, 0xf0, 0xfc, 0xfe, 0x0f, 0x07, 0x07, 
	0x07, 0x07, 0x0f, 0xfe, 0xfc, 0xf0, 0x00, 0x00, 0x00, 0x00, 0x00, 0x00, 0x00, 0x00, 0x00, 0x00, 
	0x00, 0x00, 0x00, 0x00, 0x00, 0x00, 0x00, 0x00, 0x00, 0x00, 0xff, 0xff, 0xff, 0x00, 0x00, 0x00, 
	0x00, 0x00, 0x00, 0xff, 0xff, 0xff, 0x00, 0x00, 0x00, 0x00, 0x00, 0x00, 0x00, 0x00, 0x00, 0x00, 
	0x00, 0x00, 0x00, 0x00, 0x00, 0x00, 0x00, 0x00, 0xe0, 0xf8, 0xff, 0x3f, 0xcf, 0xe0, 0xfe, 0xff, 
	0xff, 0xfe, 0xe0, 0xcf, 0x3f, 0xff, 0xf8, 0xe0, 0x00, 0x00, 0x00, 0x00, 0x00, 0x00, 0x00, 0x00, 
	0x00, 0x00, 0x00, 0x00, 0x00, 0x00, 0x00, 0x00, 0x07, 0x1f, 0x3f, 0x7c, 0x7b, 0xf7, 0xef, 0xef, 
	0xef, 0xef, 0xf7, 0x7b, 0x7c, 0x3f, 0x1f, 0x07, 0x00, 0x00, 0x00, 0x00, 0x00, 0x00, 0x00, 0x00
};
// 'thermometer-three-quarters', 32x32px
const unsigned char fas_32x32_fa_thermometer_three_quarters [] PROGMEM = {
	0x00, 0x00, 0x00, 0x00, 0x00, 0x00, 0x00, 0x00, 0x00, 0x00, 0xf0, 0xfc, 0xfe, 0x0f, 0x07, 0x07, 
	0x07, 0x07, 0x0f, 0xfe, 0xfc, 0xf0, 0x00, 0x00, 0x00, 0x00, 0x00, 0x00, 0x00, 0x00, 0x00, 0x00, 
	0x00, 0x00, 0x00, 0x00, 0x00, 0x00, 0x00, 0x00, 0x00, 0x00, 0xff, 0xff, 0xff, 0x00, 0xfe, 0xff, 
	0xff, 0xfe, 0x00, 0xff, 0xff, 0xff, 0x00, 0x00, 0x00, 0x00, 0x00, 0x00, 0x00, 0x00, 0x00, 0x00, 
	0x00, 0x00, 0x00, 0x00, 0x00, 0x00, 0x00, 0x00, 0xe0, 0xf8, 0xff, 0x3f, 0xcf, 0xe0, 0xff, 0xff, 
	0xff, 0xff, 0xe0, 0xcf, 0x3f, 0xff, 0xf8, 0xe0, 0x00, 0x00, 0x00, 0x00, 0x00, 0x00, 0x00, 0x00, 
	0x00, 0x00, 0x00, 0x00, 0x00, 0x00, 0x00, 0x00, 0x07, 0x1f, 0x3f, 0x7c, 0x7b, 0xf7, 0xef, 0xef, 
	0xef, 0xef, 0xf7, 0x7b, 0x7c, 0x3f, 0x1f, 0x07, 0x00, 0x00, 0x00, 0x00, 0x00, 0x00, 0x00, 0x00
};
// 'th-large', 32x32px
const unsigned char fas_32x32_fa_th_large [] PROGMEM = {
	0xfc, 0xfc, 0xfc, 0xfc, 0xfc, 0xfc, 0xfc, 0xfc, 0xfc, 0xfc, 0xfc, 0xfc, 0xfc, 0xfc, 0xfc, 0x00, 
	0x00, 0xfc, 0xfc, 0xfc, 0xfc, 0xfc, 0xfc, 0xfc, 0xfc, 0xfc, 0xfc, 0xfc, 0xfc, 0xfc, 0xfc, 0xfc, 
	0x7f, 0x7f, 0x7f, 0x7f, 0x7f, 0x7f, 0x7f, 0x7f, 0x7f, 0x7f, 0x7f, 0x7f, 0x7f, 0x7f, 0x7f, 0x00, 
	0x00, 0x7f, 0x7f, 0x7f, 0x7f, 0x7f, 0x7f, 0x7f, 0x7f, 0x7f, 0x7f, 0x7f, 0x7f, 0x7f, 0x7f, 0x7f, 
	0xfe, 0xfe, 0xfe, 0xfe, 0xfe, 0xfe, 0xfe, 0xfe, 0xfe, 0xfe, 0xfe, 0xfe, 0xfe, 0xfe, 0xfe, 0x00, 
	0x00, 0xfe, 0xfe, 0xfe, 0xfe, 0xfe, 0xfe, 0xfe, 0xfe, 0xfe, 0xfe, 0xfe, 0xfe, 0xfe, 0xfe, 0xfe, 
	0x3f, 0x3f, 0x3f, 0x3f, 0x3f, 0x3f, 0x3f, 0x3f, 0x3f, 0x3f, 0x3f, 0x3f, 0x3f, 0x3f, 0x3f, 0x00, 
	0x00, 0x3f, 0x3f, 0x3f, 0x3f, 0x3f, 0x3f, 0x3f, 0x3f, 0x3f, 0x3f, 0x3f, 0x3f, 0x3f, 0x3f, 0x3f
};
// 'th-list', 32x32px
const unsigned char fas_32x32_fa_th_list [] PROGMEM = {
	0xfc, 0xfc, 0xfc, 0xfc, 0xfc, 0xfc, 0xfc, 0xfc, 0xfc, 0x00, 0x00, 0xf8, 0xfc, 0xfc, 0xfc, 0xfc, 
	0xfc, 0xfc, 0xfc, 0xfc, 0xfc, 0xfc, 0xfc, 0xfc, 0xfc, 0xfc, 0xfc, 0xfc, 0xfc, 0xfc, 0xfc, 0xfc, 
	0xf3, 0xf3, 0xf3, 0xf3, 0xf3, 0xf3, 0xf3, 0xf3, 0xf3, 0x00, 0x00, 0xe1, 0xf3, 0xf3, 0xf3, 0xf3, 
	0xf3, 0xf3, 0xf3, 0xf3, 0xf3, 0xf3, 0xf3, 0xf3, 0xf3, 0xf3, 0xf3, 0xf3, 0xf3, 0xf3, 0xf3, 0xf3, 
	0xcf, 0xcf, 0xcf, 0xcf, 0xcf, 0xcf, 0xcf, 0xcf, 0xcf, 0x00, 0x00, 0x87, 0xcf, 0xcf, 0xcf, 0xcf, 
	0xcf, 0xcf, 0xcf, 0xcf, 0xcf, 0xcf, 0xcf, 0xcf, 0xcf, 0xcf, 0xcf, 0xcf, 0xcf, 0xcf, 0xcf, 0xcf, 
	0x3f, 0x3f, 0x3f, 0x3f, 0x3f, 0x3f, 0x3f, 0x3f, 0x3f, 0x00, 0x00, 0x1f, 0x3f, 0x3f, 0x3f, 0x3f, 
	0x3f, 0x3f, 0x3f, 0x3f, 0x3f, 0x3f, 0x3f, 0x3f, 0x3f, 0x3f, 0x3f, 0x3f, 0x3f, 0x3f, 0x3f, 0x3f
};
// 'thumbs-down', 32x32px
const unsigned char fas_32x32_fa_thumbs_down [] PROGMEM = {
	0xfc, 0xfc, 0xfc, 0xfc, 0xfc, 0xfc, 0xfc, 0xfc, 0x00, 0x00, 0xf8, 0xf8, 0xf8, 0xfc, 0xfc, 0xfe, 
	0xfe, 0xfe, 0xff, 0xff, 0xff, 0xff, 0xff, 0xff, 0xff, 0xff, 0xff, 0xfe, 0xfe, 0xe0, 0x00, 0x00, 
	0xff, 0xff, 0xff, 0x7f, 0x7f, 0xff, 0xff, 0xff, 0x00, 0x00, 0xff, 0xff, 0xff, 0xff, 0xff, 0xff, 
	0xff, 0xff, 0xff, 0xff, 0xff, 0xff, 0xff, 0xff, 0xff, 0xff, 0xff, 0xff, 0xff, 0xff, 0xfc, 0x80, 
	0x0f, 0x0f, 0x0f, 0x0e, 0x0e, 0x0f, 0x0f, 0x0f, 0x00, 0x00, 0x03, 0x07, 0x0f, 0x3f, 0x7f, 0xff, 
	0xff, 0xff, 0xff, 0xff, 0xff, 0xff, 0xdf, 0x1f, 0x1f, 0x1f, 0x1f, 0x1f, 0x1f, 0x1f, 0x0f, 0x07, 
	0x00, 0x00, 0x00, 0x00, 0x00, 0x00, 0x00, 0x00, 0x00, 0x00, 0x00, 0x00, 0x00, 0x00, 0x00, 0x00, 
	0x03, 0x1f, 0x7f, 0xff, 0xff, 0xff, 0x7f, 0x3f, 0x00, 0x00, 0x00, 0x00, 0x00, 0x00, 0x00, 0x00
};
// 'thumbs-up', 32x32px
const unsigned char fas_32x32_fa_thumbs_up [] PROGMEM = {
	0x00, 0x00, 0x00, 0x00, 0x00, 0x00, 0x00, 0x00, 0x00, 0x00, 0x00, 0x00, 0x00, 0x00, 0x00, 0x00, 
	0xc0, 0xf8, 0xfe, 0xff, 0xff, 0xff, 0xfe, 0xfc, 0x00, 0x00, 0x00, 0x00, 0x00, 0x00, 0x00, 0x00, 
	0xc0, 0xc0, 0xc0, 0xc0, 0xc0, 0xc0, 0xc0, 0xc0, 0x00, 0x00, 0xc0, 0xe0, 0xf0, 0xfc, 0xfe, 0xff, 
	0xff, 0xff, 0xff, 0xff, 0xff, 0xff, 0xfb, 0xf8, 0xf8, 0xf8, 0xf8, 0xf8, 0xf8, 0xf8, 0xf0, 0xe0, 
	0xff, 0xff, 0xff, 0xff, 0xff, 0xff, 0xff, 0xff, 0x00, 0x00, 0xff, 0xff, 0xff, 0xff, 0xff, 0xff, 
	0xff, 0xff, 0xff, 0xff, 0xff, 0xff, 0xff, 0xff, 0xff, 0xff, 0xff, 0xff, 0xff, 0xff, 0x3f, 0x01, 
	0xff, 0xff, 0xff, 0xe7, 0xe7, 0xff, 0xff, 0xff, 0x00, 0x00, 0x1f, 0x1f, 0x1f, 0x3f, 0x3f, 0x7f, 
	0x7f, 0x7f, 0xff, 0xff, 0xff, 0xff, 0xff, 0xff, 0xff, 0xff, 0xff, 0x7f, 0x7f, 0x07, 0x00, 0x00
};
// 'thumbtack', 32x32px
const unsigned char fas_32x32_fa_thumbtack [] PROGMEM = {
	0x00, 0x00, 0x00, 0x00, 0x00, 0x00, 0x3f, 0x3f, 0x3f, 0x3f, 0xff, 0xff, 0xff, 0xff, 0xff, 0xff, 
	0xff, 0xff, 0xff, 0xff, 0xff, 0xff, 0x3f, 0x3f, 0x3f, 0x3f, 0x00, 0x00, 0x00, 0x00, 0x00, 0x00, 
	0x00, 0x00, 0x00, 0x00, 0x00, 0x00, 0x80, 0xc0, 0xc0, 0xf0, 0xff, 0xff, 0xff, 0xff, 0xff, 0xff, 
	0xff, 0xff, 0xff, 0xff, 0xff, 0xff, 0xf0, 0xc0, 0xc0, 0x80, 0x00, 0x00, 0x00, 0x00, 0x00, 0x00, 
	0x00, 0x00, 0x00, 0x00, 0x3c, 0x3f, 0x3f, 0x3f, 0x3f, 0x3f, 0x3f, 0x3f, 0x3f, 0x3f, 0xff, 0xff, 
	0xff, 0xff, 0x3f, 0x3f, 0x3f, 0x3f, 0x3f, 0x3f, 0x3f, 0x3f, 0x3f, 0x3c, 0x00, 0x00, 0x00, 0x00, 
	0x00, 0x00, 0x00, 0x00, 0x00, 0x00, 0x00, 0x00, 0x00, 0x00, 0x00, 0x00, 0x00, 0x00, 0x3f, 0xff, 
	0xff, 0x3f, 0x00, 0x00, 0x00, 0x00, 0x00, 0x00, 0x00, 0x00, 0x00, 0x00, 0x00, 0x00, 0x00, 0x00
};
// 'ticket-alt', 32x32px
const unsigned char fas_32x32_fa_ticket_alt [] PROGMEM = {
	0xc0, 0xc0, 0xc0, 0xe0, 0xe0, 0xe0, 0xe0, 0xe0, 0xe0, 0xe0, 0xe0, 0xe0, 0xe0, 0xe0, 0xe0, 0xe0, 
	0xe0, 0xe0, 0xe0, 0xe0, 0xe0, 0xe0, 0xe0, 0xe0, 0xe0, 0xe0, 0xe0, 0xe0, 0xe0, 0xc0, 0xc0, 0xc0, 
	0x3f, 0x3f, 0x7f, 0xff, 0xff, 0x03, 0x01, 0xf9, 0xf9, 0xf9, 0xf9, 0xf9, 0xf9, 0xf9, 0xf9, 0xf9, 
	0xf9, 0xf9, 0xf9, 0xf9, 0xf9, 0xf9, 0xf9, 0xf9, 0xf9, 0x01, 0x03, 0xff, 0xff, 0x7f, 0x3f, 0x3f, 
	0xfc, 0xfc, 0xfe, 0xff, 0xff, 0xc0, 0x80, 0x9f, 0x9f, 0x9f, 0x9f, 0x9f, 0x9f, 0x9f, 0x9f, 0x9f, 
	0x9f, 0x9f, 0x9f, 0x9f, 0x9f, 0x9f, 0x9f, 0x9f, 0x9f, 0x80, 0xc0, 0xff, 0xff, 0xfe, 0xfc, 0xfc, 
	0x03, 0x03, 0x03, 0x07, 0x07, 0x07, 0x07, 0x07, 0x07, 0x07, 0x07, 0x07, 0x07, 0x07, 0x07, 0x07, 
	0x07, 0x07, 0x07, 0x07, 0x07, 0x07, 0x07, 0x07, 0x07, 0x07, 0x07, 0x07, 0x07, 0x03, 0x03, 0x03
};
// 'times', 32x32px
const unsigned char fas_32x32_fa_times [] PROGMEM = {
	0x00, 0x00, 0x00, 0x00, 0x00, 0x80, 0xc0, 0xe0, 0xe0, 0xe0, 0xc0, 0x80, 0x00, 0x00, 0x00, 0x00, 
	0x00, 0x00, 0x00, 0x00, 0x80, 0xc0, 0xe0, 0xe0, 0xe0, 0xc0, 0x80, 0x00, 0x00, 0x00, 0x00, 0x00, 
	0x00, 0x00, 0x00, 0x00, 0x00, 0x03, 0x07, 0x0f, 0x1f, 0x3f, 0x7f, 0xff, 0xff, 0xfe, 0xfc, 0xf8, 
	0xf8, 0xfc, 0xfe, 0xff, 0xff, 0x7f, 0x3f, 0x1f, 0x0f, 0x07, 0x03, 0x00, 0x00, 0x00, 0x00, 0x00, 
	0x00, 0x00, 0x00, 0x00, 0x00, 0xc0, 0xe0, 0xf0, 0xf8, 0xfc, 0xfe, 0xff, 0xff, 0x7f, 0x3f, 0x1f, 
	0x1f, 0x3f, 0x7f, 0xff, 0xff, 0xfe, 0xfc, 0xf8, 0xf0, 0xe0, 0xc0, 0x00, 0x00, 0x00, 0x00, 0x00, 
	0x00, 0x00, 0x00, 0x00, 0x00, 0x01, 0x03, 0x07, 0x07, 0x07, 0x03, 0x01, 0x00, 0x00, 0x00, 0x00, 
	0x00, 0x00, 0x00, 0x00, 0x01, 0x03, 0x07, 0x07, 0x07, 0x03, 0x01, 0x00, 0x00, 0x00, 0x00, 0x00
};
// 'times-circle', 32x32px
const unsigned char fas_32x32_fa_times_circle [] PROGMEM = {
	0x00, 0x00, 0x00, 0x80, 0xc0, 0xe0, 0xf0, 0xf8, 0xfc, 0xfc, 0xfe, 0xfe, 0xfe, 0xfe, 0xff, 0xff, 
	0xff, 0xff, 0xfe, 0xfe, 0xfe, 0xfe, 0xfc, 0xfc, 0xf8, 0xf0, 0xe0, 0xc0, 0x80, 0x00, 0x00, 0x00, 
	0xc0, 0xfc, 0xff, 0xff, 0xff, 0xff, 0xff, 0xff, 0xf7, 0xe3, 0xc1, 0x80, 0x01, 0x03, 0x07, 0x0f, 
	0x0f, 0x07, 0x03, 0x01, 0x80, 0xc1, 0xe3, 0xf7, 0xff, 0xff, 0xff, 0xff, 0xff, 0xff, 0xfc, 0xc0, 
	0x03, 0x3f, 0xff, 0xff, 0xff, 0xff, 0xff, 0xff, 0xef, 0xc7, 0x83, 0x01, 0x80, 0xc0, 0xe0, 0xf0, 
	0xf0, 0xe0, 0xc0, 0x80, 0x01, 0x83, 0xc7, 0xef, 0xff, 0xff, 0xff, 0xff, 0xff, 0xff, 0x3f, 0x03, 
	0x00, 0x00, 0x00, 0x01, 0x03, 0x07, 0x0f, 0x1f, 0x3f, 0x3f, 0x7f, 0x7f, 0x7f, 0x7f, 0xff, 0xff, 
	0xff, 0xff, 0x7f, 0x7f, 0x7f, 0x7f, 0x3f, 0x3f, 0x1f, 0x0f, 0x07, 0x03, 0x01, 0x00, 0x00, 0x00
};
// 'tint', 32x32px
const unsigned char fas_32x32_fa_tint [] PROGMEM = {
	0x00, 0x00, 0x00, 0x00, 0x00, 0x00, 0x00, 0x00, 0x00, 0x00, 0x00, 0x00, 0xc0, 0xf8, 0xfe, 0xff, 
	0xff, 0xfe, 0xf8, 0xc0, 0x00, 0x00, 0x00, 0x00, 0x00, 0x00, 0x00, 0x00, 0x00, 0x00, 0x00, 0x00, 
	0x00, 0x00, 0x00, 0x00, 0x00, 0x00, 0x80, 0xc0, 0xf0, 0xf8, 0xfe, 0xff, 0xff, 0xff, 0xff, 0xff, 
	0xff, 0xff, 0xff, 0xff, 0xff, 0xfe, 0xf8, 0xf0, 0xc0, 0x80, 0x00, 0x00, 0x00, 0x00, 0x00, 0x00, 
	0x00, 0x00, 0x00, 0x00, 0x00, 0xfe, 0xff, 0xff, 0xff, 0x8f, 0x0f, 0x7f, 0xff, 0xff, 0xff, 0xff, 
	0xff, 0xff, 0xff, 0xff, 0xff, 0xff, 0xff, 0xff, 0xff, 0xff, 0xfe, 0x00, 0x00, 0x00, 0x00, 0x00, 
	0x00, 0x00, 0x00, 0x00, 0x00, 0x01, 0x07, 0x0f, 0x1f, 0x3f, 0x7e, 0x7c, 0xf9, 0xf9, 0xf3, 0xf3, 
	0xf3, 0xff, 0xff, 0xff, 0x7f, 0x7f, 0x3f, 0x1f, 0x0f, 0x07, 0x01, 0x00, 0x00, 0x00, 0x00, 0x00
};
// 'tint-slash', 32x32px
const unsigned char fas_32x32_fa_tint_slash [] PROGMEM = {
	0x30, 0x78, 0xf8, 0xf0, 0xe0, 0xc0, 0xc0, 0x80, 0x00, 0x00, 0x00, 0x00, 0x00, 0x80, 0xf0, 0xf8, 
	0xf8, 0xf0, 0x80, 0x00, 0x00, 0x00, 0x00, 0x00, 0x00, 0x00, 0x00, 0x00, 0x00, 0x00, 0x00, 0x00, 
	0x00, 0x00, 0x00, 0x00, 0x01, 0x03, 0x07, 0x07, 0x0f, 0x1e, 0x3c, 0x7c, 0x7e, 0xff, 0xff, 0xff, 
	0xff, 0xff, 0xff, 0xfe, 0xf8, 0xf0, 0xc0, 0x80, 0x00, 0x00, 0x00, 0x00, 0x00, 0x00, 0x00, 0x00, 
	0x00, 0x00, 0x00, 0x00, 0x00, 0x00, 0x00, 0x3c, 0xff, 0xfe, 0xfc, 0xf8, 0xf8, 0xf0, 0xe1, 0xc3, 
	0x83, 0x87, 0x0f, 0x1f, 0x3f, 0x3f, 0x7f, 0xff, 0xfc, 0xe0, 0xc0, 0x80, 0x00, 0x00, 0x00, 0x00, 
	0x00, 0x00, 0x00, 0x00, 0x00, 0x00, 0x00, 0x00, 0x01, 0x03, 0x07, 0x0f, 0x0f, 0x1f, 0x1f, 0x1f, 
	0x1f, 0x1f, 0x1f, 0x0e, 0x0c, 0x00, 0x00, 0x00, 0x01, 0x03, 0x03, 0x07, 0x0f, 0x1f, 0x1e, 0x0c
};
// 'tired', 32x32px
const unsigned char fas_32x32_fa_tired [] PROGMEM = {
	0x00, 0x00, 0x00, 0x80, 0xc0, 0xe0, 0xf0, 0xf8, 0xf8, 0xfc, 0xfc, 0xfe, 0xfe, 0xfe, 0xfe, 0xff, 
	0xff, 0xff, 0xfe, 0xfe, 0xfe, 0xfe, 0xfc, 0xfc, 0xf8, 0xf8, 0xf0, 0xe0, 0xc0, 0x80, 0x00, 0x00, 
	0x00, 0xf0, 0xfe, 0xff, 0xff, 0xff, 0xff, 0xff, 0xff, 0x31, 0x03, 0x87, 0x87, 0xcf, 0xff, 0xff, 
	0xff, 0xff, 0xff, 0xcf, 0x87, 0x87, 0x03, 0x31, 0xff, 0xff, 0xff, 0xff, 0xff, 0xff, 0xfe, 0xf0, 
	0x00, 0x0f, 0x7f, 0xff, 0xff, 0xff, 0xff, 0xff, 0xff, 0x7f, 0x1f, 0x0f, 0x07, 0x07, 0x03, 0x03, 
	0x03, 0x03, 0x03, 0x07, 0x07, 0x0f, 0x1f, 0x7f, 0xff, 0xff, 0xff, 0xff, 0xff, 0xff, 0x7f, 0x0f, 
	0x00, 0x00, 0x00, 0x01, 0x03, 0x07, 0x0f, 0x1f, 0x1f, 0x3c, 0x3c, 0x7e, 0x7e, 0x7e, 0x7e, 0xfe, 
	0xfe, 0xfe, 0x7e, 0x7e, 0x7e, 0x7e, 0x3c, 0x3c, 0x1f, 0x1f, 0x0f, 0x07, 0x03, 0x01, 0x00, 0x00
};
// 'toggle-off', 32x32px
const unsigned char fas_32x32_fa_toggle_off [] PROGMEM = {
	0x00, 0x00, 0x00, 0x00, 0x80, 0x80, 0xc0, 0xc0, 0xc0, 0xc0, 0xe0, 0xe0, 0xe0, 0xe0, 0xe0, 0xe0, 
	0xe0, 0xe0, 0xe0, 0xe0, 0xe0, 0xe0, 0xc0, 0xc0, 0xc0, 0xc0, 0x80, 0x80, 0x00, 0x00, 0x00, 0x00, 
	0xe0, 0xf8, 0xfe, 0xff, 0x1f, 0x07, 0x03, 0x03, 0x01, 0x01, 0x01, 0x01, 0x01, 0x03, 0x03, 0x07, 
	0x0f, 0x3f, 0xff, 0xfd, 0xf1, 0x01, 0x01, 0x01, 0x03, 0x03, 0x07, 0x1f, 0xff, 0xfe, 0xf8, 0xe0, 
	0x07, 0x1f, 0x7f, 0xff, 0xf8, 0xe0, 0xc0, 0xc0, 0x80, 0x80, 0x80, 0x80, 0x80, 0xc0, 0xc0, 0xe0, 
	0xf0, 0xfc, 0xff, 0xbf, 0x8f, 0x80, 0x80, 0x80, 0xc0, 0xc0, 0xe0, 0xf8, 0xff, 0x7f, 0x1f, 0x07, 
	0x00, 0x00, 0x00, 0x00, 0x01, 0x01, 0x03, 0x03, 0x03, 0x03, 0x07, 0x07, 0x07, 0x07, 0x07, 0x07, 
	0x07, 0x07, 0x07, 0x07, 0x07, 0x07, 0x03, 0x03, 0x03, 0x03, 0x01, 0x01, 0x00, 0x00, 0x00, 0x00
};
// 'toggle-on', 32x32px
const unsigned char fas_32x32_fa_toggle_on [] PROGMEM = {
	0x00, 0x00, 0x00, 0x00, 0x80, 0x80, 0xc0, 0xc0, 0xc0, 0xc0, 0xe0, 0xe0, 0xe0, 0xe0, 0xe0, 0xe0, 
	0xe0, 0xe0, 0xe0, 0xe0, 0xe0, 0xe0, 0xc0, 0xc0, 0xc0, 0xc0, 0x80, 0x80, 0x00, 0x00, 0x00, 0x00, 
	0xe0, 0xf8, 0xfe, 0xff, 0xff, 0xff, 0xff, 0xff, 0xff, 0xff, 0xff, 0xff, 0xff, 0xff, 0x3f, 0x0f, 
	0x07, 0x03, 0x03, 0x01, 0x01, 0x01, 0x01, 0x01, 0x03, 0x03, 0x07, 0x1f, 0xff, 0xfe, 0xf8, 0xe0, 
	0x07, 0x1f, 0x7f, 0xff, 0xff, 0xff, 0xff, 0xff, 0xff, 0xff, 0xff, 0xff, 0xff, 0xff, 0xfc, 0xf0, 
	0xe0, 0xc0, 0xc0, 0x80, 0x80, 0x80, 0x80, 0x80, 0xc0, 0xc0, 0xe0, 0xf8, 0xff, 0x7f, 0x1f, 0x07, 
	0x00, 0x00, 0x00, 0x00, 0x01, 0x01, 0x03, 0x03, 0x03, 0x03, 0x07, 0x07, 0x07, 0x07, 0x07, 0x07, 
	0x07, 0x07, 0x07, 0x07, 0x07, 0x07, 0x03, 0x03, 0x03, 0x03, 0x01, 0x01, 0x00, 0x00, 0x00, 0x00
};
// 'toilet', 32x32px
const unsigned char fas_32x32_fa_toilet [] PROGMEM = {
	0x00, 0x00, 0x00, 0x00, 0x07, 0x07, 0xff, 0xff, 0xff, 0xcf, 0xcf, 0xcf, 0xcf, 0xff, 0xff, 0xff, 
	0xff, 0xff, 0xff, 0xff, 0xff, 0xff, 0xff, 0xff, 0xff, 0xff, 0x07, 0x07, 0x00, 0x00, 0x00, 0x00, 
	0x00, 0x00, 0x00, 0x00, 0xc0, 0xe0, 0xff, 0xff, 0x3f, 0x3f, 0x1f, 0x1f, 0x1f, 0x1f, 0x1f, 0x1f, 
	0x1f, 0x1f, 0x1f, 0x1f, 0x1f, 0x1f, 0x3f, 0x3f, 0xff, 0xff, 0xe0, 0xc0, 0x00, 0x00, 0x00, 0x00, 
	0x00, 0x00, 0x00, 0x00, 0x07, 0x1f, 0x3f, 0xff, 0xff, 0xff, 0xfe, 0xfe, 0xfe, 0xfe, 0xfe, 0xfe, 
	0xfe, 0xfe, 0xfe, 0xfe, 0xfe, 0xfe, 0xff, 0xff, 0xff, 0x3f, 0x1f, 0x07, 0x00, 0x00, 0x00, 0x00, 
	0x00, 0x00, 0x00, 0x00, 0x00, 0x00, 0x00, 0x00, 0x70, 0xff, 0xff, 0xff, 0xff, 0xff, 0xff, 0xff, 
	0xff, 0xff, 0xff, 0xff, 0xff, 0xff, 0xff, 0x70, 0x00, 0x00, 0x00, 0x00, 0x00, 0x00, 0x00, 0x00
};
// 'toilet-paper', 32x32px
const unsigned char fas_32x32_fa_toilet_paper [] PROGMEM = {
	0x00, 0x00, 0x80, 0xe0, 0xf8, 0xfc, 0xfc, 0xfc, 0xfc, 0xfc, 0xfc, 0xfc, 0xfc, 0xfc, 0xfc, 0xfc, 
	0xfc, 0xfc, 0xfc, 0xfc, 0x3c, 0x0c, 0xc0, 0xf0, 0xf8, 0xfc, 0xfc, 0xfc, 0xf8, 0xf0, 0xe0, 0x00, 
	0x00, 0x00, 0xff, 0xff, 0xff, 0xdf, 0xff, 0xff, 0xdf, 0xdf, 0xff, 0xff, 0xdf, 0xff, 0xff, 0xdf, 
	0xdf, 0xff, 0xff, 0xff, 0x00, 0x7c, 0xff, 0xff, 0xff, 0x83, 0x01, 0x83, 0xff, 0xff, 0xff, 0xff, 
	0x00, 0x00, 0xff, 0xff, 0xff, 0xff, 0xff, 0xff, 0xff, 0xff, 0xff, 0xff, 0xff, 0xff, 0xff, 0xff, 
	0xff, 0xff, 0xff, 0xff, 0x00, 0x00, 0x07, 0x1f, 0x3f, 0x7f, 0x7f, 0x7f, 0x3f, 0x1f, 0x0f, 0x01, 
	0x38, 0x3f, 0x3f, 0x3f, 0x3f, 0x3f, 0x3f, 0x3f, 0x3f, 0x3f, 0x3f, 0x3f, 0x3f, 0x3f, 0x3f, 0x3f, 
	0x3f, 0x3f, 0x0f, 0x00, 0x00, 0x00, 0x00, 0x00, 0x00, 0x00, 0x00, 0x00, 0x00, 0x00, 0x00, 0x00
};
// 'toilet-paper-slash', 32x32px
const unsigned char fas_32x32_fa_toilet_paper_slash [] PROGMEM = {
	0x30, 0x78, 0xf8, 0xf0, 0xe0, 0xf0, 0xf8, 0xf8, 0xf8, 0xf8, 0xf8, 0xf8, 0xf8, 0xf8, 0xf8, 0xf8, 
	0xf8, 0xf8, 0xf8, 0xf8, 0x38, 0x08, 0xe0, 0xf0, 0xf8, 0xf8, 0xf8, 0xf0, 0xe0, 0x80, 0x00, 0x00, 
	0x00, 0x00, 0x00, 0xf0, 0xf1, 0xe3, 0xc7, 0xc7, 0x8f, 0x1f, 0x3f, 0x7f, 0x7f, 0xff, 0xff, 0xff, 
	0xff, 0xff, 0xff, 0x01, 0x00, 0xff, 0xff, 0xff, 0x87, 0x03, 0x83, 0xff, 0xff, 0xff, 0x00, 0x00, 
	0x00, 0x00, 0x00, 0xff, 0xff, 0xff, 0xff, 0xff, 0xff, 0xff, 0xfe, 0xfc, 0xfc, 0xf8, 0xf1, 0xe3, 
	0xe3, 0xc7, 0x8f, 0x1e, 0x3e, 0x3f, 0x7f, 0xff, 0xff, 0xff, 0xff, 0xbf, 0x1f, 0x07, 0x00, 0x00, 
	0x00, 0x00, 0x1e, 0x1f, 0x1f, 0x1f, 0x1f, 0x1f, 0x1f, 0x1f, 0x1f, 0x1f, 0x1f, 0x1f, 0x1f, 0x1f, 
	0x1f, 0x1f, 0x03, 0x00, 0x00, 0x00, 0x00, 0x00, 0x01, 0x03, 0x03, 0x07, 0x0f, 0x1f, 0x1e, 0x0c
};
// 'toolbox', 32x32px
const unsigned char fas_32x32_fa_toolbox [] PROGMEM = {
	0x00, 0x00, 0x00, 0x00, 0x00, 0x00, 0x00, 0x00, 0xf8, 0xfc, 0xfc, 0xfc, 0x3c, 0x3c, 0x3c, 0x3c, 
	0x3c, 0x3c, 0x3c, 0x3c, 0xfc, 0xfc, 0xfc, 0xf8, 0x00, 0x00, 0x00, 0x00, 0x00, 0x00, 0x00, 0x00, 
	0xe0, 0xf0, 0xf8, 0xf8, 0xfc, 0xfc, 0xfc, 0xfc, 0xff, 0xff, 0xff, 0xff, 0xfc, 0xfc, 0xfc, 0xfc, 
	0xfc, 0xfc, 0xfc, 0xfc, 0xff, 0xff, 0xff, 0xff, 0xfc, 0xfc, 0xfc, 0xfc, 0xf8, 0xf8, 0xf0, 0xe0, 
	0xcf, 0xcf, 0xcf, 0xcf, 0xcf, 0xcf, 0xcf, 0xcf, 0x03, 0x03, 0x03, 0x03, 0xcf, 0xcf, 0xcf, 0xcf, 
	0xcf, 0xcf, 0xcf, 0xcf, 0x03, 0x03, 0x03, 0x03, 0xcf, 0xcf, 0xcf, 0xcf, 0xcf, 0xcf, 0xcf, 0xcf, 
	0x1f, 0x3f, 0x3f, 0x3f, 0x3f, 0x3f, 0x3f, 0x3f, 0x3f, 0x3f, 0x3f, 0x3f, 0x3f, 0x3f, 0x3f, 0x3f, 
	0x3f, 0x3f, 0x3f, 0x3f, 0x3f, 0x3f, 0x3f, 0x3f, 0x3f, 0x3f, 0x3f, 0x3f, 0x3f, 0x3f, 0x3f, 0x1f
};
// 'tools', 32x32px
const unsigned char fas_32x32_fa_tools [] PROGMEM = {
	0x18, 0x3c, 0x7e, 0xff, 0xff, 0xfe, 0xfc, 0xf8, 0xf8, 0xf0, 0xe0, 0xc0, 0x00, 0x00, 0xc0, 0xf0, 
	0xf8, 0xfc, 0xfe, 0xfe, 0xff, 0x3f, 0x1f, 0x0f, 0x07, 0x03, 0x00, 0x00, 0x00, 0x80, 0xc0, 0xc0, 
	0x00, 0x00, 0x00, 0x01, 0x03, 0x07, 0x0f, 0x0f, 0x0f, 0x0f, 0x1f, 0x3f, 0x7c, 0xf8, 0xf3, 0xe7, 
	0xcf, 0x9f, 0x3f, 0x3f, 0x3f, 0x3c, 0x38, 0x78, 0x78, 0xf8, 0xfc, 0xfe, 0xff, 0x7f, 0x3f, 0x0f, 
	0x00, 0x00, 0x00, 0x80, 0xc0, 0xe0, 0xf0, 0xf8, 0xfc, 0xfe, 0xff, 0xff, 0xfe, 0xfc, 0x01, 0x03, 
	0x7f, 0xff, 0xff, 0xff, 0xff, 0xff, 0xff, 0xfe, 0xfc, 0xf8, 0xf1, 0xe1, 0xc0, 0x80, 0x00, 0x00, 
	0x3c, 0x7e, 0xff, 0xe7, 0xe7, 0xff, 0x7f, 0x3f, 0x1f, 0x0f, 0x07, 0x03, 0x01, 0x00, 0x00, 0x00, 
	0x00, 0x00, 0x01, 0x03, 0x07, 0x0f, 0x1f, 0x3f, 0x7f, 0xff, 0xff, 0xff, 0x7f, 0x3f, 0x1f, 0x0e
};
// 'tooth', 32x32px
const unsigned char fas_32x32_fa_tooth [] PROGMEM = {
	0x00, 0x00, 0xe0, 0xf8, 0xfc, 0xfe, 0xfe, 0xff, 0xff, 0xff, 0xff, 0xff, 0xfe, 0xfc, 0xfc, 0xf8, 
	0xf0, 0xf0, 0xe4, 0xe6, 0xff, 0xff, 0xff, 0xff, 0xff, 0xfe, 0xfe, 0xfc, 0xf8, 0xe0, 0x00, 0x00, 
	0x00, 0x00, 0x07, 0x1f, 0x7f, 0xff, 0xff, 0xff, 0xff, 0xff, 0xff, 0xff, 0xff, 0xff, 0xff, 0xff, 
	0xff, 0xff, 0xff, 0xff, 0xff, 0xff, 0xff, 0xff, 0xff, 0xff, 0xff, 0x7f, 0x1f, 0x07, 0x00, 0x00, 
	0x00, 0x00, 0x00, 0x00, 0x00, 0x01, 0xff, 0xff, 0xff, 0xff, 0xff, 0xff, 0xff, 0x3f, 0x1f, 0x0f, 
	0x0f, 0x1f, 0x3f, 0xff, 0xff, 0xff, 0xff, 0xff, 0xff, 0xff, 0x01, 0x00, 0x00, 0x00, 0x00, 0x00, 
	0x00, 0x00, 0x00, 0x00, 0x00, 0x00, 0x01, 0x3f, 0xff, 0xff, 0xff, 0x3f, 0x03, 0x00, 0x00, 0x00, 
	0x00, 0x00, 0x00, 0x03, 0x3f, 0xff, 0xff, 0xff, 0x3f, 0x01, 0x00, 0x00, 0x00, 0x00, 0x00, 0x00
};
// 'torah', 32x32px
const unsigned char fas_32x32_fa_torah [] PROGMEM = {
	0xf8, 0xf8, 0xf8, 0xf8, 0xf0, 0x00, 0xc0, 0xe0, 0xe0, 0xe0, 0xe0, 0xe0, 0xe0, 0xe0, 0xe0, 0xe0, 
	0xe0, 0xe0, 0xe0, 0xe0, 0xe0, 0xe0, 0xe0, 0xe0, 0xe0, 0xc0, 0x00, 0xf0, 0xf8, 0xf8, 0xf8, 0xf8, 
	0xff, 0xff, 0xff, 0xff, 0xff, 0x00, 0xff, 0xff, 0xff, 0xff, 0x8f, 0x2f, 0x0f, 0x8f, 0xe3, 0xe9, 
	0xe9, 0xe3, 0x8f, 0x0f, 0x2f, 0x8f, 0xff, 0xff, 0xff, 0xff, 0x00, 0xff, 0xff, 0xff, 0xff, 0xff, 
	0xff, 0xff, 0xff, 0xff, 0xff, 0x00, 0xff, 0xff, 0xff, 0xff, 0xf1, 0xf4, 0xf0, 0xf1, 0xc7, 0x97, 
	0x97, 0xc7, 0xf1, 0xf0, 0xf4, 0xf1, 0xff, 0xff, 0xff, 0xff, 0x00, 0xff, 0xff, 0xff, 0xff, 0xff, 
	0x1f, 0x1f, 0x1f, 0x1f, 0x0f, 0x00, 0x03, 0x07, 0x07, 0x07, 0x07, 0x07, 0x07, 0x07, 0x07, 0x07, 
	0x07, 0x07, 0x07, 0x07, 0x07, 0x07, 0x07, 0x07, 0x07, 0x03, 0x00, 0x0f, 0x1f, 0x1f, 0x1f, 0x1f
};
// 'torii-gate', 32x32px
const unsigned char fas_32x32_fa_torii_gate [] PROGMEM = {
	0x7f, 0xfe, 0xfe, 0xfe, 0xfc, 0xfc, 0xfc, 0xfc, 0xfc, 0xfc, 0xfc, 0xfc, 0xfc, 0xfc, 0xfc, 0xfc, 
	0xfc, 0xfc, 0xfc, 0xfc, 0xfc, 0xfc, 0xfc, 0xfc, 0xfc, 0xfc, 0xfc, 0xfc, 0xfe, 0xfe, 0xfe, 0x7f, 
	0xf0, 0xf0, 0xf0, 0xf0, 0xff, 0xff, 0xff, 0xff, 0xf0, 0xf0, 0xf0, 0xf0, 0xf0, 0xf0, 0xff, 0xff, 
	0xff, 0xff, 0xf0, 0xf0, 0xf0, 0xf0, 0xf0, 0xf0, 0xff, 0xff, 0xff, 0xff, 0xf0, 0xf0, 0xf0, 0xf0, 
	0x00, 0x00, 0x00, 0x00, 0xff, 0xff, 0xff, 0xff, 0x00, 0x00, 0x00, 0x00, 0x00, 0x00, 0x00, 0x00, 
	0x00, 0x00, 0x00, 0x00, 0x00, 0x00, 0x00, 0x00, 0xff, 0xff, 0xff, 0xff, 0x00, 0x00, 0x00, 0x00, 
	0x00, 0x00, 0x00, 0x00, 0xff, 0xff, 0xff, 0xff, 0x00, 0x00, 0x00, 0x00, 0x00, 0x00, 0x00, 0x00, 
	0x00, 0x00, 0x00, 0x00, 0x00, 0x00, 0x00, 0x00, 0xff, 0xff, 0xff, 0xff, 0x00, 0x00, 0x00, 0x00
};
// 'tractor', 32x32px
const unsigned char fas_32x32_fa_tractor [] PROGMEM = {
	0x00, 0x00, 0x00, 0x00, 0x00, 0xf0, 0xf8, 0xf8, 0x38, 0x38, 0x38, 0x38, 0x38, 0x78, 0xf8, 0xf0, 
	0xe0, 0x00, 0x00, 0x00, 0x00, 0x00, 0x00, 0x00, 0x80, 0xe0, 0xe0, 0xc0, 0x00, 0x00, 0x00, 0x00, 
	0x00, 0x00, 0xc0, 0xe0, 0xf0, 0xff, 0xff, 0xff, 0xf8, 0xf8, 0xf8, 0xf8, 0xf8, 0xf8, 0xf9, 0xff, 
	0xff, 0xff, 0xfc, 0xf8, 0xf8, 0xf8, 0xf8, 0xf8, 0xff, 0xff, 0xff, 0xf8, 0xf8, 0xf8, 0xf8, 0xf0, 
	0x3c, 0x7e, 0xff, 0xff, 0xff, 0xc3, 0x81, 0x00, 0x00, 0x00, 0x00, 0x81, 0xe7, 0xff, 0xff, 0xff, 
	0x3f, 0x3f, 0x1f, 0x1f, 0x1f, 0x1f, 0xcf, 0xe7, 0xf7, 0xf7, 0x73, 0xf7, 0xe7, 0xe7, 0x83, 0x01, 
	0x00, 0x00, 0x03, 0x07, 0x07, 0x07, 0x0f, 0x1f, 0x1f, 0x1f, 0x1f, 0x07, 0x07, 0x07, 0x07, 0x03, 
	0x00, 0x00, 0x00, 0x00, 0x00, 0x00, 0x07, 0x0f, 0x1f, 0x1e, 0x1c, 0x1f, 0x1f, 0x0f, 0x03, 0x00
};
// 'trademark', 32x32px
const unsigned char fas_32x32_fa_trademark [] PROGMEM = {
	0x00, 0x00, 0x00, 0x00, 0x00, 0x00, 0x00, 0x00, 0x00, 0x00, 0x00, 0x00, 0x00, 0x00, 0x00, 0x00, 
	0x00, 0x00, 0x00, 0x00, 0x00, 0x00, 0x00, 0x00, 0x00, 0x00, 0x00, 0x00, 0x00, 0x00, 0x00, 0x00, 
	0x07, 0x07, 0x07, 0x07, 0x07, 0xff, 0xff, 0xff, 0xff, 0x07, 0x07, 0x07, 0x07, 0x07, 0x00, 0xe0, 
	0xff, 0xff, 0xff, 0xff, 0xfe, 0xf0, 0x80, 0x00, 0xc0, 0xf8, 0xff, 0xff, 0xff, 0xff, 0xff, 0x00, 
	0x00, 0x00, 0x00, 0x00, 0x00, 0xff, 0xff, 0xff, 0xff, 0x00, 0x00, 0x00, 0x00, 0x00, 0x00, 0xff, 
	0xff, 0xff, 0xff, 0x00, 0x03, 0x1f, 0x3f, 0x3f, 0x1f, 0x0f, 0x01, 0x00, 0xff, 0xff, 0xff, 0xff, 
	0x00, 0x00, 0x00, 0x00, 0x00, 0x00, 0x00, 0x00, 0x00, 0x00, 0x00, 0x00, 0x00, 0x00, 0x00, 0x00, 
	0x00, 0x00, 0x00, 0x00, 0x00, 0x00, 0x00, 0x00, 0x00, 0x00, 0x00, 0x00, 0x00, 0x00, 0x00, 0x00
};
// 'traffic-light', 32x32px
const unsigned char fas_32x32_fa_traffic_light [] PROGMEM = {
	0x00, 0x00, 0x00, 0x00, 0x70, 0xf0, 0xf0, 0xf0, 0xfe, 0xff, 0xff, 0xff, 0xff, 0x1f, 0x0f, 0x0f, 
	0x0f, 0x0f, 0x1f, 0xff, 0xff, 0xff, 0xff, 0xfe, 0xf0, 0xf0, 0xf0, 0x70, 0x00, 0x00, 0x00, 0x00, 
	0x00, 0x00, 0x00, 0x00, 0x70, 0xf0, 0xf1, 0xf3, 0xff, 0xff, 0xff, 0xff, 0xff, 0x1e, 0x0c, 0x0c, 
	0x0c, 0x0c, 0x1e, 0xff, 0xff, 0xff, 0xff, 0xff, 0xf3, 0xf1, 0xf0, 0x70, 0x00, 0x00, 0x00, 0x00, 
	0x00, 0x00, 0x00, 0x00, 0x70, 0xf0, 0xf1, 0xf3, 0xff, 0xff, 0xff, 0xff, 0xff, 0x1e, 0x0c, 0x0c, 
	0x0c, 0x0c, 0x1e, 0xff, 0xff, 0xff, 0xff, 0xff, 0xf3, 0xf1, 0xf0, 0x70, 0x00, 0x00, 0x00, 0x00, 
	0x00, 0x00, 0x00, 0x00, 0x00, 0x00, 0x01, 0x01, 0x07, 0x1f, 0x3f, 0x7f, 0x7f, 0xfe, 0xfc, 0xfc, 
	0xfc, 0xfc, 0xfe, 0x7f, 0x7f, 0x3f, 0x1f, 0x07, 0x01, 0x01, 0x00, 0x00, 0x00, 0x00, 0x00, 0x00
};
// 'trailer', 32x32px
const unsigned char fas_32x32_fa_trailer [] PROGMEM = {
	0xc0, 0xc0, 0xc0, 0xc0, 0xc0, 0xc0, 0xc0, 0xc0, 0xc0, 0xc0, 0xc0, 0xc0, 0xc0, 0xc0, 0xc0, 0xc0, 
	0xc0, 0xc0, 0xc0, 0xc0, 0xc0, 0xc0, 0xc0, 0xc0, 0xc0, 0xc0, 0xc0, 0x00, 0x00, 0x00, 0x00, 0x00, 
	0xff, 0xff, 0xff, 0x03, 0x83, 0xff, 0xff, 0xff, 0xc3, 0xc3, 0xff, 0xff, 0xff, 0x03, 0xff, 0xff, 
	0xff, 0xff, 0x03, 0xff, 0xff, 0xff, 0x03, 0x03, 0xff, 0xff, 0xff, 0x00, 0x00, 0x00, 0x00, 0x00, 
	0x3f, 0x7f, 0x7f, 0x3f, 0x0f, 0xe7, 0xf3, 0x7b, 0x3b, 0x3b, 0xf3, 0xf3, 0xc7, 0x0f, 0x3f, 0x7f, 
	0x7f, 0x7f, 0x78, 0x7f, 0x7f, 0x7f, 0x78, 0x78, 0x7f, 0x7f, 0x7f, 0x78, 0x78, 0x78, 0x78, 0x38, 
	0x00, 0x00, 0x00, 0x00, 0x00, 0x03, 0x07, 0x07, 0x06, 0x06, 0x07, 0x03, 0x01, 0x00, 0x00, 0x00, 
	0x00, 0x00, 0x00, 0x00, 0x00, 0x00, 0x00, 0x00, 0x00, 0x00, 0x00, 0x00, 0x00, 0x00, 0x00, 0x00
};
// 'train', 32x32px
const unsigned char fas_32x32_fa_train [] PROGMEM = {
	0x00, 0x00, 0xf0, 0xf8, 0xfc, 0x7e, 0x3e, 0x3f, 0x3f, 0x3f, 0x3f, 0x3f, 0x3f, 0x3f, 0x3f, 0x3f, 
	0x3f, 0x3f, 0x3f, 0x3f, 0x3f, 0x3f, 0x3f, 0x3f, 0x3f, 0x3e, 0x7e, 0xfc, 0xf8, 0xf0, 0x00, 0x00, 
	0x00, 0x00, 0xff, 0xff, 0xff, 0x80, 0x00, 0x00, 0x00, 0x00, 0x00, 0x00, 0x00, 0x00, 0x00, 0x00, 
	0x00, 0x00, 0x00, 0x00, 0x00, 0x00, 0x00, 0x00, 0x00, 0x00, 0x80, 0xff, 0xff, 0xff, 0x00, 0x00, 
	0x00, 0x00, 0xff, 0xff, 0xff, 0xff, 0xff, 0xff, 0xff, 0xff, 0xff, 0xff, 0xff, 0x0f, 0x07, 0x07, 
	0x07, 0x07, 0x0f, 0xff, 0xff, 0xff, 0xff, 0xff, 0xff, 0xff, 0xff, 0xff, 0xff, 0xff, 0x00, 0x00, 
	0x00, 0x00, 0x00, 0x01, 0x03, 0x07, 0x87, 0xcf, 0xef, 0xff, 0xff, 0xff, 0xff, 0xff, 0xfe, 0xfe, 
	0xfe, 0xfe, 0xff, 0xff, 0xff, 0xff, 0xff, 0xef, 0xcf, 0x87, 0x07, 0x03, 0x01, 0x00, 0x00, 0x00
};
// 'tram', 32x32px
const unsigned char fas_32x32_fa_tram [] PROGMEM = {
	0x00, 0x00, 0x00, 0x00, 0x00, 0x00, 0x00, 0x00, 0x00, 0x00, 0x18, 0x3c, 0xbc, 0x98, 0x80, 0x80, 
	0xc6, 0xcf, 0xcf, 0xe6, 0x60, 0x60, 0x60, 0x70, 0x30, 0x30, 0x30, 0x38, 0x18, 0x18, 0x18, 0x08, 
	0x08, 0x0c, 0x8c, 0xcc, 0xce, 0xc6, 0xc6, 0xc6, 0xc7, 0xc3, 0xc3, 0xc3, 0xc3, 0xc1, 0xc1, 0xff, 
	0xff, 0xc0, 0xc0, 0xc0, 0xc0, 0xc0, 0xc0, 0xc0, 0xc0, 0xc0, 0xc0, 0xc0, 0xc0, 0x80, 0x00, 0x00, 
	0x00, 0x00, 0xff, 0xff, 0xff, 0x03, 0x03, 0x03, 0x03, 0x03, 0x03, 0xff, 0xff, 0x03, 0x03, 0x03, 
	0x03, 0x03, 0x03, 0xff, 0xff, 0x03, 0x03, 0x03, 0x03, 0x03, 0x03, 0xff, 0xff, 0xff, 0x00, 0x00, 
	0x00, 0x00, 0x7f, 0xff, 0xff, 0xff, 0xff, 0xff, 0xff, 0xff, 0xff, 0xff, 0xff, 0xff, 0xff, 0xff, 
	0xff, 0xff, 0xff, 0xff, 0xff, 0xff, 0xff, 0xff, 0xff, 0xff, 0xff, 0xff, 0xff, 0x7f, 0x00, 0x00
};
// 'transgender', 32x32px
const unsigned char fas_32x32_fa_transgender [] PROGMEM = {
	0x00, 0x00, 0x00, 0x00, 0x00, 0x00, 0x00, 0x00, 0x80, 0x80, 0xc0, 0xc0, 0xc0, 0xc0, 0xc0, 0xc0, 
	0x80, 0x80, 0x80, 0xc0, 0xe0, 0xf0, 0xff, 0x7f, 0x3f, 0x3f, 0x3f, 0x3f, 0x00, 0x00, 0x00, 0x00, 
	0x00, 0x00, 0x00, 0x00, 0xf0, 0xfc, 0xfe, 0xff, 0x1f, 0x0f, 0x07, 0x03, 0x03, 0x03, 0x03, 0x07, 
	0x0f, 0x1f, 0xff, 0xff, 0xff, 0xf1, 0x00, 0x00, 0x00, 0x00, 0x00, 0x00, 0x00, 0x00, 0x00, 0x00, 
	0x00, 0x00, 0x00, 0x00, 0x03, 0x0f, 0x1f, 0x3f, 0x7e, 0x7c, 0xf8, 0xf0, 0xf0, 0xf0, 0xf0, 0xf8, 
	0x7c, 0x7e, 0x3f, 0x1f, 0x0f, 0x03, 0x00, 0x00, 0x00, 0x00, 0x00, 0x00, 0x00, 0x00, 0x00, 0x00, 
	0x00, 0x00, 0x00, 0x00, 0x00, 0x00, 0x00, 0x00, 0x1c, 0x3e, 0x3e, 0xff, 0xff, 0xff, 0xff, 0x3e, 
	0x3e, 0x1c, 0x00, 0x00, 0x00, 0x00, 0x00, 0x00, 0x00, 0x00, 0x00, 0x00, 0x00, 0x00, 0x00, 0x00
};
// 'transgender-alt', 32x32px
const unsigned char fas_32x32_fa_transgender_alt [] PROGMEM = {
	0x00, 0x3f, 0x3f, 0xbf, 0xff, 0xff, 0xff, 0xf8, 0xfc, 0xfc, 0xf8, 0x90, 0x80, 0xc0, 0xc0, 0xc0, 
	0xc0, 0xc0, 0xc0, 0x80, 0x80, 0x80, 0xc0, 0xe0, 0xf0, 0xff, 0x7f, 0x3f, 0x3f, 0x3f, 0x3f, 0x00, 
	0x00, 0x00, 0x00, 0x01, 0x03, 0x07, 0x03, 0xf3, 0xff, 0xff, 0xff, 0x1f, 0x0f, 0x07, 0x03, 0x03, 
	0x03, 0x03, 0x07, 0x0f, 0x1f, 0xff, 0xff, 0xff, 0xf1, 0x00, 0x00, 0x00, 0x00, 0x00, 0x00, 0x00, 
	0x00, 0x00, 0x00, 0x00, 0x00, 0x00, 0x00, 0x03, 0x0f, 0x1f, 0x3f, 0x7e, 0x7c, 0xf8, 0xf0, 0xf0, 
	0xf0, 0xf0, 0xf8, 0x7c, 0x7e, 0x3f, 0x1f, 0x0f, 0x03, 0x00, 0x00, 0x00, 0x00, 0x00, 0x00, 0x00, 
	0x00, 0x00, 0x00, 0x00, 0x00, 0x00, 0x00, 0x00, 0x00, 0x00, 0x00, 0x1c, 0x3e, 0x3e, 0xff, 0xff, 
	0xff, 0xff, 0x3e, 0x3e, 0x1c, 0x00, 0x00, 0x00, 0x00, 0x00, 0x00, 0x00, 0x00, 0x00, 0x00, 0x00
};
// 'trash', 32x32px
const unsigned char fas_32x32_fa_trash [] PROGMEM = {
	0x00, 0x00, 0x3c, 0x3c, 0x3c, 0x3c, 0x3c, 0x3c, 0x3c, 0x3c, 0x3c, 0x3f, 0x3f, 0x3f, 0x3f, 0x3f, 
	0x3f, 0x3f, 0x3f, 0x3f, 0x3f, 0x3c, 0x3c, 0x3c, 0x3c, 0x3c, 0x3c, 0x3c, 0x3c, 0x3c, 0x00, 0x00, 
	0x00, 0x00, 0x00, 0x00, 0xff, 0xff, 0xff, 0xff, 0xff, 0xff, 0xff, 0xff, 0xff, 0xff, 0xff, 0xff, 
	0xff, 0xff, 0xff, 0xff, 0xff, 0xff, 0xff, 0xff, 0xff, 0xff, 0xff, 0xff, 0x00, 0x00, 0x00, 0x00, 
	0x00, 0x00, 0x00, 0x00, 0x01, 0xff, 0xff, 0xff, 0xff, 0xff, 0xff, 0xff, 0xff, 0xff, 0xff, 0xff, 
	0xff, 0xff, 0xff, 0xff, 0xff, 0xff, 0xff, 0xff, 0xff, 0xff, 0xff, 0x01, 0x00, 0x00, 0x00, 0x00, 
	0x00, 0x00, 0x00, 0x00, 0x00, 0x3f, 0x7f, 0xff, 0xff, 0xff, 0xff, 0xff, 0xff, 0xff, 0xff, 0xff, 
	0xff, 0xff, 0xff, 0xff, 0xff, 0xff, 0xff, 0xff, 0xff, 0x7f, 0x3f, 0x00, 0x00, 0x00, 0x00, 0x00
};
// 'trash-alt', 32x32px
const unsigned char fas_32x32_fa_trash_alt [] PROGMEM = {
	0x00, 0x00, 0x3c, 0x3c, 0x3c, 0x3c, 0x3c, 0x3c, 0x3c, 0x3c, 0x3c, 0x3f, 0x3f, 0x3f, 0x3f, 0x3f, 
	0x3f, 0x3f, 0x3f, 0x3f, 0x3f, 0x3c, 0x3c, 0x3c, 0x3c, 0x3c, 0x3c, 0x3c, 0x3c, 0x3c, 0x00, 0x00, 
	0x00, 0x00, 0x00, 0x00, 0xff, 0xff, 0xff, 0xff, 0xff, 0x0f, 0x0f, 0xff, 0xff, 0xff, 0xff, 0x0f, 
	0x0f, 0xff, 0xff, 0xff, 0xff, 0x0f, 0x0f, 0xff, 0xff, 0xff, 0xff, 0xff, 0x00, 0x00, 0x00, 0x00, 
	0x00, 0x00, 0x00, 0x00, 0xff, 0xff, 0xff, 0xff, 0xff, 0x00, 0x00, 0xff, 0xff, 0xff, 0xff, 0x00, 
	0x00, 0xff, 0xff, 0xff, 0xff, 0x00, 0x00, 0xff, 0xff, 0xff, 0xff, 0xff, 0x00, 0x00, 0x00, 0x00, 
	0x00, 0x00, 0x00, 0x00, 0x7f, 0xff, 0xff, 0xff, 0xff, 0xf0, 0xf0, 0xff, 0xff, 0xff, 0xff, 0xf0, 
	0xf0, 0xff, 0xff, 0xff, 0xff, 0xf0, 0xf0, 0xff, 0xff, 0xff, 0xff, 0x7f, 0x00, 0x00, 0x00, 0x00
};
// 'trash-restore', 32x32px
const unsigned char fas_32x32_fa_trash_restore [] PROGMEM = {
	0x00, 0x00, 0x3c, 0x3c, 0x3c, 0x3c, 0x3c, 0x3c, 0x3c, 0x3c, 0x3c, 0x3f, 0x3f, 0x3f, 0x3f, 0x3f, 
	0x3f, 0x3f, 0x3f, 0x3f, 0x3f, 0x3c, 0x3c, 0x3c, 0x3c, 0x3c, 0x3c, 0x3c, 0x3c, 0x3c, 0x00, 0x00, 
	0x00, 0x00, 0x00, 0x00, 0xff, 0xff, 0xff, 0xff, 0xff, 0xff, 0xff, 0xff, 0x7f, 0x3f, 0x1f, 0x0f, 
	0x0f, 0x1f, 0x3f, 0x7f, 0xff, 0xff, 0xff, 0xff, 0xff, 0xff, 0xff, 0xff, 0x00, 0x00, 0x00, 0x00, 
	0x00, 0x00, 0x00, 0x00, 0x01, 0xff, 0xff, 0xff, 0xff, 0xff, 0xf1, 0xf0, 0xf0, 0xf0, 0x00, 0x00, 
	0x00, 0x00, 0xf0, 0xf0, 0xf0, 0xf1, 0xff, 0xff, 0xff, 0xff, 0xff, 0x01, 0x00, 0x00, 0x00, 0x00, 
	0x00, 0x00, 0x00, 0x00, 0x00, 0x3f, 0x7f, 0xff, 0xff, 0xff, 0xff, 0xff, 0xff, 0xff, 0xf0, 0xf0, 
	0xf0, 0xf0, 0xff, 0xff, 0xff, 0xff, 0xff, 0xff, 0xff, 0x7f, 0x3f, 0x00, 0x00, 0x00, 0x00, 0x00
};
// 'trash-restore-alt', 32x32px
const unsigned char fas_32x32_fa_trash_restore_alt [] PROGMEM = {
	0x00, 0x00, 0x3c, 0x3c, 0x3c, 0x3c, 0x3c, 0x3c, 0x3c, 0x3c, 0x3c, 0x3f, 0x3f, 0x3f, 0x3f, 0x3f, 
	0x3f, 0x3f, 0x3f, 0x3f, 0x3f, 0x3c, 0x3c, 0x3c, 0x3c, 0x3c, 0x3c, 0x3c, 0x3c, 0x3c, 0x00, 0x00, 
	0x00, 0x00, 0x00, 0x00, 0xff, 0xff, 0xff, 0xff, 0xff, 0xff, 0xff, 0xff, 0x7f, 0x3f, 0x1f, 0x0f, 
	0x0f, 0x1f, 0x3f, 0x7f, 0xff, 0xff, 0xff, 0xff, 0xff, 0xff, 0xff, 0xff, 0x00, 0x00, 0x00, 0x00, 
	0x00, 0x00, 0x00, 0x00, 0xff, 0xff, 0xff, 0xff, 0xff, 0xff, 0xf1, 0xf0, 0xf0, 0xf0, 0x00, 0x00, 
	0x00, 0x00, 0xf0, 0xf0, 0xf0, 0xf1, 0xff, 0xff, 0xff, 0xff, 0xff, 0xff, 0x00, 0x00, 0x00, 0x00, 
	0x00, 0x00, 0x00, 0x00, 0x7f, 0xff, 0xff, 0xff, 0xff, 0xff, 0xff, 0xff, 0xff, 0xff, 0xf0, 0xf0, 
	0xf0, 0xf0, 0xff, 0xff, 0xff, 0xff, 0xff, 0xff, 0xff, 0xff, 0xff, 0x7f, 0x00, 0x00, 0x00, 0x00
};
// 'tree', 32x32px
const unsigned char fas_32x32_fa_tree [] PROGMEM = {
	0x00, 0x00, 0x00, 0x00, 0x00, 0x00, 0x00, 0x00, 0x80, 0xc0, 0xe0, 0xf0, 0xf8, 0xfc, 0xfe, 0xff, 
	0xff, 0xfe, 0xfc, 0xf8, 0xf0, 0xe0, 0xc0, 0x80, 0x00, 0x00, 0x00, 0x00, 0x00, 0x00, 0x00, 0x00, 
	0x00, 0x00, 0x00, 0x00, 0x00, 0x00, 0x80, 0xc0, 0xe3, 0xf3, 0xfb, 0xff, 0xff, 0xff, 0xff, 0xff, 
	0xff, 0xff, 0xff, 0xff, 0xff, 0xfb, 0xf3, 0xe3, 0xc0, 0x80, 0x00, 0x00, 0x00, 0x00, 0x00, 0x00, 
	0x00, 0x00, 0x00, 0x00, 0x80, 0xc0, 0xe3, 0xf3, 0xfb, 0xff, 0xff, 0xff, 0xff, 0xff, 0xff, 0xff, 
	0xff, 0xff, 0xff, 0xff, 0xff, 0xff, 0xff, 0xfb, 0xf3, 0xe3, 0xc0, 0x80, 0x00, 0x00, 0x00, 0x00, 
	0x00, 0x00, 0x00, 0x00, 0x03, 0x03, 0x03, 0x03, 0x03, 0x03, 0x03, 0x03, 0xc3, 0xf3, 0xff, 0xff, 
	0xff, 0xff, 0xf3, 0xc3, 0x03, 0x03, 0x03, 0x03, 0x03, 0x03, 0x03, 0x03, 0x00, 0x00, 0x00, 0x00
};
// 'trophy', 32x32px
const unsigned char fas_32x32_fa_trophy [] PROGMEM = {
	0xc0, 0xc0, 0xe0, 0xe0, 0xe0, 0xe0, 0xe0, 0xfc, 0xfc, 0xfc, 0xfc, 0xfc, 0xfc, 0xfc, 0xfc, 0xfc, 
	0xfc, 0xfc, 0xfc, 0xfc, 0xfc, 0xfc, 0xfc, 0xfc, 0xfc, 0xe0, 0xe0, 0xe0, 0xe0, 0xe0, 0xc0, 0xc0, 
	0x0f, 0x3f, 0x7f, 0x7f, 0xf1, 0xf1, 0xe1, 0xef, 0xff, 0xff, 0xff, 0xff, 0xff, 0xff, 0xff, 0xff, 
	0xff, 0xff, 0xff, 0xff, 0xff, 0xff, 0xff, 0xff, 0xef, 0xe1, 0xf1, 0xf1, 0x7f, 0x7f, 0x3f, 0x0f, 
	0x00, 0x00, 0x00, 0x00, 0x00, 0x01, 0x01, 0x01, 0x03, 0x03, 0x07, 0x0f, 0x1f, 0xff, 0xff, 0xff, 
	0xff, 0xff, 0xff, 0x1f, 0x0f, 0x07, 0x03, 0x03, 0x01, 0x01, 0x01, 0x00, 0x00, 0x00, 0x00, 0x00, 
	0x00, 0x00, 0x00, 0x00, 0x00, 0x00, 0x00, 0x38, 0x3c, 0x3c, 0x3c, 0x3c, 0x3c, 0x3f, 0x3f, 0x3f, 
	0x3f, 0x3f, 0x3f, 0x3c, 0x3c, 0x3c, 0x3c, 0x3c, 0x38, 0x00, 0x00, 0x00, 0x00, 0x00, 0x00, 0x00
};
// 'truck', 32x32px
const unsigned char fas_32x32_fa_truck [] PROGMEM = {
	0xf0, 0xf8, 0xf8, 0xf8, 0xf8, 0xf8, 0xf8, 0xf8, 0xf8, 0xf8, 0xf8, 0xf8, 0xf8, 0xf8, 0xf8, 0xf8, 
	0xf8, 0xf8, 0xf8, 0xf8, 0xf0, 0x00, 0x00, 0x00, 0x00, 0x00, 0x00, 0x00, 0x00, 0x00, 0x00, 0x00, 
	0xff, 0xff, 0xff, 0xff, 0xff, 0xff, 0xff, 0xff, 0xff, 0xff, 0xff, 0xff, 0xff, 0xff, 0xff, 0xff, 
	0xff, 0xff, 0xff, 0xff, 0xff, 0x03, 0x03, 0x07, 0x0f, 0x1e, 0x3c, 0x78, 0xf0, 0xe0, 0x00, 0x00, 
	0x7f, 0xff, 0xff, 0xff, 0xff, 0xff, 0x3f, 0x3f, 0x3f, 0x3f, 0xff, 0xff, 0xff, 0xff, 0xff, 0xff, 
	0xff, 0xff, 0xff, 0xff, 0xff, 0xff, 0x3f, 0x3f, 0x3f, 0x3f, 0xff, 0xff, 0xff, 0xff, 0xf0, 0xe0, 
	0x00, 0x00, 0x00, 0x03, 0x07, 0x0f, 0x1c, 0x1c, 0x1c, 0x1c, 0x0f, 0x07, 0x03, 0x00, 0x00, 0x00, 
	0x00, 0x00, 0x00, 0x03, 0x07, 0x0f, 0x1c, 0x1c, 0x1c, 0x1c, 0x0f, 0x07, 0x03, 0x00, 0x00, 0x00
};
// 'truck-loading', 32x32px
const unsigned char fas_32x32_fa_truck_loading [] PROGMEM = {
	0x00, 0x00, 0x00, 0x00, 0x00, 0x00, 0x00, 0x00, 0x00, 0x00, 0x00, 0x00, 0x00, 0x00, 0x00, 0x00, 
	0x00, 0x00, 0xf8, 0xf8, 0xf8, 0xf8, 0xf8, 0xf8, 0xf8, 0xf8, 0xf8, 0xf8, 0xf8, 0xf8, 0xf8, 0xf8, 
	0x70, 0xf8, 0xf8, 0xf8, 0xf8, 0xc0, 0x80, 0x80, 0xde, 0xfe, 0xfe, 0xfe, 0xfc, 0xe0, 0x00, 0x00, 
	0x00, 0x00, 0xff, 0xff, 0xff, 0xff, 0xff, 0xff, 0xff, 0xff, 0xff, 0xff, 0xff, 0xff, 0xff, 0xff, 
	0x00, 0x03, 0x3f, 0x7f, 0x3f, 0x3f, 0x3f, 0x3f, 0x1f, 0x9f, 0x9f, 0x9f, 0xcf, 0xcf, 0xce, 0xc0, 
	0xe0, 0xe0, 0xff, 0xff, 0xff, 0xff, 0xff, 0xff, 0x3f, 0x1f, 0x1f, 0x1f, 0x3f, 0xff, 0xff, 0xff, 
	0x1c, 0x1e, 0x1e, 0x0e, 0x0e, 0x0f, 0x0f, 0x07, 0x07, 0x07, 0x03, 0x03, 0x03, 0x03, 0x01, 0x01, 
	0x01, 0x00, 0x00, 0x00, 0x00, 0x03, 0x07, 0x0f, 0x1e, 0x1e, 0x1c, 0x1e, 0x1f, 0x0f, 0x07, 0x03
};
// 'truck-monster', 32x32px
const unsigned char fas_32x32_fa_truck_monster [] PROGMEM = {
	0x00, 0x00, 0x00, 0x00, 0x00, 0x00, 0x00, 0x00, 0x00, 0x00, 0x00, 0xf0, 0xf8, 0xf8, 0x78, 0x38, 
	0x38, 0x38, 0x78, 0xf8, 0xf0, 0xe0, 0xc0, 0x80, 0x00, 0x00, 0x00, 0x00, 0x00, 0x00, 0x00, 0x00, 
	0xc0, 0xc0, 0xfc, 0xfe, 0x7e, 0x7e, 0x7e, 0x3e, 0x3e, 0x7e, 0x7e, 0x7f, 0xff, 0xff, 0xfe, 0xfc, 
	0xfe, 0xfe, 0xfe, 0xfc, 0x7f, 0x7f, 0x7f, 0x3f, 0x3e, 0x7e, 0x7e, 0x7e, 0xfe, 0xfc, 0xc0, 0xc0, 
	0x03, 0x03, 0xe1, 0xfc, 0xfe, 0xfe, 0x1e, 0x0f, 0x0f, 0x1e, 0xfe, 0xfe, 0xfc, 0xe1, 0x03, 0x03, 
	0x03, 0x03, 0xe1, 0xfc, 0xfe, 0xfe, 0x1e, 0x0f, 0x0f, 0x1e, 0xfe, 0xfe, 0xfc, 0xe1, 0x03, 0x03, 
	0x00, 0x00, 0x00, 0x07, 0x0f, 0x0f, 0x1f, 0x1e, 0x1e, 0x1f, 0x0f, 0x0f, 0x07, 0x00, 0x00, 0x00, 
	0x00, 0x00, 0x00, 0x07, 0x0f, 0x0f, 0x1f, 0x1e, 0x1e, 0x1f, 0x0f, 0x0f, 0x07, 0x00, 0x00, 0x00
};
// 'truck-moving', 32x32px
const unsigned char fas_32x32_fa_truck_moving [] PROGMEM = {
	0xe0, 0xe0, 0xe0, 0xe0, 0xe0, 0xe0, 0xe0, 0xe0, 0xe0, 0xe0, 0xe0, 0xe0, 0xe0, 0xe0, 0xe0, 0xe0, 
	0xe0, 0xe0, 0xe0, 0xe0, 0xe0, 0xe0, 0xe0, 0xe0, 0x00, 0x00, 0x00, 0x00, 0x00, 0x00, 0x00, 0x00, 
	0xff, 0xff, 0xff, 0xff, 0xff, 0xff, 0xff, 0xff, 0xff, 0xff, 0xff, 0xff, 0xff, 0xff, 0xff, 0xff, 
	0xff, 0xff, 0xff, 0xff, 0xff, 0xff, 0xff, 0xff, 0x38, 0x38, 0x38, 0x70, 0xf0, 0xe0, 0xc0, 0x80, 
	0xff, 0xff, 0xff, 0x3f, 0x3f, 0xff, 0xff, 0xff, 0xff, 0x3f, 0x3f, 0x3f, 0xff, 0xff, 0x7f, 0x3f, 
	0x7f, 0x7f, 0x7f, 0x7f, 0x7f, 0x7f, 0xff, 0xff, 0xff, 0x3f, 0x3f, 0x3f, 0xff, 0xff, 0x7f, 0x3f, 
	0x01, 0x03, 0x07, 0x06, 0x06, 0x07, 0x03, 0x03, 0x07, 0x06, 0x06, 0x07, 0x07, 0x03, 0x00, 0x00, 
	0x00, 0x00, 0x00, 0x00, 0x00, 0x00, 0x00, 0x03, 0x07, 0x06, 0x06, 0x07, 0x07, 0x03, 0x00, 0x00
};
// 'truck-pickup', 32x32px
const unsigned char fas_32x32_fa_truck_pickup [] PROGMEM = {
	0x00, 0x00, 0x00, 0x00, 0x00, 0x00, 0x00, 0x00, 0x00, 0x00, 0x00, 0xe0, 0xe0, 0xe0, 0xe0, 0xe0, 
	0xe0, 0xe0, 0xe0, 0xe0, 0xe0, 0xc0, 0x00, 0x00, 0x00, 0x00, 0x00, 0x00, 0x00, 0x00, 0x00, 0x00, 
	0x00, 0x00, 0xe0, 0xe0, 0xe0, 0xe0, 0xe0, 0xe0, 0xe0, 0xe0, 0xe0, 0xff, 0xff, 0xff, 0xf0, 0xe0, 
	0xe0, 0xe0, 0xe0, 0xe1, 0xe7, 0xef, 0xff, 0xfe, 0xfc, 0xf0, 0xe0, 0xe0, 0xe0, 0xe0, 0x00, 0x00, 
	0x1c, 0x1e, 0x1f, 0xff, 0xff, 0xff, 0xdf, 0x0f, 0x07, 0x07, 0x8f, 0xff, 0xff, 0xff, 0x1f, 0x1f, 
	0x1f, 0x1f, 0xff, 0xff, 0xff, 0x8f, 0x07, 0x07, 0x0f, 0xdf, 0xff, 0xff, 0xff, 0x1f, 0x1e, 0x1c, 
	0x00, 0x00, 0x00, 0x00, 0x01, 0x03, 0x07, 0x07, 0x07, 0x07, 0x07, 0x07, 0x03, 0x01, 0x00, 0x00, 
	0x00, 0x00, 0x01, 0x03, 0x07, 0x07, 0x07, 0x07, 0x07, 0x07, 0x03, 0x01, 0x00, 0x00, 0x00, 0x00
};
// 'tshirt', 32x32px
const unsigned char fas_32x32_fa_tshirt [] PROGMEM = {
	0x00, 0x80, 0x80, 0xc0, 0xc0, 0xe0, 0xe0, 0xf0, 0xf0, 0xf8, 0xf8, 0xf0, 0xe0, 0xe0, 0xe0, 0xe0, 
	0xe0, 0xe0, 0xe0, 0xe0, 0xf0, 0xf8, 0xf8, 0xf0, 0xf0, 0xe0, 0xe0, 0xc0, 0xc0, 0x80, 0x80, 0x00, 
	0x03, 0x0f, 0x3f, 0x7f, 0x7f, 0x3f, 0x3f, 0x3f, 0xff, 0xff, 0xff, 0xff, 0xff, 0xff, 0xff, 0xff, 
	0xff, 0xff, 0xff, 0xff, 0xff, 0xff, 0xff, 0xff, 0x3f, 0x3f, 0x3f, 0x7f, 0x7f, 0x3f, 0x0f, 0x03, 
	0x00, 0x00, 0x00, 0x00, 0x00, 0x00, 0x00, 0x00, 0xff, 0xff, 0xff, 0xff, 0xff, 0xff, 0xff, 0xff, 
	0xff, 0xff, 0xff, 0xff, 0xff, 0xff, 0xff, 0xff, 0x00, 0x00, 0x00, 0x00, 0x00, 0x00, 0x00, 0x00, 
	0x00, 0x00, 0x00, 0x00, 0x00, 0x00, 0x00, 0x00, 0x1f, 0x1f, 0x1f, 0x1f, 0x1f, 0x1f, 0x1f, 0x1f, 
	0x1f, 0x1f, 0x1f, 0x1f, 0x1f, 0x1f, 0x1f, 0x1f, 0x00, 0x00, 0x00, 0x00, 0x00, 0x00, 0x00, 0x00
};
// 'tty', 32x32px
const unsigned char fas_32x32_fa_tty [] PROGMEM = {
	0xc0, 0xe0, 0xe0, 0xf0, 0xf8, 0xf8, 0xfc, 0xfc, 0xfe, 0xfe, 0x3e, 0x1f, 0x1f, 0x1f, 0x1f, 0x1f, 
	0x1f, 0x1f, 0x1f, 0x1f, 0x1f, 0x3e, 0xfe, 0xfe, 0xfc, 0xfc, 0xf8, 0xf8, 0xf0, 0xe0, 0xe0, 0xc0, 
	0x01, 0x03, 0x0f, 0x1f, 0x1f, 0x0f, 0x0f, 0x07, 0x07, 0x07, 0x00, 0x00, 0x00, 0x00, 0x00, 0x00, 
	0x00, 0x00, 0x00, 0x00, 0x00, 0x00, 0x07, 0x07, 0x07, 0x0f, 0x0f, 0x1f, 0x1f, 0x0f, 0x03, 0x01, 
	0x00, 0x00, 0x0f, 0x0f, 0x0f, 0xcf, 0xc0, 0xc0, 0xcf, 0x0f, 0x0f, 0xcf, 0xc0, 0xc0, 0xcf, 0x0f, 
	0x0f, 0xcf, 0xc0, 0xc0, 0xcf, 0x0f, 0x0f, 0xcf, 0xc0, 0xc0, 0xcf, 0x0f, 0x0f, 0x0f, 0x00, 0x00, 
	0x00, 0x00, 0xf0, 0xf0, 0xf0, 0xf3, 0x03, 0x03, 0xf3, 0xf0, 0xf0, 0xf3, 0xf3, 0xf3, 0xf3, 0xf0, 
	0xf0, 0xf3, 0xf3, 0xf3, 0xf3, 0xf0, 0xf0, 0xf3, 0x03, 0x03, 0xf3, 0xf0, 0xf0, 0xf0, 0x00, 0x00
};
// 'tv', 32x32px
const unsigned char fas_32x32_fa_tv [] PROGMEM = {
	0xf0, 0xf8, 0xf8, 0x38, 0x38, 0x38, 0x38, 0x38, 0x38, 0x38, 0x38, 0x38, 0x38, 0x38, 0x38, 0x38, 
	0x38, 0x38, 0x38, 0x38, 0x38, 0x38, 0x38, 0x38, 0x38, 0x38, 0x38, 0x38, 0x38, 0xf8, 0xf8, 0xf0, 
	0xff, 0xff, 0xff, 0x00, 0x00, 0x00, 0x00, 0x00, 0x00, 0x00, 0x00, 0x00, 0x00, 0x00, 0x00, 0x00, 
	0x00, 0x00, 0x00, 0x00, 0x00, 0x00, 0x00, 0x00, 0x00, 0x00, 0x00, 0x00, 0x00, 0xff, 0xff, 0xff, 
	0x7f, 0xff, 0xff, 0xe0, 0xe0, 0xe0, 0xe0, 0xe0, 0xe0, 0xe0, 0xe0, 0xe0, 0xe0, 0xe0, 0xe0, 0xe0, 
	0xe0, 0xe0, 0xe0, 0xe0, 0xe0, 0xe0, 0xe0, 0xe0, 0xe0, 0xe0, 0xe0, 0xe0, 0xe0, 0xff, 0xff, 0x7f, 
	0x00, 0x00, 0x00, 0x00, 0x00, 0x1c, 0x1c, 0x1c, 0x1c, 0x1c, 0x1c, 0x1c, 0x1c, 0x1c, 0x1f, 0x1f, 
	0x1f, 0x1f, 0x1c, 0x1c, 0x1c, 0x1c, 0x1c, 0x1c, 0x1c, 0x1c, 0x1c, 0x00, 0x00, 0x00, 0x00, 0x00
};
// 'umbrella', 32x32px
const unsigned char fas_32x32_fa_umbrella [] PROGMEM = {
	0x00, 0x00, 0x00, 0x00, 0x00, 0x00, 0x00, 0x80, 0xc0, 0xc0, 0xc0, 0xe0, 0xe0, 0xe0, 0xf8, 0xfc, 
	0xfc, 0xf8, 0xe0, 0xe0, 0xe0, 0xc0, 0xc0, 0xc0, 0x80, 0x00, 0x00, 0x00, 0x00, 0x00, 0x00, 0x00, 
	0x80, 0xe0, 0xf0, 0xfc, 0xfe, 0xff, 0xff, 0xff, 0xff, 0xff, 0xff, 0xff, 0xff, 0xff, 0xff, 0xff, 
	0xff, 0xff, 0xff, 0xff, 0xff, 0xff, 0xff, 0xff, 0xff, 0xff, 0xff, 0xfe, 0xfc, 0xf8, 0xe0, 0x80, 
	0x03, 0x03, 0x01, 0x00, 0x00, 0x00, 0x00, 0x01, 0x03, 0x07, 0x0f, 0x07, 0x03, 0x01, 0xfc, 0xfc, 
	0xfc, 0xfc, 0x01, 0x03, 0x07, 0x0f, 0x07, 0x03, 0x01, 0x00, 0x00, 0x00, 0x00, 0x01, 0x03, 0x03, 
	0x00, 0x00, 0x00, 0x00, 0x00, 0x00, 0x00, 0x00, 0x00, 0x0e, 0x1e, 0x3e, 0x3c, 0x3c, 0x3f, 0x3f, 
	0x1f, 0x07, 0x00, 0x00, 0x00, 0x00, 0x00, 0x00, 0x00, 0x00, 0x00, 0x00, 0x00, 0x00, 0x00, 0x00
};
// 'umbrella-beach', 32x32px
const unsigned char fas_32x32_fa_umbrella_beach [] PROGMEM = {
	0x00, 0x00, 0x00, 0x00, 0x00, 0x00, 0x80, 0xc0, 0xc0, 0xe0, 0xe0, 0xf0, 0xf0, 0x78, 0x38, 0x98, 
	0xc8, 0xe0, 0xf0, 0xf0, 0xf0, 0xf0, 0xf0, 0xe0, 0xc0, 0x00, 0x80, 0x80, 0x00, 0x00, 0x00, 0x00, 
	0x00, 0x00, 0x00, 0x00, 0x00, 0x02, 0x03, 0x07, 0x07, 0x07, 0x0f, 0x07, 0x01, 0x1c, 0x1f, 0x3f, 
	0x3f, 0x3f, 0x7f, 0x7f, 0x7f, 0xff, 0xff, 0xff, 0xff, 0x00, 0xc0, 0xff, 0xff, 0xfc, 0xf8, 0xc0, 
	0x00, 0x00, 0x00, 0x00, 0x00, 0x00, 0x00, 0x00, 0x00, 0x00, 0x00, 0x00, 0x00, 0x80, 0xf0, 0xfc, 
	0xff, 0x3f, 0x07, 0x00, 0x00, 0x00, 0x00, 0x01, 0x00, 0x00, 0x03, 0x03, 0x03, 0x07, 0x07, 0x07, 
	0x1c, 0x1c, 0x1c, 0x1c, 0x1c, 0x1c, 0x1c, 0x1c, 0x1c, 0x1c, 0x1c, 0x1c, 0x1c, 0x1f, 0x1f, 0x1f, 
	0x1d, 0x1c, 0x1c, 0x1c, 0x1c, 0x1c, 0x1c, 0x1c, 0x1c, 0x1c, 0x1c, 0x1c, 0x1c, 0x00, 0x00, 0x00
};
// 'underline', 32x32px
const unsigned char fas_32x32_fa_underline [] PROGMEM = {
	0x00, 0x00, 0x00, 0x0f, 0x0f, 0x0f, 0xff, 0xff, 0xff, 0xff, 0xff, 0x0f, 0x0f, 0x0f, 0x00, 0x00, 
	0x00, 0x00, 0x0f, 0x0f, 0x0f, 0xff, 0xff, 0xff, 0xff, 0xff, 0x0f, 0x0f, 0x0f, 0x00, 0x00, 0x00, 
	0x00, 0x00, 0x00, 0x00, 0x00, 0x00, 0xff, 0xff, 0xff, 0xff, 0xff, 0x00, 0x00, 0x00, 0x00, 0x00, 
	0x00, 0x00, 0x00, 0x00, 0x00, 0xff, 0xff, 0xff, 0xff, 0xff, 0x00, 0x00, 0x00, 0x00, 0x00, 0x00, 
	0x00, 0x00, 0x00, 0x00, 0x00, 0x00, 0x01, 0x07, 0x1f, 0x3f, 0x3f, 0x7f, 0x7e, 0xfc, 0xf8, 0xf8, 
	0xf8, 0xf8, 0xfc, 0x7e, 0x7f, 0x3f, 0x3f, 0x1f, 0x07, 0x01, 0x00, 0x00, 0x00, 0x00, 0x00, 0x00, 
	0x00, 0x00, 0xf0, 0xf0, 0xf0, 0xf0, 0xf0, 0xf0, 0xf0, 0xf0, 0xf0, 0xf0, 0xf0, 0xf0, 0xf0, 0xf0, 
	0xf0, 0xf0, 0xf0, 0xf0, 0xf0, 0xf0, 0xf0, 0xf0, 0xf0, 0xf0, 0xf0, 0xf0, 0xf0, 0xf0, 0x00, 0x00
};
// 'undo', 32x32px
const unsigned char fas_32x32_fa_undo [] PROGMEM = {
	0xff, 0xff, 0xff, 0xff, 0xfe, 0xe0, 0xf0, 0xf8, 0xfc, 0x7c, 0x7e, 0x3e, 0x3e, 0x1e, 0x1f, 0x1f, 
	0x1f, 0x1f, 0x1e, 0x3e, 0x3e, 0x7e, 0x7c, 0xfc, 0xf8, 0xf0, 0xf0, 0xc0, 0x80, 0x00, 0x00, 0x00, 
	0x3f, 0x3f, 0x3f, 0x3f, 0x3f, 0x3f, 0x3f, 0x3f, 0x3c, 0x3e, 0x3e, 0x3e, 0x3e, 0x3c, 0x00, 0x00, 
	0x00, 0x00, 0x00, 0x00, 0x00, 0x00, 0x00, 0x00, 0x01, 0x07, 0x1f, 0xff, 0xff, 0xff, 0xfc, 0xc0, 
	0x00, 0x00, 0x00, 0x00, 0x00, 0x00, 0x00, 0x00, 0x00, 0x00, 0x00, 0x00, 0x00, 0x00, 0x00, 0x00, 
	0x00, 0x00, 0x00, 0x00, 0x00, 0x00, 0x00, 0x00, 0x80, 0xe0, 0xf8, 0xff, 0xff, 0xff, 0x3f, 0x03, 
	0x00, 0x00, 0x00, 0x00, 0x00, 0x00, 0x0e, 0x1f, 0x3f, 0x3e, 0x7e, 0x7c, 0x7c, 0x78, 0xf8, 0xf8, 
	0xf8, 0xf8, 0x78, 0x7c, 0x7c, 0x7e, 0x3e, 0x3f, 0x1f, 0x0f, 0x07, 0x03, 0x01, 0x00, 0x00, 0x00
};
// 'undo-alt', 32x32px
const unsigned char fas_32x32_fa_undo_alt [] PROGMEM = {
	0xf8, 0xfc, 0xfc, 0xf8, 0xf0, 0xf0, 0xf0, 0xf8, 0xfc, 0xfc, 0x7e, 0x7e, 0x3e, 0x3e, 0x3f, 0x3f, 
	0x3f, 0x3f, 0x3e, 0x3e, 0x7e, 0x7e, 0xfc, 0xfc, 0xf8, 0xf0, 0xe0, 0xc0, 0x80, 0x00, 0x00, 0x00, 
	0x0f, 0x1f, 0x3f, 0x3f, 0x3f, 0x3f, 0x3f, 0x3f, 0x3f, 0x3e, 0x1c, 0x18, 0x00, 0x00, 0x00, 0x00, 
	0x00, 0x00, 0x00, 0x00, 0x00, 0x00, 0x00, 0x01, 0x03, 0x0f, 0xff, 0xff, 0xff, 0xff, 0xfc, 0xc0, 
	0x00, 0x00, 0x00, 0x00, 0x00, 0x00, 0x00, 0x00, 0x00, 0x00, 0x00, 0x00, 0x00, 0x00, 0x00, 0x00, 
	0x00, 0x00, 0x00, 0x00, 0x00, 0x00, 0x00, 0x80, 0xc0, 0xf0, 0xff, 0xff, 0xff, 0xff, 0x3f, 0x03, 
	0x00, 0x00, 0x00, 0x00, 0x00, 0x00, 0x0e, 0x1f, 0x3f, 0x3f, 0x7e, 0x7e, 0x7c, 0x7c, 0xfc, 0xfc, 
	0xfc, 0xfc, 0x7c, 0x7c, 0x7e, 0x7e, 0x3f, 0x3f, 0x1f, 0x0f, 0x07, 0x03, 0x01, 0x00, 0x00, 0x00
};
// 'universal-access', 32x32px
const unsigned char fas_32x32_fa_universal_access [] PROGMEM = {
	0x00, 0x00, 0x00, 0x80, 0xc0, 0xe0, 0x70, 0xb8, 0x9c, 0xdc, 0xee, 0xee, 0xfe, 0xf6, 0x77, 0x77, 
	0x77, 0x77, 0xf6, 0xfe, 0xee, 0xee, 0xdc, 0x9c, 0xb8, 0x70, 0xe0, 0xc0, 0x80, 0x00, 0x00, 0x00, 
	0xc0, 0xfc, 0xff, 0x1f, 0xf3, 0xfc, 0xfe, 0xff, 0xe7, 0xe7, 0xe7, 0xef, 0xcf, 0xcf, 0x08, 0x08, 
	0x08, 0x08, 0xcf, 0xcf, 0xef, 0xe7, 0xe7, 0xe7, 0xff, 0xfe, 0xfc, 0xf3, 0x1f, 0xff, 0xfc, 0xc0, 
	0x03, 0x3f, 0xff, 0xf8, 0xcf, 0x3f, 0x7f, 0xff, 0xff, 0xff, 0xff, 0xff, 0x7f, 0x07, 0x00, 0xf0, 
	0xf0, 0x00, 0x07, 0x7f, 0xff, 0xff, 0xff, 0xff, 0xff, 0x7f, 0x3f, 0xcf, 0xf8, 0xff, 0x3f, 0x03, 
	0x00, 0x00, 0x00, 0x01, 0x03, 0x07, 0x0e, 0x1d, 0x39, 0x3b, 0x77, 0x77, 0x7e, 0x6e, 0xef, 0xef, 
	0xef, 0xef, 0x6e, 0x7e, 0x77, 0x77, 0x3b, 0x39, 0x1d, 0x0e, 0x07, 0x03, 0x01, 0x00, 0x00, 0x00
};
// 'university', 32x32px
const unsigned char fas_32x32_fa_university [] PROGMEM = {
	0x00, 0x80, 0x80, 0x80, 0xc0, 0xc0, 0xc0, 0xe0, 0xe0, 0xf0, 0xf0, 0xf0, 0xf8, 0xf8, 0xfc, 0xfc, 
	0xfc, 0xfc, 0xf8, 0xf8, 0xf0, 0xf0, 0xf0, 0xe0, 0xe0, 0xc0, 0xc0, 0xc0, 0x80, 0x80, 0x80, 0x00, 
	0x00, 0x01, 0x03, 0x07, 0x07, 0x07, 0xf7, 0xf7, 0xf7, 0xf7, 0x07, 0x07, 0x07, 0x07, 0xf7, 0xf7, 
	0xf7, 0xf7, 0x07, 0x07, 0x07, 0x07, 0xf7, 0xf7, 0xf7, 0xf7, 0x07, 0x07, 0x07, 0x03, 0x01, 0x00, 
	0x00, 0x00, 0x00, 0x00, 0x00, 0x00, 0xff, 0xff, 0xff, 0xff, 0x00, 0x00, 0x00, 0x00, 0xff, 0xff, 
	0xff, 0xff, 0x00, 0x00, 0x00, 0x00, 0xff, 0xff, 0xff, 0xff, 0x00, 0x00, 0x00, 0x00, 0x00, 0x00, 
	0x00, 0x38, 0x38, 0x3b, 0x3b, 0x3b, 0x3b, 0x3b, 0x3b, 0x3b, 0x3b, 0x3b, 0x3b, 0x3b, 0x3b, 0x3b, 
	0x3b, 0x3b, 0x3b, 0x3b, 0x3b, 0x3b, 0x3b, 0x3b, 0x3b, 0x3b, 0x3b, 0x3b, 0x3b, 0x38, 0x38, 0x00
};
// 'unlink', 32x32px
const unsigned char fas_32x32_fa_unlink [] PROGMEM = {
	0x0c, 0x1e, 0x3f, 0x7f, 0xfe, 0xfc, 0xf8, 0xf0, 0xe0, 0xc0, 0x80, 0x00, 0x00, 0x60, 0xf0, 0xf8, 
	0xfc, 0xfe, 0x7e, 0x3f, 0x3f, 0x1f, 0x1f, 0x1f, 0x3f, 0x3f, 0xfe, 0xfe, 0xfc, 0xf8, 0xf0, 0xc0, 
	0x00, 0x00, 0x00, 0x80, 0xc0, 0xe1, 0xe3, 0xc7, 0x8f, 0x1f, 0x3f, 0x7f, 0xfe, 0xfc, 0xf8, 0xf1, 
	0xe1, 0xc0, 0x80, 0x00, 0x00, 0x00, 0x00, 0x80, 0xc0, 0xe0, 0xf8, 0xff, 0xff, 0xff, 0x7f, 0x1f, 
	0xf8, 0xfe, 0xff, 0xff, 0xff, 0x1f, 0x07, 0x03, 0x01, 0x00, 0x00, 0x00, 0x00, 0x01, 0x03, 0x87, 
	0x8f, 0x1f, 0x3f, 0x7f, 0xfe, 0xfc, 0xf8, 0xf1, 0xe3, 0xc7, 0x87, 0x03, 0x01, 0x00, 0x00, 0x00, 
	0x03, 0x0f, 0x1f, 0x3f, 0x7f, 0x7f, 0xfc, 0xfc, 0xf8, 0xf8, 0xf8, 0xfc, 0xfc, 0x7e, 0x7f, 0x3f, 
	0x1f, 0x0f, 0x06, 0x00, 0x00, 0x01, 0x03, 0x07, 0x0f, 0x1f, 0x3f, 0x7f, 0xfe, 0xfc, 0x78, 0x30
};
// 'unlock', 32x32px
const unsigned char fas_32x32_fa_unlock [] PROGMEM = {
	0x00, 0x00, 0x00, 0x00, 0x00, 0x00, 0x00, 0xe0, 0xf0, 0xf8, 0xfc, 0xfe, 0x7e, 0x3f, 0x1f, 0x1f, 
	0x1f, 0x1f, 0x3f, 0x7e, 0xfe, 0xfc, 0xf8, 0xf0, 0xe0, 0x00, 0x00, 0x00, 0x00, 0x00, 0x00, 0x00, 
	0x00, 0x00, 0x00, 0x00, 0x00, 0x00, 0xfe, 0xff, 0xff, 0xff, 0xff, 0xff, 0x00, 0x00, 0x00, 0x00, 
	0x00, 0x00, 0x00, 0x00, 0x03, 0x0f, 0x0f, 0x0f, 0x0f, 0x02, 0x00, 0x00, 0x00, 0x00, 0x00, 0x00, 
	0x00, 0x00, 0xfe, 0xff, 0xff, 0xff, 0xff, 0xff, 0xff, 0xff, 0xff, 0xff, 0xff, 0xff, 0xff, 0xff, 
	0xff, 0xff, 0xff, 0xff, 0xff, 0xff, 0xff, 0xff, 0xff, 0xff, 0xff, 0xff, 0xff, 0xfe, 0x00, 0x00, 
	0x00, 0x00, 0x7f, 0xff, 0xff, 0xff, 0xff, 0xff, 0xff, 0xff, 0xff, 0xff, 0xff, 0xff, 0xff, 0xff, 
	0xff, 0xff, 0xff, 0xff, 0xff, 0xff, 0xff, 0xff, 0xff, 0xff, 0xff, 0xff, 0xff, 0x7f, 0x00, 0x00
};
// 'unlock-alt', 32x32px
const unsigned char fas_32x32_fa_unlock_alt [] PROGMEM = {
	0x00, 0x00, 0x00, 0x00, 0x00, 0x00, 0x00, 0xe0, 0xf0, 0xf8, 0xfc, 0xfe, 0x7e, 0x3f, 0x1f, 0x1f, 
	0x1f, 0x1f, 0x3f, 0x7e, 0xfe, 0xfc, 0xf8, 0xf0, 0xe0, 0x00, 0x00, 0x00, 0x00, 0x00, 0x00, 0x00, 
	0x00, 0x00, 0x00, 0x00, 0x00, 0x00, 0xfe, 0xff, 0xff, 0xff, 0xff, 0xff, 0x00, 0x00, 0x00, 0x00, 
	0x00, 0x00, 0x00, 0x00, 0x03, 0x0f, 0x0f, 0x0f, 0x0f, 0x02, 0x00, 0x00, 0x00, 0x00, 0x00, 0x00, 
	0x00, 0x00, 0xfe, 0xff, 0xff, 0xff, 0xff, 0xff, 0xff, 0xff, 0xff, 0xff, 0xff, 0xff, 0x1f, 0x0f, 
	0x0f, 0x1f, 0xff, 0xff, 0xff, 0xff, 0xff, 0xff, 0xff, 0xff, 0xff, 0xff, 0xff, 0xfe, 0x00, 0x00, 
	0x00, 0x00, 0x7f, 0xff, 0xff, 0xff, 0xff, 0xff, 0xff, 0xff, 0xff, 0xff, 0xff, 0xff, 0xf8, 0xf0, 
	0xf0, 0xf8, 0xff, 0xff, 0xff, 0xff, 0xff, 0xff, 0xff, 0xff, 0xff, 0xff, 0xff, 0x7f, 0x00, 0x00
};
// 'upload', 32x32px
const unsigned char fas_32x32_fa_upload [] PROGMEM = {
	0x00, 0x00, 0x00, 0x00, 0x00, 0x00, 0x00, 0x00, 0x80, 0xc0, 0xe0, 0xf0, 0xf8, 0xfc, 0xfe, 0xff, 
	0xff, 0xfe, 0xfc, 0xf8, 0xf0, 0xe0, 0xc0, 0x80, 0x00, 0x00, 0x00, 0x00, 0x00, 0x00, 0x00, 0x00, 
	0x00, 0x00, 0x00, 0x00, 0x00, 0x04, 0x0e, 0x0f, 0x0f, 0x0f, 0x0f, 0x0f, 0xff, 0xff, 0xff, 0xff, 
	0xff, 0xff, 0xff, 0xff, 0x0f, 0x0f, 0x0f, 0x0f, 0x0f, 0x0e, 0x04, 0x00, 0x00, 0x00, 0x00, 0x00, 
	0xc0, 0xc0, 0xc0, 0xc0, 0xc0, 0xc0, 0xc0, 0xc0, 0xc0, 0xc0, 0x00, 0x00, 0xff, 0xff, 0xff, 0xff, 
	0xff, 0xff, 0xff, 0xff, 0x00, 0x00, 0xc0, 0xc0, 0xc0, 0xc0, 0xc0, 0xc0, 0xc0, 0xc0, 0xc0, 0xc0, 
	0xff, 0xff, 0xff, 0xff, 0xff, 0xff, 0xff, 0xff, 0xff, 0xff, 0xff, 0xfe, 0xfc, 0xfc, 0xfc, 0xfc, 
	0xfc, 0xfc, 0xfc, 0xfc, 0xfe, 0xff, 0xcf, 0xcf, 0xff, 0xff, 0xcf, 0xcf, 0xff, 0xff, 0xff, 0xff
};
// 'user', 32x32px
const unsigned char fas_32x32_fa_user [] PROGMEM = {
	0x00, 0x00, 0x00, 0x00, 0x00, 0x00, 0x00, 0x00, 0xe0, 0xf8, 0xfc, 0xfe, 0xfe, 0xff, 0xff, 0xff, 
	0xff, 0xff, 0xff, 0xfe, 0xfe, 0xfc, 0xf8, 0xe0, 0x00, 0x00, 0x00, 0x00, 0x00, 0x00, 0x00, 0x00, 
	0x00, 0x00, 0x00, 0x00, 0x00, 0x00, 0x00, 0x00, 0x07, 0x1f, 0x3f, 0x7f, 0x7f, 0xff, 0xff, 0xff, 
	0xff, 0xff, 0xff, 0x7f, 0x7f, 0x3f, 0x1f, 0x07, 0x00, 0x00, 0x00, 0x00, 0x00, 0x00, 0x00, 0x00, 
	0x00, 0x00, 0x80, 0xc0, 0xf0, 0xf0, 0xf8, 0xfc, 0xfc, 0xfc, 0xfc, 0xfc, 0xfc, 0xf8, 0xf8, 0xf8, 
	0xf8, 0xf8, 0xf8, 0xfc, 0xfc, 0xfc, 0xfc, 0xfc, 0xfc, 0xf8, 0xf0, 0xf0, 0xc0, 0x80, 0x00, 0x00, 
	0x00, 0x00, 0x7f, 0xff, 0xff, 0xff, 0xff, 0xff, 0xff, 0xff, 0xff, 0xff, 0xff, 0xff, 0xff, 0xff, 
	0xff, 0xff, 0xff, 0xff, 0xff, 0xff, 0xff, 0xff, 0xff, 0xff, 0xff, 0xff, 0xff, 0x7f, 0x00, 0x00
};
// 'user-alt', 32x32px
const unsigned char fas_32x32_fa_user_alt [] PROGMEM = {
	0x00, 0x00, 0x00, 0x00, 0x00, 0x00, 0x00, 0xc0, 0xf0, 0xf8, 0xfc, 0xfe, 0xfe, 0xff, 0xff, 0xff, 
	0xff, 0xff, 0xff, 0xfe, 0xfe, 0xfc, 0xf8, 0xf0, 0xc0, 0x00, 0x00, 0x00, 0x00, 0x00, 0x00, 0x00, 
	0x00, 0x00, 0x00, 0x00, 0x00, 0x00, 0x00, 0x0f, 0x3f, 0x7f, 0xff, 0xff, 0xff, 0xff, 0xff, 0xff, 
	0xff, 0xff, 0xff, 0xff, 0xff, 0xff, 0x7f, 0x3f, 0x0f, 0x00, 0x00, 0x00, 0x00, 0x00, 0x00, 0x00, 
	0x00, 0x80, 0xc0, 0xe0, 0xe0, 0xf0, 0xf0, 0xf0, 0xf0, 0xf0, 0xf0, 0xf1, 0xf1, 0xe3, 0xe3, 0xe3, 
	0xe3, 0xe3, 0xe3, 0xf1, 0xf1, 0xf0, 0xf0, 0xf0, 0xf0, 0xf0, 0xf0, 0xe0, 0xe0, 0xc0, 0x80, 0x00, 
	0x7e, 0xff, 0xff, 0xff, 0xff, 0xff, 0xff, 0xff, 0xff, 0xff, 0xff, 0xff, 0xff, 0xff, 0xff, 0xff, 
	0xff, 0xff, 0xff, 0xff, 0xff, 0xff, 0xff, 0xff, 0xff, 0xff, 0xff, 0xff, 0xff, 0xff, 0xff, 0x7e
};
// 'user-alt-slash', 32x32px
const unsigned char fas_32x32_fa_user_alt_slash [] PROGMEM = {
	0x30, 0x78, 0x78, 0xf0, 0xe0, 0xc0, 0xc0, 0x80, 0x00, 0x80, 0xc0, 0xe0, 0xf0, 0xf8, 0xf8, 0xf8, 
	0xf8, 0xf8, 0xf8, 0xf0, 0xe0, 0xc0, 0x80, 0x00, 0x00, 0x00, 0x00, 0x00, 0x00, 0x00, 0x00, 0x00, 
	0x00, 0x00, 0x00, 0x00, 0x01, 0x03, 0x07, 0x07, 0x0f, 0x1f, 0x3f, 0x7f, 0x7f, 0xff, 0xff, 0xff, 
	0xff, 0xff, 0xff, 0xff, 0xff, 0x7f, 0x1f, 0x00, 0x00, 0x00, 0x00, 0x00, 0x00, 0x00, 0x00, 0x00, 
	0x00, 0x00, 0x00, 0x00, 0xc0, 0xe0, 0xf0, 0xf0, 0xf8, 0xf8, 0xf8, 0xf8, 0xf8, 0xf0, 0xe1, 0xc3, 
	0x83, 0x87, 0x0f, 0x1f, 0x3e, 0x3c, 0x78, 0xf0, 0xe0, 0xe0, 0xc0, 0x80, 0x00, 0x00, 0x00, 0x00, 
	0x00, 0x00, 0x00, 0x0f, 0x1f, 0x1f, 0x1f, 0x1f, 0x1f, 0x1f, 0x1f, 0x1f, 0x1f, 0x1f, 0x1f, 0x1f, 
	0x1f, 0x1f, 0x1f, 0x1e, 0x1c, 0x1c, 0x18, 0x10, 0x01, 0x03, 0x03, 0x07, 0x0f, 0x1f, 0x1e, 0x0c
};
// 'user-astronaut', 32x32px
const unsigned char fas_32x32_fa_user_astronaut [] PROGMEM = {
	0x00, 0x00, 0x00, 0x00, 0x00, 0xc0, 0xc0, 0xe0, 0xf8, 0x7c, 0x3c, 0x3e, 0x3e, 0x3f, 0x3f, 0x3f, 
	0x3f, 0x3f, 0x3f, 0x3e, 0x3e, 0x3c, 0x7c, 0xf8, 0xe0, 0xc0, 0xc0, 0x00, 0x00, 0x00, 0x00, 0x00, 
	0x00, 0x00, 0x00, 0x00, 0x00, 0x3f, 0x3f, 0x7f, 0xff, 0xe0, 0xc0, 0x86, 0x0f, 0x0f, 0x06, 0x00, 
	0x00, 0x00, 0x00, 0x00, 0x80, 0xc0, 0xe0, 0xff, 0x7f, 0x3f, 0x3f, 0x00, 0x00, 0x00, 0x00, 0x00, 
	0x00, 0x00, 0x00, 0x00, 0xc0, 0xc0, 0xe0, 0xe0, 0xf1, 0xf3, 0xe3, 0xe7, 0xe7, 0xcf, 0xcf, 0xcf, 
	0xcf, 0xcf, 0xcf, 0xe7, 0xe7, 0xe3, 0xf3, 0xf1, 0xe0, 0xe0, 0xc0, 0xc0, 0x00, 0x00, 0x00, 0x00, 
	0x00, 0x00, 0x7e, 0xff, 0xff, 0xff, 0xff, 0xff, 0xff, 0xff, 0x07, 0x03, 0xf3, 0xf3, 0x03, 0x03, 
	0x03, 0x03, 0x33, 0x33, 0x03, 0x07, 0xff, 0xff, 0xff, 0xff, 0xff, 0xff, 0xff, 0x7e, 0x00, 0x00
};
// 'user-check', 32x32px
const unsigned char fas_32x32_fa_user_check [] PROGMEM = {
	0x00, 0x00, 0x00, 0x00, 0x00, 0xc0, 0xe0, 0xf0, 0xf0, 0xf8, 0xf8, 0xf8, 0xf8, 0xf8, 0xf0, 0xe0, 
	0xc0, 0x00, 0x00, 0x00, 0x00, 0x00, 0x00, 0x00, 0x00, 0x00, 0x00, 0x00, 0x00, 0x00, 0x00, 0x00, 
	0x00, 0x00, 0x00, 0x00, 0x00, 0x1f, 0x3f, 0x7f, 0x7f, 0xff, 0xff, 0xff, 0xff, 0xff, 0x7f, 0x3f, 
	0x1f, 0x07, 0x00, 0x00, 0xe0, 0xe0, 0xe0, 0xc0, 0x80, 0xc0, 0xe0, 0xf0, 0x78, 0x3c, 0x1c, 0x08, 
	0xc0, 0xf0, 0xf8, 0xfc, 0xfc, 0xfc, 0xfc, 0xfc, 0xfc, 0xfc, 0xfc, 0xfc, 0xfc, 0xfc, 0xfc, 0xfc, 
	0xfc, 0xfc, 0xfc, 0xf8, 0xf0, 0xe1, 0x03, 0x07, 0x07, 0x03, 0x01, 0x00, 0x00, 0x00, 0x00, 0x00, 
	0x0f, 0x1f, 0x1f, 0x1f, 0x1f, 0x1f, 0x1f, 0x1f, 0x1f, 0x1f, 0x1f, 0x1f, 0x1f, 0x1f, 0x1f, 0x1f, 
	0x1f, 0x1f, 0x1f, 0x1f, 0x1f, 0x1f, 0x00, 0x00, 0x00, 0x00, 0x00, 0x00, 0x00, 0x00, 0x00, 0x00
};
// 'user-circle', 32x32px
const unsigned char fas_32x32_fa_user_circle [] PROGMEM = {
	0x00, 0x00, 0x00, 0x80, 0xc0, 0xe0, 0xf0, 0xf8, 0xf8, 0xfc, 0xfc, 0xfe, 0xfe, 0x7e, 0x7e, 0x7f, 
	0x7f, 0x7f, 0x7e, 0x7e, 0xfe, 0xfe, 0xfc, 0xfc, 0xf8, 0xf8, 0xf0, 0xe0, 0xc0, 0x80, 0x00, 0x00, 
	0x00, 0xf0, 0xfe, 0xff, 0xff, 0xff, 0xff, 0xff, 0xff, 0xff, 0xff, 0xc3, 0x00, 0x00, 0x00, 0x00, 
	0x00, 0x00, 0x00, 0x00, 0x00, 0xc3, 0xff, 0xff, 0xff, 0xff, 0xff, 0xff, 0xff, 0xff, 0xfe, 0xf0, 
	0x00, 0x0f, 0x7f, 0xff, 0xff, 0xff, 0xff, 0xff, 0x3f, 0x1f, 0x1f, 0x0f, 0x0f, 0x0e, 0x0e, 0x0e, 
	0x1e, 0x0e, 0x0e, 0x0e, 0x0f, 0x0f, 0x1f, 0x1f, 0x3f, 0xff, 0xff, 0xff, 0xff, 0xff, 0x7f, 0x0f, 
	0x00, 0x00, 0x00, 0x01, 0x03, 0x07, 0x0f, 0x1f, 0x1e, 0x3c, 0x3c, 0x78, 0x78, 0x70, 0x70, 0xf0, 
	0xf0, 0xf0, 0x70, 0x70, 0x78, 0x78, 0x3c, 0x3c, 0x1e, 0x1f, 0x0f, 0x07, 0x03, 0x01, 0x00, 0x00
};
// 'user-clock', 32x32px
const unsigned char fas_32x32_fa_user_clock [] PROGMEM = {
	0x00, 0x00, 0x00, 0x00, 0x00, 0xc0, 0xe0, 0xf0, 0xf0, 0xf8, 0xf8, 0xf8, 0xf8, 0xf8, 0xf0, 0xe0, 
	0xc0, 0x00, 0x00, 0x00, 0x00, 0x00, 0x00, 0x00, 0x00, 0x00, 0x00, 0x00, 0x00, 0x00, 0x00, 0x00, 
	0x00, 0x00, 0x00, 0x00, 0x00, 0x1f, 0x3f, 0x7f, 0x7f, 0xff, 0xff, 0xff, 0xff, 0xff, 0x7f, 0x3f, 
	0x1f, 0x07, 0x00, 0x00, 0x00, 0x80, 0x80, 0xc0, 0xc0, 0xc0, 0x80, 0x80, 0x80, 0x00, 0x00, 0x00, 
	0xc0, 0xf0, 0xf8, 0xfc, 0xfc, 0xfc, 0xfc, 0xfc, 0xfc, 0xfc, 0xfc, 0xfc, 0xfc, 0xfc, 0xfc, 0xfc, 
	0x04, 0x00, 0xfc, 0xfe, 0xff, 0xff, 0xff, 0xff, 0xc3, 0x83, 0x9f, 0xdf, 0xff, 0xff, 0xfe, 0xf8, 
	0x0f, 0x1f, 0x1f, 0x1f, 0x1f, 0x1f, 0x1f, 0x1f, 0x1f, 0x1f, 0x1f, 0x1f, 0x1f, 0x1f, 0x1f, 0x1f, 
	0x1e, 0x18, 0x11, 0x07, 0x0f, 0x0f, 0x1f, 0x1f, 0x1f, 0x1f, 0x1f, 0x1f, 0x0f, 0x07, 0x03, 0x01
};
// 'user-cog', 32x32px
const unsigned char fas_32x32_fa_user_cog [] PROGMEM = {
	0x00, 0x00, 0x00, 0x00, 0x00, 0xc0, 0xe0, 0xf0, 0xf0, 0xf8, 0xf8, 0xf8, 0xf8, 0xf8, 0xf0, 0xe0, 
	0xc0, 0x00, 0x00, 0x00, 0x00, 0x00, 0x00, 0x00, 0x00, 0x00, 0x00, 0x00, 0x00, 0x00, 0x00, 0x00, 
	0x00, 0x00, 0x00, 0x00, 0x00, 0x1f, 0x3f, 0x7f, 0x7f, 0xff, 0xff, 0xff, 0xff, 0xff, 0x7f, 0x3f, 
	0x1f, 0x07, 0x00, 0x00, 0x00, 0x00, 0x80, 0xe0, 0xe0, 0xe0, 0xc0, 0x00, 0x00, 0x00, 0x00, 0x00, 
	0xc0, 0xf0, 0xf8, 0xfc, 0xfc, 0xfc, 0xfc, 0xfc, 0xfc, 0xfc, 0xfc, 0xfc, 0xfc, 0xfc, 0xfc, 0xfc, 
	0x30, 0x00, 0xce, 0xff, 0xff, 0xff, 0xef, 0x87, 0x83, 0x87, 0x87, 0xff, 0xff, 0xff, 0xff, 0xc6, 
	0x0f, 0x1f, 0x1f, 0x1f, 0x1f, 0x1f, 0x1f, 0x1f, 0x1f, 0x1f, 0x1f, 0x1f, 0x1f, 0x1f, 0x1f, 0x1f, 
	0x1e, 0x1c, 0x19, 0x13, 0x13, 0x03, 0x03, 0x0f, 0x1f, 0x1f, 0x0f, 0x03, 0x03, 0x03, 0x03, 0x01
};
// 'user-edit', 32x32px
const unsigned char fas_32x32_fa_user_edit [] PROGMEM = {
	0x00, 0x00, 0x00, 0x00, 0x00, 0xc0, 0xe0, 0xf0, 0xf0, 0xf8, 0xf8, 0xf8, 0xf8, 0xf8, 0xf0, 0xe0, 
	0xc0, 0x00, 0x00, 0x00, 0x00, 0x00, 0x00, 0x00, 0x00, 0x00, 0x00, 0x00, 0x00, 0x00, 0x00, 0x00, 
	0x00, 0x00, 0x00, 0x00, 0x00, 0x1f, 0x3f, 0x7f, 0x7f, 0xff, 0xff, 0xff, 0xff, 0xff, 0x7f, 0x3f, 
	0x1f, 0x07, 0x00, 0x00, 0x00, 0x00, 0x00, 0x00, 0x00, 0x00, 0x00, 0x80, 0xc0, 0x80, 0x80, 0x00, 
	0xc0, 0xf0, 0xf8, 0xfc, 0xfc, 0xfc, 0xfc, 0xfc, 0xfc, 0xfc, 0xfc, 0xfc, 0xfc, 0xfc, 0xfc, 0xfc, 
	0xfc, 0x7c, 0x3c, 0x98, 0xc0, 0xe0, 0xf0, 0xf8, 0xfc, 0xf8, 0xf1, 0x63, 0x07, 0x0f, 0x0f, 0x07, 
	0x0f, 0x1f, 0x1f, 0x1f, 0x1f, 0x1f, 0x1f, 0x1f, 0x1f, 0x1f, 0x1f, 0x1f, 0x1f, 0x1f, 0x1f, 0x1f, 
	0x00, 0x00, 0x1f, 0x1f, 0x1f, 0x1f, 0x0f, 0x07, 0x03, 0x01, 0x00, 0x00, 0x00, 0x00, 0x00, 0x00
};
// 'user-friends', 32x32px
const unsigned char fas_32x32_fa_user_friends [] PROGMEM = {
	0x00, 0x00, 0x00, 0x00, 0x00, 0xc0, 0xc0, 0xe0, 0xe0, 0xe0, 0xe0, 0xe0, 0xe0, 0xc0, 0x00, 0x00, 
	0x00, 0x00, 0x00, 0x00, 0x00, 0x80, 0xc0, 0xc0, 0xc0, 0xc0, 0x80, 0x00, 0x00, 0x00, 0x00, 0x00, 
	0x00, 0x00, 0x00, 0x00, 0x1f, 0x3f, 0x7f, 0xff, 0xff, 0xff, 0xff, 0xff, 0x7f, 0x3f, 0x1f, 0x00, 
	0x00, 0x00, 0x00, 0x1e, 0x3f, 0x7f, 0xff, 0xff, 0xff, 0xff, 0x7f, 0x3f, 0x1e, 0x00, 0x00, 0x00, 
	0xe0, 0xf0, 0xf8, 0xfc, 0xfc, 0xfc, 0xfc, 0xfc, 0xfc, 0xfc, 0xfc, 0xfc, 0xfc, 0xfc, 0xfc, 0xfc, 
	0xfc, 0xf8, 0xe0, 0x04, 0x3c, 0xfc, 0xfc, 0xfc, 0xfc, 0xfc, 0xfc, 0xfc, 0xfc, 0xf8, 0xf8, 0xe0, 
	0x07, 0x07, 0x07, 0x07, 0x07, 0x07, 0x07, 0x07, 0x07, 0x07, 0x07, 0x07, 0x07, 0x07, 0x07, 0x07, 
	0x07, 0x07, 0x07, 0x00, 0x00, 0x03, 0x03, 0x03, 0x03, 0x03, 0x03, 0x03, 0x03, 0x03, 0x03, 0x01
};
// 'user-graduate', 32x32px
const unsigned char fas_32x32_fa_user_graduate [] PROGMEM = {
	0x00, 0x00, 0x18, 0xf8, 0xf8, 0x3c, 0x3c, 0x3c, 0xfc, 0xfe, 0xfe, 0xfe, 0xfe, 0xff, 0xff, 0xff, 
	0xff, 0xff, 0xff, 0xfe, 0xfe, 0xfe, 0xfe, 0xfc, 0x3c, 0x3c, 0x3c, 0x18, 0x18, 0x18, 0x00, 0x00, 
	0x00, 0x00, 0xc0, 0xff, 0xff, 0xc0, 0x00, 0x00, 0x1f, 0x7f, 0xff, 0xff, 0xff, 0xff, 0xff, 0xff, 
	0xff, 0xff, 0xff, 0xff, 0xff, 0xff, 0x7f, 0x1f, 0x00, 0x00, 0x00, 0x00, 0x00, 0x00, 0x00, 0x00, 
	0x00, 0x00, 0x00, 0x00, 0xc0, 0xc0, 0xe0, 0xe0, 0xf0, 0xf0, 0xf0, 0xe1, 0xc1, 0x83, 0x03, 0x03, 
	0x03, 0x03, 0x83, 0xc1, 0xe1, 0xf0, 0xf0, 0xf0, 0xe0, 0xe0, 0xc0, 0xc0, 0x00, 0x00, 0x00, 0x00, 
	0x00, 0x00, 0x7e, 0xff, 0xff, 0xff, 0xff, 0xff, 0xff, 0xff, 0xff, 0xff, 0xff, 0xff, 0xff, 0xfe, 
	0xfe, 0xff, 0xff, 0xff, 0xff, 0xff, 0xff, 0xff, 0xff, 0xff, 0xff, 0xff, 0xff, 0x7e, 0x00, 0x00
};
// 'user-injured', 32x32px
const unsigned char fas_32x32_fa_user_injured [] PROGMEM = {
	0x00, 0x00, 0x00, 0x00, 0x00, 0x00, 0x00, 0x00, 0x80, 0x98, 0x9c, 0x9e, 0x9e, 0x9f, 0x8f, 0x8f, 
	0x87, 0x83, 0x91, 0x98, 0x9c, 0x9c, 0x98, 0x80, 0x00, 0x00, 0x00, 0x00, 0x00, 0x00, 0x00, 0x00, 
	0x00, 0x00, 0x00, 0x00, 0x00, 0x00, 0x00, 0x00, 0x07, 0x1f, 0x3f, 0x7f, 0x7f, 0xff, 0xff, 0xff, 
	0xff, 0xff, 0xff, 0x7f, 0x7f, 0x3f, 0x1f, 0x07, 0x00, 0x00, 0x00, 0x00, 0x00, 0x00, 0x00, 0x00, 
	0x00, 0x00, 0x80, 0xc0, 0xe0, 0x00, 0x00, 0xf8, 0xfc, 0xf8, 0xc0, 0x04, 0x3c, 0xf8, 0xf8, 0xf8, 
	0xf8, 0xf8, 0xf8, 0xfc, 0xfc, 0xfc, 0xfc, 0xfc, 0xfc, 0xf8, 0xf0, 0xf0, 0xc0, 0x80, 0x00, 0x00, 
	0x00, 0x00, 0x7f, 0xff, 0xff, 0x00, 0x00, 0xff, 0xff, 0xff, 0xff, 0xff, 0xfc, 0xf0, 0x80, 0x0c, 
	0x7c, 0xfc, 0xfc, 0xfc, 0x79, 0x03, 0x87, 0xff, 0xff, 0xff, 0xff, 0xff, 0xff, 0x7f, 0x00, 0x00
};
// 'user-lock', 32x32px
const unsigned char fas_32x32_fa_user_lock [] PROGMEM = {
	0x00, 0x00, 0x00, 0x00, 0x00, 0xc0, 0xe0, 0xf0, 0xf0, 0xf8, 0xf8, 0xf8, 0xf8, 0xf8, 0xf0, 0xe0, 
	0xc0, 0x00, 0x00, 0x00, 0x00, 0x00, 0x00, 0x00, 0x00, 0x00, 0x00, 0x00, 0x00, 0x00, 0x00, 0x00, 
	0x00, 0x00, 0x00, 0x00, 0x00, 0x1f, 0x3f, 0x7f, 0x7f, 0xff, 0xff, 0xff, 0xff, 0xff, 0x7f, 0x3f, 
	0x1f, 0x07, 0x00, 0x00, 0x00, 0xf8, 0xfc, 0x1c, 0x0c, 0x0c, 0xfc, 0xf8, 0xf0, 0x00, 0x00, 0x00, 
	0xc0, 0xf0, 0xf8, 0xfc, 0xfc, 0xfc, 0xfc, 0xfc, 0xfc, 0xfc, 0xfc, 0xfc, 0xfc, 0xfc, 0xfc, 0xfc, 
	0x00, 0x00, 0xfc, 0xfc, 0xfe, 0xff, 0xff, 0x7e, 0x3c, 0x3c, 0xff, 0xff, 0xff, 0xfc, 0xfc, 0xfc, 
	0x0f, 0x1f, 0x1f, 0x1f, 0x1f, 0x1f, 0x1f, 0x1f, 0x1f, 0x1f, 0x1f, 0x1f, 0x1f, 0x1f, 0x1f, 0x1f, 
	0x00, 0x00, 0x1f, 0x1f, 0x1f, 0x1f, 0x1f, 0x1f, 0x1e, 0x1e, 0x1f, 0x1f, 0x1f, 0x1f, 0x1f, 0x1f
};
// 'user-md', 32x32px
const unsigned char fas_32x32_fa_user_md [] PROGMEM = {
	0x00, 0x00, 0x00, 0x00, 0x00, 0x00, 0x00, 0x00, 0xe0, 0xf8, 0xfc, 0xfe, 0xfe, 0xff, 0xff, 0xff, 
	0xff, 0xff, 0xff, 0xfe, 0xfe, 0xfc, 0xf8, 0xe0, 0x00, 0x00, 0x00, 0x00, 0x00, 0x00, 0x00, 0x00, 
	0x00, 0x00, 0x00, 0x00, 0x00, 0x00, 0x00, 0x00, 0x07, 0x1f, 0x3f, 0x7f, 0x7f, 0xff, 0xff, 0xff, 
	0xff, 0xff, 0xff, 0x7f, 0x7f, 0x3f, 0x1f, 0x07, 0x00, 0x00, 0x00, 0x00, 0x00, 0x00, 0x00, 0x00, 
	0x00, 0x00, 0x80, 0xc0, 0xf0, 0xf0, 0xf8, 0xf8, 0x7c, 0x00, 0x00, 0x7c, 0xfc, 0xf8, 0xf8, 0xf8, 
	0xf8, 0x78, 0x38, 0x9c, 0x80, 0x80, 0x9c, 0x3c, 0x78, 0xf8, 0xf0, 0xf0, 0xc0, 0x80, 0x00, 0x00, 
	0x00, 0x00, 0x7f, 0xff, 0xff, 0xff, 0xff, 0xe0, 0xc0, 0xce, 0xce, 0xc0, 0xe0, 0xff, 0xff, 0xff, 
	0xe0, 0xc0, 0xcf, 0xff, 0xff, 0xff, 0xff, 0xcf, 0xc0, 0xe0, 0xff, 0xff, 0xff, 0x7f, 0x00, 0x00
};
// 'user-minus', 32x32px
const unsigned char fas_32x32_fa_user_minus [] PROGMEM = {
	0x00, 0x00, 0x00, 0x00, 0x00, 0xc0, 0xe0, 0xf0, 0xf0, 0xf8, 0xf8, 0xf8, 0xf8, 0xf8, 0xf0, 0xe0, 
	0xc0, 0x00, 0x00, 0x00, 0x00, 0x00, 0x00, 0x00, 0x00, 0x00, 0x00, 0x00, 0x00, 0x00, 0x00, 0x00, 
	0x00, 0x00, 0x00, 0x00, 0x00, 0x1f, 0x3f, 0x7f, 0x7f, 0xff, 0xff, 0xff, 0xff, 0xff, 0x7f, 0x3f, 
	0x1f, 0x07, 0x00, 0x00, 0x00, 0xc0, 0xc0, 0xc0, 0xc0, 0xc0, 0xc0, 0xc0, 0xc0, 0xc0, 0xc0, 0xc0, 
	0xc0, 0xf0, 0xf8, 0xfc, 0xfc, 0xfc, 0xfc, 0xfc, 0xfc, 0xfc, 0xfc, 0xfc, 0xfc, 0xfc, 0xfc, 0xfc, 
	0xfc, 0xfc, 0xfc, 0xf8, 0xf0, 0xe1, 0x01, 0x01, 0x01, 0x01, 0x01, 0x01, 0x01, 0x01, 0x01, 0x01, 
	0x0f, 0x1f, 0x1f, 0x1f, 0x1f, 0x1f, 0x1f, 0x1f, 0x1f, 0x1f, 0x1f, 0x1f, 0x1f, 0x1f, 0x1f, 0x1f, 
	0x1f, 0x1f, 0x1f, 0x1f, 0x1f, 0x1f, 0x00, 0x00, 0x00, 0x00, 0x00, 0x00, 0x00, 0x00, 0x00, 0x00
};
// 'user-ninja', 32x32px
const unsigned char fas_32x32_fa_user_ninja [] PROGMEM = {
	0x00, 0x00, 0x00, 0x00, 0x0c, 0x3c, 0xf8, 0xf8, 0xf0, 0xf8, 0xfc, 0x7e, 0x3e, 0x3f, 0x3f, 0x3f, 
	0x3f, 0x3f, 0x3f, 0x3e, 0x7e, 0xfc, 0xf8, 0xe0, 0x00, 0x00, 0x00, 0x00, 0x00, 0x00, 0x00, 0x00, 
	0x00, 0x00, 0x00, 0x00, 0x0c, 0x0f, 0x07, 0x07, 0x07, 0x1f, 0x3f, 0x7f, 0x7f, 0xff, 0xff, 0xff, 
	0xff, 0xff, 0xff, 0x7f, 0x7f, 0x3f, 0x1f, 0x07, 0x00, 0x00, 0x00, 0x00, 0x00, 0x00, 0x00, 0x00, 
	0x00, 0x00, 0x80, 0xc0, 0xf0, 0xf0, 0xf8, 0xf8, 0xfc, 0xfc, 0xf8, 0xf0, 0xe0, 0xc0, 0x80, 0x00, 
	0x00, 0x80, 0xc0, 0xe0, 0xf0, 0xf8, 0xfc, 0xfc, 0xf8, 0xf8, 0xf0, 0xf0, 0xc0, 0x80, 0x00, 0x00, 
	0x00, 0x00, 0x7f, 0xff, 0xff, 0xff, 0xff, 0xff, 0xff, 0xff, 0xff, 0xff, 0xff, 0xff, 0xff, 0xff, 
	0xff, 0xff, 0xff, 0xff, 0xff, 0xff, 0xff, 0xff, 0xff, 0xff, 0xff, 0xff, 0xff, 0x7f, 0x00, 0x00
};
// 'user-nurse', 32x32px
const unsigned char fas_32x32_fa_user_nurse [] PROGMEM = {
	0x00, 0x00, 0x00, 0x00, 0x00, 0x00, 0x00, 0x00, 0xf8, 0xfc, 0xfc, 0xfe, 0xfe, 0xfe, 0xcf, 0x87, 
	0x87, 0xcf, 0xfe, 0xfe, 0xfe, 0xfc, 0xfc, 0xf8, 0x00, 0x00, 0x00, 0x00, 0x00, 0x00, 0x00, 0x00, 
	0x00, 0x00, 0x00, 0x00, 0x00, 0x00, 0x00, 0x00, 0x3f, 0xff, 0xff, 0xe3, 0xc3, 0x83, 0x03, 0x03, 
	0x03, 0x03, 0x83, 0xc3, 0xe3, 0xff, 0xff, 0x3f, 0x00, 0x00, 0x00, 0x00, 0x00, 0x00, 0x00, 0x00, 
	0x00, 0x00, 0x00, 0x00, 0xc0, 0xc0, 0xe0, 0xf0, 0xf0, 0xf0, 0xf1, 0xe3, 0xc3, 0x87, 0x07, 0x07, 
	0x07, 0x07, 0x87, 0xc3, 0xe3, 0xf1, 0xf0, 0xf0, 0xf0, 0xe0, 0xc0, 0xc0, 0x00, 0x00, 0x00, 0x00, 
	0x00, 0x00, 0x3e, 0x7f, 0xff, 0xff, 0xff, 0xff, 0xff, 0xff, 0xff, 0xff, 0xff, 0xff, 0xff, 0xfe, 
	0xfe, 0xff, 0xff, 0xff, 0xff, 0xff, 0xff, 0xff, 0xff, 0xff, 0xff, 0xff, 0x7f, 0x3e, 0x00, 0x00
};
// 'user-plus', 32x32px
const unsigned char fas_32x32_fa_user_plus [] PROGMEM = {
	0x00, 0x00, 0x00, 0x00, 0x00, 0xc0, 0xe0, 0xf0, 0xf0, 0xf8, 0xf8, 0xf8, 0xf8, 0xf8, 0xf0, 0xe0, 
	0xc0, 0x00, 0x00, 0x00, 0x00, 0x00, 0x00, 0x00, 0x00, 0x00, 0x00, 0x00, 0x00, 0x00, 0x00, 0x00, 
	0x00, 0x00, 0x00, 0x00, 0x00, 0x1f, 0x3f, 0x7f, 0x7f, 0xff, 0xff, 0xff, 0xff, 0xff, 0x7f, 0x3f, 
	0x1f, 0x07, 0x00, 0x00, 0x00, 0xc0, 0xc0, 0xc0, 0xe0, 0xfc, 0xfe, 0xfc, 0xe0, 0xc0, 0xc0, 0xc0, 
	0xc0, 0xf0, 0xf8, 0xfc, 0xfc, 0xfc, 0xfc, 0xfc, 0xfc, 0xfc, 0xfc, 0xfc, 0xfc, 0xfc, 0xfc, 0xfc, 
	0xfc, 0xfc, 0xfc, 0xf8, 0xf0, 0xe1, 0x01, 0x01, 0x01, 0x1f, 0x1f, 0x1f, 0x01, 0x01, 0x01, 0x01, 
	0x0f, 0x1f, 0x1f, 0x1f, 0x1f, 0x1f, 0x1f, 0x1f, 0x1f, 0x1f, 0x1f, 0x1f, 0x1f, 0x1f, 0x1f, 0x1f, 
	0x1f, 0x1f, 0x1f, 0x1f, 0x1f, 0x1f, 0x00, 0x00, 0x00, 0x00, 0x00, 0x00, 0x00, 0x00, 0x00, 0x00
};
// 'users', 32x32px
const unsigned char fas_32x32_fa_users [] PROGMEM = {
	0x00, 0x00, 0x00, 0x00, 0x00, 0x00, 0x00, 0x00, 0x00, 0x00, 0x00, 0x80, 0xc0, 0xe0, 0xe0, 0xe0, 
	0xe0, 0xe0, 0xe0, 0xc0, 0x80, 0x00, 0x00, 0x00, 0x00, 0x00, 0x00, 0x00, 0x00, 0x00, 0x00, 0x00, 
	0x00, 0x00, 0x1e, 0x3f, 0x3f, 0x3f, 0x3f, 0x1e, 0x00, 0x00, 0x06, 0x3f, 0x7f, 0x7f, 0xff, 0xff, 
	0xff, 0xff, 0x7f, 0x7f, 0x3f, 0x06, 0x00, 0x00, 0x1e, 0x3f, 0x3f, 0x3f, 0x3f, 0x1e, 0x00, 0x00, 
	0x3e, 0x3f, 0x7f, 0x7f, 0x3f, 0x0f, 0xc7, 0xf3, 0xf8, 0xfc, 0xfc, 0xfc, 0xfc, 0xfc, 0xfc, 0xfc, 
	0xfc, 0xfc, 0xfc, 0xfc, 0xfc, 0xfc, 0xfc, 0xf8, 0xf3, 0xc7, 0x0f, 0x3f, 0x7f, 0x7f, 0x3f, 0x3e, 
	0x00, 0x00, 0x00, 0x00, 0x00, 0x00, 0x03, 0x07, 0x07, 0x07, 0x07, 0x07, 0x07, 0x07, 0x07, 0x07, 
	0x07, 0x07, 0x07, 0x07, 0x07, 0x07, 0x07, 0x07, 0x07, 0x03, 0x00, 0x00, 0x00, 0x00, 0x00, 0x00
};
// 'users-cog', 32x32px
const unsigned char fas_32x32_fa_users_cog [] PROGMEM = {
	0x00, 0x00, 0x00, 0x00, 0x00, 0x00, 0x00, 0x00, 0x00, 0x00, 0x00, 0x80, 0xc0, 0xe0, 0xe0, 0xe0, 
	0xe0, 0xe0, 0xe0, 0xc0, 0x80, 0x00, 0x00, 0x00, 0x00, 0x00, 0x00, 0x00, 0x00, 0x00, 0x00, 0x00, 
	0x00, 0x00, 0x1e, 0x3f, 0x3f, 0x3f, 0x3f, 0x1e, 0x00, 0x00, 0x06, 0x3f, 0x7f, 0x7f, 0xff, 0xff, 
	0x7f, 0x3f, 0x9f, 0xcf, 0xdf, 0xc6, 0xc0, 0xf0, 0xf0, 0xf0, 0xf0, 0xc0, 0xc0, 0xc0, 0xc0, 0x00, 
	0x3e, 0x3f, 0x7f, 0x7f, 0x3f, 0x0f, 0xc7, 0xf3, 0xf8, 0xfc, 0xfc, 0xfc, 0xfc, 0xfc, 0xfc, 0xfc, 
	0x88, 0x00, 0x63, 0xff, 0xff, 0xff, 0xf7, 0xe1, 0xc1, 0xc1, 0xe3, 0xff, 0xff, 0xff, 0xff, 0x63, 
	0x00, 0x00, 0x00, 0x00, 0x00, 0x00, 0x03, 0x07, 0x07, 0x07, 0x07, 0x07, 0x07, 0x07, 0x07, 0x07, 
	0x07, 0x06, 0x04, 0x04, 0x04, 0x00, 0x01, 0x07, 0x07, 0x07, 0x07, 0x01, 0x00, 0x00, 0x00, 0x00
};
// 'user-secret', 32x32px
const unsigned char fas_32x32_fa_user_secret [] PROGMEM = {
	0x00, 0x00, 0x00, 0x00, 0x80, 0x80, 0xc0, 0xc0, 0xe0, 0xf8, 0xfe, 0xff, 0xff, 0xff, 0xfe, 0xfe, 
	0xfe, 0xfe, 0xff, 0xff, 0xff, 0xfe, 0xf8, 0xe0, 0xc0, 0xc0, 0x80, 0x80, 0x00, 0x00, 0x00, 0x00, 
	0x00, 0x00, 0x00, 0x00, 0x01, 0xc1, 0xc3, 0xc3, 0xdf, 0xff, 0xf7, 0xe3, 0xc7, 0xc7, 0xe7, 0xf7, 
	0xf7, 0xe7, 0xc7, 0xc7, 0xe7, 0xf7, 0xff, 0xdf, 0xc3, 0xc3, 0xc1, 0x01, 0x00, 0x00, 0x00, 0x00, 
	0x00, 0x00, 0x80, 0xc0, 0xf0, 0xf3, 0xff, 0xff, 0xff, 0xff, 0xff, 0x87, 0x07, 0x0f, 0x3f, 0xff, 
	0xff, 0x3f, 0x0f, 0x07, 0x87, 0xff, 0xff, 0xff, 0xff, 0xff, 0xf3, 0xf0, 0xc0, 0x80, 0x00, 0x00, 
	0x00, 0x00, 0x7f, 0xff, 0xff, 0xff, 0xff, 0xff, 0xff, 0xff, 0xff, 0xff, 0xf0, 0xf0, 0xff, 0xff, 
	0xff, 0xff, 0xf0, 0xf0, 0xff, 0xff, 0xff, 0xff, 0xff, 0xff, 0xff, 0xff, 0xff, 0x7f, 0x00, 0x00
};
// 'user-shield', 32x32px
const unsigned char fas_32x32_fa_user_shield [] PROGMEM = {
	0x00, 0x00, 0x00, 0x00, 0x00, 0xc0, 0xe0, 0xf0, 0xf0, 0xf8, 0xf8, 0xf8, 0xf8, 0xf8, 0xf0, 0xe0, 
	0xc0, 0x00, 0x00, 0x00, 0x00, 0x00, 0x00, 0x00, 0x00, 0x00, 0x00, 0x00, 0x00, 0x00, 0x00, 0x00, 
	0x00, 0x00, 0x00, 0x00, 0x00, 0x1f, 0x3f, 0x7f, 0x7f, 0xff, 0xff, 0xff, 0xff, 0xff, 0x7f, 0x3f, 
	0x1f, 0x07, 0x00, 0x00, 0x00, 0x00, 0x80, 0x80, 0xc0, 0x80, 0x80, 0x80, 0x00, 0x00, 0x00, 0x00, 
	0xc0, 0xf0, 0xf8, 0xfc, 0xfc, 0xfc, 0xfc, 0xfc, 0xfc, 0xfc, 0xfc, 0xfc, 0xfc, 0xfc, 0xfc, 0xfc, 
	0xc0, 0x00, 0x7e, 0xff, 0xff, 0xff, 0xff, 0xff, 0xff, 0x01, 0x03, 0x03, 0x83, 0xff, 0xff, 0x3e, 
	0x0f, 0x1f, 0x1f, 0x1f, 0x1f, 0x1f, 0x1f, 0x1f, 0x1f, 0x1f, 0x1f, 0x1f, 0x1f, 0x1f, 0x1f, 0x1f, 
	0x1f, 0x1f, 0x1c, 0x19, 0x13, 0x07, 0x0f, 0x1f, 0x1f, 0x1c, 0x0e, 0x0f, 0x07, 0x03, 0x00, 0x00
};
// 'user-slash', 32x32px
const unsigned char fas_32x32_fa_user_slash [] PROGMEM = {
	0x30, 0x78, 0xf8, 0xf0, 0xe0, 0xc0, 0xc0, 0x80, 0x00, 0x00, 0xc0, 0xe0, 0xf0, 0xf8, 0xf8, 0xf8, 
	0xf8, 0xf8, 0xf8, 0xf0, 0xe0, 0xc0, 0x00, 0x00, 0x00, 0x00, 0x00, 0x00, 0x00, 0x00, 0x00, 0x00, 
	0x00, 0x00, 0x00, 0x00, 0x01, 0x03, 0x07, 0x07, 0x0f, 0x1f, 0x3f, 0x7f, 0x7f, 0xff, 0xff, 0xff, 
	0xff, 0xff, 0xff, 0x7f, 0x3f, 0x1f, 0x00, 0x00, 0x00, 0x00, 0x00, 0x00, 0x00, 0x00, 0x00, 0x00, 
	0x00, 0x00, 0x00, 0x00, 0x00, 0xe0, 0xf0, 0xf8, 0xfc, 0xfc, 0xfc, 0xf8, 0xf8, 0xf0, 0xe1, 0xc3, 
	0x83, 0x87, 0x0f, 0x1e, 0x3e, 0x3c, 0x78, 0xf0, 0xe0, 0xe0, 0xc0, 0x80, 0x00, 0x00, 0x00, 0x00, 
	0x00, 0x00, 0x00, 0x00, 0x00, 0x0f, 0x1f, 0x1f, 0x1f, 0x1f, 0x1f, 0x1f, 0x1f, 0x1f, 0x1f, 0x1f, 
	0x1f, 0x1f, 0x1f, 0x1e, 0x1c, 0x1c, 0x18, 0x10, 0x01, 0x03, 0x03, 0x07, 0x0f, 0x1f, 0x1e, 0x0c
};
// 'users-slash', 32x32px
const unsigned char fas_32x32_fa_users_slash [] PROGMEM = {
	0x30, 0x78, 0xf8, 0xf0, 0xe0, 0xc0, 0xc0, 0x80, 0x00, 0x00, 0x00, 0x80, 0xc0, 0xe0, 0xe0, 0xe0, 
	0xe0, 0xe0, 0xe0, 0xc0, 0x80, 0x00, 0x00, 0x00, 0x00, 0x00, 0x00, 0x00, 0x00, 0x00, 0x00, 0x00, 
	0x00, 0x00, 0x1c, 0x38, 0x31, 0x23, 0x07, 0x07, 0x0f, 0x1e, 0x3e, 0x7f, 0x7f, 0xff, 0xff, 0xff, 
	0xff, 0xff, 0xff, 0x7f, 0x3f, 0x06, 0x00, 0x00, 0x1e, 0x3f, 0x3f, 0x3f, 0x3f, 0x1e, 0x00, 0x00, 
	0x3e, 0x3f, 0x7f, 0x7f, 0x3f, 0x0f, 0xc7, 0xf3, 0xf8, 0xfc, 0xfc, 0xfc, 0xfc, 0xf8, 0xf1, 0xe3, 
	0xe3, 0xc7, 0x8f, 0x1e, 0x3e, 0x3c, 0x7c, 0xf8, 0xf3, 0xe7, 0xcf, 0xff, 0x3f, 0x7f, 0x3f, 0x3e, 
	0x00, 0x00, 0x00, 0x00, 0x00, 0x00, 0x03, 0x07, 0x07, 0x07, 0x07, 0x07, 0x07, 0x07, 0x07, 0x07, 
	0x07, 0x07, 0x07, 0x07, 0x06, 0x06, 0x04, 0x00, 0x01, 0x03, 0x03, 0x07, 0x0f, 0x1f, 0x1e, 0x0c
};
// 'user-tag', 32x32px
const unsigned char fas_32x32_fa_user_tag [] PROGMEM = {
	0x00, 0x00, 0x00, 0x00, 0x00, 0xc0, 0xe0, 0xf0, 0xf0, 0xf8, 0xf8, 0xf8, 0xf8, 0xf8, 0xf0, 0xe0, 
	0xc0, 0x00, 0x00, 0x00, 0x00, 0x00, 0x00, 0x00, 0x00, 0x00, 0x00, 0x00, 0x00, 0x00, 0x00, 0x00, 
	0x00, 0x00, 0x00, 0x00, 0x00, 0x1f, 0x3f, 0x7f, 0x7f, 0xff, 0xff, 0xff, 0xff, 0xff, 0x7f, 0x3f, 
	0x1f, 0x07, 0x00, 0x00, 0x00, 0x00, 0x00, 0x00, 0x00, 0x00, 0x00, 0x00, 0x00, 0x00, 0x00, 0x00, 
	0xc0, 0xf0, 0xf8, 0xfc, 0xfc, 0xfc, 0xfc, 0xfc, 0xfc, 0xfc, 0xfc, 0xfc, 0xfc, 0xfc, 0xfc, 0xfc, 
	0xfc, 0xfc, 0x00, 0x7e, 0xff, 0xf7, 0xf3, 0xff, 0xff, 0xff, 0xfe, 0xfe, 0xfc, 0xf8, 0xf0, 0xe0, 
	0x0f, 0x1f, 0x1f, 0x1f, 0x1f, 0x1f, 0x1f, 0x1f, 0x1f, 0x1f, 0x1f, 0x1f, 0x1f, 0x1f, 0x1f, 0x1f, 
	0x1f, 0x1f, 0x1f, 0x1c, 0x18, 0x11, 0x03, 0x07, 0x0f, 0x1f, 0x1f, 0x0f, 0x07, 0x03, 0x01, 0x00
};
// 'user-tie', 32x32px
const unsigned char fas_32x32_fa_user_tie [] PROGMEM = {
	0x00, 0x00, 0x00, 0x00, 0x00, 0x00, 0x00, 0x00, 0xe0, 0xf8, 0xfc, 0xfe, 0xfe, 0xff, 0xff, 0xff, 
	0xff, 0xff, 0xff, 0xfe, 0xfe, 0xfc, 0xf8, 0xe0, 0x00, 0x00, 0x00, 0x00, 0x00, 0x00, 0x00, 0x00, 
	0x00, 0x00, 0x00, 0x00, 0x00, 0x00, 0x00, 0x00, 0x07, 0x1f, 0x3f, 0x7f, 0x7f, 0xff, 0xff, 0xff, 
	0xff, 0xff, 0xff, 0x7f, 0x7f, 0x3f, 0x1f, 0x07, 0x00, 0x00, 0x00, 0x00, 0x00, 0x00, 0x00, 0x00, 
	0x00, 0x00, 0x80, 0xc0, 0xf0, 0xf0, 0xf8, 0xf8, 0xfc, 0xfc, 0xf0, 0x00, 0x00, 0x04, 0x9c, 0xfc, 
	0xfc, 0x9c, 0x04, 0x00, 0x00, 0xf0, 0xfc, 0xfc, 0xf8, 0xf8, 0xf0, 0xf0, 0xc0, 0x80, 0x00, 0x00, 
	0x00, 0x00, 0x7f, 0xff, 0xff, 0xff, 0xff, 0xff, 0xff, 0xff, 0xff, 0xff, 0xf0, 0xf0, 0xff, 0xff, 
	0xff, 0xff, 0xf0, 0xf0, 0xff, 0xff, 0xff, 0xff, 0xff, 0xff, 0xff, 0xff, 0xff, 0x7f, 0x00, 0x00
};
// 'user-times', 32x32px
const unsigned char fas_32x32_fa_user_times [] PROGMEM = {
	0x00, 0x00, 0x00, 0x00, 0x00, 0xc0, 0xe0, 0xf0, 0xf0, 0xf8, 0xf8, 0xf8, 0xf8, 0xf8, 0xf0, 0xe0, 
	0xc0, 0x00, 0x00, 0x00, 0x00, 0x00, 0x00, 0x00, 0x00, 0x00, 0x00, 0x00, 0x00, 0x00, 0x00, 0x00, 
	0x00, 0x00, 0x00, 0x00, 0x00, 0x1f, 0x3f, 0x7f, 0x7f, 0xff, 0xff, 0xff, 0xff, 0xff, 0x7f, 0x3f, 
	0x1f, 0x07, 0x00, 0x00, 0x00, 0x00, 0x10, 0x38, 0xfc, 0xf8, 0xf0, 0xf0, 0xf8, 0xf8, 0x38, 0x18, 
	0xc0, 0xf0, 0xf8, 0xfc, 0xfc, 0xfc, 0xfc, 0xfc, 0xfc, 0xfc, 0xfc, 0xfc, 0xfc, 0xfc, 0xfc, 0xfc, 
	0xfc, 0xfc, 0xfc, 0xf8, 0xf0, 0xe0, 0x00, 0x0e, 0x0f, 0x07, 0x03, 0x03, 0x07, 0x0f, 0x0f, 0x06, 
	0x0f, 0x1f, 0x1f, 0x1f, 0x1f, 0x1f, 0x1f, 0x1f, 0x1f, 0x1f, 0x1f, 0x1f, 0x1f, 0x1f, 0x1f, 0x1f, 
	0x1f, 0x1f, 0x1f, 0x1f, 0x1f, 0x1f, 0x00, 0x00, 0x00, 0x00, 0x00, 0x00, 0x00, 0x00, 0x00, 0x00
};
// 'utensils', 32x32px
const unsigned char fas_32x32_fa_utensils [] PROGMEM = {
	0x00, 0x00, 0x00, 0xf8, 0xff, 0xff, 0xff, 0x00, 0xfe, 0xff, 0xff, 0xfe, 0x00, 0xff, 0xff, 0xff, 
	0xf0, 0x00, 0x00, 0x80, 0xe0, 0xf0, 0xf8, 0xfc, 0xfe, 0xff, 0xff, 0xff, 0xff, 0x00, 0x00, 0x00, 
	0x00, 0x00, 0x00, 0x0f, 0x3f, 0x7f, 0x7f, 0xfc, 0xff, 0xff, 0xff, 0xff, 0xfc, 0x7f, 0x7f, 0x3f, 
	0x0f, 0x00, 0x00, 0x3f, 0xff, 0xff, 0xff, 0xff, 0xff, 0xff, 0xff, 0xff, 0xff, 0x00, 0x00, 0x00, 
	0x00, 0x00, 0x00, 0x00, 0x00, 0x00, 0x00, 0xff, 0xff, 0xff, 0xff, 0xff, 0xff, 0x00, 0x00, 0x00, 
	0x00, 0x00, 0x00, 0x00, 0x00, 0x01, 0x03, 0xff, 0xff, 0xff, 0xff, 0xff, 0xff, 0x00, 0x00, 0x00, 
	0x00, 0x00, 0x00, 0x00, 0x00, 0x00, 0x00, 0xff, 0xff, 0xff, 0xff, 0xff, 0xff, 0x00, 0x00, 0x00, 
	0x00, 0x00, 0x00, 0x00, 0x00, 0x00, 0x00, 0xff, 0xff, 0xff, 0xff, 0xff, 0xff, 0x00, 0x00, 0x00
};
// 'utensil-spoon', 32x32px
const unsigned char fas_32x32_fa_utensil_spoon [] PROGMEM = {
	0x00, 0x00, 0x00, 0x00, 0x00, 0x00, 0x00, 0x00, 0x00, 0x00, 0x00, 0x00, 0x00, 0x80, 0xe0, 0xf0, 
	0xf8, 0xfc, 0xfc, 0xfe, 0xfe, 0xff, 0xff, 0xff, 0xff, 0xff, 0xff, 0xff, 0xfe, 0xfc, 0xf8, 0xf0, 
	0x00, 0x00, 0x00, 0x00, 0x00, 0x00, 0x00, 0x00, 0x00, 0x00, 0x00, 0x00, 0x80, 0xdf, 0xff, 0xff, 
	0xff, 0xff, 0xff, 0xff, 0xff, 0xff, 0xff, 0xff, 0xff, 0xff, 0xff, 0xff, 0xff, 0x7f, 0x1f, 0x07, 
	0x00, 0x00, 0x00, 0x80, 0xc0, 0xe0, 0xf0, 0xf0, 0xf8, 0xfc, 0xfe, 0xff, 0xff, 0x7f, 0x3f, 0x1f, 
	0x0f, 0x07, 0x03, 0x07, 0x07, 0x07, 0x07, 0x07, 0x07, 0x03, 0x03, 0x01, 0x00, 0x00, 0x00, 0x00, 
	0x0c, 0x1e, 0x3f, 0x7f, 0xff, 0xff, 0x7f, 0x3f, 0x1f, 0x0f, 0x07, 0x03, 0x00, 0x00, 0x00, 0x00, 
	0x00, 0x00, 0x00, 0x00, 0x00, 0x00, 0x00, 0x00, 0x00, 0x00, 0x00, 0x00, 0x00, 0x00, 0x00, 0x00
};
// 'vector-square', 32x32px
const unsigned char fas_32x32_fa_vector_square [] PROGMEM = {
	0xff, 0xff, 0xff, 0xff, 0xcf, 0xcf, 0xff, 0xff, 0xff, 0xfe, 0x3c, 0x3c, 0x3c, 0x3c, 0x3c, 0x3c, 
	0x3c, 0x3c, 0x3c, 0x3c, 0x3c, 0x3c, 0xfe, 0xff, 0xff, 0xff, 0xcf, 0xcf, 0xff, 0xff, 0xff, 0xff, 
	0x01, 0x03, 0xff, 0xff, 0xff, 0xff, 0x03, 0x03, 0x03, 0x01, 0x00, 0x00, 0x00, 0x00, 0x00, 0x00, 
	0x00, 0x00, 0x00, 0x00, 0x00, 0x00, 0x01, 0x03, 0x03, 0x03, 0xff, 0xff, 0xff, 0xff, 0x03, 0x01, 
	0x80, 0xc0, 0xff, 0xff, 0xff, 0xff, 0xc0, 0xc0, 0xc0, 0x80, 0x00, 0x00, 0x00, 0x00, 0x00, 0x00, 
	0x00, 0x00, 0x00, 0x00, 0x00, 0x00, 0x80, 0xc0, 0xc0, 0xc0, 0xff, 0xff, 0xff, 0xff, 0xc0, 0x80, 
	0xff, 0xff, 0xff, 0xff, 0xf3, 0xf3, 0xff, 0xff, 0xff, 0x7f, 0x3c, 0x3c, 0x3c, 0x3c, 0x3c, 0x3c, 
	0x3c, 0x3c, 0x3c, 0x3c, 0x3c, 0x3c, 0x7f, 0xff, 0xff, 0xff, 0xf3, 0xf3, 0xff, 0xff, 0xff, 0xff
};
// 'venus', 32x32px
const unsigned char fas_32x32_fa_venus [] PROGMEM = {
	0x00, 0x00, 0x00, 0x00, 0x00, 0x00, 0x00, 0x00, 0xc0, 0xe0, 0xf0, 0xf8, 0xf8, 0x7c, 0x3c, 0x3c, 
	0x3c, 0x3c, 0x7c, 0xf8, 0xf8, 0xf0, 0xe0, 0xc0, 0x00, 0x00, 0x00, 0x00, 0x00, 0x00, 0x00, 0x00, 
	0x00, 0x00, 0x00, 0x00, 0x00, 0x00, 0x00, 0x3f, 0xff, 0xff, 0xff, 0xe1, 0xc0, 0x80, 0x00, 0x00, 
	0x00, 0x00, 0x80, 0xc0, 0xe1, 0xff, 0xff, 0xff, 0x3f, 0x00, 0x00, 0x00, 0x00, 0x00, 0x00, 0x00, 
	0x00, 0x00, 0x00, 0x00, 0x00, 0x00, 0x00, 0x00, 0x00, 0x01, 0x03, 0x87, 0x87, 0x8f, 0xff, 0xff, 
	0xff, 0xff, 0x8f, 0x87, 0x87, 0x03, 0x01, 0x00, 0x00, 0x00, 0x00, 0x00, 0x00, 0x00, 0x00, 0x00, 
	0x00, 0x00, 0x00, 0x00, 0x00, 0x00, 0x00, 0x00, 0x00, 0x00, 0x00, 0x07, 0x07, 0x07, 0x3f, 0x3f, 
	0x3f, 0x3f, 0x07, 0x07, 0x07, 0x00, 0x00, 0x00, 0x00, 0x00, 0x00, 0x00, 0x00, 0x00, 0x00, 0x00
};
// 'venus-double', 32x32px
const unsigned char fas_32x32_fa_venus_double [] PROGMEM = {
	0x00, 0xc0, 0xe0, 0xf0, 0xf8, 0xf8, 0x7c, 0x3c, 0x3c, 0x3c, 0x3c, 0x7c, 0xf8, 0xf8, 0xf0, 0xe0, 
	0xc0, 0x00, 0x38, 0x78, 0x7c, 0x3c, 0x3c, 0x3c, 0x3c, 0x7c, 0xf8, 0xf8, 0xf0, 0xe0, 0xc0, 0x00, 
	0x3f, 0xff, 0xff, 0xff, 0xe1, 0xc0, 0x80, 0x00, 0x00, 0x00, 0x00, 0x80, 0xc0, 0xe1, 0xff, 0xff, 
	0xff, 0x3f, 0x00, 0x80, 0x80, 0x00, 0x00, 0x00, 0x00, 0x80, 0xc0, 0xe1, 0xff, 0xff, 0xff, 0x3f, 
	0x00, 0x00, 0x01, 0x03, 0x87, 0x87, 0x8f, 0xff, 0xff, 0xff, 0xff, 0x8f, 0x87, 0x87, 0x03, 0x01, 
	0x00, 0x00, 0x87, 0x87, 0x8f, 0xff, 0xff, 0xff, 0xff, 0x8f, 0x87, 0x87, 0x03, 0x01, 0x00, 0x00, 
	0x00, 0x00, 0x00, 0x00, 0x07, 0x07, 0x07, 0x3f, 0x3f, 0x3f, 0x3f, 0x07, 0x07, 0x07, 0x00, 0x00, 
	0x00, 0x00, 0x07, 0x07, 0x07, 0x3f, 0x3f, 0x3f, 0x3f, 0x07, 0x07, 0x07, 0x00, 0x00, 0x00, 0x00
};
// 'venus-mars', 32x32px
const unsigned char fas_32x32_fa_venus_mars [] PROGMEM = {
	0x00, 0x00, 0x00, 0x80, 0xc0, 0xc0, 0xc0, 0xc0, 0xc0, 0xc0, 0xc0, 0xc0, 0x80, 0x00, 0x00, 0x00, 
	0xc0, 0xc0, 0xc0, 0xc0, 0xe0, 0xc0, 0xc0, 0xc0, 0xc0, 0xc0, 0xe4, 0xfc, 0xfc, 0x7c, 0x7c, 0xfc, 
	0xfc, 0xfe, 0xff, 0xff, 0x07, 0x03, 0x01, 0x01, 0x01, 0x01, 0x03, 0x07, 0xff, 0xff, 0xfe, 0xf8, 
	0x01, 0x03, 0x03, 0x01, 0x01, 0x01, 0x03, 0x03, 0x8f, 0xff, 0xff, 0xff, 0x00, 0x00, 0x00, 0x00, 
	0x00, 0x03, 0x07, 0x0f, 0x0f, 0x1e, 0xfe, 0xfc, 0xfc, 0xfe, 0x1e, 0x0f, 0x0f, 0x07, 0x03, 0x00, 
	0x0c, 0x1e, 0x1e, 0x1c, 0x1c, 0x1c, 0x1e, 0x1f, 0x0f, 0x0f, 0x07, 0x01, 0x00, 0x00, 0x00, 0x00, 
	0x00, 0x00, 0x00, 0x00, 0x07, 0x07, 0x3f, 0x3f, 0x3f, 0x3f, 0x07, 0x07, 0x00, 0x00, 0x00, 0x00, 
	0x00, 0x00, 0x00, 0x00, 0x00, 0x00, 0x00, 0x00, 0x00, 0x00, 0x00, 0x00, 0x00, 0x00, 0x00, 0x00
};
// 'vest', 32x32px
const unsigned char fas_32x32_fa_vest [] PROGMEM = {
	0x00, 0x00, 0x00, 0x00, 0x00, 0x00, 0xfe, 0xff, 0xff, 0xff, 0xff, 0xfe, 0x9e, 0x1c, 0x1c, 0x1c, 
	0x1c, 0x1c, 0x1c, 0x9e, 0xfe, 0xff, 0xff, 0xff, 0xff, 0xfe, 0x00, 0x00, 0x00, 0x00, 0x00, 0x00, 
	0x00, 0x00, 0x80, 0xc0, 0xf0, 0xf8, 0xff, 0xff, 0xff, 0xff, 0xff, 0xff, 0xff, 0xfc, 0xe0, 0x00, 
	0x00, 0xe0, 0xfc, 0xff, 0xff, 0xff, 0xff, 0xff, 0xff, 0xff, 0xf8, 0xf0, 0xc0, 0x80, 0x00, 0x00, 
	0x00, 0x00, 0xff, 0xff, 0xff, 0xff, 0xff, 0x7f, 0x3f, 0x3f, 0xff, 0xff, 0xff, 0xff, 0x00, 0x00, 
	0xff, 0xff, 0xff, 0xff, 0xff, 0xff, 0x3f, 0x3f, 0x7f, 0xff, 0xff, 0xff, 0xff, 0xff, 0x00, 0x00, 
	0x00, 0x00, 0xff, 0xff, 0xff, 0xff, 0xfc, 0xfc, 0xfe, 0xff, 0xff, 0xff, 0xff, 0xff, 0x00, 0x00, 
	0xff, 0xff, 0xff, 0xff, 0xff, 0xff, 0xff, 0xfe, 0xfc, 0xfc, 0xff, 0xff, 0xff, 0xff, 0x00, 0x00
};
// 'vest-patches', 32x32px
const unsigned char fas_32x32_fa_vest_patches [] PROGMEM = {
	0x00, 0x00, 0x00, 0x00, 0x00, 0x00, 0xfe, 0xff, 0xff, 0xff, 0xff, 0xfe, 0x9e, 0x1c, 0x1c, 0x1c, 
	0x1c, 0x1c, 0x1c, 0x9e, 0xfe, 0xff, 0xff, 0xff, 0xff, 0xfe, 0x00, 0x00, 0x00, 0x00, 0x00, 0x00, 
	0x00, 0x00, 0x80, 0xc0, 0xf0, 0xf8, 0xff, 0xff, 0xff, 0xff, 0xff, 0xff, 0xff, 0xfc, 0xe0, 0x00, 
	0x00, 0xe0, 0xfc, 0xff, 0xff, 0xff, 0xff, 0xff, 0xff, 0xff, 0xf8, 0xf0, 0xc0, 0x80, 0x00, 0x00, 
	0x00, 0x00, 0xff, 0xff, 0xff, 0xff, 0xf0, 0xf0, 0xf0, 0xf0, 0xff, 0xff, 0xff, 0xff, 0x00, 0x00, 
	0xff, 0xff, 0xff, 0xff, 0xff, 0xe1, 0xe0, 0xe0, 0xe3, 0xf3, 0xff, 0xff, 0xff, 0xff, 0x00, 0x00, 
	0x00, 0x00, 0xff, 0xff, 0xff, 0xff, 0xf0, 0xf0, 0xf0, 0xf0, 0xff, 0xff, 0xff, 0xff, 0x00, 0x00, 
	0xff, 0xff, 0xff, 0xff, 0xff, 0xff, 0xff, 0xff, 0xff, 0xff, 0xff, 0xff, 0xff, 0xff, 0x00, 0x00
};
// 'vial', 32x32px
const unsigned char fas_32x32_fa_vial [] PROGMEM = {
	0x00, 0x00, 0x00, 0x00, 0x00, 0x00, 0x00, 0x00, 0x00, 0x00, 0x00, 0x00, 0x00, 0x00, 0x00, 0x80, 
	0xc0, 0xe8, 0xfc, 0xfe, 0x7e, 0xfc, 0xf8, 0xf0, 0xe0, 0xc0, 0x80, 0x00, 0x00, 0x00, 0x00, 0x00, 
	0x00, 0x00, 0x00, 0x00, 0x00, 0x00, 0x00, 0x80, 0xc0, 0xe0, 0xf0, 0xf8, 0x7c, 0x3e, 0x1f, 0x0f, 
	0x07, 0x03, 0x01, 0x00, 0x00, 0x80, 0xc1, 0xe3, 0xf7, 0xff, 0x7f, 0x3f, 0x3e, 0x3c, 0x18, 0x00, 
	0x00, 0xc0, 0xf0, 0xf8, 0xfc, 0xfe, 0xff, 0xff, 0xff, 0xff, 0xff, 0xff, 0xff, 0xff, 0xff, 0xff, 
	0xff, 0xff, 0x7f, 0x3f, 0x1f, 0x0f, 0x07, 0x03, 0x01, 0x00, 0x00, 0x00, 0x00, 0x00, 0x00, 0x00, 
	0x00, 0x07, 0x1f, 0x3f, 0x3f, 0x7f, 0x7f, 0x7f, 0x7f, 0x7f, 0x3f, 0x3f, 0x1f, 0x0f, 0x07, 0x03, 
	0x01, 0x00, 0x00, 0x00, 0x00, 0x00, 0x00, 0x00, 0x00, 0x00, 0x00, 0x00, 0x00, 0x00, 0x00, 0x00
};
// 'vials', 32x32px
const unsigned char fas_32x32_fa_vials [] PROGMEM = {
	0x00, 0x00, 0x00, 0x38, 0x38, 0xf8, 0xf8, 0x38, 0x38, 0x38, 0xf8, 0xf8, 0xf8, 0x38, 0x00, 0x00, 
	0x00, 0x00, 0x38, 0xf8, 0xf8, 0xf8, 0x38, 0x38, 0x38, 0xf8, 0xf8, 0x38, 0x38, 0x00, 0x00, 0x00, 
	0x00, 0x00, 0x00, 0x00, 0x00, 0xff, 0xff, 0xf8, 0xf8, 0xf8, 0xff, 0xff, 0xff, 0x00, 0x00, 0x00, 
	0x00, 0x00, 0x00, 0xff, 0xff, 0xff, 0xf8, 0xf8, 0xf8, 0xff, 0xff, 0x00, 0x00, 0x00, 0x00, 0x00, 
	0x00, 0x00, 0x00, 0x00, 0x00, 0x1f, 0x3f, 0x3f, 0x3f, 0x3f, 0x3f, 0x1f, 0x0f, 0x00, 0x00, 0x00, 
	0x00, 0x00, 0x00, 0x0f, 0x1f, 0x3f, 0x3f, 0x3f, 0x3f, 0x3f, 0x1f, 0x00, 0x00, 0x00, 0x00, 0x00, 
	0x1c, 0x1c, 0x1c, 0x1c, 0x1c, 0x1c, 0x1c, 0x1c, 0x1c, 0x1c, 0x1c, 0x1c, 0x1c, 0x1c, 0x1c, 0x1c, 
	0x1c, 0x1c, 0x1c, 0x1c, 0x1c, 0x1c, 0x1c, 0x1c, 0x1c, 0x1c, 0x1c, 0x1c, 0x1c, 0x1c, 0x1c, 0x1c
};
// 'video', 32x32px
const unsigned char fas_32x32_fa_video [] PROGMEM = {
	0xc0, 0xc0, 0xc0, 0xe0, 0xe0, 0xe0, 0xe0, 0xe0, 0xe0, 0xe0, 0xe0, 0xe0, 0xe0, 0xe0, 0xe0, 0xe0, 
	0xe0, 0xe0, 0xe0, 0xc0, 0xc0, 0x00, 0x00, 0x00, 0x00, 0x00, 0x00, 0x00, 0x00, 0x80, 0x80, 0x00, 
	0xff, 0xff, 0xff, 0xff, 0xff, 0xff, 0xff, 0xff, 0xff, 0xff, 0xff, 0xff, 0xff, 0xff, 0xff, 0xff, 
	0xff, 0xff, 0xff, 0xff, 0xff, 0x00, 0x00, 0xf8, 0xf8, 0xfc, 0xfe, 0xfe, 0xff, 0xff, 0xff, 0xff, 
	0xff, 0xff, 0xff, 0xff, 0xff, 0xff, 0xff, 0xff, 0xff, 0xff, 0xff, 0xff, 0xff, 0xff, 0xff, 0xff, 
	0xff, 0xff, 0xff, 0xff, 0xff, 0x00, 0x00, 0x1f, 0x1f, 0x3f, 0x7f, 0x7f, 0xff, 0xff, 0xff, 0xff, 
	0x03, 0x03, 0x03, 0x07, 0x07, 0x07, 0x07, 0x07, 0x07, 0x07, 0x07, 0x07, 0x07, 0x07, 0x07, 0x07, 
	0x07, 0x07, 0x07, 0x03, 0x03, 0x00, 0x00, 0x00, 0x00, 0x00, 0x00, 0x00, 0x00, 0x01, 0x01, 0x00
};
// 'video-slash', 32x32px
const unsigned char fas_32x32_fa_video_slash [] PROGMEM = {
	0x30, 0x78, 0xf8, 0xf0, 0xe0, 0xc0, 0xc0, 0xc0, 0xc0, 0xc0, 0xc0, 0xc0, 0xc0, 0xc0, 0xc0, 0xc0, 
	0xc0, 0xc0, 0xc0, 0x80, 0x00, 0x00, 0x00, 0x00, 0x00, 0x00, 0x00, 0x00, 0x00, 0x00, 0x00, 0x00, 
	0x00, 0x00, 0xf0, 0xf0, 0xe1, 0xc3, 0x87, 0x87, 0x0f, 0x1f, 0x3f, 0x7f, 0x7f, 0xff, 0xff, 0xff, 
	0xff, 0xff, 0xff, 0xff, 0xff, 0x00, 0xf0, 0xf8, 0xfc, 0xfc, 0xfe, 0xff, 0xff, 0xff, 0x00, 0x00, 
	0x00, 0x00, 0xff, 0xff, 0xff, 0xff, 0xff, 0xff, 0xff, 0xfe, 0xfc, 0xf8, 0xf8, 0xf0, 0xe1, 0xc3, 
	0x83, 0x87, 0x0f, 0x1f, 0x3f, 0x3c, 0x7f, 0xff, 0xff, 0xff, 0xff, 0xff, 0xff, 0xff, 0x00, 0x00, 
	0x00, 0x00, 0x01, 0x03, 0x03, 0x03, 0x03, 0x03, 0x03, 0x03, 0x03, 0x03, 0x03, 0x03, 0x03, 0x03, 
	0x03, 0x03, 0x03, 0x00, 0x00, 0x00, 0x00, 0x00, 0x01, 0x03, 0x03, 0x07, 0x0f, 0x1f, 0x1e, 0x0c
};
// 'vihara', 32x32px
const unsigned char fas_32x32_fa_vihara [] PROGMEM = {
	0x00, 0x00, 0x00, 0x00, 0x00, 0x00, 0x00, 0x80, 0x80, 0xc0, 0xc0, 0xe0, 0xe0, 0xf0, 0xf0, 0xf8, 
	0xf8, 0xf0, 0xf0, 0xe0, 0xe0, 0xc0, 0xc0, 0x80, 0x80, 0x00, 0x00, 0x00, 0x00, 0x00, 0x00, 0x00, 
	0x00, 0x00, 0x80, 0x80, 0xc0, 0xc0, 0xe0, 0xe1, 0xff, 0xff, 0xff, 0xe3, 0xe1, 0xe3, 0xe3, 0xe3, 
	0xe3, 0xe3, 0xe3, 0xe1, 0xe3, 0xff, 0xff, 0xff, 0xe1, 0xe0, 0xc0, 0xc0, 0x80, 0x80, 0x00, 0x00, 
	0x80, 0x80, 0xc1, 0xc1, 0xe3, 0xff, 0xff, 0xff, 0xe3, 0xe3, 0xe3, 0xe3, 0xe3, 0xe3, 0xe3, 0xe3, 
	0xe3, 0xe3, 0xe3, 0xe3, 0xe3, 0xe3, 0xe3, 0xe3, 0xff, 0xff, 0xff, 0xe3, 0xc1, 0xc1, 0x80, 0x80, 
	0x01, 0x01, 0x03, 0x1f, 0x1f, 0x1f, 0x03, 0x03, 0x03, 0x03, 0x03, 0x03, 0x03, 0x03, 0x1f, 0x1f, 
	0x1f, 0x1f, 0x03, 0x03, 0x03, 0x03, 0x03, 0x03, 0x03, 0x03, 0x1f, 0x1f, 0x1f, 0x03, 0x01, 0x01
};
// 'virus', 32x32px
const unsigned char fas_32x32_fa_virus [] PROGMEM = {
	0x00, 0x00, 0x00, 0x00, 0x60, 0xf0, 0xf0, 0xe0, 0xc0, 0xc0, 0x80, 0x80, 0xc0, 0xe0, 0xfe, 0xff, 
	0xff, 0xfe, 0xe0, 0xc0, 0x80, 0x80, 0xc0, 0xc0, 0xe0, 0xf0, 0xf0, 0x60, 0x00, 0x00, 0x00, 0x00, 
	0x80, 0xc0, 0xc0, 0xc0, 0xc0, 0xe0, 0xf3, 0xff, 0xff, 0xff, 0xff, 0x0f, 0x07, 0x07, 0x07, 0x07, 
	0x0f, 0xff, 0xff, 0xff, 0xff, 0xff, 0xff, 0xff, 0xff, 0xf3, 0xe0, 0xc0, 0xc0, 0xc0, 0xc0, 0x80, 
	0x01, 0x03, 0x03, 0x03, 0x03, 0x07, 0xcf, 0xff, 0xff, 0xff, 0xff, 0xff, 0xfe, 0xfe, 0xfe, 0xfe, 
	0xff, 0xff, 0xf3, 0xf3, 0xff, 0xff, 0xff, 0xff, 0xff, 0xcf, 0x07, 0x03, 0x03, 0x03, 0x03, 0x01, 
	0x00, 0x00, 0x00, 0x00, 0x06, 0x0f, 0x0f, 0x07, 0x03, 0x03, 0x01, 0x01, 0x03, 0x07, 0x7f, 0xff, 
	0xff, 0x7f, 0x07, 0x03, 0x01, 0x01, 0x03, 0x03, 0x07, 0x0f, 0x0f, 0x06, 0x00, 0x00, 0x00, 0x00
};
// 'viruses', 32x32px
const unsigned char fas_32x32_fa_viruses [] PROGMEM = {
	0x00, 0x00, 0x00, 0xc0, 0xc0, 0x80, 0x80, 0x80, 0xf0, 0xf8, 0xf8, 0x80, 0x80, 0x80, 0xc0, 0xc0, 
	0x40, 0x00, 0x00, 0x00, 0x00, 0x00, 0x00, 0x00, 0x00, 0x00, 0x00, 0x00, 0x00, 0x00, 0x00, 0x00, 
	0x30, 0x30, 0x38, 0x78, 0xff, 0xff, 0xff, 0xe3, 0xe3, 0xff, 0xff, 0xdf, 0xdf, 0xff, 0xff, 0x7d, 
	0x38, 0x30, 0x30, 0x00, 0x00, 0x00, 0x00, 0x00, 0x80, 0x80, 0x00, 0x00, 0x00, 0x00, 0x00, 0x00, 
	0x00, 0x00, 0x00, 0x0e, 0x0f, 0x07, 0x03, 0x07, 0x1f, 0x3f, 0x3f, 0x07, 0x07, 0x07, 0x07, 0x0e, 
	0x04, 0x00, 0x20, 0x60, 0xf7, 0xfe, 0xfe, 0xc6, 0xc7, 0xff, 0xfe, 0xfe, 0xfe, 0x73, 0x60, 0x20, 
	0x00, 0x00, 0x00, 0x00, 0x00, 0x00, 0x00, 0x00, 0x00, 0x00, 0x00, 0x00, 0x00, 0x00, 0x00, 0x00, 
	0x00, 0x00, 0x00, 0x00, 0x07, 0x03, 0x03, 0x07, 0x1f, 0x1f, 0x03, 0x03, 0x07, 0x06, 0x00, 0x00
};
// 'virus-slash', 32x32px
const unsigned char fas_32x32_fa_virus_slash [] PROGMEM = {
	0x30, 0x78, 0xf8, 0xf0, 0xe0, 0xc0, 0xc0, 0xc0, 0x80, 0x80, 0x00, 0x00, 0x00, 0x00, 0xc0, 0xf8, 
	0xf8, 0xc0, 0x00, 0x00, 0x00, 0x00, 0x80, 0x80, 0x80, 0x00, 0x00, 0x00, 0x00, 0x00, 0x00, 0x00, 
	0x00, 0x00, 0x00, 0x80, 0x81, 0x83, 0xc7, 0xc7, 0x8f, 0x1f, 0x3f, 0x7f, 0x7f, 0xff, 0xef, 0xcf, 
	0xff, 0xff, 0xff, 0xff, 0xff, 0xff, 0xff, 0xff, 0xc1, 0xc0, 0x80, 0x80, 0x80, 0x00, 0x00, 0x00, 
	0x00, 0x00, 0x00, 0x01, 0x01, 0x01, 0x03, 0x83, 0xff, 0xff, 0xfe, 0xfc, 0xfc, 0xf8, 0xf1, 0xe3, 
	0xe3, 0xc7, 0x8f, 0x1f, 0x3f, 0x3f, 0x7f, 0xff, 0xe3, 0xe3, 0xc1, 0x81, 0x01, 0x00, 0x00, 0x00, 
	0x00, 0x00, 0x00, 0x00, 0x00, 0x00, 0x00, 0x03, 0x03, 0x01, 0x00, 0x00, 0x00, 0x00, 0x03, 0x1f, 
	0x1f, 0x03, 0x00, 0x00, 0x00, 0x00, 0x00, 0x00, 0x01, 0x03, 0x03, 0x07, 0x0f, 0x1f, 0x1e, 0x0c
};
// 'voicemail', 32x32px
const unsigned char fas_32x32_fa_voicemail [] PROGMEM = {
	0x00, 0x00, 0x00, 0x00, 0x00, 0x00, 0x00, 0x00, 0x00, 0x00, 0x00, 0x00, 0x00, 0x00, 0x00, 0x00, 
	0x00, 0x00, 0x00, 0x00, 0x00, 0x00, 0x00, 0x00, 0x00, 0x00, 0x00, 0x00, 0x00, 0x00, 0x00, 0x00, 
	0xc0, 0xf0, 0xf8, 0x78, 0x3c, 0x1c, 0x1c, 0x1e, 0x1c, 0x3c, 0x7c, 0xf8, 0xf0, 0xe0, 0x00, 0x00, 
	0x00, 0x00, 0xe0, 0xf0, 0xf8, 0x7c, 0x3c, 0x1c, 0x1e, 0x1c, 0x1c, 0x3c, 0x78, 0xf8, 0xf0, 0xc0, 
	0x0f, 0x1f, 0x3f, 0x7c, 0xf0, 0xf0, 0xe0, 0xe0, 0xe0, 0xf0, 0xf8, 0xff, 0xff, 0xff, 0xe0, 0xe0, 
	0xe0, 0xe0, 0xff, 0xff, 0xff, 0xf8, 0xf0, 0xe0, 0xe0, 0xe0, 0xf0, 0xf0, 0x7c, 0x3f, 0x1f, 0x0f, 
	0x00, 0x00, 0x00, 0x00, 0x00, 0x00, 0x00, 0x00, 0x00, 0x00, 0x00, 0x00, 0x00, 0x00, 0x00, 0x00, 
	0x00, 0x00, 0x00, 0x00, 0x00, 0x00, 0x00, 0x00, 0x00, 0x00, 0x00, 0x00, 0x00, 0x00, 0x00, 0x00
};
// 'volleyball-ball', 32x32px
const unsigned char fas_32x32_fa_volleyball_ball [] PROGMEM = {
	0x00, 0x00, 0x00, 0x80, 0xc0, 0xe0, 0xf0, 0xf8, 0xf8, 0xf8, 0xf0, 0x40, 0x02, 0x0e, 0x1f, 0x7f, 
	0xff, 0xfe, 0xfe, 0xfc, 0xf0, 0xe0, 0x04, 0x1c, 0x78, 0xf0, 0xe0, 0xc0, 0x80, 0x00, 0x00, 0x00, 
	0xc0, 0xfc, 0x7f, 0x3f, 0x1f, 0xcf, 0xe7, 0xf3, 0xf9, 0xf8, 0xfc, 0xfe, 0xfe, 0xfc, 0x00, 0x00, 
	0x03, 0x7f, 0xff, 0xff, 0xff, 0xff, 0xff, 0xf8, 0x00, 0x07, 0xff, 0xff, 0xff, 0xff, 0xfc, 0xc0, 
	0x03, 0x01, 0xf0, 0xfc, 0xff, 0xff, 0xff, 0x3f, 0x1f, 0x0f, 0x03, 0x41, 0x61, 0xf0, 0xf8, 0xfc, 
	0xfc, 0xfc, 0xf8, 0xf8, 0xf8, 0xf1, 0xf1, 0xf1, 0xf0, 0xf0, 0xf1, 0xf1, 0xf1, 0xf1, 0x31, 0x00, 
	0x00, 0x00, 0x00, 0x01, 0x03, 0x07, 0x00, 0x00, 0x38, 0x3e, 0x7f, 0x7e, 0x7e, 0x7c, 0xfc, 0xf9, 
	0xf9, 0xf9, 0x73, 0x73, 0x73, 0x73, 0x33, 0x33, 0x13, 0x03, 0x03, 0x03, 0x01, 0x00, 0x00, 0x00
};
// 'volume-down', 32x32px
const unsigned char fas_32x32_fa_volume_down [] PROGMEM = {
	0x00, 0x00, 0x00, 0x00, 0x00, 0x00, 0x00, 0x00, 0x00, 0x00, 0x00, 0x00, 0x00, 0x00, 0x80, 0xc0, 
	0xe0, 0xf0, 0xf0, 0xf0, 0x00, 0x00, 0x00, 0x00, 0x00, 0x00, 0x00, 0x00, 0x00, 0x00, 0x00, 0x00, 
	0x00, 0x00, 0x00, 0x00, 0xfc, 0xfc, 0xfc, 0xfc, 0xfc, 0xfc, 0xfc, 0xfc, 0xfe, 0xff, 0xff, 0xff, 
	0xff, 0xff, 0xff, 0xff, 0x00, 0x00, 0x00, 0x38, 0x78, 0xf8, 0xf0, 0xc0, 0x00, 0x00, 0x00, 0x00, 
	0x00, 0x00, 0x00, 0x00, 0x3f, 0x3f, 0x3f, 0x3f, 0x3f, 0x3f, 0x3f, 0x3f, 0x7f, 0xff, 0xff, 0xff, 
	0xff, 0xff, 0xff, 0xff, 0x00, 0x00, 0x00, 0x1c, 0x1e, 0x1f, 0x0f, 0x07, 0x00, 0x00, 0x00, 0x00, 
	0x00, 0x00, 0x00, 0x00, 0x00, 0x00, 0x00, 0x00, 0x00, 0x00, 0x00, 0x00, 0x00, 0x00, 0x01, 0x03, 
	0x07, 0x0f, 0x0f, 0x0f, 0x00, 0x00, 0x00, 0x00, 0x00, 0x00, 0x00, 0x00, 0x00, 0x00, 0x00, 0x00
};
// 'volume-mute', 32x32px
const unsigned char fas_32x32_fa_volume_mute [] PROGMEM = {
	0x00, 0x00, 0x00, 0x00, 0x00, 0x00, 0x00, 0x00, 0x00, 0x00, 0x80, 0xc0, 0xe0, 0xf0, 0xf0, 0xf0, 
	0x00, 0x00, 0x00, 0x00, 0x00, 0x00, 0x00, 0x00, 0x00, 0x00, 0x00, 0x00, 0x00, 0x00, 0x00, 0x00, 
	0xfc, 0xfc, 0xfc, 0xfc, 0xfc, 0xfc, 0xfc, 0xfc, 0xfe, 0xff, 0xff, 0xff, 0xff, 0xff, 0xff, 0xff, 
	0x00, 0x00, 0x00, 0x00, 0x18, 0x3c, 0x7c, 0xf8, 0xf0, 0xe0, 0xe0, 0xf0, 0xf8, 0x7c, 0x3c, 0x18, 
	0x3f, 0x3f, 0x3f, 0x3f, 0x3f, 0x3f, 0x3f, 0x3f, 0x7f, 0xff, 0xff, 0xff, 0xff, 0xff, 0xff, 0xff, 
	0x00, 0x00, 0x00, 0x00, 0x18, 0x3c, 0x3e, 0x1f, 0x0f, 0x07, 0x07, 0x0f, 0x1f, 0x3e, 0x3c, 0x18, 
	0x00, 0x00, 0x00, 0x00, 0x00, 0x00, 0x00, 0x00, 0x00, 0x00, 0x01, 0x03, 0x07, 0x0f, 0x0f, 0x0f, 
	0x00, 0x00, 0x00, 0x00, 0x00, 0x00, 0x00, 0x00, 0x00, 0x00, 0x00, 0x00, 0x00, 0x00, 0x00, 0x00
};
// 'volume-off', 32x32px
const unsigned char fas_32x32_fa_volume_off [] PROGMEM = {
	0x00, 0x00, 0x00, 0x00, 0x00, 0x00, 0x00, 0x00, 0x00, 0x00, 0x00, 0x00, 0x00, 0x00, 0x00, 0x00, 
	0x00, 0x00, 0x80, 0xc0, 0xe0, 0xf0, 0xf0, 0xf0, 0x00, 0x00, 0x00, 0x00, 0x00, 0x00, 0x00, 0x00, 
	0x00, 0x00, 0x00, 0x00, 0x00, 0x00, 0x00, 0x00, 0xfc, 0xfc, 0xfc, 0xfc, 0xfc, 0xfc, 0xfc, 0xfc, 
	0xfe, 0xff, 0xff, 0xff, 0xff, 0xff, 0xff, 0xff, 0x00, 0x00, 0x00, 0x00, 0x00, 0x00, 0x00, 0x00, 
	0x00, 0x00, 0x00, 0x00, 0x00, 0x00, 0x00, 0x00, 0x3f, 0x3f, 0x3f, 0x3f, 0x3f, 0x3f, 0x3f, 0x3f, 
	0x7f, 0xff, 0xff, 0xff, 0xff, 0xff, 0xff, 0xff, 0x00, 0x00, 0x00, 0x00, 0x00, 0x00, 0x00, 0x00, 
	0x00, 0x00, 0x00, 0x00, 0x00, 0x00, 0x00, 0x00, 0x00, 0x00, 0x00, 0x00, 0x00, 0x00, 0x00, 0x00, 
	0x00, 0x00, 0x01, 0x03, 0x07, 0x0f, 0x0f, 0x0f, 0x00, 0x00, 0x00, 0x00, 0x00, 0x00, 0x00, 0x00
};
// 'volume-up', 32x32px
const unsigned char fas_32x32_fa_volume_up [] PROGMEM = {
	0x00, 0x00, 0x00, 0x00, 0x00, 0x00, 0x00, 0x00, 0x00, 0x00, 0x80, 0xc0, 0xc0, 0xc0, 0x00, 0x00, 
	0x00, 0x00, 0x00, 0x00, 0x80, 0x80, 0x00, 0x18, 0x38, 0x78, 0xf0, 0xe0, 0xc0, 0x00, 0x00, 0x00, 
	0xf8, 0xf8, 0xf8, 0xf8, 0xf8, 0xf8, 0xf8, 0xfc, 0xfe, 0xff, 0xff, 0xff, 0xff, 0xff, 0x00, 0x00, 
	0x00, 0x30, 0x70, 0xf0, 0xe3, 0x07, 0x0f, 0x1e, 0xfc, 0xf8, 0xc0, 0x03, 0x0f, 0xff, 0xfe, 0xf0, 
	0x1f, 0x1f, 0x1f, 0x1f, 0x1f, 0x1f, 0x1f, 0x3f, 0x7f, 0xff, 0xff, 0xff, 0xff, 0xff, 0x00, 0x00, 
	0x00, 0x0c, 0x0e, 0x0f, 0xc7, 0xe0, 0xf0, 0x78, 0x3f, 0x1f, 0x03, 0xc0, 0xf0, 0xff, 0x7f, 0x0f, 
	0x00, 0x00, 0x00, 0x00, 0x00, 0x00, 0x00, 0x00, 0x00, 0x00, 0x01, 0x03, 0x03, 0x03, 0x00, 0x00, 
	0x00, 0x00, 0x00, 0x00, 0x01, 0x01, 0x00, 0x18, 0x1c, 0x1e, 0x0f, 0x07, 0x03, 0x00, 0x00, 0x00
};
// 'vote-yea', 32x32px
const unsigned char fas_32x32_fa_vote_yea [] PROGMEM = {
	0x00, 0x00, 0x00, 0x00, 0x00, 0x00, 0xc0, 0xe0, 0xe0, 0xe0, 0xe0, 0xe0, 0xe0, 0xe0, 0xe0, 0xe0, 
	0xe0, 0xe0, 0xe0, 0xe0, 0xe0, 0xe0, 0xe0, 0xe0, 0xe0, 0xc0, 0x00, 0x00, 0x00, 0x00, 0x00, 0x00, 
	0x00, 0x00, 0x00, 0x00, 0x00, 0x00, 0xff, 0xff, 0xff, 0xff, 0xff, 0x8f, 0x0f, 0x1f, 0x3f, 0x1f, 
	0x0f, 0x87, 0xc3, 0xe1, 0xf3, 0xff, 0xff, 0xff, 0xff, 0xff, 0x00, 0x00, 0x00, 0x00, 0x00, 0x00, 
	0xf0, 0xf8, 0xf8, 0x78, 0x38, 0x00, 0x3f, 0x7f, 0x7f, 0x7f, 0x7f, 0x7f, 0x7f, 0x7e, 0x7c, 0x7e, 
	0x7f, 0x7f, 0x7f, 0x7f, 0x7f, 0x7f, 0x7f, 0x7f, 0x7f, 0x3f, 0x00, 0x38, 0x78, 0xf8, 0xf8, 0xf0, 
	0x07, 0x07, 0x07, 0x07, 0x07, 0x07, 0x07, 0x07, 0x07, 0x07, 0x07, 0x07, 0x07, 0x07, 0x07, 0x07, 
	0x07, 0x07, 0x07, 0x07, 0x07, 0x07, 0x07, 0x07, 0x07, 0x07, 0x07, 0x07, 0x07, 0x07, 0x07, 0x07
};
// 'vr-cardboard', 32x32px
const unsigned char fas_32x32_fa_vr_cardboard [] PROGMEM = {
	0x80, 0xc0, 0xc0, 0xc0, 0xc0, 0xc0, 0xc0, 0xc0, 0xc0, 0xc0, 0xc0, 0xc0, 0xc0, 0xc0, 0xc0, 0xc0, 
	0xc0, 0xc0, 0xc0, 0xc0, 0xc0, 0xc0, 0xc0, 0xc0, 0xc0, 0xc0, 0xc0, 0xc0, 0xc0, 0xc0, 0xc0, 0x80, 
	0xff, 0xff, 0xff, 0xff, 0xff, 0x1f, 0x0f, 0x0f, 0x0f, 0x0f, 0x1f, 0xff, 0xff, 0xff, 0xff, 0xff, 
	0xff, 0xff, 0xff, 0xff, 0xff, 0x1f, 0x0f, 0x0f, 0x0f, 0x0f, 0x1f, 0xff, 0xff, 0xff, 0xff, 0xff, 
	0xff, 0xff, 0xff, 0xff, 0xff, 0xfe, 0xfc, 0xfc, 0xfc, 0xfc, 0xfe, 0xff, 0xff, 0x3f, 0x0f, 0x07, 
	0x07, 0x0f, 0x3f, 0xff, 0xff, 0xfe, 0xfc, 0xfc, 0xfc, 0xfc, 0xfe, 0xff, 0xff, 0xff, 0xff, 0xff, 
	0x01, 0x03, 0x03, 0x03, 0x03, 0x03, 0x03, 0x03, 0x03, 0x03, 0x03, 0x01, 0x00, 0x00, 0x00, 0x00, 
	0x00, 0x00, 0x00, 0x00, 0x01, 0x03, 0x03, 0x03, 0x03, 0x03, 0x03, 0x03, 0x03, 0x03, 0x03, 0x01
};
// 'walking', 32x32px
const unsigned char fas_32x32_fa_walking [] PROGMEM = {
	0x00, 0x00, 0x00, 0x00, 0x00, 0x00, 0x00, 0x00, 0x00, 0x00, 0x00, 0x00, 0x00, 0x00, 0x00, 0x00, 
	0x1e, 0x3f, 0x3f, 0x3f, 0x3f, 0x1e, 0x00, 0x00, 0x00, 0x00, 0x00, 0x00, 0x00, 0x00, 0x00, 0x00, 
	0x00, 0x00, 0x00, 0x00, 0x00, 0x00, 0x00, 0xf0, 0xf8, 0xfc, 0x7c, 0x3e, 0x1e, 0xff, 0xff, 0xff, 
	0xff, 0xff, 0xff, 0xfe, 0xfe, 0xfc, 0xf0, 0xc0, 0x80, 0x00, 0x00, 0x00, 0x00, 0x00, 0x00, 0x00, 
	0x00, 0x00, 0x00, 0x00, 0x00, 0x00, 0x00, 0x00, 0x00, 0x00, 0x00, 0xc0, 0xc0, 0x8f, 0x1f, 0x3f, 
	0x7f, 0xff, 0xfb, 0xf0, 0xe1, 0x83, 0x07, 0x07, 0x07, 0x07, 0x00, 0x00, 0x00, 0x00, 0x00, 0x00, 
	0x00, 0x00, 0x00, 0x00, 0x00, 0x00, 0xe0, 0xf0, 0xf8, 0x7c, 0x3f, 0x1f, 0x0f, 0x07, 0x01, 0x00, 
	0x00, 0x00, 0x03, 0x3f, 0xff, 0xff, 0xfc, 0x00, 0x00, 0x00, 0x00, 0x00, 0x00, 0x00, 0x00, 0x00
};
// 'wallet', 32x32px
const unsigned char fas_32x32_fa_wallet [] PROGMEM = {
	0xf0, 0xf8, 0xfc, 0xfc, 0x3c, 0x3c, 0x3c, 0x3c, 0x3c, 0x3c, 0x3c, 0x3c, 0x3c, 0x3c, 0x3c, 0x3c, 
	0x3c, 0x3c, 0x3c, 0x3c, 0x3c, 0x3c, 0x3c, 0x3c, 0x3c, 0x3c, 0x3c, 0x3c, 0x3c, 0x38, 0x00, 0x00, 
	0xff, 0xff, 0xff, 0xff, 0xff, 0xff, 0xff, 0xff, 0xff, 0xff, 0xff, 0xff, 0xff, 0xff, 0xff, 0xff, 
	0xff, 0xff, 0xff, 0xff, 0xff, 0xff, 0xff, 0xff, 0xff, 0xff, 0xff, 0xff, 0xff, 0xff, 0xff, 0xfe, 
	0xff, 0xff, 0xff, 0xff, 0xff, 0xff, 0xff, 0xff, 0xff, 0xff, 0xff, 0xff, 0xff, 0xff, 0xff, 0xff, 
	0xff, 0xff, 0xff, 0xff, 0xff, 0xff, 0xff, 0xff, 0xf3, 0xe1, 0xe1, 0xf3, 0xff, 0xff, 0xff, 0xff, 
	0x0f, 0x1f, 0x3f, 0x3f, 0x3f, 0x3f, 0x3f, 0x3f, 0x3f, 0x3f, 0x3f, 0x3f, 0x3f, 0x3f, 0x3f, 0x3f, 
	0x3f, 0x3f, 0x3f, 0x3f, 0x3f, 0x3f, 0x3f, 0x3f, 0x3f, 0x3f, 0x3f, 0x3f, 0x3f, 0x3f, 0x3f, 0x1f
};
// 'warehouse', 32x32px
const unsigned char fas_32x32_fa_warehouse [] PROGMEM = {
	0x00, 0x00, 0x00, 0x00, 0x00, 0x80, 0x80, 0xc0, 0xc0, 0xc0, 0xe0, 0xe0, 0xf0, 0xf0, 0xf8, 0xf8, 
	0xf8, 0xf8, 0xf0, 0xf0, 0xe0, 0xe0, 0xc0, 0xc0, 0xc0, 0x80, 0x80, 0x00, 0x00, 0x00, 0x00, 0x00, 
	0xfc, 0xfe, 0xff, 0xff, 0xff, 0x7f, 0x3f, 0x3f, 0x3f, 0x3f, 0x3f, 0x3f, 0x3f, 0x3f, 0x3f, 0x3f, 
	0x3f, 0x3f, 0x3f, 0x3f, 0x3f, 0x3f, 0x3f, 0x3f, 0x3f, 0x3f, 0x7f, 0xff, 0xff, 0xff, 0xfe, 0xfc, 
	0xff, 0xff, 0xff, 0xff, 0xff, 0x00, 0xe7, 0xe7, 0xe7, 0xe7, 0xe7, 0xe7, 0xe7, 0xe7, 0xe7, 0xe7, 
	0xe7, 0xe7, 0xe7, 0xe7, 0xe7, 0xe7, 0xe7, 0xe7, 0xe7, 0xe7, 0x00, 0xff, 0xff, 0xff, 0xff, 0xff, 
	0x1f, 0x1f, 0x1f, 0x1f, 0x1f, 0x00, 0x1c, 0x1c, 0x1c, 0x1c, 0x1c, 0x1c, 0x1c, 0x1c, 0x1c, 0x1c, 
	0x1c, 0x1c, 0x1c, 0x1c, 0x1c, 0x1c, 0x1c, 0x1c, 0x1c, 0x1c, 0x00, 0x1f, 0x1f, 0x1f, 0x1f, 0x1f
};
// 'water', 32x32px
const unsigned char fas_32x32_fa_water [] PROGMEM = {
	0x80, 0x80, 0x80, 0xc0, 0xc0, 0xc0, 0xc0, 0xc0, 0x80, 0x80, 0x80, 0x80, 0x80, 0x80, 0xc0, 0xc0, 
	0xc0, 0xc0, 0x80, 0x80, 0x80, 0x80, 0x80, 0x80, 0xc0, 0xc0, 0xc0, 0xc0, 0xc0, 0x80, 0x80, 0x80, 
	0x87, 0x87, 0x87, 0xc3, 0xc3, 0xe3, 0xc3, 0xc3, 0x87, 0x87, 0x87, 0x87, 0x87, 0xc3, 0xc3, 0xe3, 
	0xe3, 0xc3, 0xc3, 0x87, 0x87, 0x87, 0x87, 0x87, 0xc3, 0xc3, 0xe3, 0xc3, 0xc3, 0x87, 0x87, 0x87, 
	0x87, 0x87, 0x83, 0xc3, 0xe3, 0xe1, 0xc3, 0xc3, 0x83, 0x87, 0x87, 0x87, 0x83, 0xc3, 0xc3, 0xe3, 
	0xe3, 0xc3, 0xc3, 0x83, 0x87, 0x87, 0x87, 0x83, 0xc3, 0xc3, 0xe1, 0xe3, 0xc3, 0x83, 0x87, 0x87, 
	0x03, 0x03, 0x03, 0x03, 0x03, 0x01, 0x03, 0x03, 0x03, 0x03, 0x07, 0x03, 0x03, 0x03, 0x03, 0x01, 
	0x01, 0x03, 0x03, 0x03, 0x03, 0x07, 0x03, 0x03, 0x03, 0x03, 0x01, 0x03, 0x03, 0x03, 0x03, 0x03
};
// 'wave-square', 32x32px
const unsigned char fas_32x32_fa_wave_square [] PROGMEM = {
	0x00, 0x00, 0x00, 0x00, 0x00, 0x00, 0xc0, 0xe0, 0xe0, 0xe0, 0xe0, 0xe0, 0xe0, 0xe0, 0xe0, 0xe0, 
	0xe0, 0xc0, 0x00, 0x00, 0x00, 0x00, 0x00, 0x00, 0x00, 0x00, 0x00, 0x00, 0x00, 0x00, 0x00, 0x00, 
	0xc0, 0xc0, 0xc0, 0xc0, 0xc0, 0xc0, 0xff, 0xff, 0xff, 0xff, 0x00, 0x00, 0x00, 0x00, 0xff, 0xff, 
	0xff, 0xff, 0x00, 0x00, 0x00, 0x00, 0x00, 0x80, 0xc0, 0xc0, 0xc0, 0xc0, 0xc0, 0xc0, 0xc0, 0xc0, 
	0x03, 0x03, 0x03, 0x03, 0x03, 0x03, 0x03, 0x03, 0x01, 0x00, 0x00, 0x00, 0x00, 0x00, 0xff, 0xff, 
	0xff, 0xff, 0x00, 0x00, 0x00, 0x00, 0xff, 0xff, 0xff, 0xff, 0x03, 0x03, 0x03, 0x03, 0x03, 0x03, 
	0x00, 0x00, 0x00, 0x00, 0x00, 0x00, 0x00, 0x00, 0x00, 0x00, 0x00, 0x00, 0x00, 0x00, 0x03, 0x07, 
	0x07, 0x07, 0x07, 0x07, 0x07, 0x07, 0x07, 0x07, 0x07, 0x03, 0x00, 0x00, 0x00, 0x00, 0x00, 0x00
};
// 'weight', 32x32px
const unsigned char fas_32x32_fa_weight [] PROGMEM = {
	0xc0, 0xe0, 0xf0, 0xf0, 0x70, 0x00, 0x80, 0xe0, 0xf8, 0xfc, 0xfc, 0xfe, 0xfe, 0xff, 0xff, 0xff, 
	0xff, 0x7f, 0x1f, 0x9e, 0xfe, 0xfc, 0xfc, 0xf8, 0xe0, 0x80, 0x00, 0x70, 0xf0, 0xf0, 0xe0, 0xc0, 
	0xff, 0xff, 0xff, 0xff, 0xe0, 0x00, 0x1f, 0x7f, 0xff, 0xff, 0xff, 0xff, 0xff, 0xff, 0x87, 0x87, 
	0x81, 0x80, 0xfc, 0xff, 0xff, 0xff, 0xff, 0xff, 0x7f, 0x1f, 0x00, 0xe0, 0xff, 0xff, 0xff, 0xff, 
	0xff, 0xff, 0xff, 0xff, 0xff, 0xff, 0xfe, 0xfc, 0xf9, 0xf3, 0xe3, 0xe7, 0xe7, 0xcf, 0xcf, 0xcf, 
	0xcf, 0xcf, 0xcf, 0xe7, 0xe7, 0xe3, 0xf3, 0xf9, 0xfc, 0xfe, 0xff, 0xff, 0xff, 0xff, 0xff, 0xff, 
	0x3f, 0x7f, 0xff, 0xff, 0xff, 0xff, 0xff, 0xff, 0xff, 0xff, 0xff, 0xff, 0xff, 0xff, 0xff, 0xff, 
	0xff, 0xff, 0xff, 0xff, 0xff, 0xff, 0xff, 0xff, 0xff, 0xff, 0xff, 0xff, 0xff, 0xff, 0x7f, 0x3f
};
// 'weight-hanging', 32x32px
const unsigned char fas_32x32_fa_weight_hanging [] PROGMEM = {
	0x00, 0x00, 0x00, 0x00, 0x00, 0x00, 0x00, 0x00, 0x00, 0x00, 0xf0, 0xfc, 0xfe, 0xff, 0x9f, 0x0f, 
	0x0f, 0x9f, 0xff, 0xfe, 0xfc, 0xf0, 0x00, 0x00, 0x00, 0x00, 0x00, 0x00, 0x00, 0x00, 0x00, 0x00, 
	0x00, 0x00, 0x00, 0xc0, 0xfc, 0xff, 0xff, 0xff, 0xff, 0xff, 0xff, 0xff, 0xff, 0xff, 0xff, 0xff, 
	0xff, 0xff, 0xff, 0xff, 0xff, 0xff, 0xff, 0xff, 0xff, 0xff, 0xff, 0xfc, 0xc0, 0x00, 0x00, 0x00, 
	0x00, 0xc0, 0xfc, 0xff, 0xff, 0xff, 0xff, 0xff, 0xff, 0xff, 0xff, 0xff, 0xff, 0xff, 0xff, 0xff, 
	0xff, 0xff, 0xff, 0xff, 0xff, 0xff, 0xff, 0xff, 0xff, 0xff, 0xff, 0xff, 0xff, 0xfc, 0xc0, 0x00, 
	0x7c, 0xff, 0xff, 0xff, 0xff, 0xff, 0xff, 0xff, 0xff, 0xff, 0xff, 0xff, 0xff, 0xff, 0xff, 0xff, 
	0xff, 0xff, 0xff, 0xff, 0xff, 0xff, 0xff, 0xff, 0xff, 0xff, 0xff, 0xff, 0xff, 0xff, 0xff, 0x7c
};
// 'wheelchair', 32x32px
const unsigned char fas_32x32_fa_wheelchair [] PROGMEM = {
	0x00, 0x00, 0x00, 0x00, 0x00, 0x00, 0x00, 0x00, 0xfc, 0xfe, 0xff, 0xff, 0xff, 0xff, 0x7e, 0x3c, 
	0x00, 0x00, 0x00, 0x00, 0x00, 0x00, 0x00, 0x00, 0x00, 0x00, 0x00, 0x00, 0x00, 0x00, 0x00, 0x00, 
	0x00, 0x80, 0xc0, 0xe0, 0xf0, 0xf8, 0xf8, 0x00, 0x00, 0x7f, 0xff, 0xff, 0xff, 0xfc, 0x3c, 0x3c, 
	0x3c, 0x3c, 0x3c, 0x3c, 0x3c, 0x3c, 0x00, 0x00, 0x00, 0x00, 0x00, 0x00, 0x00, 0x00, 0x00, 0x00, 
	0xfe, 0xff, 0xff, 0xff, 0x87, 0x01, 0x00, 0x00, 0x00, 0x00, 0x07, 0x0f, 0x0f, 0x0f, 0x0f, 0x0f, 
	0x0f, 0x8f, 0xcf, 0xcf, 0x0f, 0x3f, 0xff, 0xfe, 0xf8, 0xe0, 0x80, 0x00, 0x00, 0x00, 0x00, 0x00, 
	0x01, 0x07, 0x0f, 0x1f, 0x3f, 0x7e, 0x7c, 0xf8, 0xf8, 0xf0, 0xf0, 0xf0, 0xf0, 0xf8, 0xf8, 0x7c, 
	0x7e, 0x3f, 0x1f, 0x0f, 0x07, 0x00, 0x00, 0x03, 0x0f, 0x1f, 0x1f, 0x1f, 0x1f, 0x0f, 0x0f, 0x06
};
// 'wifi', 32x32px
const unsigned char fas_32x32_fa_wifi [] PROGMEM = {
	0x00, 0x00, 0x00, 0x00, 0x00, 0x80, 0x80, 0xc0, 0xc0, 0xc0, 0xe0, 0xe0, 0xe0, 0xe0, 0xe0, 0xe0, 
	0xe0, 0xe0, 0xe0, 0xe0, 0xe0, 0xe0, 0xc0, 0xc0, 0xc0, 0x80, 0x80, 0x00, 0x00, 0x00, 0x00, 0x00, 
	0x08, 0x1c, 0x3e, 0x1f, 0x1f, 0x0f, 0x07, 0x87, 0x83, 0xc3, 0xc3, 0xe1, 0xe1, 0xe1, 0xe1, 0xe1, 
	0xe1, 0xe1, 0xe1, 0xe1, 0xe1, 0xc3, 0xc3, 0x83, 0x87, 0x07, 0x0f, 0x1f, 0x1f, 0x3e, 0x1c, 0x08, 
	0x00, 0x00, 0x00, 0x00, 0x00, 0x00, 0x07, 0x07, 0x0f, 0x07, 0x03, 0x03, 0x01, 0xc1, 0xe1, 0xe1, 
	0xe1, 0xe1, 0xc1, 0x01, 0x03, 0x03, 0x07, 0x0f, 0x07, 0x07, 0x00, 0x00, 0x00, 0x00, 0x00, 0x00, 
	0x00, 0x00, 0x00, 0x00, 0x00, 0x00, 0x00, 0x00, 0x00, 0x00, 0x00, 0x00, 0x00, 0x03, 0x07, 0x07, 
	0x07, 0x07, 0x03, 0x00, 0x00, 0x00, 0x00, 0x00, 0x00, 0x00, 0x00, 0x00, 0x00, 0x00, 0x00, 0x00
};
// 'wind', 32x32px
const unsigned char fas_32x32_fa_wind [] PROGMEM = {
	0x00, 0x00, 0x00, 0x00, 0x00, 0x00, 0x00, 0x00, 0x00, 0x00, 0x00, 0x00, 0x00, 0x00, 0x00, 0x00, 
	0xc0, 0xf0, 0xf8, 0xf8, 0x7c, 0x3c, 0x3c, 0x7c, 0xf8, 0xf8, 0xf0, 0xc0, 0x00, 0x00, 0x00, 0x00, 
	0x3c, 0x3c, 0x3c, 0x3c, 0x3c, 0x3c, 0x3c, 0x3c, 0x3c, 0x3c, 0x3c, 0x3c, 0x3c, 0x3c, 0x3c, 0x3c, 
	0x3c, 0x3c, 0x3c, 0x3c, 0x3c, 0x3c, 0x3c, 0x3e, 0x1f, 0x1f, 0x0f, 0x03, 0x00, 0x00, 0x00, 0x00, 
	0x0f, 0x0f, 0x0f, 0x0f, 0xcf, 0xcf, 0xcf, 0xcf, 0x8f, 0x0f, 0x0f, 0x9f, 0xfe, 0xfe, 0xfc, 0xf0, 
	0x03, 0x07, 0x0f, 0x0f, 0x0f, 0x0f, 0x0f, 0x0f, 0x0f, 0x0f, 0x1f, 0x1f, 0xfe, 0xfc, 0xf8, 0xf0, 
	0x00, 0x00, 0x00, 0x00, 0x00, 0x03, 0x07, 0x07, 0x0f, 0x0f, 0x0f, 0x0f, 0x07, 0x07, 0x03, 0x00, 
	0x00, 0x00, 0x02, 0x07, 0x0f, 0x1f, 0x3e, 0x3c, 0x3c, 0x3c, 0x3c, 0x3e, 0x1f, 0x0f, 0x07, 0x03
};
// 'window-close', 32x32px
const unsigned char fas_32x32_fa_window_close [] PROGMEM = {
	0xf8, 0xfc, 0xfc, 0xfc, 0xfc, 0xfc, 0xfc, 0xfc, 0xfc, 0xfc, 0xfc, 0xfc, 0xfc, 0xfc, 0xfc, 0xfc, 
	0xfc, 0xfc, 0xfc, 0xfc, 0xfc, 0xfc, 0xfc, 0xfc, 0xfc, 0xfc, 0xfc, 0xfc, 0xfc, 0xfc, 0xfc, 0xf8, 
	0xff, 0xff, 0xff, 0xff, 0xff, 0xff, 0xff, 0xff, 0xf7, 0xe3, 0xc1, 0x80, 0x01, 0x03, 0x07, 0x0f, 
	0x0f, 0x07, 0x03, 0x01, 0x80, 0xc1, 0xe3, 0xf7, 0xff, 0xff, 0xff, 0xff, 0xff, 0xff, 0xff, 0xff, 
	0xff, 0xff, 0xff, 0xff, 0xff, 0xff, 0xff, 0xff, 0xef, 0xc7, 0x83, 0x01, 0x80, 0xc0, 0xe0, 0xf0, 
	0xf0, 0xe0, 0xc0, 0x80, 0x01, 0x83, 0xc7, 0xef, 0xff, 0xff, 0xff, 0xff, 0xff, 0xff, 0xff, 0xff, 
	0x1f, 0x3f, 0x3f, 0x3f, 0x3f, 0x3f, 0x3f, 0x3f, 0x3f, 0x3f, 0x3f, 0x3f, 0x3f, 0x3f, 0x3f, 0x3f, 
	0x3f, 0x3f, 0x3f, 0x3f, 0x3f, 0x3f, 0x3f, 0x3f, 0x3f, 0x3f, 0x3f, 0x3f, 0x3f, 0x3f, 0x3f, 0x1f
};
// 'window-maximize', 32x32px
const unsigned char fas_32x32_fa_window_maximize [] PROGMEM = {
	0xf8, 0xfc, 0xfc, 0xfc, 0x3c, 0x3c, 0x3c, 0x3c, 0x3c, 0x3c, 0x3c, 0x3c, 0x3c, 0x3c, 0x3c, 0x3c, 
	0x3c, 0x3c, 0x3c, 0x3c, 0x3c, 0x3c, 0x3c, 0x3c, 0x3c, 0x3c, 0x3c, 0x3c, 0xfc, 0xfc, 0xfc, 0xf8, 
	0xff, 0xff, 0xff, 0xff, 0xf0, 0xf0, 0xf0, 0xf0, 0xf0, 0xf0, 0xf0, 0xf0, 0xf0, 0xf0, 0xf0, 0xf0, 
	0xf0, 0xf0, 0xf0, 0xf0, 0xf0, 0xf0, 0xf0, 0xf0, 0xf0, 0xf0, 0xf0, 0xf0, 0xff, 0xff, 0xff, 0xff, 
	0xff, 0xff, 0xff, 0xff, 0xff, 0xff, 0xff, 0xff, 0xff, 0xff, 0xff, 0xff, 0xff, 0xff, 0xff, 0xff, 
	0xff, 0xff, 0xff, 0xff, 0xff, 0xff, 0xff, 0xff, 0xff, 0xff, 0xff, 0xff, 0xff, 0xff, 0xff, 0xff, 
	0x1f, 0x3f, 0x3f, 0x3f, 0x3f, 0x3f, 0x3f, 0x3f, 0x3f, 0x3f, 0x3f, 0x3f, 0x3f, 0x3f, 0x3f, 0x3f, 
	0x3f, 0x3f, 0x3f, 0x3f, 0x3f, 0x3f, 0x3f, 0x3f, 0x3f, 0x3f, 0x3f, 0x3f, 0x3f, 0x3f, 0x3f, 0x1f
};
// 'window-minimize', 32x32px
const unsigned char fas_32x32_fa_window_minimize [] PROGMEM = {
	0x00, 0x00, 0x00, 0x00, 0x00, 0x00, 0x00, 0x00, 0x00, 0x00, 0x00, 0x00, 0x00, 0x00, 0x00, 0x00, 
	0x00, 0x00, 0x00, 0x00, 0x00, 0x00, 0x00, 0x00, 0x00, 0x00, 0x00, 0x00, 0x00, 0x00, 0x00, 0x00, 
	0x00, 0x00, 0x00, 0x00, 0x00, 0x00, 0x00, 0x00, 0x00, 0x00, 0x00, 0x00, 0x00, 0x00, 0x00, 0x00, 
	0x00, 0x00, 0x00, 0x00, 0x00, 0x00, 0x00, 0x00, 0x00, 0x00, 0x00, 0x00, 0x00, 0x00, 0x00, 0x00, 
	0x80, 0xc0, 0xc0, 0xc0, 0xc0, 0xc0, 0xc0, 0xc0, 0xc0, 0xc0, 0xc0, 0xc0, 0xc0, 0xc0, 0xc0, 0xc0, 
	0xc0, 0xc0, 0xc0, 0xc0, 0xc0, 0xc0, 0xc0, 0xc0, 0xc0, 0xc0, 0xc0, 0xc0, 0xc0, 0xc0, 0xc0, 0x80, 
	0x1f, 0x3f, 0x3f, 0x3f, 0x3f, 0x3f, 0x3f, 0x3f, 0x3f, 0x3f, 0x3f, 0x3f, 0x3f, 0x3f, 0x3f, 0x3f, 
	0x3f, 0x3f, 0x3f, 0x3f, 0x3f, 0x3f, 0x3f, 0x3f, 0x3f, 0x3f, 0x3f, 0x3f, 0x3f, 0x3f, 0x3f, 0x1f
};
// 'window-restore', 32x32px
const unsigned char fas_32x32_fa_window_restore [] PROGMEM = {
	0x00, 0x00, 0x00, 0x00, 0x00, 0x00, 0x00, 0x00, 0x3e, 0x3f, 0x3f, 0x3f, 0x3f, 0x3f, 0x3f, 0x3f, 
	0x3f, 0x3f, 0x3f, 0x3f, 0x3f, 0x3f, 0x3f, 0x7f, 0xff, 0xff, 0xff, 0xff, 0xff, 0xff, 0xff, 0xfe, 
	0xfe, 0xff, 0xff, 0xff, 0x0f, 0x0f, 0x0f, 0x0f, 0x0f, 0x0f, 0x0f, 0x0f, 0x0f, 0x0f, 0x0f, 0x0f, 
	0x0f, 0x0f, 0x0f, 0x0f, 0xff, 0xff, 0xff, 0xfe, 0x00, 0x01, 0xff, 0xff, 0xff, 0xff, 0xff, 0xff, 
	0xff, 0xff, 0xff, 0xff, 0xff, 0xff, 0xff, 0xff, 0xff, 0xff, 0xff, 0xff, 0xff, 0xff, 0xff, 0xff, 
	0xff, 0xff, 0xff, 0xff, 0xff, 0xff, 0xff, 0xff, 0x00, 0x00, 0xff, 0xff, 0xff, 0xff, 0xff, 0x7f, 
	0x7f, 0xff, 0xff, 0xff, 0xff, 0xff, 0xff, 0xff, 0xff, 0xff, 0xff, 0xff, 0xff, 0xff, 0xff, 0xff, 
	0xff, 0xff, 0xff, 0xff, 0xff, 0xff, 0xff, 0x7f, 0x00, 0x00, 0x00, 0x00, 0x00, 0x00, 0x00, 0x00
};
// 'wine-bottle', 32x32px
const unsigned char fas_32x32_fa_wine_bottle [] PROGMEM = {
	0x00, 0x00, 0x00, 0x00, 0x00, 0x00, 0x00, 0x00, 0x00, 0x00, 0x00, 0x00, 0x00, 0x00, 0x00, 0x80, 
	0x80, 0x80, 0x80, 0x00, 0x80, 0xc0, 0xe0, 0xf0, 0xfc, 0xfe, 0xff, 0xff, 0xfe, 0xfc, 0x78, 0x30, 
	0x00, 0x00, 0x00, 0x00, 0x00, 0x80, 0xc0, 0xe0, 0xf0, 0xf8, 0xfc, 0x7e, 0x3f, 0x3f, 0x7f, 0xff, 
	0xff, 0xff, 0xff, 0xff, 0xff, 0xff, 0xff, 0xff, 0xef, 0x07, 0x03, 0x01, 0x00, 0x00, 0x00, 0x00, 
	0xf0, 0xf8, 0xfc, 0xfe, 0xff, 0xff, 0xcf, 0x87, 0x03, 0x01, 0x00, 0x00, 0x00, 0x00, 0x80, 0xc0, 
	0xe1, 0xf3, 0xff, 0xff, 0x7f, 0x3f, 0x1f, 0x0f, 0x01, 0x00, 0x00, 0x00, 0x00, 0x00, 0x00, 0x00, 
	0x00, 0x03, 0x07, 0x0f, 0x1f, 0x3f, 0x7f, 0x7f, 0xff, 0xfe, 0xfc, 0xfc, 0x7e, 0x3f, 0x1f, 0x0f, 
	0x07, 0x03, 0x01, 0x00, 0x00, 0x00, 0x00, 0x00, 0x00, 0x00, 0x00, 0x00, 0x00, 0x00, 0x00, 0x00
};
// 'wine-glass', 32x32px
const unsigned char fas_32x32_fa_wine_glass [] PROGMEM = {
	0x00, 0x00, 0x00, 0x00, 0x00, 0x00, 0x00, 0xc0, 0xff, 0xff, 0xff, 0xff, 0xff, 0xff, 0xff, 0xff, 
	0xff, 0xff, 0xff, 0xff, 0xff, 0xff, 0xff, 0xff, 0xc0, 0x00, 0x00, 0x00, 0x00, 0x00, 0x00, 0x00, 
	0x00, 0x00, 0x00, 0x00, 0x00, 0x00, 0x00, 0xff, 0xff, 0xff, 0xff, 0xff, 0xff, 0xff, 0xff, 0xff, 
	0xff, 0xff, 0xff, 0xff, 0xff, 0xff, 0xff, 0xff, 0xff, 0x00, 0x00, 0x00, 0x00, 0x00, 0x00, 0x00, 
	0x00, 0x00, 0x00, 0x00, 0x00, 0x00, 0x00, 0x00, 0x03, 0x07, 0x0f, 0x1f, 0x1f, 0x3f, 0xff, 0xff, 
	0xff, 0xff, 0x3f, 0x1f, 0x1f, 0x0f, 0x07, 0x03, 0x00, 0x00, 0x00, 0x00, 0x00, 0x00, 0x00, 0x00, 
	0x00, 0x00, 0x00, 0x00, 0x00, 0x00, 0x00, 0x00, 0x00, 0xc0, 0xe0, 0xe0, 0xe0, 0xe0, 0xff, 0xff, 
	0xff, 0xff, 0xe0, 0xe0, 0xe0, 0xe0, 0xc0, 0x00, 0x00, 0x00, 0x00, 0x00, 0x00, 0x00, 0x00, 0x00
};
// 'wine-glass-alt', 32x32px
const unsigned char fas_32x32_fa_wine_glass_alt [] PROGMEM = {
	0x00, 0x00, 0x00, 0x00, 0x00, 0x00, 0x00, 0xc0, 0xff, 0xff, 0xff, 0x07, 0x07, 0x07, 0x07, 0x07, 
	0x07, 0x07, 0x07, 0x07, 0x07, 0xff, 0xff, 0xff, 0xc0, 0x00, 0x00, 0x00, 0x00, 0x00, 0x00, 0x00, 
	0x00, 0x00, 0x00, 0x00, 0x00, 0x00, 0x00, 0xff, 0xff, 0xff, 0xff, 0xff, 0xff, 0xff, 0xff, 0xff, 
	0xff, 0xff, 0xff, 0xff, 0xff, 0xff, 0xff, 0xff, 0xff, 0x00, 0x00, 0x00, 0x00, 0x00, 0x00, 0x00, 
	0x00, 0x00, 0x00, 0x00, 0x00, 0x00, 0x00, 0x00, 0x03, 0x07, 0x0f, 0x1f, 0x1f, 0x3f, 0xff, 0xff, 
	0xff, 0xff, 0x3f, 0x1f, 0x1f, 0x0f, 0x07, 0x03, 0x00, 0x00, 0x00, 0x00, 0x00, 0x00, 0x00, 0x00, 
	0x00, 0x00, 0x00, 0x00, 0x00, 0x00, 0x00, 0x00, 0x00, 0xc0, 0xe0, 0xe0, 0xe0, 0xe0, 0xff, 0xff, 
	0xff, 0xff, 0xe0, 0xe0, 0xe0, 0xe0, 0xc0, 0x00, 0x00, 0x00, 0x00, 0x00, 0x00, 0x00, 0x00, 0x00
};
// 'won-sign', 32x32px
const unsigned char fas_32x32_fa_won_sign [] PROGMEM = {
	0x00, 0x00, 0x30, 0xf0, 0xf0, 0xf0, 0x80, 0x00, 0x00, 0x00, 0x00, 0x00, 0x00, 0x80, 0xf0, 0xf0, 
	0xf0, 0xf0, 0x80, 0x00, 0x00, 0x00, 0x00, 0x00, 0x00, 0xc0, 0xf0, 0xf0, 0xf0, 0x30, 0x00, 0x00, 
	0xce, 0xde, 0xde, 0xdf, 0xff, 0xff, 0xff, 0xfe, 0xde, 0xde, 0xde, 0xde, 0xfe, 0xff, 0xff, 0xdf, 
	0xff, 0xff, 0xff, 0xfe, 0xde, 0xde, 0xde, 0xde, 0xfe, 0xff, 0xff, 0xff, 0xdf, 0xde, 0xde, 0xce, 
	0x03, 0x03, 0x03, 0x03, 0x03, 0x07, 0x7f, 0xff, 0xff, 0xe3, 0xfb, 0xff, 0xff, 0x3f, 0x03, 0x03, 
	0x03, 0x03, 0x3f, 0xff, 0xff, 0xf3, 0xe3, 0xff, 0xff, 0x7f, 0x03, 0x03, 0x03, 0x03, 0x03, 0x03, 
	0x00, 0x00, 0x00, 0x00, 0x00, 0x00, 0x00, 0x07, 0x0f, 0x0f, 0x0f, 0x0f, 0x03, 0x00, 0x00, 0x00, 
	0x00, 0x00, 0x00, 0x07, 0x0f, 0x0f, 0x0f, 0x0f, 0x07, 0x00, 0x00, 0x00, 0x00, 0x00, 0x00, 0x00
};
// 'wrench', 32x32px
const unsigned char fas_32x32_fa_wrench [] PROGMEM = {
	0x00, 0x00, 0x00, 0x00, 0x00, 0x00, 0x00, 0x00, 0x00, 0x00, 0x00, 0x00, 0x00, 0x00, 0xc0, 0xf0, 
	0xf8, 0xfc, 0xfe, 0xfe, 0xff, 0x3f, 0x1f, 0x0f, 0x07, 0x03, 0x00, 0x00, 0x00, 0x80, 0xc0, 0xc0, 
	0x00, 0x00, 0x00, 0x00, 0x00, 0x00, 0x00, 0x00, 0x00, 0x00, 0x00, 0x80, 0xc0, 0xe0, 0xff, 0xff, 
	0xff, 0xff, 0xff, 0xff, 0xff, 0xfc, 0xf8, 0xf8, 0xf8, 0xf8, 0xfc, 0xfe, 0xff, 0x7f, 0x3f, 0x0f, 
	0x00, 0x00, 0x00, 0x80, 0xc0, 0xe0, 0xf0, 0xf8, 0xfc, 0xfe, 0xff, 0xff, 0xff, 0xff, 0x7f, 0x3f, 
	0x1f, 0x0f, 0x07, 0x03, 0x03, 0x03, 0x03, 0x03, 0x03, 0x03, 0x01, 0x01, 0x00, 0x00, 0x00, 0x00, 
	0x3c, 0x7e, 0xff, 0xe7, 0xe7, 0xff, 0x7f, 0x3f, 0x1f, 0x0f, 0x07, 0x03, 0x01, 0x00, 0x00, 0x00, 
	0x00, 0x00, 0x00, 0x00, 0x00, 0x00, 0x00, 0x00, 0x00, 0x00, 0x00, 0x00, 0x00, 0x00, 0x00, 0x00
};
// 'x-ray', 32x32px
const unsigned char fas_32x32_fa_x_ray [] PROGMEM = {
	0x38, 0x38, 0x38, 0x38, 0x38, 0x38, 0x38, 0x38, 0x38, 0x38, 0x38, 0x38, 0x38, 0x38, 0x38, 0x38, 
	0x38, 0x38, 0x38, 0x38, 0x38, 0x38, 0x38, 0x38, 0x38, 0x38, 0x38, 0x38, 0x38, 0x38, 0x38, 0x38, 
	0x00, 0x00, 0x00, 0xff, 0xff, 0xff, 0xff, 0xff, 0x3f, 0x3f, 0x27, 0x27, 0x27, 0x27, 0x27, 0x03, 
	0x03, 0x27, 0x27, 0x27, 0x27, 0x27, 0x3f, 0x3f, 0xff, 0xff, 0xff, 0xff, 0xff, 0x00, 0x00, 0x00, 
	0x00, 0x00, 0x00, 0xff, 0xff, 0xff, 0xff, 0xff, 0xff, 0xff, 0x3b, 0x9b, 0x9b, 0x1b, 0x9b, 0xc0, 
	0xc0, 0x9b, 0x1b, 0x9b, 0x9b, 0x3b, 0xff, 0xff, 0xff, 0xff, 0xff, 0xff, 0xff, 0x00, 0x00, 0x00, 
	0x1c, 0x1c, 0x1c, 0x1f, 0x1f, 0x1f, 0x1f, 0x1f, 0x1f, 0x1f, 0x1e, 0x1c, 0x1c, 0x1e, 0x1f, 0x1f, 
	0x1f, 0x1f, 0x1e, 0x1c, 0x1c, 0x1e, 0x1f, 0x1f, 0x1f, 0x1f, 0x1f, 0x1f, 0x1f, 0x1c, 0x1c, 0x1c
};
// 'yen-sign', 32x32px
const unsigned char fas_32x32_fa_yen_sign [] PROGMEM = {
	0x00, 0x00, 0x00, 0x00, 0x00, 0x04, 0x1c, 0x7c, 0xfc, 0xfc, 0xfc, 0xf0, 0xc0, 0x00, 0x00, 0x00, 
	0x00, 0x00, 0x00, 0xc0, 0xf0, 0xfc, 0xfc, 0xfc, 0x7c, 0x1c, 0x04, 0x00, 0x00, 0x00, 0x00, 0x00, 
	0x00, 0x00, 0x00, 0x00, 0x00, 0x00, 0xe0, 0xf0, 0xf1, 0xf7, 0xff, 0xff, 0xff, 0xff, 0xfc, 0xe0, 
	0xe0, 0xfc, 0xff, 0xff, 0xff, 0xff, 0xf7, 0xf1, 0xf0, 0xe0, 0x00, 0x00, 0x00, 0x00, 0x00, 0x00, 
	0x00, 0x00, 0x00, 0x00, 0x00, 0x00, 0x70, 0xf0, 0xf0, 0xf0, 0xf0, 0xf0, 0x71, 0xff, 0xff, 0xff, 
	0xff, 0xff, 0xff, 0x71, 0xf0, 0xf0, 0xf0, 0xf0, 0xf0, 0x70, 0x00, 0x00, 0x00, 0x00, 0x00, 0x00, 
	0x00, 0x00, 0x00, 0x00, 0x00, 0x00, 0x00, 0x00, 0x00, 0x00, 0x00, 0x00, 0x00, 0x1f, 0x3f, 0x3f, 
	0x3f, 0x3f, 0x1f, 0x00, 0x00, 0x00, 0x00, 0x00, 0x00, 0x00, 0x00, 0x00, 0x00, 0x00, 0x00, 0x00
};
// 'yin-yang', 32x32px
const unsigned char fas_32x32_fa_yin_yang [] PROGMEM = {
	0x00, 0x00, 0x00, 0x80, 0xc0, 0xe0, 0xf0, 0xf8, 0x78, 0x3c, 0x3c, 0x1e, 0x1e, 0x0e, 0x0e, 0x0f, 
	0x0f, 0x0f, 0x0e, 0x1e, 0x3e, 0x7e, 0xfc, 0xfc, 0xf8, 0xf8, 0xf0, 0xe0, 0xc0, 0x80, 0x00, 0x00, 
	0x00, 0xf0, 0xfe, 0xff, 0xff, 0x07, 0x01, 0x00, 0x00, 0x00, 0x00, 0x00, 0x00, 0x00, 0x00, 0x0f, 
	0x0f, 0x0f, 0x00, 0x80, 0xc0, 0xe0, 0xff, 0xff, 0xff, 0xff, 0xff, 0xff, 0xff, 0xff, 0xfe, 0xf0, 
	0x00, 0x0f, 0x7f, 0xff, 0xff, 0xe0, 0x80, 0x00, 0x00, 0x00, 0x00, 0xf8, 0xfe, 0xfe, 0xff, 0x0f, 
	0x0f, 0x0f, 0xff, 0xff, 0xff, 0xff, 0xff, 0xff, 0xff, 0xff, 0xff, 0xff, 0xff, 0xff, 0x7f, 0x0f, 
	0x00, 0x00, 0x00, 0x01, 0x03, 0x07, 0x0f, 0x1f, 0x1e, 0x3c, 0x3c, 0x79, 0x7f, 0x7f, 0x7f, 0xff, 
	0xff, 0xff, 0x7f, 0x7f, 0x7f, 0x7f, 0x3f, 0x3f, 0x1f, 0x1f, 0x0f, 0x07, 0x03, 0x01, 0x00, 0x00
};

// Array of all bitmaps for convenience. (Total bytes used to store images in PROGMEM = 144288)
const int fas_32x32_fa_allArray_LEN = 1002;
const unsigned char* fas_32x32_fa_allArray[1002] = {
	fas_32x32_fa_ad,
	fas_32x32_fa_address_book,
	fas_32x32_fa_address_card,
	fas_32x32_fa_adjust,
	fas_32x32_fa_air_freshener,
	fas_32x32_fa_align_center,
	fas_32x32_fa_align_justify,
	fas_32x32_fa_align_left,
	fas_32x32_fa_align_right,
	fas_32x32_fa_allergies,
	fas_32x32_fa_ambulance,
	fas_32x32_fa_american_sign_language_interpreting,
	fas_32x32_fa_anchor,
	fas_32x32_fa_angle_double_down,
	fas_32x32_fa_angle_double_left,
	fas_32x32_fa_angle_double_right,
	fas_32x32_fa_angle_double_up,
	fas_32x32_fa_angle_down,
	fas_32x32_fa_angle_left,
	fas_32x32_fa_angle_right,
	fas_32x32_fa_angle_up,
	fas_32x32_fa_angry,
	fas_32x32_fa_ankh,
	fas_32x32_fa_apple_alt,
	fas_32x32_fa_archive,
	fas_32x32_fa_archway,
	fas_32x32_fa_arrow_alt_circle_down,
	fas_32x32_fa_arrow_alt_circle_left,
	fas_32x32_fa_arrow_alt_circle_right,
	fas_32x32_fa_arrow_alt_circle_up,
	fas_32x32_fa_arrow_circle_down,
	fas_32x32_fa_arrow_circle_left,
	fas_32x32_fa_arrow_circle_right,
	fas_32x32_fa_arrow_circle_up,
	fas_32x32_fa_arrow_down,
	fas_32x32_fa_arrow_left,
	fas_32x32_fa_arrow_right,
	fas_32x32_fa_arrow_up,
	fas_32x32_fa_arrows_alt,
	fas_32x32_fa_arrows_alt_h,
	fas_32x32_fa_arrows_alt_v,
	fas_32x32_fa_assistive_listening_systems,
	fas_32x32_fa_asterisk,
	fas_32x32_fa_at,
	fas_32x32_fa_atlas,
	fas_32x32_fa_atom,
	fas_32x32_fa_audio_description,
	fas_32x32_fa_award,
	fas_32x32_fa_baby,
	fas_32x32_fa_baby_carriage,
	fas_32x32_fa_backspace,
	fas_32x32_fa_backward,
	fas_32x32_fa_bacon,
	fas_32x32_fa_bacteria,
	fas_32x32_fa_bacterium,
	fas_32x32_fa_bahai,
	fas_32x32_fa_balance_scale,
	fas_32x32_fa_balance_scale_left,
	fas_32x32_fa_balance_scale_right,
	fas_32x32_fa_ban,
	fas_32x32_fa_band_aid,
	fas_32x32_fa_barcode,
	fas_32x32_fa_bars,
	fas_32x32_fa_baseball_ball,
	fas_32x32_fa_basketball_ball,
	fas_32x32_fa_bath,
	fas_32x32_fa_battery_empty,
	fas_32x32_fa_battery_full,
	fas_32x32_fa_battery_half,
	fas_32x32_fa_battery_quarter,
	fas_32x32_fa_battery_three_quarters,
	fas_32x32_fa_bed,
	fas_32x32_fa_beer,
	fas_32x32_fa_bell,
	fas_32x32_fa_bell_slash,
	fas_32x32_fa_bezier_curve,
	fas_32x32_fa_bible,
	fas_32x32_fa_bicycle,
	fas_32x32_fa_biking,
	fas_32x32_fa_binoculars,
	fas_32x32_fa_biohazard,
	fas_32x32_fa_birthday_cake,
	fas_32x32_fa_blender,
	fas_32x32_fa_blender_phone,
	fas_32x32_fa_blind,
	fas_32x32_fa_blog,
	fas_32x32_fa_bold,
	fas_32x32_fa_bolt,
	fas_32x32_fa_bomb,
	fas_32x32_fa_bone,
	fas_32x32_fa_bong,
	fas_32x32_fa_book,
	fas_32x32_fa_book_dead,
	fas_32x32_fa_book_medical,
	fas_32x32_fa_book_open,
	fas_32x32_fa_book_reader,
	fas_32x32_fa_bookmark,
	fas_32x32_fa_border_all,
	fas_32x32_fa_border_none,
	fas_32x32_fa_border_style,
	fas_32x32_fa_bowling_ball,
	fas_32x32_fa_box,
	fas_32x32_fa_box_open,
	fas_32x32_fa_box_tissue,
	fas_32x32_fa_boxes,
	fas_32x32_fa_braille,
	fas_32x32_fa_brain,
	fas_32x32_fa_bread_slice,
	fas_32x32_fa_briefcase,
	fas_32x32_fa_briefcase_medical,
	fas_32x32_fa_broadcast_tower,
	fas_32x32_fa_broom,
	fas_32x32_fa_brush,
	fas_32x32_fa_bug,
	fas_32x32_fa_building,
	fas_32x32_fa_bullhorn,
	fas_32x32_fa_bullseye,
	fas_32x32_fa_burn,
	fas_32x32_fa_bus,
	fas_32x32_fa_bus_alt,
	fas_32x32_fa_business_time,
	fas_32x32_fa_calculator,
	fas_32x32_fa_calendar,
	fas_32x32_fa_calendar_alt,
	fas_32x32_fa_calendar_check,
	fas_32x32_fa_calendar_day,
	fas_32x32_fa_calendar_minus,
	fas_32x32_fa_calendar_plus,
	fas_32x32_fa_calendar_times,
	fas_32x32_fa_calendar_week,
	fas_32x32_fa_camera,
	fas_32x32_fa_camera_retro,
	fas_32x32_fa_campground,
	fas_32x32_fa_candy_cane,
	fas_32x32_fa_cannabis,
	fas_32x32_fa_capsules,
	fas_32x32_fa_car,
	fas_32x32_fa_car_alt,
	fas_32x32_fa_car_battery,
	fas_32x32_fa_car_crash,
	fas_32x32_fa_car_side,
	fas_32x32_fa_caravan,
	fas_32x32_fa_caret_down,
	fas_32x32_fa_caret_left,
	fas_32x32_fa_caret_right,
	fas_32x32_fa_caret_square_down,
	fas_32x32_fa_caret_square_left,
	fas_32x32_fa_caret_square_right,
	fas_32x32_fa_caret_square_up,
	fas_32x32_fa_caret_up,
	fas_32x32_fa_carrot,
	fas_32x32_fa_cart_arrow_down,
	fas_32x32_fa_cart_plus,
	fas_32x32_fa_cash_register,
	fas_32x32_fa_cat,
	fas_32x32_fa_certificate,
	fas_32x32_fa_chair,
	fas_32x32_fa_chalkboard,
	fas_32x32_fa_chalkboard_teacher,
	fas_32x32_fa_charging_station,
	fas_32x32_fa_chart_area,
	fas_32x32_fa_chart_bar,
	fas_32x32_fa_chart_line,
	fas_32x32_fa_chart_pie,
	fas_32x32_fa_check,
	fas_32x32_fa_check_circle,
	fas_32x32_fa_check_double,
	fas_32x32_fa_check_square,
	fas_32x32_fa_cheese,
	fas_32x32_fa_chess,
	fas_32x32_fa_chess_bishop,
	fas_32x32_fa_chess_board,
	fas_32x32_fa_chess_king,
	fas_32x32_fa_chess_knight,
	fas_32x32_fa_chess_pawn,
	fas_32x32_fa_chess_queen,
	fas_32x32_fa_chess_rook,
	fas_32x32_fa_chevron_circle_down,
	fas_32x32_fa_chevron_circle_left,
	fas_32x32_fa_chevron_circle_right,
	fas_32x32_fa_chevron_circle_up,
	fas_32x32_fa_chevron_down,
	fas_32x32_fa_chevron_left,
	fas_32x32_fa_chevron_right,
	fas_32x32_fa_chevron_up,
	fas_32x32_fa_child,
	fas_32x32_fa_church,
	fas_32x32_fa_circle,
	fas_32x32_fa_circle_notch,
	fas_32x32_fa_city,
	fas_32x32_fa_clinic_medical,
	fas_32x32_fa_clipboard,
	fas_32x32_fa_clipboard_check,
	fas_32x32_fa_clipboard_list,
	fas_32x32_fa_clock,
	fas_32x32_fa_clone,
	fas_32x32_fa_closed_captioning,
	fas_32x32_fa_cloud,
	fas_32x32_fa_cloud_download_alt,
	fas_32x32_fa_cloud_meatball,
	fas_32x32_fa_cloud_moon,
	fas_32x32_fa_cloud_moon_rain,
	fas_32x32_fa_cloud_rain,
	fas_32x32_fa_cloud_showers_heavy,
	fas_32x32_fa_cloud_sun,
	fas_32x32_fa_cloud_sun_rain,
	fas_32x32_fa_cloud_upload_alt,
	fas_32x32_fa_cocktail,
	fas_32x32_fa_code,
	fas_32x32_fa_code_branch,
	fas_32x32_fa_coffee,
	fas_32x32_fa_cog,
	fas_32x32_fa_cogs,
	fas_32x32_fa_coins,
	fas_32x32_fa_columns,
	fas_32x32_fa_comment,
	fas_32x32_fa_comment_alt,
	fas_32x32_fa_comment_dollar,
	fas_32x32_fa_comment_dots,
	fas_32x32_fa_comment_medical,
	fas_32x32_fa_comment_slash,
	fas_32x32_fa_comments,
	fas_32x32_fa_comments_dollar,
	fas_32x32_fa_compact_disc,
	fas_32x32_fa_compass,
	fas_32x32_fa_compress,
	fas_32x32_fa_compress_alt,
	fas_32x32_fa_compress_arrows_alt,
	fas_32x32_fa_concierge_bell,
	fas_32x32_fa_cookie,
	fas_32x32_fa_cookie_bite,
	fas_32x32_fa_copy,
	fas_32x32_fa_copyright,
	fas_32x32_fa_couch,
	fas_32x32_fa_credit_card,
	fas_32x32_fa_crop,
	fas_32x32_fa_crop_alt,
	fas_32x32_fa_cross,
	fas_32x32_fa_crosshairs,
	fas_32x32_fa_crow,
	fas_32x32_fa_crown,
	fas_32x32_fa_crutch,
	fas_32x32_fa_cube,
	fas_32x32_fa_cubes,
	fas_32x32_fa_cut,
	fas_32x32_fa_database,
	fas_32x32_fa_deaf,
	fas_32x32_fa_democrat,
	fas_32x32_fa_desktop,
	fas_32x32_fa_dharmachakra,
	fas_32x32_fa_diagnoses,
	fas_32x32_fa_dice,
	fas_32x32_fa_dice_d20,
	fas_32x32_fa_dice_d6,
	fas_32x32_fa_dice_five,
	fas_32x32_fa_dice_four,
	fas_32x32_fa_dice_one,
	fas_32x32_fa_dice_six,
	fas_32x32_fa_dice_three,
	fas_32x32_fa_dice_two,
	fas_32x32_fa_digital_tachograph,
	fas_32x32_fa_directions,
	fas_32x32_fa_disease,
	fas_32x32_fa_divide,
	fas_32x32_fa_dizzy,
	fas_32x32_fa_dna,
	fas_32x32_fa_dog,
	fas_32x32_fa_dollar_sign,
	fas_32x32_fa_dolly,
	fas_32x32_fa_dolly_flatbed,
	fas_32x32_fa_donate,
	fas_32x32_fa_door_closed,
	fas_32x32_fa_door_open,
	fas_32x32_fa_dot_circle,
	fas_32x32_fa_dove,
	fas_32x32_fa_download,
	fas_32x32_fa_drafting_compass,
	fas_32x32_fa_dragon,
	fas_32x32_fa_draw_polygon,
	fas_32x32_fa_drum,
	fas_32x32_fa_drum_steelpan,
	fas_32x32_fa_drumstick_bite,
	fas_32x32_fa_dumbbell,
	fas_32x32_fa_dumpster,
	fas_32x32_fa_dumpster_fire,
	fas_32x32_fa_dungeon,
	fas_32x32_fa_edit,
	fas_32x32_fa_egg,
	fas_32x32_fa_eject,
	fas_32x32_fa_ellipsis_h,
	fas_32x32_fa_ellipsis_v,
	fas_32x32_fa_envelope,
	fas_32x32_fa_envelope_open,
	fas_32x32_fa_envelope_open_text,
	fas_32x32_fa_envelope_square,
	fas_32x32_fa_equals,
	fas_32x32_fa_eraser,
	fas_32x32_fa_ethernet,
	fas_32x32_fa_euro_sign,
	fas_32x32_fa_exchange_alt,
	fas_32x32_fa_exclamation,
	fas_32x32_fa_exclamation_circle,
	fas_32x32_fa_exclamation_triangle,
	fas_32x32_fa_expand,
	fas_32x32_fa_expand_alt,
	fas_32x32_fa_expand_arrows_alt,
	fas_32x32_fa_external_link_alt,
	fas_32x32_fa_external_link_square_alt,
	fas_32x32_fa_eye,
	fas_32x32_fa_eye_dropper,
	fas_32x32_fa_eye_slash,
	fas_32x32_fa_fan,
	fas_32x32_fa_fast_backward,
	fas_32x32_fa_fast_forward,
	fas_32x32_fa_faucet,
	fas_32x32_fa_fax,
	fas_32x32_fa_feather,
	fas_32x32_fa_feather_alt,
	fas_32x32_fa_female,
	fas_32x32_fa_fighter_jet,
	fas_32x32_fa_file,
	fas_32x32_fa_file_alt,
	fas_32x32_fa_file_archive,
	fas_32x32_fa_file_audio,
	fas_32x32_fa_file_code,
	fas_32x32_fa_file_contract,
	fas_32x32_fa_file_csv,
	fas_32x32_fa_file_download,
	fas_32x32_fa_file_excel,
	fas_32x32_fa_file_export,
	fas_32x32_fa_file_image,
	fas_32x32_fa_file_import,
	fas_32x32_fa_file_invoice,
	fas_32x32_fa_file_invoice_dollar,
	fas_32x32_fa_file_medical,
	fas_32x32_fa_file_medical_alt,
	fas_32x32_fa_file_pdf,
	fas_32x32_fa_file_powerpoint,
	fas_32x32_fa_file_prescription,
	fas_32x32_fa_file_signature,
	fas_32x32_fa_file_upload,
	fas_32x32_fa_file_video,
	fas_32x32_fa_file_word,
	fas_32x32_fa_fill,
	fas_32x32_fa_fill_drip,
	fas_32x32_fa_film,
	fas_32x32_fa_filter,
	fas_32x32_fa_fingerprint,
	fas_32x32_fa_fire,
	fas_32x32_fa_fire_alt,
	fas_32x32_fa_fire_extinguisher,
	fas_32x32_fa_first_aid,
	fas_32x32_fa_fish,
	fas_32x32_fa_fist_raised,
	fas_32x32_fa_flag,
	fas_32x32_fa_flag_checkered,
	fas_32x32_fa_flag_usa,
	fas_32x32_fa_flask,
	fas_32x32_fa_flushed,
	fas_32x32_fa_folder,
	fas_32x32_fa_folder_minus,
	fas_32x32_fa_folder_open,
	fas_32x32_fa_folder_plus,
	fas_32x32_fa_font,
	fas_32x32_fa_font_awesome_logo_full,
	fas_32x32_fa_football_ball,
	fas_32x32_fa_forward,
	fas_32x32_fa_frog,
	fas_32x32_fa_frown,
	fas_32x32_fa_frown_open,
	fas_32x32_fa_funnel_dollar,
	fas_32x32_fa_futbol,
	fas_32x32_fa_gamepad,
	fas_32x32_fa_gas_pump,
	fas_32x32_fa_gavel,
	fas_32x32_fa_gem,
	fas_32x32_fa_genderless,
	fas_32x32_fa_ghost,
	fas_32x32_fa_gift,
	fas_32x32_fa_gifts,
	fas_32x32_fa_glass_cheers,
	fas_32x32_fa_glass_martini,
	fas_32x32_fa_glass_martini_alt,
	fas_32x32_fa_glass_whiskey,
	fas_32x32_fa_glasses,
	fas_32x32_fa_globe,
	fas_32x32_fa_globe_africa,
	fas_32x32_fa_globe_americas,
	fas_32x32_fa_globe_asia,
	fas_32x32_fa_globe_europe,
	fas_32x32_fa_golf_ball,
	fas_32x32_fa_gopuram,
	fas_32x32_fa_graduation_cap,
	fas_32x32_fa_greater_than,
	fas_32x32_fa_greater_than_equal,
	fas_32x32_fa_grimace,
	fas_32x32_fa_grin,
	fas_32x32_fa_grin_alt,
	fas_32x32_fa_grin_beam,
	fas_32x32_fa_grin_beam_sweat,
	fas_32x32_fa_grin_hearts,
	fas_32x32_fa_grin_squint,
	fas_32x32_fa_grin_squint_tears,
	fas_32x32_fa_grin_stars,
	fas_32x32_fa_grin_tears,
	fas_32x32_fa_grin_tongue,
	fas_32x32_fa_grin_tongue_squint,
	fas_32x32_fa_grin_tongue_wink,
	fas_32x32_fa_grin_wink,
	fas_32x32_fa_grip_horizontal,
	fas_32x32_fa_grip_lines,
	fas_32x32_fa_grip_lines_vertical,
	fas_32x32_fa_grip_vertical,
	fas_32x32_fa_guitar,
	fas_32x32_fa_h_square,
	fas_32x32_fa_hamburger,
	fas_32x32_fa_hammer,
	fas_32x32_fa_hamsa,
	fas_32x32_fa_hand_holding,
	fas_32x32_fa_hand_holding_heart,
	fas_32x32_fa_hand_holding_medical,
	fas_32x32_fa_hand_holding_usd,
	fas_32x32_fa_hand_holding_water,
	fas_32x32_fa_hand_lizard,
	fas_32x32_fa_hand_middle_finger,
	fas_32x32_fa_hand_paper,
	fas_32x32_fa_hand_peace,
	fas_32x32_fa_hand_point_down,
	fas_32x32_fa_hand_point_left,
	fas_32x32_fa_hand_point_right,
	fas_32x32_fa_hand_point_up,
	fas_32x32_fa_hand_pointer,
	fas_32x32_fa_hand_rock,
	fas_32x32_fa_hand_scissors,
	fas_32x32_fa_hand_sparkles,
	fas_32x32_fa_hand_spock,
	fas_32x32_fa_hands,
	fas_32x32_fa_hands_helping,
	fas_32x32_fa_hands_wash,
	fas_32x32_fa_handshake,
	fas_32x32_fa_handshake_alt_slash,
	fas_32x32_fa_handshake_slash,
	fas_32x32_fa_hanukiah,
	fas_32x32_fa_hard_hat,
	fas_32x32_fa_hashtag,
	fas_32x32_fa_hat_cowboy,
	fas_32x32_fa_hat_cowboy_side,
	fas_32x32_fa_hat_wizard,
	fas_32x32_fa_hdd,
	fas_32x32_fa_head_side_cough,
	fas_32x32_fa_head_side_cough_slash,
	fas_32x32_fa_head_side_mask,
	fas_32x32_fa_head_side_virus,
	fas_32x32_fa_heading,
	fas_32x32_fa_headphones,
	fas_32x32_fa_headphones_alt,
	fas_32x32_fa_headset,
	fas_32x32_fa_heart,
	fas_32x32_fa_heart_broken,
	fas_32x32_fa_heartbeat,
	fas_32x32_fa_helicopter,
	fas_32x32_fa_highlighter,
	fas_32x32_fa_hiking,
	fas_32x32_fa_hippo,
	fas_32x32_fa_history,
	fas_32x32_fa_hockey_puck,
	fas_32x32_fa_holly_berry,
	fas_32x32_fa_home,
	fas_32x32_fa_horse,
	fas_32x32_fa_horse_head,
	fas_32x32_fa_hospital,
	fas_32x32_fa_hospital_alt,
	fas_32x32_fa_hospital_symbol,
	fas_32x32_fa_hospital_user,
	fas_32x32_fa_hot_tub,
	fas_32x32_fa_hotdog,
	fas_32x32_fa_hotel,
	fas_32x32_fa_hourglass,
	fas_32x32_fa_hourglass_end,
	fas_32x32_fa_hourglass_half,
	fas_32x32_fa_hourglass_start,
	fas_32x32_fa_house_damage,
	fas_32x32_fa_house_user,
	fas_32x32_fa_hryvnia,
	fas_32x32_fa_i_cursor,
	fas_32x32_fa_ice_cream,
	fas_32x32_fa_icicles,
	fas_32x32_fa_icons,
	fas_32x32_fa_id_badge,
	fas_32x32_fa_id_card,
	fas_32x32_fa_id_card_alt,
	fas_32x32_fa_igloo,
	fas_32x32_fa_image,
	fas_32x32_fa_images,
	fas_32x32_fa_inbox,
	fas_32x32_fa_indent,
	fas_32x32_fa_industry,
	fas_32x32_fa_infinity,
	fas_32x32_fa_info,
	fas_32x32_fa_info_circle,
	fas_32x32_fa_italic,
	fas_32x32_fa_jedi,
	fas_32x32_fa_joint,
	fas_32x32_fa_journal_whills,
	fas_32x32_fa_kaaba,
	fas_32x32_fa_key,
	fas_32x32_fa_keyboard,
	fas_32x32_fa_khanda,
	fas_32x32_fa_kiss,
	fas_32x32_fa_kiss_beam,
	fas_32x32_fa_kiss_wink_heart,
	fas_32x32_fa_kiwi_bird,
	fas_32x32_fa_landmark,
	fas_32x32_fa_language,
	fas_32x32_fa_laptop,
	fas_32x32_fa_laptop_code,
	fas_32x32_fa_laptop_house,
	fas_32x32_fa_laptop_medical,
	fas_32x32_fa_laugh,
	fas_32x32_fa_laugh_beam,
	fas_32x32_fa_laugh_squint,
	fas_32x32_fa_laugh_wink,
	fas_32x32_fa_layer_group,
	fas_32x32_fa_leaf,
	fas_32x32_fa_lemon,
	fas_32x32_fa_less_than,
	fas_32x32_fa_less_than_equal,
	fas_32x32_fa_level_down_alt,
	fas_32x32_fa_level_up_alt,
	fas_32x32_fa_life_ring,
	fas_32x32_fa_lightbulb,
	fas_32x32_fa_link,
	fas_32x32_fa_lira_sign,
	fas_32x32_fa_list,
	fas_32x32_fa_list_alt,
	fas_32x32_fa_list_ol,
	fas_32x32_fa_list_ul,
	fas_32x32_fa_location_arrow,
	fas_32x32_fa_lock,
	fas_32x32_fa_lock_open,
	fas_32x32_fa_long_arrow_alt_down,
	fas_32x32_fa_long_arrow_alt_left,
	fas_32x32_fa_long_arrow_alt_right,
	fas_32x32_fa_long_arrow_alt_up,
	fas_32x32_fa_low_vision,
	fas_32x32_fa_luggage_cart,
	fas_32x32_fa_lungs,
	fas_32x32_fa_lungs_virus,
	fas_32x32_fa_magic,
	fas_32x32_fa_magnet,
	fas_32x32_fa_mail_bulk,
	fas_32x32_fa_male,
	fas_32x32_fa_map,
	fas_32x32_fa_map_marked,
	fas_32x32_fa_map_marked_alt,
	fas_32x32_fa_map_marker,
	fas_32x32_fa_map_marker_alt,
	fas_32x32_fa_map_pin,
	fas_32x32_fa_map_signs,
	fas_32x32_fa_marker,
	fas_32x32_fa_mars,
	fas_32x32_fa_mars_double,
	fas_32x32_fa_mars_stroke,
	fas_32x32_fa_mars_stroke_h,
	fas_32x32_fa_mars_stroke_v,
	fas_32x32_fa_mask,
	fas_32x32_fa_medal,
	fas_32x32_fa_medkit,
	fas_32x32_fa_meh,
	fas_32x32_fa_meh_blank,
	fas_32x32_fa_meh_rolling_eyes,
	fas_32x32_fa_memory,
	fas_32x32_fa_menorah,
	fas_32x32_fa_mercury,
	fas_32x32_fa_meteor,
	fas_32x32_fa_microchip,
	fas_32x32_fa_microphone,
	fas_32x32_fa_microphone_alt,
	fas_32x32_fa_microphone_alt_slash,
	fas_32x32_fa_microphone_slash,
	fas_32x32_fa_microscope,
	fas_32x32_fa_minus,
	fas_32x32_fa_minus_circle,
	fas_32x32_fa_minus_square,
	fas_32x32_fa_mitten,
	fas_32x32_fa_mobile,
	fas_32x32_fa_mobile_alt,
	fas_32x32_fa_money_bill,
	fas_32x32_fa_money_bill_alt,
	fas_32x32_fa_money_bill_wave,
	fas_32x32_fa_money_bill_wave_alt,
	fas_32x32_fa_money_check,
	fas_32x32_fa_money_check_alt,
	fas_32x32_fa_monument,
	fas_32x32_fa_moon,
	fas_32x32_fa_mortar_pestle,
	fas_32x32_fa_mosque,
	fas_32x32_fa_motorcycle,
	fas_32x32_fa_mountain,
	fas_32x32_fa_mouse,
	fas_32x32_fa_mouse_pointer,
	fas_32x32_fa_mug_hot,
	fas_32x32_fa_music,
	fas_32x32_fa_network_wired,
	fas_32x32_fa_neuter,
	fas_32x32_fa_newspaper,
	fas_32x32_fa_not_equal,
	fas_32x32_fa_notes_medical,
	fas_32x32_fa_object_group,
	fas_32x32_fa_object_ungroup,
	fas_32x32_fa_oil_can,
	fas_32x32_fa_om,
	fas_32x32_fa_otter,
	fas_32x32_fa_outdent,
	fas_32x32_fa_pager,
	fas_32x32_fa_paint_brush,
	fas_32x32_fa_paint_roller,
	fas_32x32_fa_palette,
	fas_32x32_fa_pallet,
	fas_32x32_fa_paper_plane,
	fas_32x32_fa_paperclip,
	fas_32x32_fa_parachute_box,
	fas_32x32_fa_paragraph,
	fas_32x32_fa_parking,
	fas_32x32_fa_passport,
	fas_32x32_fa_pastafarianism,
	fas_32x32_fa_paste,
	fas_32x32_fa_pause,
	fas_32x32_fa_pause_circle,
	fas_32x32_fa_paw,
	fas_32x32_fa_peace,
	fas_32x32_fa_pen,
	fas_32x32_fa_pen_alt,
	fas_32x32_fa_pen_fancy,
	fas_32x32_fa_pen_nib,
	fas_32x32_fa_pen_square,
	fas_32x32_fa_pencil_alt,
	fas_32x32_fa_pencil_ruler,
	fas_32x32_fa_people_arrows,
	fas_32x32_fa_people_carry,
	fas_32x32_fa_pepper_hot,
	fas_32x32_fa_percent,
	fas_32x32_fa_percentage,
	fas_32x32_fa_person_booth,
	fas_32x32_fa_phone,
	fas_32x32_fa_phone_alt,
	fas_32x32_fa_phone_slash,
	fas_32x32_fa_phone_square,
	fas_32x32_fa_phone_square_alt,
	fas_32x32_fa_phone_volume,
	fas_32x32_fa_photo_video,
	fas_32x32_fa_piggy_bank,
	fas_32x32_fa_pills,
	fas_32x32_fa_pizza_slice,
	fas_32x32_fa_place_of_worship,
	fas_32x32_fa_plane,
	fas_32x32_fa_plane_arrival,
	fas_32x32_fa_plane_departure,
	fas_32x32_fa_plane_slash,
	fas_32x32_fa_play,
	fas_32x32_fa_play_circle,
	fas_32x32_fa_plug,
	fas_32x32_fa_plus,
	fas_32x32_fa_plus_circle,
	fas_32x32_fa_plus_square,
	fas_32x32_fa_podcast,
	fas_32x32_fa_poll,
	fas_32x32_fa_poll_h,
	fas_32x32_fa_poo,
	fas_32x32_fa_poo_storm,
	fas_32x32_fa_poop,
	fas_32x32_fa_portrait,
	fas_32x32_fa_pound_sign,
	fas_32x32_fa_power_off,
	fas_32x32_fa_pray,
	fas_32x32_fa_praying_hands,
	fas_32x32_fa_prescription,
	fas_32x32_fa_prescription_bottle,
	fas_32x32_fa_prescription_bottle_alt,
	fas_32x32_fa_print,
	fas_32x32_fa_procedures,
	fas_32x32_fa_project_diagram,
	fas_32x32_fa_pump_medical,
	fas_32x32_fa_pump_soap,
	fas_32x32_fa_puzzle_piece,
	fas_32x32_fa_qrcode,
	fas_32x32_fa_question,
	fas_32x32_fa_question_circle,
	fas_32x32_fa_quidditch,
	fas_32x32_fa_quote_left,
	fas_32x32_fa_quote_right,
	fas_32x32_fa_quran,
	fas_32x32_fa_radiation,
	fas_32x32_fa_radiation_alt,
	fas_32x32_fa_rainbow,
	fas_32x32_fa_random,
	fas_32x32_fa_receipt,
	fas_32x32_fa_record_vinyl,
	fas_32x32_fa_recycle,
	fas_32x32_fa_redo,
	fas_32x32_fa_redo_alt,
	fas_32x32_fa_registered,
	fas_32x32_fa_remove_format,
	fas_32x32_fa_reply,
	fas_32x32_fa_reply_all,
	fas_32x32_fa_republican,
	fas_32x32_fa_restroom,
	fas_32x32_fa_retweet,
	fas_32x32_fa_ribbon,
	fas_32x32_fa_ring,
	fas_32x32_fa_road,
	fas_32x32_fa_robot,
	fas_32x32_fa_rocket,
	fas_32x32_fa_route,
	fas_32x32_fa_rss,
	fas_32x32_fa_rss_square,
	fas_32x32_fa_ruble_sign,
	fas_32x32_fa_ruler,
	fas_32x32_fa_ruler_combined,
	fas_32x32_fa_ruler_horizontal,
	fas_32x32_fa_ruler_vertical,
	fas_32x32_fa_running,
	fas_32x32_fa_rupee_sign,
	fas_32x32_fa_sad_cry,
	fas_32x32_fa_sad_tear,
	fas_32x32_fa_satellite,
	fas_32x32_fa_satellite_dish,
	fas_32x32_fa_save,
	fas_32x32_fa_school,
	fas_32x32_fa_screwdriver,
	fas_32x32_fa_scroll,
	fas_32x32_fa_sd_card,
	fas_32x32_fa_search,
	fas_32x32_fa_search_dollar,
	fas_32x32_fa_search_location,
	fas_32x32_fa_search_minus,
	fas_32x32_fa_search_plus,
	fas_32x32_fa_seedling,
	fas_32x32_fa_server,
	fas_32x32_fa_shapes,
	fas_32x32_fa_share,
	fas_32x32_fa_share_alt,
	fas_32x32_fa_share_alt_square,
	fas_32x32_fa_share_square,
	fas_32x32_fa_shekel_sign,
	fas_32x32_fa_shield_alt,
	fas_32x32_fa_shield_virus,
	fas_32x32_fa_ship,
	fas_32x32_fa_shipping_fast,
	fas_32x32_fa_shoe_prints,
	fas_32x32_fa_shopping_bag,
	fas_32x32_fa_shopping_basket,
	fas_32x32_fa_shopping_cart,
	fas_32x32_fa_shower,
	fas_32x32_fa_shuttle_van,
	fas_32x32_fa_sign,
	fas_32x32_fa_sign_in_alt,
	fas_32x32_fa_sign_language,
	fas_32x32_fa_sign_out_alt,
	fas_32x32_fa_signal,
	fas_32x32_fa_signature,
	fas_32x32_fa_sim_card,
	fas_32x32_fa_sink,
	fas_32x32_fa_sitemap,
	fas_32x32_fa_skating,
	fas_32x32_fa_skiing,
	fas_32x32_fa_skiing_nordic,
	fas_32x32_fa_skull,
	fas_32x32_fa_skull_crossbones,
	fas_32x32_fa_slash,
	fas_32x32_fa_sleigh,
	fas_32x32_fa_sliders_h,
	fas_32x32_fa_smile,
	fas_32x32_fa_smile_beam,
	fas_32x32_fa_smile_wink,
	fas_32x32_fa_smog,
	fas_32x32_fa_smoking,
	fas_32x32_fa_smoking_ban,
	fas_32x32_fa_sms,
	fas_32x32_fa_snowboarding,
	fas_32x32_fa_snowflake,
	fas_32x32_fa_snowman,
	fas_32x32_fa_snowplow,
	fas_32x32_fa_soap,
	fas_32x32_fa_socks,
	fas_32x32_fa_solar_panel,
	fas_32x32_fa_sort,
	fas_32x32_fa_sort_alpha_down,
	fas_32x32_fa_sort_alpha_down_alt,
	fas_32x32_fa_sort_alpha_up,
	fas_32x32_fa_sort_alpha_up_alt,
	fas_32x32_fa_sort_amount_down,
	fas_32x32_fa_sort_amount_down_alt,
	fas_32x32_fa_sort_amount_up,
	fas_32x32_fa_sort_amount_up_alt,
	fas_32x32_fa_sort_down,
	fas_32x32_fa_sort_numeric_down,
	fas_32x32_fa_sort_numeric_down_alt,
	fas_32x32_fa_sort_numeric_up,
	fas_32x32_fa_sort_numeric_up_alt,
	fas_32x32_fa_sort_up,
	fas_32x32_fa_spa,
	fas_32x32_fa_space_shuttle,
	fas_32x32_fa_spell_check,
	fas_32x32_fa_spider,
	fas_32x32_fa_spinner,
	fas_32x32_fa_splotch,
	fas_32x32_fa_spray_can,
	fas_32x32_fa_square,
	fas_32x32_fa_square_full,
	fas_32x32_fa_square_root_alt,
	fas_32x32_fa_stamp,
	fas_32x32_fa_star,
	fas_32x32_fa_star_and_crescent,
	fas_32x32_fa_star_half,
	fas_32x32_fa_star_half_alt,
	fas_32x32_fa_star_of_david,
	fas_32x32_fa_star_of_life,
	fas_32x32_fa_step_backward,
	fas_32x32_fa_step_forward,
	fas_32x32_fa_stethoscope,
	fas_32x32_fa_sticky_note,
	fas_32x32_fa_stop,
	fas_32x32_fa_stop_circle,
	fas_32x32_fa_stopwatch,
	fas_32x32_fa_stopwatch_20,
	fas_32x32_fa_store,
	fas_32x32_fa_store_alt,
	fas_32x32_fa_store_alt_slash,
	fas_32x32_fa_store_slash,
	fas_32x32_fa_stream,
	fas_32x32_fa_street_view,
	fas_32x32_fa_strikethrough,
	fas_32x32_fa_stroopwafel,
	fas_32x32_fa_subscript,
	fas_32x32_fa_subway,
	fas_32x32_fa_suitcase,
	fas_32x32_fa_suitcase_rolling,
	fas_32x32_fa_sun,
	fas_32x32_fa_superscript,
	fas_32x32_fa_surprise,
	fas_32x32_fa_swatchbook,
	fas_32x32_fa_swimmer,
	fas_32x32_fa_swimming_pool,
	fas_32x32_fa_synagogue,
	fas_32x32_fa_sync,
	fas_32x32_fa_sync_alt,
	fas_32x32_fa_syringe,
	fas_32x32_fa_table,
	fas_32x32_fa_table_tennis,
	fas_32x32_fa_tablet,
	fas_32x32_fa_tablet_alt,
	fas_32x32_fa_tablets,
	fas_32x32_fa_tachometer_alt,
	fas_32x32_fa_tag,
	fas_32x32_fa_tags,
	fas_32x32_fa_tape,
	fas_32x32_fa_tasks,
	fas_32x32_fa_taxi,
	fas_32x32_fa_teeth,
	fas_32x32_fa_teeth_open,
	fas_32x32_fa_temperature_high,
	fas_32x32_fa_temperature_low,
	fas_32x32_fa_tenge,
	fas_32x32_fa_terminal,
	fas_32x32_fa_text_height,
	fas_32x32_fa_text_width,
	fas_32x32_fa_th,
	fas_32x32_fa_th_large,
	fas_32x32_fa_th_list,
	fas_32x32_fa_theater_masks,
	fas_32x32_fa_thermometer,
	fas_32x32_fa_thermometer_empty,
	fas_32x32_fa_thermometer_full,
	fas_32x32_fa_thermometer_half,
	fas_32x32_fa_thermometer_quarter,
	fas_32x32_fa_thermometer_three_quarters,
	fas_32x32_fa_thumbs_down,
	fas_32x32_fa_thumbs_up,
	fas_32x32_fa_thumbtack,
	fas_32x32_fa_ticket_alt,
	fas_32x32_fa_times,
	fas_32x32_fa_times_circle,
	fas_32x32_fa_tint,
	fas_32x32_fa_tint_slash,
	fas_32x32_fa_tired,
	fas_32x32_fa_toggle_off,
	fas_32x32_fa_toggle_on,
	fas_32x32_fa_toilet,
	fas_32x32_fa_toilet_paper,
	fas_32x32_fa_toilet_paper_slash,
	fas_32x32_fa_toolbox,
	fas_32x32_fa_tools,
	fas_32x32_fa_tooth,
	fas_32x32_fa_torah,
	fas_32x32_fa_torii_gate,
	fas_32x32_fa_tractor,
	fas_32x32_fa_trademark,
	fas_32x32_fa_traffic_light,
	fas_32x32_fa_trailer,
	fas_32x32_fa_train,
	fas_32x32_fa_tram,
	fas_32x32_fa_transgender,
	fas_32x32_fa_transgender_alt,
	fas_32x32_fa_trash,
	fas_32x32_fa_trash_alt,
	fas_32x32_fa_trash_restore,
	fas_32x32_fa_trash_restore_alt,
	fas_32x32_fa_tree,
	fas_32x32_fa_trophy,
	fas_32x32_fa_truck,
	fas_32x32_fa_truck_loading,
	fas_32x32_fa_truck_monster,
	fas_32x32_fa_truck_moving,
	fas_32x32_fa_truck_pickup,
	fas_32x32_fa_tshirt,
	fas_32x32_fa_tty,
	fas_32x32_fa_tv,
	fas_32x32_fa_umbrella,
	fas_32x32_fa_umbrella_beach,
	fas_32x32_fa_underline,
	fas_32x32_fa_undo,
	fas_32x32_fa_undo_alt,
	fas_32x32_fa_universal_access,
	fas_32x32_fa_university,
	fas_32x32_fa_unlink,
	fas_32x32_fa_unlock,
	fas_32x32_fa_unlock_alt,
	fas_32x32_fa_upload,
	fas_32x32_fa_user,
	fas_32x32_fa_user_alt,
	fas_32x32_fa_user_alt_slash,
	fas_32x32_fa_user_astronaut,
	fas_32x32_fa_user_check,
	fas_32x32_fa_user_circle,
	fas_32x32_fa_user_clock,
	fas_32x32_fa_user_cog,
	fas_32x32_fa_user_edit,
	fas_32x32_fa_user_friends,
	fas_32x32_fa_user_graduate,
	fas_32x32_fa_user_injured,
	fas_32x32_fa_user_lock,
	fas_32x32_fa_user_md,
	fas_32x32_fa_user_minus,
	fas_32x32_fa_user_ninja,
	fas_32x32_fa_user_nurse,
	fas_32x32_fa_user_plus,
	fas_32x32_fa_user_secret,
	fas_32x32_fa_user_shield,
	fas_32x32_fa_user_slash,
	fas_32x32_fa_user_tag,
	fas_32x32_fa_user_tie,
	fas_32x32_fa_user_times,
	fas_32x32_fa_users,
	fas_32x32_fa_users_cog,
	fas_32x32_fa_users_slash,
	fas_32x32_fa_utensil_spoon,
	fas_32x32_fa_utensils,
	fas_32x32_fa_vector_square,
	fas_32x32_fa_venus,
	fas_32x32_fa_venus_double,
	fas_32x32_fa_venus_mars,
	fas_32x32_fa_vest,
	fas_32x32_fa_vest_patches,
	fas_32x32_fa_vial,
	fas_32x32_fa_vials,
	fas_32x32_fa_video,
	fas_32x32_fa_video_slash,
	fas_32x32_fa_vihara,
	fas_32x32_fa_virus,
	fas_32x32_fa_virus_slash,
	fas_32x32_fa_viruses,
	fas_32x32_fa_voicemail,
	fas_32x32_fa_volleyball_ball,
	fas_32x32_fa_volume_down,
	fas_32x32_fa_volume_mute,
	fas_32x32_fa_volume_off,
	fas_32x32_fa_volume_up,
	fas_32x32_fa_vote_yea,
	fas_32x32_fa_vr_cardboard,
	fas_32x32_fa_walking,
	fas_32x32_fa_wallet,
	fas_32x32_fa_warehouse,
	fas_32x32_fa_water,
	fas_32x32_fa_wave_square,
	fas_32x32_fa_weight,
	fas_32x32_fa_weight_hanging,
	fas_32x32_fa_wheelchair,
	fas_32x32_fa_wifi,
	fas_32x32_fa_wind,
	fas_32x32_fa_window_close,
	fas_32x32_fa_window_maximize,
	fas_32x32_fa_window_minimize,
	fas_32x32_fa_window_restore,
	fas_32x32_fa_wine_bottle,
	fas_32x32_fa_wine_glass,
	fas_32x32_fa_wine_glass_alt,
	fas_32x32_fa_won_sign,
	fas_32x32_fa_wrench,
	fas_32x32_fa_x_ray,
	fas_32x32_fa_yen_sign,
	fas_32x32_fa_yin_yang
};
